"01","format"
"01","事業"
"01","ir"
"01","市場"
"01","精機"
"01","model"
"01","英文"
"01","JP"
"01","doc"
"01","自動車"
"01","web"
"01","株主"
"01","有限"
"01","JPN"
"01","沿革"
"01","PDF"
"01","pdf"
"01","oc"
"01","wiki"
"01","br"
"01","種類"
"01","工業"
"01","short"
"01","wikitext"
"01","コード"
"01","公司"
"01","当社"
"01","社名"
"01","ns"
"01","gfstwnvn"
"01","news"
"01","accessdate"
"01","space"
"01","略式"
"01","主幹"
"01","sha"
"01","TOB"
"01","Cite"
"01","jut"
"01","Corporation"
"01","画像"
"01","資本"
"01","ソート"
"01","中央"
"01","静"
"01","contributor"
"01","ソフトクリーム"
"01","Company"
"01","グループ"
"01","針"
"01","gtr"
"01","（株）"
"01","Reflist"
"01","text"
"01","子会社"
"01","工場"
"01","region"
"01","業種"
"01","bo"
"01","発行済"
"01","人物"
"01","yuuka"
"01","会社"
"01","事項"
"01","部品"
"01","Nissei"
"01","株式会社"
"01","gt"
"01","Lang"
"01","jp"
"01","親会社"
"01","動機"
"01","証券"
"01","同社"
"01","委員"
"01","Otheruseslist"
"01","www"
"01","月"
"01","歯車"
"01","parentid"
"01","取締役"
"01","簡易"
"01","座標"
"01","有価"
"01","企業"
"01","ニッセイ"
"01","国籍"
"01","timestamp"
"01","username"
"01","資材"
"01","nissei"
"01","ウィキ"
"01","総数"
"01","機械"
"01","単独"
"01","quot"
"01","概要"
"01","所在地"
"01","基礎"
"01","lt"
"01","保険"
"01","ヘルプ"
"01","タカ"
"01","旧名"
"01","date"
"01","脚注"
"01","情報"
"01","出典"
"01","ミシン"
"01","official"
"01","ロゴ"
"01","内容"
"01","en"
"01","icon"
"01","純資産"
"01","世"
"01","cat"
"01","ref"
"01","Category"
"01","page"
"01","display"
"01","stub"
"01","http"
"01","release"
"01","目的"
"01","Ja"
"01","press"
"01","社長"
"01","デフォルト"
"01","PDFlink"
"01","番号"
"01","メーカー"
"01","co"
"01","title"
"01","publisher"
"01","ki"
"01","preserve"
"01","前身"
"01","株式"
"01","外観"
"01","url"
"01","id"
"01","bodsrhuh"
"01","売上"
"01","inline"
"01","郵便"
"01","name"
"01","xml"
"01","生命"
"01","revision"
"01","利益"
"01","外部"
"01","所在"
"01","UTC"
"01","本社"
"01","資産"
"01","分秒"
"30","レストラン"
"30","特産"
"30","看板"
"30","銅"
"30","PanaHome"
"30","壁"
"30","資料"
"30","工"
"30","SWIFT"
"30","県"
"30","無料"
"30","持株"
"30","CI"
"30","DaiwaA"
"30","doc"
"30","ペット"
"30","案件"
"30","web"
"30","グリーン"
"30","report"
"30","hanabatakebokujo"
"30","北方"
"30","モーニング"
"30","蔦"
"30","アウトレットパーク"
"30","PDF"
"30","メディア"
"30","份有"
"30","fyrw"
"30","新聞"
"30","カオリナイト"
"30","br"
"30","クラキアメリカコーポレーション"
"30","耐火"
"30","公司"
"30","ドッジライン"
"30","tgq"
"30","条件"
"30","鉄道"
"30","森"
"30","チョコ"
"30","バター"
"30","木製"
"30","space"
"30","略式"
"30","sha"
"30","場内"
"30","くし"
"30","窯"
"30","articles"
"30","社員"
"30","吉"
"30","STV"
"30","法人"
"30","アリオ"
"30","スカイヒルズ"
"30","contributor"
"30","ソフトクリーム"
"30","中心"
"30","本店"
"30","毛"
"30","ピザ"
"30","パック"
"30","イベント"
"30","建物"
"30","woman"
"30","牛"
"30","text"
"30","環境"
"30","子会社"
"30","国際"
"30","工場"
"30","業種"
"30","羊"
"30","一助"
"30","スパン"
"30","ショップ"
"30","Hanabatake"
"30","高性能"
"30","DONKI"
"30","Kyoritsu"
"30","研究所"
"30","事項"
"30","定期"
"30","メリヤス"
"30","建"
"30","セラミックス"
"30","スイーツ"
"30","aa"
"30","newsrelease"
"30","専門"
"30","数値"
"30","重工業"
"30","天井"
"30","tokachi"
"30","ビル"
"30","委員"
"30","地震"
"30","小路"
"30","archive"
"30","クアーズテック"
"30","シンボルマーク"
"30","母体"
"30","天使"
"30","宅地"
"30","エンジニアリング"
"30","歯車"
"30","スペース"
"30","石膏"
"30","取締役"
"30","拠点"
"30","恋人"
"30","引上"
"30","傾向"
"30","クラボウ・マヌンガル・テキスタイル"
"30","空間"
"30","大通"
"30","山"
"30","注"
"30","fresh"
"30","詰め"
"30","OYT"
"30","ネット"
"30","代官"
"30","方法"
"30","正社員"
"30","資材"
"30","nissei"
"30","gendainet"
"30","カップ"
"30","jc"
"30","記事"
"30","付近"
"30","ライフ"
"30","Anytime"
"30","エクイタブル"
"30","国土"
"30","機械"
"30","屈"
"30","単独"
"30","ディスクドッグ"
"30","基礎"
"30","特徴"
"30","レジデンス"
"30","キャラメル"
"30","saihatsuboushi"
"30","つま"
"30","陶"
"30","光"
"30","敷地"
"30","ダウンサイジング"
"30","main"
"30","賀"
"30","ミシン"
"30","soc"
"30","現場"
"30","炭火"
"30","現役"
"30","額面"
"30","リボン"
"30","館内"
"30","イレブン"
"30","パナソニックスマートシティ"
"30","Type"
"30","農協"
"30","単元"
"30","あく"
"30","ニュース"
"30","ipdl"
"30","金融"
"30","世"
"30","會"
"30","stub"
"30","店舗"
"30","inpit"
"30","release"
"30","目的"
"30","直営店"
"30","Ja"
"30","戦災"
"30","鉱業"
"30","デフォルト"
"30","this"
"30","大手"
"30","震災"
"30","フロント"
"30","名称"
"30","recruit"
"30","hmxitie"
"30","ホテル"
"30","座"
"30","北"
"30","hide"
"30","高齢"
"30","工房"
"30","みやげ"
"30","economic"
"30","ネクスティア"
"30","title"
"30","JAPAN"
"30","ノースプレインファーム"
"30","たけ"
"30","液体"
"30","ハロー"
"30","人員"
"30","商"
"30","url"
"30","初期"
"30","時代"
"30","アクサダイレクト"
"30","LTD"
"30","エステート・インベストメント・マネージャーズ"
"30","ラクレット"
"30","pathnav"
"30","南"
"30","団体"
"30","newsj"
"30","パナホーム"
"30","組み合わせ"
"30","クラボウニュースリリース"
"30","ISO"
"30","日刊"
"30","Blue"
"30","生命"
"30","story"
"30","例"
"30","建材"
"30","毛糸"
"30","UTC"
"30","国内"
"30","株"
"30","産業"
"30","原料"
"30","背中"
"30","org"
"30","間仕切"
"30","哉"
"30","ガン"
"30","html"
"30","wst"
"30","分秒"
"30","プラーザテラス"
"30","喜び"
"30","売店"
"30","業務"
"30","科学"
"30","商工"
"30","最大"
"30","プラチナ"
"30","売り場"
"30","文書"
"30","通称"
"30","ひまわり"
"30","MK"
"30","事業"
"30","asahi"
"30","財務"
"30","払戻金"
"30","営"
"30","ir"
"30","市場"
"30","機器"
"30","出身"
"30","精機"
"30","リーグ"
"30","様子"
"30","県知事"
"30","model"
"30","JP"
"30","雷"
"30","センテージコート"
"30","update"
"30","アクサフィナンシャル"
"30","national"
"30","スーパー"
"30","htm"
"30","np"
"30","株主"
"30","部門"
"30","blwl"
"30","フィルター"
"30","有限"
"30","JPN"
"30","沿革"
"30","tokkyo"
"30","pdf"
"30","ワイド"
"30","東"
"30","ぼう"
"30","塑料"
"30","種類"
"30","形"
"30","short"
"30","会館"
"30","都市"
"30","ダイヤモンドシティ・キリオ"
"30","収入"
"30","化学"
"30","デフレーション"
"30","体内"
"30","大震災"
"30","商品"
"30","内外"
"30","狸"
"30","news"
"30","Yahoo"
"30","窓"
"30","機構"
"30","パー"
"30","アクサ・インベストメント・マネージャーズ"
"30","Cite"
"30","戦略"
"30","知名度"
"30","画像"
"30","都内"
"30","ジフィー"
"30","らい"
"30","test"
"30","ガラス"
"30","ホールディング"
"30","事務所"
"30","型式"
"30","webarchive"
"30","TKY"
"30","染"
"30","Image"
"30","老舗"
"30","ホワイト"
"30","コンデンサ"
"30","社内"
"30","KO"
"30","ゴム"
"30","Company"
"30","おむすび"
"30","ver"
"30","ac"
"30","グループ"
"30","重"
"30","商法"
"30","（株）"
"30","Reflist"
"30","インターナショナル"
"30","限界"
"30","定休"
"30","リン"
"30","部材"
"30","region"
"30","ウィルス"
"30","両社"
"30","工期"
"30","秋"
"30","事"
"30","店内"
"30","業法"
"30","戦前"
"30","人物"
"30","果汁"
"30","乳"
"30","顧客"
"30","デニム"
"30","理由"
"30","ロシナンテ"
"30","post"
"30","基金"
"30","部品"
"30","火災"
"30","ウインタートウルグループ"
"30","パナホーム・ハーモニーシティ"
"30","Nissei"
"30","野菜"
"30","ファースト"
"30","シープドッグショー"
"30","gt"
"30","プレミアート・デザイン・オフィス"
"30","一族"
"30","防火"
"30","テーマパーク"
"30","チーム"
"30","ujyqb"
"30","煉瓦"
"30","こ"
"30","燈"
"30","豚"
"30","賃銀"
"30","動機"
"30","証券"
"30","NEWS"
"30","jiji"
"30","FINECOURT"
"30","野"
"30","モンドセレクション"
"30","Homes"
"30","刑事"
"30","取消"
"30","車"
"30","ガーデンサバーブ"
"30","雨水"
"30","CEO"
"30","土"
"30","外壁"
"30","コラーゲンラーメン"
"30","モデル"
"30","parentid"
"30","クラシキ・ケミカル・プロダクツ・ド・ブラジル"
"30","座標"
"30","住宅"
"30","ランド"
"30","企業"
"30","キヨリックス"
"30","syutsugan"
"30","個人"
"30","ウインタートウル・スイス"
"30","timestamp"
"30","制度"
"30","TOTO"
"30","各地"
"30","ポスフール"
"30","LANG"
"30","com"
"30","obtpyofzyew"
"30","jalux"
"30","axa"
"30","基準"
"30","大橋"
"30","ヒル"
"30","遺産"
"30","総数"
"30","定め"
"30","link"
"30","フェア"
"30","TBS"
"30","商号"
"30","女優"
"30","百貨店"
"30","ラベル"
"30","yomiuri"
"30","カフェ"
"30","lt"
"30","保険"
"30","item"
"30","畑"
"30","本人"
"30","現地"
"30","フィナンシャル"
"30","時点"
"30","ヘルプ"
"30","cgi"
"30","Material"
"30","ラポール"
"30","いた事"
"30","行政"
"30","丼"
"30","TYPE"
"30","陶磁器"
"30","番組"
"30","相互"
"30","合理"
"30","メカトロニクス"
"30","ロゴ"
"30","サイト"
"30","タレント"
"30","綿糸"
"30","DearLand"
"30","スポット"
"30","端"
"30","PRO"
"30","society"
"30","fzuykny"
"30","プラザ"
"30","go"
"30","力"
"30","ref"
"30","エアリアス"
"30","NS"
"30","ぷす"
"30","技研"
"30","JALUX"
"30","page"
"30","セルフ"
"30","精密"
"30","QVC"
"30","ゲンダイ"
"30","文献"
"30","namespace"
"30","菓子パン"
"30","白金"
"30","売り上げ"
"30","項目"
"30","三男"
"30","Otheruses"
"30","たま"
"30","jsp"
"30","JA"
"30","軍需"
"30","番号"
"30","ES"
"30","見直し"
"30","xy"
"30","FILE"
"30","情勢"
"30","多角"
"30","事件"
"30","CGC"
"30","アクサグループ"
"30","Panasonic"
"30","publisher"
"30","https"
"30","Ltd"
"30","外観"
"30","太陽"
"30","海"
"30","チョコレート"
"30","newinfo"
"30","アクサグループライフ"
"30","取扱"
"30","テレビ"
"30","エコソリューションズ"
"30","旧称"
"30","name"
"30","パナホーム・シティ"
"30","ソルビオスシリーズ"
"30","ブランド"
"30","骨組"
"30","レイアウト"
"30","ナショナル"
"30","グッズ"
"30","りつ"
"30","メロン"
"30","ja"
"30","nnp"
"30","財閥"
"30","食品"
"30","同一"
"30","NBF"
"30","実態"
"30","vvns"
"30","Sky"
"30","kcm"
"30","丘"
"30","こだわり"
"30","テキスタイル"
"30","ポテチ"
"30","陶器"
"30","舗数"
"30","nishinippon"
"30","File"
"30","戸"
"30","アクサジャパンホールディング"
"30","英文"
"30","裾野"
"30","木"
"30","親水"
"30","hanabatake"
"30","エコ"
"30","花畑"
"30","製菓"
"30","project"
"30","毛織"
"30","oc"
"30","触媒"
"30","キャラ"
"30","wiki"
"30","股"
"30","花"
"30","農"
"30","wikitext"
"30","焼き立て"
"30","コーポレート"
"30","夏季"
"30","持ち株"
"30","gfstwnvn"
"30","家"
"30","筆頭"
"30","accessdate"
"30","そば"
"30","倉"
"30","TOB"
"30","ジャージー"
"30","知事"
"30","jut"
"30","インターネット"
"30","DEFAULTSORT"
"30","WEST"
"30","中途"
"30","呂"
"30","最終"
"30","旧"
"30","サイアム・クラボウ"
"30","newproduct"
"30","right"
"30","rz"
"30","ヶ"
"30","アラミスインターナショナル"
"30","下"
"30","物産"
"30","共済"
"30","大型"
"30","strength"
"30","JECT"
"30","少年"
"30","鉄骨"
"30","ホエー"
"30","期限"
"30","クメピポ"
"30","gtr"
"30","アクサジャパン"
"30","kobe"
"30","eck"
"30","ナテックス"
"30","エネルギー"
"30","カオリン"
"30","國"
"30","学研"
"30","bo"
"30","Sfn"
"30","thumb"
"30","yuuka"
"30","ガーデン"
"30","METAID"
"30","svg"
"30","アク"
"30","アライアンス・バーンスタイン"
"30","newspaper"
"30","原石"
"30","west"
"30","Headquarters"
"30","DON"
"30","雨"
"30","ボード"
"30","システム"
"30","ゆがみ"
"30","トンロー"
"30","das"
"30","物質"
"30","AREA"
"30","株式会社"
"30","幅"
"30","偽り"
"30","もち"
"30","ざく"
"30","zi"
"30","スクエア"
"30","KURABO"
"30","窯業"
"30","jp"
"30","親会社"
"30","ラインナップ"
"30","楽天"
"30","うち"
"30","時計"
"30","貿有"
"30","金額"
"30","需要"
"30","同社"
"30","食料"
"30","宴会"
"30","月"
"30","脂"
"30","ょう"
"30","支店"
"30","物語"
"30","不動産"
"30","マンゴー"
"30","潮"
"30","panasonic"
"30","世界"
"30","ハジケ"
"30","地方"
"30","ロバ"
"30","ゲート"
"30","ファインセラミックス"
"30","兵器"
"30","house"
"30","容疑"
"30","航空機"
"30","エクスプレス"
"30","アクサ"
"30","湖"
"30","馬"
"30","終身"
"30","不定期"
"30","RYU"
"30","ストロベリーコーンズ"
"30","粘土"
"30","アクサ・エス・アー"
"30","チューボー"
"30","コラボレーション"
"30","ニチダン"
"30","過酸化水素"
"30","紡"
"30","チャンネル"
"30","業者"
"30","重量"
"30","シティ"
"30","company"
"30","ぎじゅつ"
"30","カーテン"
"30","メンバー"
"30","ウール"
"30","ContentViewM"
"30","絵"
"30","精華"
"30","当地"
"30","本格"
"30","背景"
"30","赤"
"30","人々"
"30","reflist"
"30","定款"
"30","規模"
"30","net"
"30","php"
"30","ロケット"
"30","間取り"
"30","タカ"
"30","旧名"
"30","date"
"30","hokkaido"
"30","脚注"
"30","ショー"
"30","情報"
"30","出典"
"30","高層"
"30","仕様"
"30","allitems"
"30","official"
"30","街"
"30","TM"
"30","年間"
"30","中核"
"30","Insurance"
"30","レース"
"30","内容"
"30","ポテトチップス"
"30","キャラメルブレイク"
"30","対外"
"30","wztkhqvyblggf"
"30","KCM"
"30","期日"
"30","粉末"
"30","クラボウドライビングスクール"
"30","en"
"30","庭"
"30","煙"
"30","px"
"30","icon"
"30","frame"
"30","純資産"
"30","kurashiki"
"30","Life"
"30","病院"
"30","場所"
"30","年表"
"30","kyoritsu"
"30","日本一"
"30","AXA"
"30","ノリタケグループ"
"30","nakai"
"30","元"
"30","press"
"30","屋根"
"30","マテ"
"30","社長"
"30","ターミナル"
"30","性能"
"30","PDFlink"
"30","SM"
"30","終戦"
"30","工法"
"30","恒久"
"30","末日"
"30","朝刊"
"30","犬"
"30","美術館"
"30","feature"
"30","一体"
"30","技術"
"30","カントリー"
"30","New"
"30","杏"
"30","福"
"30","張店"
"30","キー"
"30","パーソナリティ"
"30","preserve"
"30","前身"
"30","株式"
"30","MP"
"30","同時"
"30","mlit"
"30","tabi"
"30","クレディ・スイス"
"30","追い風"
"30","地元"
"30","ウインタートウル"
"30","id"
"30","krerbqnwpa"
"30","羊毛"
"30","効率"
"30","ダニ"
"30","産地"
"30","gemjtubnl"
"30","inline"
"30","最高"
"30","ポテト"
"30","アクサ・ホールディングス・ジャパン"
"30","タワー"
"30","Headquarter"
"30","一つ"
"30","xml"
"30","効果"
"30","revision"
"30","利益"
"30","西"
"30","商標"
"30","fsa"
"30","孝"
"30","store"
"30","エバープレイスガーデン"
"30","面積"
"30","資産"
"30","ファイル"
"30","跡地"
"30","JPG"
"30","垂木"
"30","infoseek"
"30","iyashi"
"30","紡績"
"30","繊維"
"30","廊下"
"30","プレハブ"
"30","dainikoujyou"
"30","format"
"30","状況"
"30","耐力"
"30","特例"
"30","東国"
"30","クラシキ・ド・ブラジル・テキスタイル"
"30","背"
"30","名義"
"30","期間"
"30","自動車"
"30","farm"
"30","機関"
"30","初代"
"30","支社"
"30","石炭"
"30","販専"
"30","磁器"
"30","デベロップメント・アンド・フィニッシング"
"30","パン"
"30","工業"
"30","恐れ"
"30","コード"
"30","動物"
"30","プロジェクト"
"30","当社"
"30","社名"
"30","ns"
"30","牧羊"
"30","写真"
"30","プリン"
"30","Shirogane"
"30","主幹"
"30","lib"
"30","entertainment"
"30","街道"
"30","比率"
"30","ナチュラルチーズコンテスト"
"30","Corporation"
"30","資本"
"30","of"
"30","ソート"
"30","花粉"
"30","中央"
"30","静"
"30","宅"
"30","イートイン"
"30","パッケージ"
"30","出張所"
"30","マスティ"
"30","アクラベニタマ"
"30","体制"
"30","恒"
"30","柳"
"30","銀行"
"30","見方"
"30","せき"
"30","交通"
"30","針"
"30","オリジナル"
"30","SBI"
"30","手探り"
"30","マテリアル"
"30","水産"
"30","メラミン"
"30","報酬"
"30","jpg"
"30","取次"
"30","間接"
"30","碍子"
"30","農林"
"30","発行済"
"30","アラミス"
"30","会社"
"30","夢"
"30","土地"
"30","曰く"
"30","POS"
"30","クラボウテクノシステム"
"30","ブーム"
"30","ラベンダー"
"30","homes"
"30","舞台"
"30","fujisawa"
"30","xm"
"30","ホット"
"30","間"
"30","Co"
"30","アイデンティティ"
"30","チーズ"
"30","地主"
"30","モンド・セレクション"
"30","Lang"
"30","kurabo"
"30","アクサニチダン"
"30","公園"
"30","郎"
"30","製品"
"30","状態"
"30","Otheruseslist"
"30","神社"
"30","www"
"30","彩"
"30","文章"
"30","蝋石"
"30","税務署"
"30","バブル"
"30","絹"
"30","分野"
"30","comment"
"30","ディスク"
"30","簡易"
"30","旅客"
"30","余地"
"30","プロジェクトオフィシャルショップ"
"30","アイスクリーム"
"30","タウン"
"30","歴史"
"30","有価"
"30","ニッセイ"
"30","国籍"
"30","空"
"30","sponichi"
"30","MOZZARELLA"
"30","username"
"30","他"
"30","水"
"30","牧場"
"30","チェーン"
"30","アクサ・アシスタンス・ジャパン"
"30","ウィキ"
"30","大臣"
"30","王国"
"30","レシピ"
"30","サ"
"30","珪藻土"
"30","文庫"
"30","ナショナルリネンサプライ"
"30","quot"
"30","概要"
"30","所在地"
"30","INDUSTRIES"
"30","インスタント"
"30","払"
"30","logo"
"30","グリーンコンフォート"
"30","東洋"
"30","能力"
"30","フィールド"
"30","芸"
"30","WEB"
"30","ラーメン"
"30","hoken"
"30","Andante"
"30","ip"
"30","ze"
"30","不払い"
"30","表面"
"30","娘"
"30","Bokujo"
"30","アワー"
"30","湿度"
"30","amp"
"30","金賞"
"30","ラジオ"
"30","Group"
"30","事故"
"30","ckf"
"30","Textile"
"30","菓子"
"30","SfnRef"
"30","Category"
"30","風"
"30","cat"
"30","トラスティ・サービス"
"30","商事"
"30","近代"
"30","年"
"30","元素"
"30","display"
"30","燃料"
"30","電工"
"30","javtvovzaz"
"30","http"
"30","大滝"
"30","BAR"
"30","価格"
"30","複数"
"30","面"
"30","マルセイバターサンド"
"30","不祥事"
"30","hh"
"30","メーカー"
"30","マーケット"
"30","アパレルズ"
"30","體"
"30","PM"
"30","台"
"30","モール"
"30","汚れ"
"30","フレストピア"
"30","イオン"
"30","co"
"30","topics"
"30","sankei"
"30","センター"
"30","風味"
"30","医療"
"30","ニュータウン"
"30","支払"
"30","ki"
"30","経済"
"30","info"
"30","最後"
"30","む"
"30","bodsrhuh"
"30","デザート"
"30","レッスン"
"30","売上"
"30","業界"
"30","空港"
"30","社会"
"30","mainichi"
"30","郵便"
"30","家族"
"30","活性"
"30","入江"
"30","名前"
"30","取消し"
"30","外部"
"30","ファーム"
"30","所在"
"30","カビ"
"30","人気"
"30","職員"
"30","役員"
"30","タイル"
"30","本社"
"30","ジンギスカン"
"30","強み"
"30","価値"
"30","構造"
"30","養豚"
"30","IMAGE"
"30","panahome"
"30","唯一"
"30","責任"
