2050,1963年4月に松實武夫が松實興産を創業その後1968年に釧根開発株式会社として法人化した。グループ企業10社を持つ。釧根開発グループの中心企業である。創業者の松實武夫は当時、商工会長・観光協会会長・交通安全協会長など20以上の中標津町の要職をうけており町発展を語るのに欠かせられない人物のひとりであった。また、グループ全体の職員数も中標津町の約460人に次ぐ人数を抱える主要企業のひとつである。
2050,*設立　　　1963年4月26日*資本金　　1億円*売上高　　約461億円（2008年3月期）*代表　　　山田健治*従業員数　222名（2009年9月末現在）*本社　　　東京都大田区北千束1-11-3
2050,*本社-東京都中央区(東京都)|中央区京橋1丁目1番5号セントラルビル**旧本社は静岡県三島市八反畑117番1号*許認可**建設業許可静岡県知事許可（特-18）第24734号**宅地建物取引業免許国土交通大臣免許（1）第7506号**一級建築士事務所登録静岡県知事登録（4）第4274号
2050,"*住宅新築・リフォーム・修繕name\""on\""*特定労働者派遣事業name\""on\"""
2050,前身は、「東洋電機通信工業」電気・通信設備の拡充を目指し設立される。当時は戦後間もない混乱期であり、実際の電気設備工事以前に電気、水道の修理業務、電気器具の販売を中心にしていた。逓信省の工事受注を足がかりに電気通信設備事業で成長を遂げ、「技術の東電通」の異名を持つ。既存事業は旧電電公社を継承したNTT、官公庁向けが中心である、近年は新規事業の立ち上げも進められている。
2050,2001年（平成13年）10月、近畿工業|近畿工業株式会社より鉄道設備事業を譲り受け、営業を開始。;事業内容http:www.kee-net.co.jpbusiness公式サイトを参照。
2050,秋田県・青森県両県におけるミサワホームの販売施工ディーラーだった「株式会社秋田ミサワホーム」と「株式会社ミサワホーム青森」が1995年合併し、秋田ミサワホームを存続会社として、「ミサワホーム北日本」としてスタートした。2007年10月1日に「東北ミサワホーム|東北ミサワホーム株式会社」に吸収合併され、同社の秋田支店、青森支店となった。
2050,2004年（平成16年）10月関西電力グループ会社の分野・機能別再編に伴い旧'''関電興業'''（株）を母体とし（株）関西テック、東光精機（株）、園田計器工業（株）、関電化工㈱および（株）原子力エンジニアリングより、火力発電所および原子力発電所の保全に関する事業を譲り受けるとともに、電力流通設備に関する事業および土木・建築に関する事業等を関西電力グループの他の会社に移管した。
2050,鋼|鉄鋼関連設備などの産業機械や、電気設備・計装設備の設計・製作・施工、ファインセラミックス製部品の製造・販売などを行う。本社は八幡製鐵所に近接する福岡県北九州市戸畑区飛幡町。製鉄所内にも拠点（エンジニアリングセンター、ファインセラミックス加工場）を持つ。
2050,名古屋市中川区に本社のある住宅メーカー。現在小牧市に自社工場がある他、愛知県・三重県・静岡県に住宅展示場を設置している。
2050,2000年（平成12年）に旭コムテクの二つの施工部門を統合し分社し設立。親会社と同様NECやNECネッツエスアイとも取引しており、また親会社からの受注も多い。親会社：旭コムテク株式会社
2050,;商号*カメヤグローバル株式会社;本社所在地*大阪府岸和田市土生町2-11-17
2050,イブリアスコン共同企業体は、富士建設・菱中建設・大成ロテックの3社が共同出資して設立した。出資比率は富士建設（50%）・菱中建設（30%）・大成ロテック（20%）で、地元室蘭地区に本社をもつ富士建設が幹事会社となり、同社登別支店に本部を設置、工事受注・施工がまかなわれている。登別市では唯一のアスファルト合材製造工場。3社は登別市大和町で会社が隣接して立地しており（国道36号|国道36号線沿い）、以前はそれぞれアスファスルト合材を製造していたが、効率化などから新工場を建て製造を集約することになった。アスファルトプラントの1時間当たりの能力は120〔トン|t〕、ストックはサイロ2基で220〔t〕と、道南では最大規模。騒音振動を抑え、防塵装置を完備、ばい煙を追放した無公害で省力化されたプラントとなっている。
2050,西行土木は、本社（福井県大野市）を起点に、日本国内の広範囲を対象にトンネル専門工事業者として、社会インフラストラクチャー|インフラの整備に携わっている。最近では、トンネル工事以外の土木工事も受注している。現在、島根県益田市に、本社を構え、トンネル工事の下請けなどを行う、西行建設は、この会社の兄弟会社にあたる{{Citeweb|urlhttp:ir.lib.oita-u.ac.jpdspacebitstream105596891156-1-4.pdf|title地方圏の大規模土木工事における施工体制の特徴|formatPDF|author梶田真|accessdate2013年2月9日}}。厚生労働省が実施する、労働者の安全確保を目指す取り組み「あんぜんプロジェクト」に参加している{{Citeweb|urlhttp:anzeninfo.mhlw.go.jpanzenprojectmembersaigyoindex.html|titleあんぜんプロジェクトメンバー株式会社西行土木|author厚生労働省|accessdate2013-02-12!--|archiveurlhttp:web.archive.orgweb20130119055515http:anzeninfo.mhlw.go.jpanzenprojectmembersaigyoindex.html|archivedate2013-01-19--}}。
2050,"2005年、シンガポール政府から受注したアジア最大級の脱塩処理施設の稼動により、シンガポールの水の供給の35%を賄っているname\""Milestone\""{{citeweb|urlhttp:www.hyflux.comabt_milestones.html|titleCompanyMilestone|accessdate2010-10-10|publisherハイフラックス}}。水深50メートルから純度の高い海水を汲み上げて水処理プラントに供給する。2015年現在、同国初の水再生設備と2基の海水淡水化設備（SWRO、seawaterreverseosmosis）を持つhttp:www.hyflux.comabout-uswho-we-are。近年は水処理事業の収益が減少傾向にあり、シンガポールではゴミ処理施設と水力を組み合わせた発電設備の建設も手がけているhttp:www.hyflux.comsolutionshyflux-energy。ハイフラックスの海外事業展開として、海外400箇所で展開されている{{citeweb|urlhttp:www.hyflux.comabt_presence.html|titleGlobalPresence|accessdate2010-10-10|publisherハイフラックス}}。その中でも大規模なのが、2004年の中華人民共和国・天津市における中国初の脱塩処理施設事業name\""Milestone\""、2006年のインドへの事業進出name\""Milestone\""、2008年のアルジェリアにおける脱塩処理施設事業name\""Milestone\""である。"
2050,"。*2005年7月-興和コンクリート株式会社の全株式を取得name\""gaiyo\""。*2007年7月-東日本コンクリート株式会社の全株式を取得name\""gaiyo\""。*2008年4月-極東工業株式会社と興和コンクリート株式会社が合併し、極東興和株式会社へname\""gaiyo\""。*2009年7月-東日本コンクリート株式会社と極東テクノ株式会社が合併name\""gaiyo\""。*2012年4月-東日本コンクリート株式会社と株式会社構造テクノが合併name\""gaiyo\""。*2013年7月-極東興和株式会社と株式会社ビーアールインターナショナルが合併name\""gaiyo\""。*2016年3月-東京証券取引所第1部に指定替え。"
2050,*所在地:〒606-8202京都府京都市左京区田中大堰町182*一級建築士事務所登録京都府知事登録*支店等:*本社（京都市）:*東京本社東京事務所:*名古屋事務所:*静岡事務所:*大阪事務所:*奈良事務所:*四国事務所:*九州事務所:*南九州事務所:*長崎営業所:*熊本営業所:*宮崎営業所
2050,もともとは、建築資材販売を手がける業者であったが、1982年に、現在の加美町でホームセンター事業（屋号は「ホームセンタータカカツ」）を始め、一時は7店舗を運営していたが、最終的には5店舗に絞った上で、ホーマックに譲渡、撤退した。また、ホームセンター部門にコーポレートアイデンティティ|CIを導入し、'''「ホームプラス」'''の屋号を使用していた。2012年には、グループ事業再編によりく事業持株会社に移行。3事業部を傘下に置く体制とした{{citenews|title事業案内|author|agency|publisherタカカツホールディングス|date|urlhttp:www.takakatsu.co.jpbusinessindex.html|accessdate2014-9-8}}。なお、現在「ホームプラス」（'''HOME+'''）ブランドは、タカカツ本体ではなく、関連会社の高勝の家が用いている。
2050,"主な事業は建築工事・防水工事・塗装工事で、新工法の開発にも取り組んでいるname\""nikkankougyou\""『日刊工業新聞』1997年12月12日付37面。。開発した主な工法として、廃棄物を出さずに風呂や建物の防水工事が出来る工法name\""nikkankougyou\""や、2004年に開発した土壌を使わずスナゴケのパネルを使って屋根や壁面を緑化する工法「壁面・屋根コケで緑化エフワンエヌ関電子会社がパネル」『日経産業新聞』2004年（平成16年）10月15日付15面。「土なしで壁面も緑化既存建物でも施工できる」『日経アーキテクチュア』第783号、2004年11月15日、93ページ。「防水と緑化のセット販売ゼネコン・ユーザーに直接販売エフワンエヌ「エコパレット・エコマット」」『環境ビジネス』第31号、2005年1月。などがある。社名の由来は創業者の名前を元にしている。コーポレートスローガンは移り変わる時代のニーズに応えるという意味で'''ALLNEEDS'''である。平成25年度の茨木市頑張る市内企業に紹介されるhttp:www.city.ibaraki.osaka.jpkikousangyoshoukoumenukigyoshienshinaikigyou1364449786640.html茨木市HP頑張る市内企業（平成25年度）。"
2050,"ccessdate2016-2-13}}|発行済株式総数|売上高126億円name\""パソナ\""{{Citeweb|urlhttp:www.pasonacareer.jpspsearch80365190.html|titleパソナキャリア|accessdate2016-2-13}}（2014年）|経常利益|営業利益|純利益5億6000万円name\""パソナ\""|純資産|総資産|従業員数65名name\""ファシリティーズ\""（2014年4月）|支店舗数国内4拠点(名古屋・東京・大阪・浜松)|決算期3月31日|主要株主豊田通商100%name\""ファシリティーズ\""|主要子会社|関係する人物|外部リンクhttp:toyotsu-facilities.com|特記事項}}'''豊通ファシリティーズ株式会社'''（{{Lang-en-short|''TOYOTATSUSHOFACILITIESCORPORATION''}}）は、愛知県名古屋市名東区本郷3-162に本社を置く豊田通商グループのオフィス住環境事業専門会社である。設立の経緯から株式会社豊通オールライフとは兄弟会社である。2014年(平成24年)4月1日-豊通ライフケア株式会社から豊通ファシリティーズ株式会社に名称変更した。"
2050,"1966年(昭和41年)設立。北陸地方に地盤を置く建築会社である。本社ビルは、ニューハウスビルスプリングポイントと呼ばれている。代表取締役は村上紀夫http:www.newhouse-newhouse.co.jpprofileindex.htmlニューハウス工業-会社概要。シンボルマークとして使用しているコアラの親子の図案は、家族の絆を象徴したものであるname\""hokkoku070125\""『北國新聞』2007年1月25日付朝刊。。"
2050,「宮大工」の技を生かして数々の住宅も手掛けている。また、菅原木工前代表である菅原武美は「宮大工」としての技を評価され、岩手県の卓越技能者、「現代の名工」として菅原木工に多大なる功績をもたらした。{{Clear}}
2050,創業者の半田忠三は1886年（明治19年）に群馬県薮塚本町（現・太田市）で生まれたhttp:www.bugin-eri.co.jpdoc100nen170.pdfシリーズ１００年企業への挑戦—埼玉の老舗企業に学ぶ21-ぶぎん地域経済研究所。忠三25歳の1912年（大正元年）に「隅田川石材商会」として荒川区南千住で創業し、栃木県で産出される大谷石などを販売していた。現在もスミダとして受け継がれている社名は隅田川にあやかり命名された。1923年（大正12年）の関東大震災では社屋が全焼し、業務不能に陥ったが、震災2カ月後の11月には再建に着手、翌年1月20日には完成している。忠三は1944年（昭和19年）に58歳で他界したが、長男の利一が2代目として受け継ぎ、次男の正雄と三男の昭雄の3兄弟とともに運営していった。戦時統制で企業の活動が停止されたため一時休業し、戦後1947年（昭和22年）、旧秩父セメントと代理店契約をかわし、石材商からセメント中心の建材事業へ業態変更した。戦後の建設需要に後押しされ事業が順調に推移すると本社機能を南千住から、人口の急増していた埼玉県の県庁所在地である浦和市（現さいたま市浦和区）の浦和駅東口に移転し、社名も隅田工業株式会社に変更、浦和を中心とした事業展開に移行することとなった。同時に大和ハウスと代理店契約を結び、住宅事業にも乗り出した。1972年（昭和47年）には3兄弟それぞれが事業を拡大するため分社化し、利一が貸ビル業「スミダ建物」・正雄が建材業「スミダ商事」・昭雄が代理店契約事業「スミダダイワハイス」を発足させた。その後2代目であった利一が死去し、バブル崩壊などの不景気の時代に突入したことから再編が急がれ1998年に3社を統合した「スミダ工業」が発足した。スミダダイワハウスの事業を主軸とし、マンションやビルの建設などの事業も進出し、再開発の進む浦和駅前にはガラス張りの商業ビル、スミダワンが2009年（平成21年）に完成したhttp:j-net21.smrj.go.jpknowshisakuentry201120110310_03.html顧客視点を徹底したホームページを活用して集客を目指す地元密着ゼネコン【スミダ工業】-J-Net21。
2050,埼玉県や群馬県を中心に新築分譲・リフォーム事業を行っている。創業以来約4500棟（2014年現在）が分譲されている。
2050,1905年創業。県内では早野組に次ぐ規模といわれてきており、東京都と長野県にも事務所がある。毎日新聞によると山梨県が発注した公共工事の受注高は2003年が5位、2004年が4位、2005年が3位と常に上位に位置しており、落札率も約77%（2005年実績）と高い位置にあった。日本の建設業はオイルショック以来公共事業が抑制され、山梨県でも建設需要の低迷により「冬の時代」を迎えており、近年は三位一体の改革により県の発注工事も減少している。県内の建築業者は異業種への転換を図り長田組も住宅建設に着手していたが、業績が悪化したことに加え2006年には公正取引委員会から課徴金を受けたことにより資金繰りも悪化し、2006年の受注高は13位と急激に落ち込んでいた。さらに竣工した遊戯施設の運営会社が直後に倒産し、回収困難になったことがとどめとなり、主要金融機関と再建計画を詰めていたが債務超過となってしまったため2008年2月23日に東京地方裁判所に民事再生法の適用を申請した。2008年4月3日、長野県に本社を置く新津組と業務提携を結び、同年9月23日には再建計画の認可を受けた。減資や事務所移転を行ない、2011年5月に再生手続きを終結している。2014年4月15日、国土交通省は、警視庁から暴力団関係企業との通報を受けたとして、同省発注の公共工事から排除すると通知した。2014年4月25日、東日本高速道路株式会社から警視庁の「東日本高速道路株式会社、中日本高速道路株式会社及び西日本高速道路株式会社が行う公共工事からの暴力団関係企業等の排除に関する合意書」に基づく排除要請を受けたため排除を受けた。2014年5月9日、鉄道建設・運輸施設整備支援機構（JRTT)から、「警視庁から、上記の長田組土木株式会社について、同社の役員等が、指定暴力団住吉会傘下組織組員であると知りながら、同法人を、談合において不正な利益を図るために利用したとして独立行政法人鉄道建設・運輸施設整備支援機構が行う公共事業等からの排除要請があった」として同機構発注の公共工事から排除すると通知した。
2050,"|代表者代表取締役　高橋宏之name\""概要\""|資本金50000000円name\""概要\""|売上高30.8億円（平成26年3月現在）name\""概要\""|総資産|従業員数|決算期|主要株主|主要子会社|関係する人物|外部リンクhttp:asahisangyo.jp|特記事項}}'''旭日産業株式会社'''（あさひさんぎょう）は、愛知県名古屋市中区(名古屋市)|中区新栄一丁目に本社を置く建設業|建設会社である。"
2050,木造住宅の柱・梁(建築)|梁・土台部分に、外部から特殊なアンカーを介し補強部材（鉄筋ブレース・鉄骨フレーム）を取り付け、建物の耐震性を高める補強工法である。外付け工法のため、壁の撤去・復旧が不要であること、簡易な施工の工法であるため、工期も約2週間と短いのが特徴である。
2050,"|資本金1000万円name\""概要\""|発行済株式総数|売上高|営業利益|純利益|純資産|総資産|従業員数|決算期|主要株主|主要子会社|関係する人物|外部リンクhttp:www.nakakoma.co.jp|特記事項}}'''中駒産業株式会社'''（なかこまさんぎょう、{{Lang-en-short|''NAKAKOMACO.LTD''}}）は、愛知県名古屋市中村区と東京都港区(東京都)|港区に本社を置く企業。"
2050,建物の建設や、自動車・建設機械の製作・修理・販売などを主な業務とする。機械の整備は、乗用車やバス(交通機関)|バスの他、トラックやクレーン、タンクローリー、ミキサー車なども整備機種として扱っている。また、コベルコ建機、日本車輌製造、古河機械金属などの有力企業とも取引を行っているhttp:www.nittsukicoh.co.jpsummaryindex.html。
2050,1995年（平成7年）にひまわりネットワーク株式会社の技術部より工事部門を分社し設立。親会社及び関連会社からの受注工事が多い。親会社：ひまわりネットワーク株式会社
2050,1980年創業、2002年9月廃業。九州では有数の構造設計専門の設計事務所で、福岡県内を中心に約12000棟の設計に携わったnamemainichi060211。経営がピークを迎えた1990年代後半には年間の売上高が6億円を超えたnameasahi060210{{Citenews|date2006-2-10|urlhttp:www.asahi.comspecial051118SEB200602090010.html|titleサムシング、計算スピード化図る?データ差し替えで|workasahi.com|accessdate2017-5-20}}。
2050,新築マンションの室内コーティングの総合施工会社。既設の水回りなどライフケアへ業容拡大。主力は新築マンションの内装施工・マンション内装リフォーム、元々は住宅内装リフォーム。不動産開発、健康食品・美容品の販売などで多角化。創業社長の福岡浩二が辞任しクレアスライフ|菱和ライフクリエイト出身の梅田定男を迎えるも三週間で交代。現在の代表取締役社長は西岡孝。株主無視とも取れる資本政策で、一時400万円（分割併合調整）以上した株価は2010年2月22日現在5千円を下回る。2008年5月28日に取締役の福岡浩二（元社長・創業者）が行った不明朗な出金5億円のうち未回収分2億円の返還を求め、2008年6月18日同氏を'''告訴'''したと正式発表。民事損害賠償請求訴訟については2012年7月23日に会社勝訴の判決があり確定。
2050,日本に初めて電灯が普及した黎明期に重電機器メーカー川北電気企業社の電気工事部門として設立された。川北電気土木工事株式会社が元でその後三和電気土木工事と改称された。電気工事業史研究会編著『物語　電気工事業発達史』電気工事業協議会　1992年　113頁川北電気企業社は1930年（昭和5年）の世界恐慌で倒産するが、扇風機製造部門は生き残り現在のパナソニックエコシステムズとなる。電気工事会社の老舗で独立系として東京より西で展開している。
2050,売上高で大分県第2位のゼネコンである。大分に本社を置くとともに、東京に本部を置き、東京、大阪、広島、福岡、熊本、宮崎、鹿児島に支店を、高松、北九州、長崎、沖縄に営業所を有する。主要な施工実績には、建築で大分県庁舎、OASISひろば21、大分農業文化公園管理・研修棟、大分県立病院、鹿児島県護国神社、土木で耶馬溪ダム、大分自動車道大分インターチェンジ|大分IC、同九重インターチェンジ|九重ICなどがある。
2050,1907年創業。北陸3県で最大手のゼネコンとして民間・官公庁工事に強みを持つ企業。1996年3月期は年売上高約1182億600万円を挙げたが、主要地盤となる北陸3県での公共工事の減少によって、売上規模は縮小。2007年12月に大阪支店で不正な会計処理が行われていたことが発覚したことで信用は大きく失墜した。メインバンクの北國銀行から専務を迎えて、同行主導で再建へ乗り出したが、2008年7月に大阪地方裁判所へ民事再生法の適用を申請した。帝国データバンクによると負債総額は348億円。北陸3県最大のゼネコンの倒産劇は地元にとって大きな衝撃となり、石川県は無担保で別枠保証が受けられる国の制度の早期適用を中小企業庁に要請。また、石川県としても連鎖倒産防止の融資制度の限度額を5000万円から8000万円、利率を2.25%から1.50%へと変更した。民事再生手続き中の2010年３月に経営陣による買収（ＭＢＯ）で自主再建を図る方針を発表。企業再生ファンドが保有していた同社全株式を同社経営陣が取得し、スポンサーを付けずに再生手続きを終結させた。
2050,''ながでんハウス'''・'''BESS長野'''・'''セルコホーム長野中央'''の3ブランドで住宅建設・分譲を取り扱うほか、公共建築・土木・電設工事なども請け負う。鉄道系の建設会社らしく、鉄道の軌道・架線工事なども行う。善光寺下駅前にある本社ビルの上層階は、女性専用マンション「コリーヌ善光寺下」として賃貸されている。
2050,神奈川県・東京都を中心に、新築マンション「アークプラザ」「アークフラッツ」シリーズ、一戸建て分譲「アークタウン」シリーズの分譲を手がけるほか、建設事業・リフォーム事業・マンション管理事業等を展開している。
2050,1943年10月に中村雄次郎が林業を営んだのが始まり。創業時からしばらくは木材の伐採・出荷が主業務であった。1955年9月に株式会社として設立後は林業・建築・製材を手がけ住宅メーカー等に販売していた。1971年2月にはチヨダウーテの石膏製品加工を委託され工場を操業した。平成期に入ってからは自社で住宅事業も開始しクリアホームのブランド名で建築・分譲を展開しており、活水器の販売も併営している。
2050,本業は携帯電話の通信基地局の設置でNTTドコモなどの基地局を請け負う。一方で'''自産自消'''を合い言葉にした農業体験プロジェクトが有名である。
2050,福岡県、大阪府などを中心に事業を行なっており、学校・事務所・工場・店舗・倉庫などの建築工事、CS（カスタマーサービス）事業部による修繕工事、ビルメンテナンス等を行なっている。
2050,東京都、千葉県、神奈川県などの地域で住宅の内装のリフォームや不動産業をしている。
2050,2008年（平成20年）3月28日設立。日本道路公団時代に、いわゆる「ファミリー企業」と言われた維持管理会社である新潟ロードメンテナンスと関越ロードメンテナンスを母体として設立された、高速道路の維持修繕会社である。主に日本道路公団時代における北陸支社の新潟県区間の全域を担当している。冬期の高速道路上の除雪作業、路面のポットホール（舗装上にできる小径の穴）の補修等に代表される道路構造物の維持補修作業を業務の主体としている。その他、SA・PAの清掃、高速道路内外の樹木雑草の伐採選定管理や高速道路構造物の維持補修を行っている。ヘルメット等は親会社であるネクスコ東日本とデザインを統一しているが、親会社はロゴマークでは「NEXCO東日本」と記載しているがネクスコ・メンテナンス新潟を含むグループ会社は「NEXCO東日本グループ」と記載してある。;事業所*新潟事業所-日本海東北自動車道新潟亀田インターチェンジ内*長岡事業所-関越自動車道長岡インターチェンジ内*上越事業所-北陸自動車道上越インターチェンジ内*湯沢事業所-関越自動車道湯沢インターチェンジ(新潟県)|湯沢インターチェンジ内、小出インターチェンジ内
2050,木造枠組壁構法|2×4工法の住宅を専門に、北海道を中心に注文住宅の販売・施工を行っている。2×4工法において、北海道で建築実績第1位となっている。主な商品はNOAH+、Laffeel、Granwood。親会社であるイワクラ|株式会社イワクラは、かつてアイスホッケーで名を馳せた岩倉組が前身企業。伊藤忠商事と株式会社イワクラとの合弁企業として設立。札幌市中央区と室蘭市で、ビジネスホテル「ホテルニューバジェット」を経営している。2007年になり当時北海道日本ハムファイターズの森本稀哲選手を企業イメージキャラクターに採用。
2050,金属製の屋根材・壁材を製造・販売するメーカーと、それらに関する工事を設計し請負|請負う建設会社を兼ねる企業である。本社は東京都港区(東京都)|港区芝浦四丁目。深谷（埼玉県深谷市）・長田野（京都府福知山市）・滋賀（滋賀県東近江市）・江別（北海道江別市）の4製作所を製造拠点とし、日本国内の7都市に支店を構える。東京証券取引所第一部（東証一部）と大阪証券取引所第一部（大証一部）に株式を株式公開|上場する。筆頭株主は、材料の供給元でもある鉄鋼メーカーの新日本製鐵（新日鉄）と日新製鋼の2社で、どちらも約16%の株式を保有し、三晃金属工業を持分法適用会社としている。この2社に次ぐ株主は、2社が共同で出資する鉄鋼商社のhttp:www.np-nippan.co.jpindex.html日本鐵板である。
2050,ツーバイシックス工法による注文住宅の販売を事業の主軸とした建設・不動産会社。日本における枠組壁工法（ツーバイシックス・ツーバイフォー）工法のオープン化をうけ、翌年ツーバイフォー住宅の販売を開始。2001年（平成13年）には、ツーバイフォー住宅の新ブランドとして「ウイザースホーム」を発表。2009年から2011年に3期連続で「ハウス・オブ・ザ・イヤー・イン・エレクトリック（旧：ハウス・オブ・ザ・イヤー・イン・エレクトリック）」の優秀賞を受賞。また、戸建分譲住宅「ウィザースガーデン」、永住型分譲マンションブランド「ウィザースレジデンス」をはじめ、不動産事業、土地活用・賃貸住宅経営のほか、一般建築・公共建築などの建設事業まで、「住まいと暮らし」のトータルサポートを幅広く事業展開を行っている。さらには、これまでに培った住まいづくりのノウハウを活かし、フランチャイズ(FC)本部として1998年（平成10年）4月に木造注文住宅FCブランド「クレバリーホーム」の全国展開を開始している。
2050,株式会社日本ピーエスは、敦賀市に本社、全国に7つの支店（仙台、東京、福井、名古屋、大阪、広島、福岡）を置き、プレストレストコンクリート構造物の専業者として、橋梁工事を中心に、社会インフラの整備に携わっている。著名な施工物件としては、高さ118mの高橋脚を持つ「鷲見橋」（東海北陸自動車道）があり、日本ピーエスは昭和コンクリート工業とともに上部工を担当した{{citejournal|和書|journal日経コンストラクション|title土木の風景岐阜県高鷲村鷲見橋|pages96-100|date2000-01-14|author松浦隆幸}}。オリエンタル白石|オリエンタル工業とのJVで担当した常磐自動車道の木戸川橋・井出川橋上部工事ではスパンバイスパン工法を採用、同工法では一部のセグメントを地上から設置するのが通常であるところ、全セグメントを既設の桁上から設置する手法を初めて実現した{{citejournal|和書|journal日経コンストラクション|titleズームアップ橋常磐自動車道木戸川橋PC上部工事（福島県）全セグメントを初めて橋上から架設|pages26-30|date2003-05-23|author加藤光男}}{{citejournal|和書|title報告常磐自動車道{{読み仮名|木戸川|きどがわ}}橋・{{読み仮名|井出川|いでがわ}}橋の設計・施工——スパンバイスパン架設を採用したプレキャストセグメント橋——DesignandConstructionofKidogawaandIdegawaBridges|author木水隆夫・黒田健二・渡辺二夫・熊谷修悟|pages13-18|issn0287-170X|journal橋梁と基礎|date2004-03|volume38|issue3}}{{citejournal|和書|title工事記録木戸川橋の設計・施工——ピアセグメントを架設機で架けるスパンバイスパン工法——|author渡辺二夫・井岡隆雄・熊谷修悟|pages39-44|date2003-06|volume41|issue6|publisher日本コンクリート工学協会}}{{citejournal|和書|titleFIELDNOW常磐道木戸川橋PC箱げた橋の施工——セグメントを橋面運搬するスパンバイスパン架設——|author井岡隆雄|publisher高速道路技術センター|journalEXTEC|volume16|issue4|pages63-64|date2003-03}}。社会貢献の分野では従業員の子育て支援に取り組んでおり、2006年には「父親子育て応援企業」として福井県の表彰を受けたhttp:www.p.fukui.lg.jpdockodomokigyoufathersupporth18.html平成18年度父親子育て応援企業表彰企業。また2009年には福井ミラクルエレファンツ支援のため、他の県内企業とともに支援組織「福井を元気にする会」の結成に加わっている「http:www.fukuishimbun.co.jplocalnewsm_elephants8740.htmlエレファンツ支援へ１７社が結集　「福井を元気にする会」創設」『福井新聞』2009年12月12日付26面。。
2050,滋賀県下ではトップシェアの総合建設会社。昭和40～50年代の建設ブームの時はびわ湖放送のCMで'''「アスコンの昭建」'''を連日PRしていた。独自の工法を考案しての地下工事・道路工事が特徴になっており、各種建材・工法の研究・試験も自社で行っている。
2050,耐震構造に強く耐震住宅を得意としている。経営信条は'''「清く、正しく、美しく」'''。
2050,2010年4月に設立。全国の主要都市を中心にリノベーション事業を展開しており、体感型のショールーム・ギャラリーなどを全国28ヶ所で運営している。br2015年4月に、新経済サミット2015のピッチイベント「NESSTATUPCOMPETITION」にて、2位を受賞http:dentsu-ho.comarticles2410「新経済サミット2015」のピッチイベントでYoyoHoldings、リノベるなどスタートアップ企業3社が受賞-電通報。
2050,1969年（昭和44年）3月17日に設立。2003年（平成15年）8月1日には、ミサワホーム東海、ミサワホーム、ミサワ東洋、東京ミサワホームの4社で持株会社|共同持株会社ミサワホームホールディングス（現・ミサワホーム）を設立し同社の傘下となった。2016年（平成28年）4月1日には親会社のミサワホームに吸収合併された{{Citeweb|date2015-11-26|urlhttp:v4.eir-parts.netv4ContentsView.aspx?cattdnet&sid1307185|title完全子会社であるミサワホーム東海株式会社の吸収合併に関するお知らせ|formatPDF|publisherミサワホーム株式会社|accessdate2016-11-27}}{{Citeweb|urlhttp:www.misawa.co.jpcorporateaboutenkaku.html|title沿革|publisherミサワホーム株式会社|accessdate2016-11-27}}。
2050,設計・施工物件は医療施設の他、福祉・介護施設が多いが、一般の商業施設、分譲・賃貸マンションなども手掛けている。設計に携わった物件（岸和田徳洲会病院）が大阪・心ふれあうまちづくり賞第10回受賞作品奨励賞に選出されているhttp:www.p.osaka.lg.jpkenshi_kikakufukushi_topmati-syou-kako.html大阪府心ふれあうまちづくり賞　過去受賞作品。創業者が代表を勤めていた頃は、各地の徳洲会病院の建設工事において徳田虎雄理事長から便宜を図られ、すべてを仕切ってきたhttp:kyoto-seikei.com11-1211-n1.htm徳州会・徳田理事長：2010年・建設業界面談者！（京都政経調査会、2011年12月11日2014年2月6日閲覧）ことなど、徳洲会との関係が深かったhttp:www.data-max.co.jp20130925post_16455_ngk_1.html徳洲会騒動は、永田町で炸裂するのか！！（ネットアイビーニュース、2013年9月25日2014年2月6日閲覧）。2011年（平成23年）に、徳州会が指定管理者となる予定の生駒市立病院（奈良県生駒市）建設の実施設計入札に関連して、2009年（平成21年）時に提出した一般競争（指名競争）参加資格審査申請書の虚偽記載が発覚。契約が取り消され、前代表取締役（創業者）が刑事告発される騒ぎとなったhttp:toyokeizai.netarticles-13420徳洲会に翻弄、生駒市立病院建設の行方東洋経済オンライン、2013年3月27日2014年2月6日閲覧http:urashin.infoseisaku.html生駒市議会議員中浦しんご公式サイト2014年2月6日閲覧http:www.city.ikoma.lg.jpkashitsu02110030230617.html指名停止告知生駒市ホームページ2014年2月6日閲覧。2010年（平成22年）大阪市に本社を置く信和建設株式会社のグループ会社となる。
2050,1954年11月9日に井上博が設立した東京都足立区の合板工場からスタートし、その後石巻市に工場を次々と開設したほか、経営不振に陥った同業他社を買収して規模を拡大して日本最大の合板メーカーに成長した。br現在は国内の合板生産の55%、販売の30%を占める。br徐々に製造品目を関連分野に拡大し、合板のほか、パーティクルボード、MDF（中質繊維板）、単板積層材|LVL、フローリングなどの製造・販売も行っている。長男の井上篤博が2代目社長として現在も経営に当たっている。brセイホクグループ全体では国内に関連企業45社を持ち、年商約2000億円従業員約2300名。
2050,外壁・屋根を中心とした住宅リフォーム全般の企画・提案・販売を行っている。自社での職人育成も行っており、提案から施工まで一貫したサービスを提供している。2001年（平成13年）設立の住宅リフォーム会社。愛知県名古屋市に本社をおき、さいたま市|さいたま、浜松市|浜松、八王子市|八王子、柏市|柏に事業所を展開する。現在のCI(コーポレートアイデンティティ)は'''「住居を通じて、社会に『スマイル』をつくろう！」'''である。KTCホールディングスの傘下にあり、中央出版系列の1社である。
2050,戦後すぐに創業した、岩手の電気工事会社。テレビコマーシャルのインパクトのため岩手県内での知名度がある。{{Citenews|title岩舘電気　CMソング(岩手の光)誕生秘話|date2009-06-19|urlhttp:blog.fmii.co.jpradilog?p15|location岩手県盛岡市|publisherエフエム岩手}}。売り上げのうち公共事業の電気設備工事が大部分を占めるが、電気通信設備工事や光通信設備工事にも事業を拡げており、民間の工事は規模の小さなものから大きなものまで広く扱う。2011年3月11日に起きた東日本大震災では、沿岸部で被災した岩手県電気工事業工業組合の支部に支援物資を届けた。本業の公共事業は工期の延期や入札延期で影響を受けた{{Citenews|title〈不屈の遺志〉岩舘電気・平野喜嗣社長に聞く　工事ストップ、給料どうする|newspaper盛岡タイムス|date2011-04-26|author大森不二夫|urlhttp:www.morioka-times.comnews201111042611042604.htm|accessdate2013-10-19|location岩手県盛岡市|publisher盛岡タイムス社}}。
2050,"1970年（昭和45年）4月、創業。愛知県を中心に事業展開している。創業当初は新築住宅事業も行っていたが、2000年（平成12年）に住宅リフォームに特化name\""EDINET\""。2010年（平成22年）に不動産流通事業（仲介・買取・再販）を始め、2011年（平成23年）には、新築住宅事業（建築請負）に再度参入しているname\""EDINET\""。また、2014年（平成26年）よりOKUTA|株式会社OKUTAと共同で水まわり専門店「みずデポ」の展開も行っているname\""水\""{{Citeweb|date-2014-05-16|urlhttp:www.excite.co.jpNewseconomy_clm20140516Suumo_62919.html|titleOKUTAと安江工務店、水まわり専門店「みずデポ」3店舗同時オープン|publisherエキサイトニュース|accessdate2017-09-09}}。"
2050,南海電気鉄道の鉄道工事に従事していた成瀬喬が個人経営で弥生工務店を創業、当初は土木工事の請負業務が主であった。人力作業が主力であった頃より作業効率化を推し進めるために当時は高価であった建機類を積極的に投入して作業に携わった。昭和40年代の建設ブームの頃に業容を拡大、総合建設会社を志向する。また、地域の環境に配慮した工法の開発・研究にも注力しており、滋賀県下での受注比率は約8割を占めている。
2050,*本社所在地:兵庫県姫路市東延末二丁目50番地*神戸支店:兵庫県神戸市中央区*大阪支店:大阪府大阪市中央区*建設業許可:国土交通大臣（土木一式工事・建築一式工事・管工事・舗装工事・電気工事・水道施設工事・とび・土工工事・造園工事）*一級建築設計事務所登録*宅地建物取引業登録*産業廃棄物処理業（収集運搬業）*各市町村上下水道局公認
2050,昭和22年の1月に東京都中野区にて創業。木造戸建分譲住宅の設計、施工及び販売を主たる業務として、東京都新宿区に株式会社細田工務店を設立http:suumo.jpjjguideshosaiJJ081FD006?ar030&hp000498000suumo関東版不動産会社ガイド細田工務店会社概要沿革参照br*現在、必要な情報が不足しているため、画面を表示することができません。。br現在は杉並区中杉通り沿いに位置している。brbr東京の夏を彩る祭りの一つ、阿佐谷七夕まつりに参加http:www.asagaya.or.jptanabatatanabata.html阿佐谷七夕祭閲覧。また、色覚障がい者に配慮し、ホームページ表記についてカラーユニバーサルデザイン（CUD）認証を取得。br平成24年には「杉並区子育て優良事業者表彰」で最優良賞を受賞。brbr平成25年1月、「希望退職者募集による人員削減」を発表。25名程度という募集人数に対し、その約1.5倍にあたる37名が応募した。brこうしたリストラは平成21年3月期に次いで二度目のことである。brbr尚、平成27年3月期の連結経常損益は、16億8千万円の赤字となっている。brbr平成25年7月、ミャンマーでの木造戸建供給、ベトナム現地企業への本社設計業務の委託、台湾での木造戸建住宅の法人請負——の海外3事業の構築を目指し「海外事業準備室」を開設。brゼロからの立ち上げを目指すミャンマーでの取り組みは、1年後をメドに実現性の有無の結論を出すとしていたが、公表されていない。ベトナム企業への設計業務委託体制の構築は、5年後をメドに本社同業務の全てを委託する目標で臨む。台湾では数年後、株式会社棟匠http:www.kk-tosho.co.jp棟匠ホームページ閲覧の現地事業会社からの木造戸建住宅建築の法人請負に発展させたい意向。brbr平成25年10月、これまでの高耐震6面体構造に制震性能を融合させた「ハイブリッドキューブ工法」を発表。brbr平成27年7月、木造住宅の構造躯体工事の請負体制が整い、本格的な受注を開始。br自社のノウハウを活用することで、労務確保が難しく工期が遅れるといった問題を抱える事業者の労務確保に応え、工期短縮にも貢献する。
2050,親会社の南海電気鉄道|南海電鉄をはじめ南海グループや高島屋とも取引しており、また南海沿線（大阪府・和歌山県）の企業や官公庁、更には大手企業・学校との取引もある通信建設会社である。日本電気|NECのディーラーでもある。
2050,主に道路における防護柵、標識の製造、設置工事や保存食やマスクなどの防災用品の販売なども行っている。経営理念に基づき、毎月、本社周辺でボランティア清掃活動を行っており、「交通事故防止コンクール」では5年連続で表彰されている。
2050,環境エンジニアリング事業では、リサイクル設備や装置の製造、大気浄化や水質浄化設備の建設を行い、2011年には、40年にわたる環境関連整備の技術開発が認められ「愛媛県認定優良循環型事業所」に選ばれたhttp:www.p.ehime.jph157004731kigyouk_2306.html愛媛県庁ホームページ3R企業愛媛県認定優良循環型事業所平成23年閲覧。電子機器事業部では、光センサー式枚数計や磁気・ICカード検査装置等の開発から制作・販売までを行っており、2012年7月には、微弱な電波を使用して鶏卵パックの中身を検査する「鶏卵中身有無検査装置」の開発を行い、特許を取得しているhttp:www.keimei.ne.jparticle20120725p1.html鶏鳴新聞2012年7月25日発行。2013年4月1日、同社の大株主であり大王製紙の連結子会社であるダイオーメンテナンス株式会社を吸収合併、メンテナンス事業部とした。
2050,元は、宇都宮産業開発株式会社として設立し、1988年からは株式会社ユーエスケー（USK）、1998年にはトヨタ自動車と業務提携することにより、社名をトヨタウッドユーホーム株式会社へと変更した。2002年にはトヨタ自動車の子会社|完全子会社となった。栃木サッカークラブのスポンサーでもある。また過去に、新聞の休刊日には、住宅の宣伝を兼ね、テレビ欄が印刷された「'''休刊日新聞'''」という新聞を発行し（発行元は下野新聞）、住宅街やアパートなどに配布していた。
2050,福岡県内を中心に、新築一戸建て注文住宅・リフォーム・古民家再生を設計・施工。*建設業許可:福岡県知事(般‐27)第94216号*一級建築士事務所:福岡県知事登録第１‐40173号*宅地建物取引業免許:福岡県知事(6)第12240号
2050,日本国内の電気設備工事業を核として環境をテーマとした太陽光発電、ESCO事業の推進を行う。電力・民間・公共の各分野に展開。アメリカ合衆国|アメリカ、中華人民共和国|中国（上海）、シンガポール、台湾、ブルネイ、マレーシア、タイ王国|タイ、ミャンマー、ベトナム、バングラデシュなど海外でもグローバルな事業を行う。シンガポールのリパブリックプラザやブルネイのヤヤサンショッピングセンター等、海外でも大規模な建設工事を請け負った実績がある。東京証券取引所2部上場企業。
2050,*冷凍冷蔵設備及び空調設備（特にクリーンルーム|クリーンルーム工事、熱交換器|ロスナイシステム開発）における先駆け。*50有余年に及ぶ技術の蓄積と豊かな経験で先進のトータルエンジニアリングと充実したサービスを提供している、　　　技術力と開発力を誇る三菱電機直系のエンジニアリング会社である。
2050,"株式会社アイネックスは、外装事業部、ハウジングNext事業部、エコマテリアル事業部の3事業部からなり、それぞれ新築戸建住宅の外装工事、既存建築物のリフォーム・リニューアル工事、現場発泡型吹付ウレタンをはじめとする各種断熱工事、太陽光発電システムの設置工事などを行なっている。また、ハウジングNext事業部は本社と所在が異なる。1998年（平成10年）に現・代表取締役の早坂宣則が“早坂建装”として創設し、主に新築戸建住宅の外壁工事（窯業サイディング工事）を請け負っていた。2002年（平成14年）に“早坂建装”から“有限会社建装工業”に法人化。2007年（平成19年）には屋根工事や雨樋工事など、サイディング以外の工種も積極的に請け負うようになり、建装工業株式会社として組織変更を行なっている。2012年(平成24年)4月に本社を移転し、“株式会社アイネックス”に社名変更。「\""InEx\""」の名称は「\""InteriorandExterior\""」「\""IndustryNext\""」「\""IdeaNext\""」の、それぞれの文字を綴ったものである。キャッチコピーは「家づくりの”+1（プラスワン）”に。」"
2050,東京都と神奈川県において京急沿線を中心に、建設、土木、軌道事業を行っている。ISO9001・ISO14001を取得している。
2050,"1943年（昭和18年）に鉄道の輸送力確保を目的に、当時の鉄道省の指示で国策会社として設立された。戦後は鉄道以外の工事にも進出し、2013年（平成25年）には創業70年を迎える。線路・土木・建築・環境の4事業のなかで、線路(鉄道)|線路事業では、東日本旅客鉄道|JR東日本管内の線路メンテナンスの約3割を担うなど、国内最大規模である。また、メンテナンスだけでなく新幹線、高速道路、マンションなどの工事でも多くの施工実績がある。{|class\""wikitable\""|+大型保線機械保有台数（2015年3月末現在）!大型保線機械　!!台数（台）|-!マルチプルタイタンパー|　　　　16|-!バラストレギュレター|　　　　11|-!軌道モーターカー|　　　　37|-!ロータリーモーターカー(除雪用モーターカー）|　　　　22|-!レール削正車|　　　　12|-!新幹線確認車|　　　　5|-!マルチトロ|　　　　35|}大株主であり最大顧客でもあるJR東日本からは、線路の保守以外にも鉄道の安全・安定輸送に係る鉄道施設の工事を受注している。バブル景気|バブル崩壊後の建設不況の中で、財務体質の強化や不採算工事の排除などの経営改革を行い、2009年3月期から4期連続で有利子負債ゼロを達成するなど安定した財務内容を誇る。（2012年3月期各種経営指標：経営事項審査経営状況Y評点1334点　土木一式総合評定値（Ｐ）1781点　自己資本比率58.1%　）"
2050,ファーストステージは、飯村真樹（現代表取締役）が起業した、木造注文住宅の設計、施工、販売を主業とする会社（当初は有限会社ファーストステージ。2000年に株式会社ファーストステージへ商号変更）。拠点は、茨城県内に3ヶ所（水戸市、ひたちなか市、つくば市）、東京都内に1ヶ所（杉並区）、断熱材製造工場2ヶ所。
2050,住宅を対象とした地盤改良のフランチャイズ事業（エヌプラスFC）を展開しており、フランチャイズ加盟店のエリアを考慮すると、東日本から九州地方まで事業範囲はカバーされている。技術開発に注力しており、薬液注入工法では岩水グラウト、深層混合処理工法ではスリーエスG工法(建築技術性能証明取得)等を開発、実用に成功している。また、岩水協会、スリーエスG工法協会等の工法協会を設立し、協会本部としても活動を行っている。新規事業拡大も積極的に行っており、2007年には金融事業部を開設。
2050,1920年（大正9年）に中標津町（当時：標津町|標津村）の戸数がまだ僅か5戸の頃、小針武雄が橋梁の架替工事を受注し、それを機に小針組を創立した。*本社**〒086-1166**北海道標津郡中標津町緑町南2丁目1-1*札幌営業所**〒060-0807**北海道札幌市北区北7条西2丁目6　37山京ビル925
2050,1947年（昭和22年）8月に株式会社東京電氣工務所設立。1961年（昭和36年）11月東京証券取引所市場第二部に株式を上場。1981年（昭和56年）10月東証第一部に昇格。2001年（平成13年）4月株式会社東京エネシスに商号を変更。水力から火力、原子力発電所、太陽光発電など再生可能エネルギーへと、主に発電所、変電所の工事を手掛けているhttps:www.qtes.co.jpcompanyhistory沿革　2017123閲覧。また電気設備工事、情報通信設備工事などの事業も行っている。
2050,*前身は1960年、東洋レーヨン（現・東レ株式会社）が完全出資した「東洋工事」（1962年に社名を「トーレエンジニアリング」、更に1970年に「東レエンジニアリング」に変更）が母体である。*1972年に分譲マンションシリーズ「シャルマンコーポシリーズ」の発売を開始。*1982年11月、不動産建設部門を東レエンジニアリングから継承する形で、東レ全額出資の子会社「東レ建設」が設立され、1983年4月から営業を本格的に開始。*1983年、マンション事業に進出するために大阪市|大阪に「東洋ハウジング興産」を、また1986年には東京都|東京にマンション販売を請け負う「東レハウジング販売」をそれぞれ東レ完全出資で設立。*1988年、東洋ハウジング興産東京本社を東レ建設完全出資により設立。東洋ハウジング興産大阪本社の営業事業を一部東京本社に移動。*1989年、東レハウジング販売大阪本社を東レ建設完全出資により設立し、マンション販売の関西地区での事業強化を図る。*1990年、東洋ハウジング興産（東京・大阪本社）が「東洋コミュニティサービス」に社名変更。（法人上の東西統合は1999年）*2000年、東レハウジング販売が法人上の東西統合（東京・大阪本社）を行う。*2001年、東レグループの事業再編成の一環として東レ建設の従来の事業を「建設事業・及びマンション分譲」と「不動産賃貸事業」の2つに分ける形で4月1日から営業を開始。
2050,建築部門、土木部門、のほかに軌道部門があり西日本旅客鉄道|JR西日本の在来線などのメンテナンスや敷設工事を行っている。
2050,関西を中心にマンションから住宅|一戸建て住宅、各種学校・医療施設などの建築設計他リフォーム事業など、あらゆる建築事業を手掛ける。元々は公団住宅のメンテナンスから出発したこともあり、リフォーム分野で強みを持つ。また建築物の老朽化に対し、同社独自の総合施工サービスプラン「DrH.E.A.R.Tシステム」を有している。現在は関西地区限定ながら、朝日放送テレビ|朝日放送の関西ローカル枠で放送されている「NEWSゆう」のスポンサーをつとめており、原田伸郎を起用したCMを放映している。サンテレビジョン|サンテレビ（「サンテレビボックス席」など）でもよくCMが流れている。
2050,1928年、運動場工事の専門会社「奥商会」として創業。創業者の奥庚子彦がフランスからアンツーカ土を紹介し国産化、1960年代には国産アンツーカで第3回アジア競技大会、1964年東京オリンピック走路、東南アジアに多くの競技場建設を手掛けたほか、スポーツ用芝|西洋芝の導入普及に務めたパイオニア。その後、陸上競技場陸上競技場#トラック|トラックのウレタン製舗装材をいち早く国産化、世界初のロングパイル人工芝であるフィールドターフを国内導入した（開発元はカナダのフィールドターフ・ターフケット社）。その他、運動施設や天然芝生の維持業務を行っている。
2050,コンピュータとコンピュータネットワーク|ネットワークの融合を機軸に事業展開をしている情報通信設備会社で、システム提案、販売から設計、施工、保守や運用に至るまで、ワンストップサービスでサポートをする総合エレクトロニクス技術商社である。また、インターネットプロバイダやクラウドコンピューティングなどのサービスを提供するブランド「'''ShareLine'''」がある。
2050,1890年に創業して以来、水道工事業を皮切りに管工機材、そして環境・設備機材へと業種を堅実に拡大してきた企業である。当社は持株会社であり、傘下に橋本総業を始めとする5社を置いている。また社会的活動にも熱心であり、プロテニスチームである『チームHAT』を結成し、穂積絵莉、二宮真琴ら有力プロ選手が契約選手として所属している他、2017年まで東京有明国際オープン大会を協賛していたhttp:ariakeopen.tokyo東京有明国際オープン2017年までの公式サイト。また映画製作にも進出しているhttp:www.hat-hd.co.jpcsrmovies橋本映画橋本総業ホールディングス。
2050,"造園専業では日本で唯一の上場企業https:www.nikkei.comarticleDGXKZO08666170R21C16A0DTA001。1級造園施工管理技士20名、1級造園技能士5名name\""company\""http:www.gifu-zohen.co.jpcompanyindex.html岐阜造園│会社概要が在籍する造園会社。公園や駅など不特定多数の人が訪れるパブリックスペースの緑化工事（ランドスケープ）や個人住宅の庭園・外構工事（ガーデンエクステリア）などを行う。name\""ichi\""屋上緑化、壁面緑化2007年11月16日建通新聞中部版、屋内緑化2015年7月3日岐阜新聞朝刊などを施工するほか、CSR活動として「企業との協働による森林づくり」活動に注力する2016年3月30日岐阜新聞朝刊。"
2050,基盤業務としては、住宅|個人住宅、オフィス等の企画、設計、デザイン及び監理を手掛ける。他にも、店舗や展示会等の企画、設計及び施工までを行う。2011年にCEATECJAPANで日産自動車が発表したスマートハウスの共同開発http:www.nikkei.comnewsprint-article?R_FLG0&bf0&ngDGXNASDD1607W_W1A211C1000000住宅業界、全ての道は「スマハ」につながる日本経済新聞2011年12月19日を行い、建築に於けるコンセプト提案や新素材の開発http:kenplatz.nikkeibp.co.jparticlebuildingnews20111006553213?P3まるで宇宙船、日産が考えるスマートハウスケンプラッツ2011年10月6日も行っている。また、2013年には株式会社JVCケンウッド・ビクターエンタテインメントらとKANSEIProjectsCommitteeを共同設立http:www.itmedia.co.jplifestylearticles130712news092.html五感に訴える空間作り、「KANSEIProjectsCommittee」設立ITMedia2013年7月12日し、五感に訴える空間づくりを提唱する。
2050,2008年5月、当時の高松建設の本業部門と一部の不動産部門を休眠会社であった「株式会社日本内装」へ移管させて、高松建設を持株会社化することが決定された。その後、日本内装は「高松建設株式会社」、旧高松建設は「高松コンストラクショングループ」へと商号が変更され、2008年10月より「高松建設グループ」は「高松コンストラクショングループ」へと移行する格好となった。
2050,千葉県柏市に本社を置き、千葉県|千葉、埼玉県|埼玉、東京都|東京に合わせて16拠点を構える。注文住宅の請負を中心に、土地の開発・仲介・売買・分譲から賃貸物件の管理や法人・事業者向けに、公共施設・商業施設・マンション建設などの大型建築物の建設も請け負う総合建設会社である。社名に広島県|広島と付いているため、広島県の企業と間違えられることが多くあるが、広島県内には支店はなく、あくまでも千葉県の企業である。広島県|広島と社名に入っているのは、創業者の出身地が広島県のため。主力事業としては注文住宅ブランド「セナリオハウス」の請負。2013年度から、特命戦隊ゴーバスターズにてヒロインを演じた小宮有紗をイメージキャラクターに起用し、CM・交通広告等の広告媒体に積極的に展開をしている。また、千葉マリンスタジアム|ZOZOマリンスタジアムに看板を掲出し千葉ロッテマリーンズのスポンサーとしての活動を開始し、8月21日にセナリオハウススペシャルナイターという主催試合を開催。;支店*ショールーム：南柏、船橋、津田沼、三郷、綾瀬*住宅展示場：我孫子市|我孫子、柏の葉、幕張、千葉市|千葉北、越谷レイクタウン、習志野、かしわ沼南、錦糸町、流山おおたかの森*分譲企画販売グループ：豊四季(本社)*セナ・リフォーム課：豊四季、*販売所：おゆみ野
2050,都営地下鉄大江戸線環状部の早期建設及び早期開業を主な目的として、1988年（昭和63年）7月28日に設立された。1993年（平成5年）3月には、東京都交通局日暮里・舎人ライナー|日暮里・舎人ライナーの建設も事業目的に追加された。東京都が資本金の3分の2に当たる20億円を出資している他、累計で2千億円以上の貸し付けを行っている。また、役職員の大多数が、東京都からの派遣か、東京都の退職者である。かつて運輸省の天下り先であった。*役職員数：54人**役員数：10人***常勤役員：3人（すべて都退職者）***非常勤役員：7人（うち都派遣者4人）**従業員数：44人（うち都派遣者38人・都退職者3人）
2050,建築物の設計・施工・監理・不動産の売買・仲介・賃貸・管理まで行う。自社運営のプレカット工場を持ち、分離発注方式とスケールメリットを活かして建築コストを徹底的に省くことにより、ローコスト住宅を提供している。*一級建築士事務所登録（2）第8520号*建設業国土交通大臣許可（般-23）第14192号*宅建業国土交通大臣(6)第4179号*住宅金融支援機構適合証明等業務登録建築士事務所適合証明技術者登録番号第22110085号*住宅保証機構業者登録番号第10016294号*国際標準化機構　ISO9001、ISO14001取得企業
2050,木造軸組工法や2×6工法による建築を得意とし、自社オリジナルの標準仕様設備や住宅性能を追求しているのが特徴。設立当初より、「地震に強い家づくり」をモットーとしていたため、東京大学との各種実大建物実験など産学協同にて住宅の耐震性、耐久性について早くから追求してきた。「広告より実物を見る方がその良さがわかる」という理念に基づき、テレビや新聞の広告をあまり行わず、住宅展示場での宣伝に力を入れている。近年は、業界トップクラスの高気密・高断熱仕様の「夢の家」「i-cube」「i-smart」の販売・普及に努めており、「環境大臣表彰」、「省エネ大賞」、「ハウス・オブ・ザ・イヤー・イン・エレクトリック2007」などの環境・省エネに関する賞も数多く受賞している。2010年（平成22年）より、オリジナル太陽光発電システム「夢発電システム」の販売を開始。建築時の搭載費用のかからない独自の「発電払いシステム」（初期支出0円、太陽光での発電返済、返済後は発電量のすべてが使える）を採用。一層の住宅の省エネ性、環境貢献性の向上を図る。このシステムは、2011年（平成23年）のグッドデザイン賞で、全業界初となる「ビジネスモデル・デザイン」部門を受賞している。2012年6月に、浜松市の沿岸部約17.5キロに津波対策のhttp:www.city.hamamatsu.shizuoka.jpkikidisasterbouchouteiindex.html防潮堤を整備するための建設資金300億円を静岡県に寄付することを発表したhttp:www.asahi.comnationalupdate0612TKY201206120004.html「防潮堤つくって」静岡県に300億円寄付　一条工務店（朝日新聞2012年6月12日付）{{webarchive|urlhttps:web.archive.orgweb20130323085218http:www.asahi.comnationalupdate0612TKY201206120004.html|date2013年3月23日}}http:www.j-cast.com20120612135387.html浜松市防潮堤に300億円ポンと寄付　「一条工務店」とは?（ジェイ・キャスト|J-castニュース、2012年6月11日更新）。初年度に100億、工事の進展に合わせて残りの200億を寄付する予定。
2050,三菱電機の持分法|持分法適用会社である。屋内配線工事や電力関連工事のほか、FA住宅環境設備機器事業、産業設備機器事業、電化システム事業なども行っている。発祥は東京市(現在の東京都)に設立された合資会社で後に株式会社となった弘電社の北海道支社。
2050,地域性に依拠する集住空間づくり・住まいづくりを実践。主にはニュータウンなどの都市計画や団地から戸建て用地に立つ木造戸建て群などの集合住宅や住宅地の設計から、コーポラティブ、団地再生なども行うほか、一戸建てや国産材ハウスの設計を通じ、木造住宅づくりのシステム「民家型構法」の開発にも積極的に取り組む。会長は建築家の藤本昌也。2008年（平成20年）には日本建築士会連合会会長を務めた。社会資本整備審議会建築分科会臨時委員、国土交通省中央建築士審査会委員などの要職を多数歴任した経歴を持つ。
2050,2002年に、眞田大輔、波場將人、阿野太一、小比賀英夫の5人によりすわ製作所を共同設立。内部に構造設計室なわけんジム(構造設計事務所)、プロダクトデザイン、製造などを担当する事務所を抱えている。必要に応じて連携。第13回木材活用コンクール日本木材青壮年団体連合会会長賞。
2050,北陸発祥のゼネコン#準大手B|準大手ゼネコンである。新宿野村ビルディングなど日本国内で数多くの超高層建築を手がけている。そして世界最高層ビル「台北101」(ドバイのブルジュ・ハリーファ完成により世界第2位の高さ)の施工を中心に行い、香港の街にそびえ建つ中国銀行タワーなど、海外工事における実績も目立つ。また、日本最大級の規模となる徳山ダムを手がけるなど大型土木工事が定評。特にトンネル工事には高い技術力と実績を有し、青函トンネル、黒部トンネル、関電トンネル、関門トンネル(国道2号)|関門トンネル、天王山トンネル、関越トンネルなどの最難関工事にも携わってきた。そのため業界では「トンネルの熊さん」と呼ばれている。また、中央新幹線|リニア中央新幹線の山梨県での実験線を施工している。
2050,現会長は、第62代内閣官房長官村岡兼造の実弟である村岡淑郎であり、一般社団法人秋田県建設業協会会長、秋田県商工会連合会会長等を務めている。2016年10月より、社長は村岡の長男である村岡兼幸（元JC会頭）が務めている。
2050,大手総合商社伊藤忠商事と名古屋鉄道の合弁事業|合弁会社で1968年（昭和43年）9月6日に設立。オフィスビル、ホテル、マンションや工場、病院などの建築設備や産業設備の企画・設計・施工などを行う。2013年（平成25年）には名鉄グループの豊橋鉄道の遊休地約8290坪に日本の太陽光発電所|メガソーラー「新城メガソーラープロジェクト」を建設し、同年8月8日から運転を開始した{{Citeweb|date|urlhttp:www.ce-kk.co.jppdfshinshiro_megasolar.pdf|title新城メガソーラープロジェクト|formatPDF|publisher中央設備エンジニアリング株式会社|accessdate2013-08-09}}。また、この発電所で発電された電力は、20年にわたり中部電力に売電される{{Citeweb|date2013-03|urlhttp:www.ce-kk.co.jppdftopics20130229.pdf|title新城メガソーラープロジェクト（太陽光発電所）を建設|formatPDF|publisher中央設備エンジニアリング株式会社|accessdate2013-08-09}}。
2050,日本電信電話|NTT認定工事業者。東海4県（愛知県|愛知・岐阜県|岐阜・三重県|三重・静岡県|静岡）を主なエリアとしている。20の子会社と1の関連会社を持つ。子会社へ出向している社員も多い。子会社には情報サービス事業やリース事業などを行う会社もある。1992年（平成4年）に現在の会社名に変更。「Computer」「Communication」「Construction」の3つの合言葉より「C」の正六面体|キューブ（cube3乗）よりシーキューブとなった。名古屋証券取引所第一部単独上場銘柄のひとつであったが、シーキューブと協和エクシオは2018年（平成30年）5月9日に、同年10月1日付で経営統合を行うことで合意。シーキューブは同年10月1日付で、簡易株式交換により協和エクシオの完全子会社となったhttp:www.c-cube-g.co.jp_datanewsnews2018kabushikikoukan_20180509.pdf株式会社協和エクシオとシーキューブ株式会社の経営統合のための株式交換契約（簡易株式交換）の締結のお知らせ協和エクシオ・シーキューブ2018年5月9日。これに伴い、シーキューブ株式は、同年9月26日に名古屋証券取引所第一部上場廃止となったhttp:www.nse.or.jplistingfiles20180627_1936s.pdf名証一斉連絡シーキューブ（株）名古屋証券取引所2018年6月27日。
2050,道路の施工・舗装を主業務としている。その他の関係会社である東急建設とはお互いに業務を補完しあう関係にある。
2050,*1946年に「納口建具店」として創業し、1961年に株式化。1966年に現在の社名となる。発明協会の発明奨励賞、日刊工業新聞社賞、グッドデザイン賞など数々の賞を受賞している。川口市の本社のほか、大阪府吹田市に支店を、福島県相馬市に工場を持つ。*2005年より、環境イメージキャラクターとして「まめうしシリーズ|まめうし」を採用している。
2050,1969年（昭和44年）に設立。社名の「フロンテア」は、ジョン・F・ケネディが提唱した「FrontierSpirits」に由来するhttp:www.sankyofrontier.comcorporateoutline.html設立の項目(沿革)。現在は組み立て式の建築物関連を多く扱い、仮設住宅や仮設事務所等で使用される'''ユニットハウス'''、仮設倉庫である'''トランクルーム'''等を手掛ける。また、仮設住宅を手掛けていることもあり、大規模災害時の支援を行っているhttp:www.sankyofrontier.comunithouseshowcasedetail.php?product_id1080&ulink11施工事例・応急仮設住宅。
2050,総合建設業（鉄筋コンクリートプレハブ建築・設計・施工）、宅地建物取引業、損害保険の代理業、建築用材料（繊維強化セメント製品、各種複合板等）、コンクリート製品の製造・販売及び取付け工事をしている。
2050,"|代表者代表取締役社長澤井秀美|資本金1000万円name\""概要\""|売上高29億円name\""概要\""|従業員数61名name\""概要\""|決算期3月name\""概要\""|外部リンクhttp:www.sanwahouse.ne.jpindex.html}}'''株式会社サンワハウス'''は、愛知県名古屋市千種区に本社があり、東海3県下を主体に、関東、北陸地区に支社営業所を持つ企業である。太陽光発電システム・オール電化住宅|オール電化システム・蓄電システム販売施工を主力事業とし、住まいのリフォームを専門とする会社である。"
2050,2001年の創業以来、衛生設備工事を中心に事業を展開。昨今ではEコマース事業の「住設ドットコム」を運営し一般顧客を中心に展開を行っている。
2050,1967年（昭和42年）2月に創業より目黒区を中心に総合建設業を営む。個人住宅の新築工事、リフォーム、官公庁の工事にも参加をしている。
2050,*1960年-「西日本建設資材株式会社」として、建設機械リース、建築資材販売を目的として設立。*1961年-福岡市に第1号の営業所を設置した。以後福岡県・佐賀県・大分県・長崎県等北部九州地方を中心に事業を展開。*1978年-初代社名に由来する「株式会社西建」に社名変更。*1992年-九州地方以外で初めて広島県に営業所を開設。*1998年-株式会社セイユー（西友とは別法人）と合併。*1999年-事業多角化を目指し、まず福祉事業を展開。*2001年-社名を漢字の「株式会社西建」からカタカナの「株式会社ニシケン」（現社名）に再変更。以後、印刷、環境、ペット、アグリビジネス|アグリなど事業拡大。*2010年-全国展開を進めていくにあたり、東大阪市、西宮市、東京都港区(東京都)|港区等に営業所を開設。*2011年-エレクトロニクス事業に進出。
2050,日本のゼネコン#中堅A|ゼネコンでは中堅の規模を誇る。設立時の経緯もあり、マリコン|海洋土木に強みを持つ。かつての浅野財閥の流れを汲む企業の1つ。
2050,元々は雨竜第1ダム|雨竜第一ダム（北海道雨竜郡幌加内町）建設時の基礎部の岩塊処理技術研究に端を発しており、このことから地質調査と基礎土木工事を一体施工できる強みを持ち、ダムをはじめとする基礎工事の実績が多い。近年は、ライト工業等と並び、道路等の法面などの斜面対策工事の実績を多く持つ。商号の「日特」は、旧社名の「日本特殊土木工業」にちなむ。なお、創業時の社名は「八千代地下工業」で、本社所在地も北海道札幌市であった（1957年（昭和32年）に東京に移転）。
2050,法人格としては、旧丸石自転車の製造子会社として滋賀県に設立された「滋賀丸石自転車工業」にルーツを持つ。その後丸石自転車の経営破綻に伴い、2004年にサンライズ・テクノロジーの支援のもとに同社の営業譲渡を受け、社名を「丸石サイクル」に変更した（詳細は丸石サイクルを参照）。2006年に丸石サイクルの自転車事業を中国企業が買収することになり、一時は法人格だけが残った状態となるが、当時サンライズ・テクノロジーと関係の深かったロータス投資事業組合が経営に関与しており経営危機に陥っていたペイントハウスから塗装事業の営業譲渡を受けることでnamesunrisehttp:ke.kabupro.jptsp200611011b010cf0_20061101.pdf子会社の事業一部の譲受けに関するお知らせ-サンライズ・テクノロジー2006年11月1日、住宅リフォーム事業を主体とした企業として再出発し、現在に至っている。現社名の「ペンタくん」は、かつてペイントハウスが使っていたマスコットキャラクターの名前に由来しておりnamesunrise、キャラ自体も引き続き同社HP等で使用されている。
2050,1949年（昭和24年）2月に会社設立。主にJR東海の在来線・新幹線の軌道(鉄道)|軌道工事や土木工学|土木・建築工事など行っている。
2050,東海道新幹線のドクターイエロー・在来線のドクター東海による軌道(鉄道)|軌道検側業務をはじめ、'''マルチプルタイタンパー（MTT）'''や'''道床整理車（KVP-S）'''・'''道床安定作業車（DTS）'''と言った、大型の保線用機械を用いて線路(鉄道)|線路に発生した軌道狂いを整正する業務。R400形確認車を使用し、線路内に初列車の運行に支障が無いかを確認する業務などがある。こういった作業を新幹線・在来線ともに、年間を通して昼夜毎日行っている。日本国有鉄道|国鉄時代には山陽新幹線|山陽、東北新幹線|東北、上越新幹線|上越各新幹線、在来線、大手私鉄、地下鉄の整備も行っていた。
2050,土木専業の総合建設会社（ゼネコン）である。親会社の竹中工務店はビルやスタジアムの建設といったいわゆる建築の分野に特化しており、竹中土木はダムやトンネル、橋といった土木の分野の建設事業を行っている。
2050,*アイフルホームカンパニーはピアニスト・俳優|女優の松下奈緒なお、2011年6月からはグループ会社の株式会社LIXILの企業CM「'''リクシルって知っテル!'''」にも登場している。（参照http:www.lixil.co.jpnewsrelease2011040.htmニュースリリース）をイメージキャラクターにした企業CMを、スポットCMを中心に流している。2008年に映画『砂時計(漫画)|砂時計』のタイアップを兼ねたバージョン企業CMを放送していたこともある。主題歌及びCMソングは、3人組音楽グループいきものがかりの「帰りたくなったよ」を起用した。*アイフルホームカンパニーは、2017年8月より俳優の山崎賢人|山﨑賢人をイメージキャラクターにした企業CMを放映している。*フィアスホームカンパニーもアイフルホームカンパニー同様企業CMを、スポットCMを中心に流している。フィアスホームカンパニー創業となった2008年4月1日より青山テルマの「Paradise」をCMソングに起用した企業CMを流していた時期もある（全国向けは2008年4月2日からテレビ朝日『スーパーモーニング』で放映開始。）。
2050,*所在：広島県広島市中区(広島市)|中区小町1-25*設立：1982年8月1日*資本金：370000000円
2050,外断熱|外断熱工法の住宅を専門に、北海道・東北地方|東北・首都圏(日本)|首都圏・北陸地方|北陸・甲信地方|甲信を中心に注文住宅の販売・施工を行っている。
2050,東京都港区(東京都)|港区虎ノ門に本社を置くゼネコン#中堅A|中堅ゼネコン。売上高における土木と建築の比率は5:5。古くから土木工事全般(ダム、トンネル、橋梁)の名門として知られており、「土木の名門」、「ダムハザマ」{{Citeweb|urlhttp:www.tsr-net.co.jpnewsdetailmonthly1200414_1604.html|title2006年（平成18年）４月度こうして倒産した・・・{{!}}月次詳細{{!}}こうして倒産した・・・{{!}}最新記事{{!}}東京商工リサーチ|accessdate2018-10-31|websitewww.tsr-net.co.jp|languageja}}などと称されていた。土木分野は業界大手を誇っていた。特にダムについては業界トップ級で、国内の施工数は戦前では業界１位、戦後も業界２位を誇り{{Citeweb|urlhttps:kotobank.jpword%E9%96%93%E7%B5%84-165259|title間組(はざまぐみ)とは-コトバンク|accessdate2018-12-04|last小項目事典|firstブリタニカ国際大百科事典|websiteコトバンク|languageja-JP}}、日本国内では黒部ダムや御母衣ダムなど数多くの実績を持つ。また、トンネル工事も業界大手級で関門トンネルや青函トンネルなど数多くの難工事を手掛けた。また「トンネル工事の名門」と評されていたゼネコンの中では珍しく佐藤工業から独立・発展した北陸系(飛島建設、熊谷組、前田建設工業)の企業ではなかった。一方建築分野でも、1997年から2001年まで世界一の高さを誇ったマレーシアのペトロナスツインタワーなどを手がけた。また特殊建築としては、日本国内の江戸期城|城郭建築の復元工事に定評があり、鉄筋コンクリート構造の名古屋城、会津若松城や、伝統工法による木造復元の白石城、大洲城|伊予大洲城などが知られている。
2050,1915年（大正4年）3月、浅海治平が「浅海商会」として大阪市北区曽根崎上（現在の北区曾根崎新地）に創業『浅海電気100年史』12ページ。電気設備工事を中心とした総合設備工事を手掛けている。
2050,1973年にエクステリアの企業として創立。1979年に道内進出を果たし、1983年にホームアメニティ事業部（のちの建築事業部）を設立。新築・増改築分野にも進出し、現在のリフォーム事業部、建築事業部の礎を築く。「人とペットとのより良い共生社会と、快適で安全な住空間の創造を通じて、広く社会の発展に貢献する。」という企業理念を実現するべく、1986年にはペット事業部を設立。「Petio（ペティオ）」のブランド名で『かけがえのない、いのちに応える。』というブランドスローガンを掲げて、ペットフード・ペットサプライ事業にも参入し、事業拡大に合わせて着々と業績を伸ばし続けてきた。その後、「ユラックス」ブランドのシステムバスや、「クックヌーボー」ブランドのシステムキッチン、新築注文住宅商品を販売するなど、事業をさらに拡大した。エクステリア・リフォーム建築は、基本的に即日即決の訪問販売であった。2016年10月1日、ペットケア事業部を会社分割で「株式会社ペティオ」として独立させた。資本金を1億5470万円から9582万円に減資。
2050,1886年（昭和19年）に、長野県更級郡の稲荷山（現千曲市稲荷山）に銅鉄金物店として'''田中商店'''を創業する。ガレージ・ハウス・物置等の鉄鋼製品、ホースやミネラルウォーター等の製造や販売を行う。主に長野県東御市の工場などで鉄鋼製品や化学製品の製造を行っている。
2050,1944年（昭和19年）8月に'''近畿電気工事株式会社'''（略称は近電工）として設立。電気工作物|電気設備・計装|計装設備・情報通信設備・空調衛生設備・内装設備・土木工学|土木設備などの事業を営む総合設備工事会社。1990年（平成2年）4月に現在の社名である'''株式会社きんでん'''に変更。配電工事取扱高は日本最大。関西電力からの受注割合は相対的に低く2割弱。1969年（昭和44年）2月に大阪証券取引所|大証1部、1970年（昭和45年）3月には東京証券取引所|東証1部に上場。作業車などに使われているコーポレートカラーはサーモンピンク（肌色）である。1950年代からは海外事業へも参入し、その実績は現在では世界90ヵ国に及んでいる。大輪会の会員企業であるhttp:izumisano-kyuryo.jpdairinkai大輪会（だいりんかい）とは-http:izumisano-kyuryo.jp泉佐野丘陵緑地公式サイト内のページ。。
2050,会社設立は、1944年（昭和19年）。1990年（平成2年）に中国電気工事株式会社から現在の社名に変更。営業網は、中国地方|中国5県を中心に東京本部、大阪本部、名古屋支社、四国支社、九州支社、沖縄県|沖縄営業所などがある。全国151の事業場を拠点として企業活動を展開している。なお廃止した事業場としては、苫小牧市|苫小牧、仙台市|仙台、つくば市|筑波、金沢市|金沢、滋賀県|滋賀、高知市|高知などがある。技術本部と営業本部、電力本部の3本部体制。1990年（平成2年）創設の陸上競技部は、元旦に群馬県前橋市で行われる全日本実業団対抗駅伝競走大会|全日本実業団対抗駅伝大会（ニューイヤー駅伝）に、1995年より連続出場を果たしている。農業への取り組みに向けた子会社「合同会社あぐりこるWEST」を設立。島根県浜田市で農園を運営。
2050,"OKUTA(オクタ)とは、埼玉県を中心に新築・住宅リフォームやリノベーションなど住生活事業を担う会社である。「環境と健康」のもと「'''地球環境の原則を尊重する企業であり続ける'''」というミッション・ステートメントを経営方針とする。2002年にその具体的一歩としてリフォーム業界初となる脱塩ビ(塩化ビニルクロス)を宣言、環境に配慮した無添加リフォームをその特色とした。OKUTA(オクタ)が手がけるロハススタジオ(LOHASstudio)は「'''人と人とのふれ合いから生まれる、暮らしの中の心地よい空間'''」という意味を持つデンマーク語hygge(ヒュッゲ)をコンセプトとしている。無垢材や珪藻土といった自然素材にこだわったリフォーム、美しく機能性に富んだ空間デザインだけでなく、心地よい雰囲気を大切にする北欧の生活感を住まいに取り入れることを特色とする。埼玉県を中心に展開しているロハススタジオは店舗そのものがショップ兼モデルルームの役割を果たしている。自然素材にこだわり人にも地球にも優しい空間を体感できる事が特徴である。店舗ではワークショップ等のイベントも開催され好評を博している。自然エネルギーをふんだんに活用した空間デザインはパッシブデザイン(passivdesign)と呼ばれ、OKUTA(オクタ)を代表するデザイン提案となっている。その特徴は風と光、断熱、省エネルギー、自然素材、愉しむを念頭に置いた空間デザインにある。パッシブデザインでは光と風の性質を理解した設計、厳選された自然素材を使用するなど、エコを意識した暮らしがデザインされており、できる限り電気や石油に頼らなくとも四季を通じて心地よく快適な生活を送れるよう工夫がなされている。そのため自然派パッシブとも呼ばれる。憩いの空間をライフスタイルに合わせて演出し、省エネルギーを含め暮らしをトータルにデザインしていることから、2020年基準の住宅性能の実現とも言われる。パッシブデザインを説明したイメージビデオは「パッシブデザインのすべらない話」と題され、ナレーションには声優の若本規夫が起用されている。首都圏(日本)|首都圏を中心に住宅メンテナンスやリフォーム、	ハウスクリーニングを担うHandyman(ハンディマン)はもともとOKUTA(オクタ)のメンテナンス部門として始まる。特筆すべきはその豊富すぎる住まいの便利サービスである。水まわりのメンテナンスやエアコンの掃除といったハウスクリーニング以外にも庭の手入れやペットの散歩、お買い物代行や花見の場所取りまでも依頼することができる。社内には業務効率の向上を目的とし15～20分ほどの仮眠を推奨する「パワーナップ(短い仮眠)」という制度が設けられており、多数のメディアから注目を集めているname\""hirune\""。"
2050,1999年5月に設立。2001年4月に札幌支店を開設。外観デザインとアンケートを行い顧客の住みやすい住宅造りで他者差別化を図る財界さっぽろ「今こそ勝ちに行けデフレ時代の資産形成術」P117株式会社財界さっぽろ社出版より参照。土地の診断から賃貸住宅や賃貸マンションの建替え、施工などを行うhttp:dobesthome-ancourreges.infoアンクレージュドゥベストホームの施工事例より参照。
2050,産業廃棄物処理大手ダイセキの連結子会社で土壌汚染の調査から浄化処理までを一貫して行っている。また、親会社のダイセキが廃油や汚泥の中間処理を行っているのに対し、ダイセキ環境ソリューションでは、廃蛍光管や廃乾電池など水銀を中心とした中間処理および収集運搬なども行っている。
2050,*支店等：本社、東京建築支店、東京土木支店、大阪支店、東北支店、札幌支店、九州支店、PCテクノセンター美野里*建設業者許可番号：国土交通大臣許可（特-16）第21142号*一級建築士事務所登録：東京都知事登録第50950号
2050,"1952年（昭和27年）3月の創業以来、九州一円の日本国有鉄道|国鉄電気工事の設計および工事請負を行ってきた企業name\""jinzai\""http:www.tetras.uitec.ehdo.go.jpdocumentGinouGijutu2002062002060220020602_index.html九州電気システムの人材育成、九州電気システム、2002年6月2日付。。1987年（昭和62年）4月1日の国鉄分割民営化でJR九州が発足したhttp:co-po.jp%E4%B9%9D%E5%B7%9E%E6%97%85%E5%AE%A2%E9%89%84%E9%81%93%E6%A0%AA%E5%BC%8F%E4%BC%9A%E7%A4%BE56088_director.html九州旅客鉄道株式会社の沿革・役員経歴-企業情報サイトCOPO。国鉄時代は電気設備工事を全国規模の大手企業が受注していたが、JR九州設立を機に、九州に拠点を置き、JR九州と一体となって活動できる会社を必要とされたことから1989年（平成元年）9月、JR九州の出資を受け、同社の子会社となった『九州電気システム株式会社10年史』11ページ。。2009年（平成21年）、熊本支店の社員による技術解説「工事指揮者として作業への取り組み」が鉄道電業研究会平成20年秋号に掲載されたhttp:www.railecr.comreport200804.html鉄道電業研究会バックナンバー平成20年秋号技術解説の段に記載有り。。"
2050,建築・土木・鉄道等の設計・工事を手がけると共に、建設用資材・機器・機械装置の賃貸・販売や不動産の売買・賃貸・仲介斡旋、不動産の管理等も執り行っている。
2050,"1962年2月10日、京都市北区にて村田一級建築士事務所として創業。1999年に株式会社アーキエムズに社名変更。駐輪事業や、クラウドシステムサービスを展開。デベロップメント事業、モビリティ・マネジメント事業、システムサービス事業の3つの事業を行っている。機械型駐輪システムを中心とした駐輪場の管理・運営を主力事業として全国に約450箇所以上、合計10万台以上の駐輪場を手がけるhttp:business.nikkeibp.co.jparticletopics20110113217921駐輪場で街を快適に日経ビジネスオンライン、2011年1月18日配信。。2010年・2011年には街の景観にマッチする駐輪場デザインにより、2年連続グッドデザイン賞を受賞。2018年4月、株式会社アーキエムズ、株式会社ホテルエムズ、株式会社ガーネットの3社にてホテル事業における業務提携締結name\"":0\""{{Citenews|titleホテル運営京都最大級に　地元のアーキエムズとガーネット提携|urlhttps:www.nikkei.comarticleDGXMZO29748790T20C18A4LKA000|accessdate2018-06-25|languageja-JP|work日本経済新聞電子版}}。"
2050,1971年（昭和46年）3月25日、山口県徳山市に設立された、ミサワホームの販売代理店である。その後本社を1993年（平成5年）に広島市に、2010年（平成22年）には岡山市に移転している。岡山県・広島県・山口県・鳥取県・島根県の中国地方5県を販売エリアとし、ミサワホームの木質プレハブ住宅およびニューセラミック住宅の販売・設計・施工、アパート・マンション・ビル・店舗等の一般建築の販売・設計・施工、不動産関連事業、インテリア・エクステリア・増改築等の住宅関連製品の販売・設計・施工（ホームイング事業）を行っている。連結子会社として、ミサワ中国建設株式会社を傘下に収める。
2050,登記上の本店所在地は岐阜県岐阜市だが、東京都新宿区（以前は市谷田町にあったが現在は西新宿）にも「東京本社」として本社機能を置く。2017年４月現在、日本国内に3支社、9支店、10営業所、国外に4営業所を構える。会社の創立は昭和19年で、当初の資本金は150万円、所在地は岐阜市長住町であった。バブル期に行ったゴルフ場開発などの不動産開発事業への投資により有利子負債が膨らんだことから、2002年7月に民事再生法|民事再生手続開始を申請した。2000年および2001年に多額の不動産開発関連の損失処理を行い、自己資本比率の低下から、親会社の近畿日本鉄道（近鉄）や取引銀行が引受先として第三者割当増資を実施したものの、最終的には膨大な有利子債に持ちこたえることが出来なかった。民事再生手続は2003年12月に終結している。現在は、NIPPOおよびJXTGホールディングスの連結子会社であり、近鉄グループの一員近鉄グループホールディングスの持分法適用関連会社。なお、経営破綻後2013年に持分法適用関連会社として復帰するまで近鉄グループからは外れていた（{{PDFlink|http:www.kintetsu.jpkouhousyokenkaijipdf1qkessan.pdf平成26年3月期第1四半期決算短信〔日本基準〕（連結）|近畿日本鉄道2013年8月9日}}）。でもある。大日本土木の特徴の一つである海外事業は、1980年のエジプトにおけるPCタンク工事に始まり、現在に至るまで様々な国々で多数の施工実績を残している。現在は、中東、アジア、アフリカ等の国々でODA関連の工事を中心に施工をおこなっている。
2050,阪のシンボル通天閣は火災をきっかけに戦時中の金属献納運動のため、1943年（昭和18年）2月25日、解体された（鉄材約300トン）。終戦後10年を経て、地元新世界の人々は「自分達の手で通天閣を再建しよう」と資金を出し合い、通天閣観光株式会社を設立。大阪市の協力を得、早稲田大学教授・内藤多仲工学博士に設計を依頼、図面完成と同時に奥村組に施工の申し越しがあった。当時の企業規模からすると大きなリスクを伴う物件であったが「地元のことでもあり、また成功すれば会社にとっての財産になる」と奥村太平（当時社長）は受注することを決し、着工に至った。地元住民の注目を集めるなか、1956年（昭和31年）10月、高さ103メートルの通天閣が完成した。また、下記は第161回「鉄道分断突貫作戦奇跡の74日間」（阪神・淡路大震災10年追悼特集JR神戸線六甲道駅復旧・奥村組1月11日）の放送内容の概要。1995年1月17日に発生した阪神・淡路大震災でJR神戸線六甲道駅一帯が崩落し、復旧までには最低でも2年はかかるといわれていた。ところが奥村組は、わずか2ヶ月で復旧させもとの姿に戻した。インフラの復旧は、被災者・被災地にとって最も重要なもののひとつで、不眠不休での復旧作業は地元住民から高い評価を受けた。
2050,設立時の会社名は'''東日本ハウス株式会社'''（ひがしにほんハウス）。社名は「東日本」だが、西日本にも営業網を広げていた（最南端は鹿児島県）。2015年5月1日付で現社名となり、ブランド名は『'''日本ハウスHD'''』で展開する。2002年、代表取締役に成田和幸が就任。グループ多角化経営を整理、本業回帰路線に変更。注文住宅事業、企画型提案住宅事業、リフォーム事業、マンション販売事業を事業主軸とする。2013年11月に東京証券取引所2部への市場変更、2014年4月に東京証券取引所1部へ指定替えを果たす。
2050,び営業所情報その３）閲覧。リフォーム専業（外装）売上高１位（2015年度）「住宅リフォーム市場データブック2016」業種別リフォームランキング「㈱リフォーム産業新聞社」閲覧。
2050,"田テクノス株式会社|accessdate2014-03-03!--|archiveurlhttp:web.archive.orgweb20140303125423http:www.idatechnos.co.jpcompanyoutline.html|archivedate2014-03-03--}}*支店-さいたま市name\""outline\""*営業所-神川町、吉見町、鴻巣市、伊奈町、富士見市、茨城県つくば市name\""outline\""!--前橋市、熊谷市、戸田市廃止?--*基礎技術本部-伊奈町、千葉県鎌ケ谷市、神奈川県横浜市、静岡県静岡市、浜松市、愛知県名古屋市name\""outline\""!--茨城県|茨城廃止?--*その他-機材センター（吉見町）name\""outline\"""
2050,"1944年設立のゼネコン。建築事業・土木事業・リニューアル事業を柱とする。営業範囲は兵庫県南西部を中心で、民間建築工事が主体。大阪・名古屋・神戸・姫路に支店を置く。また売上高の約8割を兵庫県下の案件が占める。name\""sdf\""http:www.sonec-const.co.jprecruitshinsotsufaqindex.htmlよくある質問参照。無借金経営に加え、社債残高も0http:www.nikkei.comnkdcompany?scode1768株価情報日経新聞これは、連結子会社（ケミカル運輸株式会社）を含めた連結貸借対照表でも同様。!--新入社員研修として、会社説明やビジネスマナーを学ぶのに加え、2泊3日で自衛隊への体験入隊がある(研修期間は約2週間)。その後、現場研修を約半年実施される。name\""sdf\""--"
2050,明治40年に当時大工だった大野福次郎が創業し、その後息子の大野島蔵が継承した。昭和41年、株式会社に改組。平成19年に創業100年を迎えた。現在の社長は、三代目となる大野年司。小規模なリフォームから木造注文住宅、鉄骨造、鉄筋コンクリート造などの大型建築工事まで手掛ける。平成10年に「建設省建設大臣顕彰」を受賞している。
2050,滋賀県高島郡(滋賀県)|高島郡安曇川町青柳（現・高島市安曇川町青柳）で個人経営の建設業として創業。当初は土木作業の請負いが主力で後に総合建設業に変遷していった。滋賀県内が業務のメインであるが、岐阜県・福井県内の業務も拡大化の傾向にある。また、滋賀県・国土交通省近畿地方整備局の推進している環境事業・美化事業に全社協力している。豊郷町立豊郷小学校の改修に貢献。
2050,鉄道信号部門に強みを持つ保安工業と、強配電部門に強みを持つ千歳電気工業が合併し、2009年4月よりhttps:www.j-rietec.co.jp日本リーテック株式会社として発足した。そのため、現在では鉄道関係、道路関係、高圧電力線関係など幅広い業務を行っている。
2050,事業領域は、商業建築、飲食店・物販店・店舗改装及び内装工事、造作家具工事、木製建具工事、個人住宅新築増改築工事全般、古木買取販売、古民家解体再生移築を行っている。
2050,*本　　　　社：石川県金沢市小立野5-2-22*松任営業所：石川県白山市村井町581-1*免許・認可:*建設業許可石川県知事許可（特定建設業許可）692号:*一級建築士事務所登録石川県知事登録第1379号:*宅地建物取引業免許石川県知事登録第2110号
2050,*本社　埼玉県所沢市くすのき台1丁目11番地の2*本店　東京都豊島区南池袋1丁目16番15号　※ビル建て直しにより2016年まで、東京都豊島区長崎5-1-34東長崎西武ビル４階へ仮移転*事業　土木・建設業、不動産業など
2050,太平洋セメントグループのエンジニアリング系子会社である、小野田エンジニアリング株式会社、株式会社アサノテック及び秩父エンジニアリング株式会社の3社が2000年（平成12年）10月1日に3社対等の立場で合併し発足した。
2050,株式会社新和建設は愛知県北名古屋市に本社・本店を置く建設会社。注文住宅事業、古民家再生・リフォーム事業、宅地建物取引業を主に請け負っている。地域密着型工務店として、愛知県・岐阜県・三重県の一部を施工範囲としている。創業者の吉村良三は大工出身{{Citebook|author吉村良三|title心がなごむ自然派住宅のすすめ「木と技と心」の家づくり|date2007年2月15日|year|accessdate2018年11月05日|publisherエール出版|author2|author3|author4|author5|author6|author7|author8|author9}}2018年（平成30年）に創業から50期を迎え、代表取締役社長を三代目の吉村浩人に引き継いでいる。
2050,1953年11月、大阪市北区松ケ枝町(大阪市)|松ケ枝町に日本グラウト工業株式会社が設立。日本各地に支店が開設され、1985年4月に新技術開発株式会社と合併、日本基礎技術株式会社に商号変更「日本グラウトと新技術開発、企業基盤強化へ4月1日に合併。」.『日本経済新聞』.1985年2月9日付朝刊、6面。。日本グラウト工業の創業者は農林省（現在の農林水産省）出身で、会社の設立当時は米の増産に伴うため池の地盤改良の為のグラウト（薬液投入）工事を行っていた。現在でもため池のグラウト工事の技術を利用したダムのグラウト工事が当社の主要事業の一つとなっている「日本基礎技術——ダム工事、技術に磨き、新堀削機で都市部も強化（収益源を探る）」.『日経金融新聞』.1993年4月19日付朝刊、17面。。1988年11月に大阪証券取引所市場第2部に株式を上場「日本基礎技術——ダム地盤など改良が中心（新規上場株の横顔）」.『日本経済新聞』.1988年11月11日付朝刊、17面。。1993年10月に東京証券取引所市場第2部に株式を上場。1995年9月に東京証券取引所および大阪証券取引所市場第1部に昇格http:www.jafec.co.jpcorporationhistory.php　沿革　2017123閲覧「住友電設など3銘柄大証1部に昇格へ」.『産経新聞（大阪）』.1995年8月19日付朝刊、経済面。。
2050,元々は、東日本重工業（現・三菱重工業）七尾造船所を源流とし、日本で初めてプレストレスト・コンクリートの建設を専門に扱っていた建設会社の「ピー・エス（旧ピー・エス・コンクリート）」（1952年設立）と、三菱グループで唯一のゼネコンであった「三菱建設」（1960年設立）であったが、ピーエスの橋梁や空港などの公共施設建設、並びに三菱の工場、病院・医療施設、マンション、工場倉庫などのそれぞれの得意分野を絡ませた総合ゼネコンを目指す観点から2002年（平成14年）10月1日に、ピーエスを存続会社とした新会社として発足した。上記の経緯もあり、ゼネコンではあるが2016年（平成28年）現在もなお橋梁をはじめとするプレストレスト・コンクリート（PC）関連の受注が多い。三菱金曜会http:www.mitsubishi.comkinyokai三菱金曜会及び三菱広報委員会http:www.mitsubishi.commpacj三菱広報委員会の会員企業であるhttp:www.mitsubishi.comkinyokaisyoukai.html三菱金曜会会員会社紹介http:www.mitsubishi.commpacjcompanies三菱広報委員会-会員会社紹介。
2050,いわき市に本社のあった福浜工業株式会社と、田村郡三春町に本社のあった大一建設株式会社が2005年に合併し出来た会社。いわき市内を中心に、福島県・茨城県などで施工を行っている。
2050,}'''明星工業株式会社'''(めいせいこうぎょう)は、大阪市に本社をおく建設工事会社。
2050,日本の建設会社の分類ではゼネコン#主要地方ゼネコン|地方ゼネコンに該当する。大輪会の会員企業でもあるhttp:izumisano-kyuryo.jpdairinkai大輪会（だいりんかい）とは-http:izumisano-kyuryo.jp泉佐野丘陵緑地公式サイト内のページ。。
2050,*建築物の基礎となる鉄筋工事を専門に鉄筋の加工、施工を行っている。*鉄筋加工、鉄筋工事のほかに施工図の作成や、鉄筋の販売、建築・リフォームも手がけている。
2050,*会社設立：1993年（平成5年）8月*資本金：2500万円*本社：東京都品川区南大井3-17番9号4F*代表取締役社長：佐野興里
2050,社名は、ハワイの伝説的人物であるネズミ捕り名人とされた男性の名「'''ピコイ（Piikoi）'''」に由来している。空手家であった近藤建が、道場だけでは生活が成り立たず、日々の生活の糧を得るために1970年2月に個人事業として創業。当初は飲食店のネズミ・ゴキブリの駆除が主業務であったが、シロアリによる住宅被害が社会問題となってきたことを受け、シロアリ駆除業務を開始する。1972年1月に'''ラットパトロールピコイ'''を設立。シロアリ駆除で急成長したピコイは、1976年に開始した緑化事業を皮切りに、断熱、防水、住宅リフォーム、床暖房、産業用ジェットポンプなど、次々と新規事業を展開。1996年10月に店頭公開した。1999年8月に新規事業として手がけていた建築資材「ラス型枠」の取引先が自己破産し、さらに同9月、ピコイが資金援助していた4社が相次いで倒産状態となったため、回復不能のダメージを負った。2000年7月31日、ピコイは新潟地裁に和議を申請。認可を受け、再建に向かう。和議債務完済期限は2010年であったが、大幅なリストラクション（社員数360名を260名に縮小）と企業努力により、2005年3月31日に異例の早さで和議を終了する。2005年2月1日にピコイ専務であった青柳実を二代目の社長に起用し、近藤は同日より会長に就任。2006年8月31日に退職をした。青柳は2007年5月17日の株主総会にて解任となる。現在フリージア・マクロス|フリージアグループの傘下企業の1社として「経営体質の一層の健全化」に取り組み、昨今の経済状況下でも逆に「収益を大きく伸ばせる体制」が整ったとして、大量の新卒者の採用（2009年春）を行なう等積極的な営業展開を行っている。尚、ピコイはフリージアグループの売り上げの6割強を担っている。
2050,事業領域として、JR西日本エリアの鉄道電気工事と駅ビルやオフィスなどでの一般電気工事がある。電気工事分野以外に、消防設備、携帯電話基地局工事などの情報通信分野の工事も行っている。また、大阪府吹田市には'''NESCO技術学園'''(NESCOTECHNOSCHOOL)がある。同学園は第二種電気工事士養成施設に指定されている。
2050,リフォーム・増改築専門店として、全国にショールームを展開。また、住宅設備・建材等の製造も行うなど、商品の開発・製造・販売・物流・施工を一貫して行っている。brシステム台所|キッチン・洗面器|洗面化粧台・トイレ・ユニットバス・内装床材・外壁材・屋根材などの製造は、海外（フィリピン）工場で実施。それらを、物流センターを北海道（札幌市）・関東地方|関東（埼玉県上尾市）・関西（兵庫県揖保郡太子町(兵庫県)|太子町）・九州（福岡県福岡市）を通じて全国に提供している。過去には契約が取れなければ給与は支払わないという実質無給の契約をしたり、また契約した歩合を支払わない、滞納など、営業社員とのトラブルが絶えない企業でもあった。
2050,1944年に福岡市で設立された。電力系電工会社の中では最も空調・衛生工事が売り上げに占める割合が大きく、大規模な地域エネルギーセンターの設計・施工、あるいは集落排水処理施設などの環境分野の設計・施工、プラント工事など周辺関連工事の設計・施工にも進出し、電気設備工事業のみにとどまらない総合設備業を自負している。br近年は従来の電気・管工事以外にも、遠隔医療システムやBEMSなどの開発をはじめとする情報分野にも進出し、リース業や維持管理業・保険業・ホテル経営・ゴルフ場経営などの異分野のグループ会社を次々に立ち上げ、経営多角化にも力を入れている。br全国的には陸上競技部の活動が著名であり、2009年世界陸上マラソン出場前田和浩、2009年世界陸上走幅跳出場桝見咲智子、2016年2016年リオデジャネイロオリンピックの陸上競技|リオデジャネイロオリンピック10000m銀メダルのポール・タヌイ（ケニア）らを擁する。br2000年度から2006年度まで売上高の内訳は、約半分が一般電気工事で、空調管工事と配電線工事がそれぞれ約4分の1程度となっている。2009年12月2日福岡地裁が九電工に対し、過労が原因で自殺した社員（当時30）の遺族に計約1億円を支払うよう命じる判決を出した。2012年に福岡国税局の税務調査で、2011年3月期までの3年間に亘り、約8000万円の脱税#いわゆる「申告漏れ」「所得隠し」について|申告漏れを指摘されていたことが判明する。同社は、請負#下請負|下請会社に発注した電気工事に絡んで、下請会社が失踪したため、電気設備費を孫請会社に肩代わりして支払ったが、この際に生じた経費について「立替金」とすべきところ、「工事費」として処理したことが所得隠しにあたると認定された（http:mainichi.jpselectnews20120630k0000e040145000c.html関連記事）。
2050,アパート、中小規模のマンションの設計施工、販売、賃貸事業を中心事業としている。
2050,従来の建設ベンチャー企業は建設会社から独立した技術者が新開発した材料や施工方法を売り物にする事例が多かったが、カテラは建設業界の外で活躍してきた幹部が多くICTを用いた生産性向上を売りにしている。{{citeweb|urlhttp:tech.nikkeibp.co.jpknatclcntcolumn1450018500058|title「建設スタートアップ」って何だ？|publisher日経コンストラクション|date2017-10-19|accessdate2018-03-09}}建設業界ではコミュニケーションツールにはいまだに電話や紙が重用されているなどICTの導入は他の業界より遅れている。(原因として工事現場ごとに業務が異なりICTの活かせる標準化が難しい点、様々な出入り業者に対して情報をWEBで受け渡すよりも紙で渡したほうがアクセス権の管理が容易である点が挙げられている。){{citeweb|urlhttps:www.wantedly.comcompaniesshelfypost_articles65765|title投資額が5年で5倍！シリコンバレーの著名VCが続々投資する建設×ITスタートアップまとめ|publisherWantedly|date2017-06-23|accessdate2018-03-09}}カテラは前述の通り建設業においてもICTを活用して設計・材料調達・製造・物流・建築施工を垂直統合で行いBIMとサプライチェーンの企業資源計画|ERPを結合させた。通常の建設会社ではベンダーやサプライヤーから納入されるバラバラの納期は混乱の元となっていたが、カテラでは材料発注、製造、追跡、配送がシームレスに扱えるようにして最適なタイミングで無駄なく現場へ資材や製品を供給可能にした。これにより建設現場では資材現場待ちのロスはなくなり計画通りのプロセスが遂行できるようになった。{{citeweb|urlhttps:katerra.comenwho-is-talkingpress2017press-releaseskaterra-ushers-in-new-era-of-construction.html|titleKaterraUshersinNewEraofConstruction|publisherKaterra|date2017-04-13|accessdate2018-03-09}}顧客が高齢者住宅や複数世帯住宅やドミトリー(宿泊施設)|ドミトリーといった希望の住居タイプを発注するとCraigCurtisらが率いる子会社のKaterraArchitectureLLCや提携するデザインコンソーシアム{{citeweb|urlhttps:katerra.comenwho-is-talkingpress2017press-releasesKaterraDesignConsortium.html|titleKaterraAnnouncesNewDesignConsortium|publisherKaterra|date2017-12-06|accessdate2018-03-09}}によって最適なデザインが作られ、アリゾナ州フェニックス(アリゾナ州)|フェニックスの製造拠点でトラス構造屋根、床システム、外装パネル、内装壁パネルといった標準化されたクロス・ラミネーティッド・ティンバー|CLTコンポーネントを組み立てて製造現場に引き渡す流れとなる。{{citeweb|urlhttp:fortune.com20170413flex-katerra-construction|titleFormerFlexCEOWantstoUpendtheMulti-TrillionDollarConstructionIndustry|publisherKaterra|date2017-04-13|accessdate2018-03-09}}{{citeweb|urlhttps:www.dezeen.com20170719katerra-combines-technology-modular-construction-large-scale-pabricated-buildings|titleKaterracombinestechnologyandmodularconstructiontocreatelarge-scalepabbuildings|publisherdezeen|date2017-07-19|accessdate2018-03-09}}
2050,*沿革**2002年ダイキン工業のエンジニアリング会社として、ダイキンエアテクノ社7社発足（ダイキンエアテクノ関東・東京・中京・近畿・四国・中国・九州）**2008年　事業拡大の為、各地域に点在していたエアテクノ社を１社に統合（東京都千代田区に拠点を置いていた「ダイキンエアテクノ関東」を存続会社とし、「（同）東京」が入居していた住友不動産両国ビルに本店移転登記）した。**2012年　同じくダイキン工業の完全子会社でアフターサービス関連子会社の「ダイキンファシリティーズ社」と合併。*本社所在地　東京都墨田区両国二丁目10-8住友不動産両国ビル*事業所　45ヶ所（本社・東京支店、中部支店、関西支店、四国支店、中国支店、九州支店他）
2050,分譲マンションを首都圏(日本)|首都圏を中心に8000戸以上を供給している。ウェリス稲毛はグッドデザイン賞を受賞している。幕張メッセ国際会議場、ホテルザ・マンハッタンなどの施設建設にも関わっている。また、中華人民共和国瀋陽市の再開発事業にも参画している。
2050,"元号が昭和から平成へと改元されたとき、平成を冠する建設会社が日本各地に設立もしくは改名されたが、この会社もその一つ。ゼネコンの営業マンであった秋元久雄が1989年に創立「けいざい・しずおか：「大卒を大工に」入社希望殺到−−沼津の「平成建設」静岡」毎日新聞2009年12月3日朝刊、地方版静岡。。事業内容は建築工事が中心である。人件費のかさむ現場作業などは外注するのが建築界の「常識」であるnamemainichi091219「新教育の森：徒弟制度に代わり、大学が「職人」養成」毎日新聞2009年12月19日朝刊、全国版。「展望・建築界2010建築界に提言（2）「ものづくり復活へ」秋元久雄氏」、日経アーキテクチュア2010年1月11日号、24ページ、2010年が、祖父、父とも大工の棟梁であった秋元は、工事責任を明確にし、施工品質を保つためにはリーダー格の大工を育てる必要があるとして、1990年から大学卒業の社員を大工として地元で募集したnamemainichi091219。以後、設計から施工管理、型枠、大工、メンテナンスまで外注に頼らず、自社の職員で賄っている。2000年より全国から求人し、大学卒や大学院卒の学生を大工として採用することが評判となったnamemainichi091219。2008年9月15日には『日経スペシャルカンブリア宮殿』（TXN系列局）にも取り上げられ{{Citeweb|author日経スペシャルカンブリア宮殿|date2008年9月15日|urlhttp:www.tv-tokyo.co.jpcambrialistlist20080915.html|title2008年9月15日放送「建築業界にメスを入れる風雲児登場！～これからは\""高学歴大工\""を育てろ～」|accessdate2011年4月9日}}、秋元は2009年8月に『高学歴大工集団』（PHP研究所）を出版した。"
2050,関東大震災後の復興期に送電網の整備で成長した電気工事会社の老舗で独立系として全国で展開している{{Citeweb|date2015-04-23|urlhttp:techon.nikkeibp.co.jparticleFEATURE20150417414920|title「逆風を耐え抜く企業が、再エネの普及を担っていく」。東光電気工事・青木常務に聞く|publisher日経テクノロジーオンライン|accessdate2016-08-01}}。新幹線建設に計画段階から参加。そのほか東京ドーム、東京都庁舎|新都庁舎、ウォーターフロント計画、横浜ランドマークタワーなどの建設に参画し、インテリジェントビル建設に実績をもつ{{Citeweb|urlhttps:kotobank.jpword東光電気工事-163969|title東光電気工事(とうこうでんきこうじ)とは|publisherコトバンク|accessdate2016-08-01}}。監査役は、自民党東京都連幹事長だった内田茂。東光電気工事は、2020年東京五輪でのバレーボール会場の「有明アリーナ」（落札額360億2880万円）、水泳会場の「オリンピックアクアティクスセンター」（469億8000万円）の施設工事を落札している。また、築地市場移転に伴う豊洲新市場、都議会議事堂などの都発注の電気工事も受注しており、内田茂との関係が指摘されている。http:shukan.bunshun.jparticles-6511“都議会のドン”　五輪施設受注企業に娘婿を就職させていた　週刊文春2016.08.3116:01
2050,辻寅次郎が個人経営の工務店を創業したのが始まり。社名の由来は創業者名の頭二文字から名付けられた。公共施設・商業施設の建設・住宅建築が主力であるが、道路・土木工事も併営している。かつてはナショナル住宅（現パナソニックホームズ）の代理店を営業していたが、現在は自社ブランドのサンクリエートシリーズのマンション建設にシフトしている。
2050,"売上高で、九州第7位、大分県第2位name\""h19genecon\""のゼネコンである（2008年9月現在）。大分市中心部に本社を置き、東京、北九州、福岡、熊本、宮崎、鹿児島に支店を、大分県内では、別府、鶴崎、佐賀関に出張所を有する。また、SSアラミド工法と呼ばれるコンクリート構造物の補強方法等の特許を有している。大分七夕まつり府内戦紙にも毎年出場。大分トリニータの運営法人である株式会社大分フットボールクラブに出資しておりhttp:www.oita-trinita.co.jpcompany-大分トリニータ-OfficialWebSite会社概要、大分トリニータのアドボード・スポンサーでもあるhttp:www.oita-trinita.co.jpsponsors-大分トリニータ-OfficialWebSiteスポンサー。"
2050,1942年（昭和17年）12月15日、鉄道省の電気工事指定業者121社と電気機器・電線等の指定製造業者15社の共同出資の下、鉄道省の鉄道電気工事を独占的に請負う会社として、「鉄道電気工業株式会社」が設立された。1949年（昭和24年）7月、日本国有鉄道|国鉄の鉄道電気工事の発注が一般競争入札となったことを機に、一般電気工事分野に進出し、会社名を現在の「日本電設工業株式会社」に変更した。事業領域を「鉄道電気工事」「一般電気工事」「情報通信工事」の3部門に分けている。売上高別に見ると、鉄道電気工事が一番多く、全体の5割以上を占めている。http:www.densetsuko.co.jpjobsaboutdata.html鉄道電気工事部門ではリーディングカンパニーとして、在来線・新幹線だけではなく、地下鉄、新交通システムまで幅広い領域の事業を全国展開している。人材育成を目的として、千葉県柏市に「中央学園」という研修施設を所有している。また、「NDK技術学園」という名称の認定職業訓練校が併設されており、自社だけでなく協力会社、同業他社の社員も受け入れ、業界全体の技術・技能の向上にも努めている。http:www.ken-walker.comcontentsmonthly11093001.php
2050,エンジニアリング会社の日本最大手企業。主な業務は、「製品を作る製造設備を造る事」である。製造設備の内訳は、石油精製プラント、石油化学・化学プラント、天然ガス|LNGプラント、天然ガス処理プラント等である。設立以来、世界80カ国以上、2万件におよぶプロジェクトを遂行してきた世界有数の実績をもつ。特にLNGプラントでは、これまでに世界の生産量の30％以上を占めるプラントを設計・建設してきた。2000年代後半の原油高にともなうプラント建設ブームにおいては、選択受注戦略をとり、売り上げを減らしながら過去最高益を打ち立てた。また、ビジネス規模はそれほど大きくないが、医療や製薬関連のライフサイエンス分野でも実績がある。2008年には東京都の精神医療センターの約15年間の施設維持管理および運営・調達業務を行う契約を落札した。日本国内エンジニアリング会社としては初めての病院PFI事業となる。また、排出権取引を始めとする環境ビジネスにも本格的に着手しつつあり、中国での水質改善事業への参加が伝えられた。さらに、北米では日揮が100パーセント出資のオペレーターとして石油開発事業を開始（日量約1000バーレル）するなど、プラント以外の事業への進出も目立ちつつある。日本国内においては、日揮は東洋エンジニアリング、千代田化工建設と共に「エンジニアリング御三家」と呼ばれたが、2018年現在、純利益および受注残高において日揮が大きく他2社を引き離している。毎月末日（10月は創立記念日の25日）には日本経済新聞の朝刊の1面に突き出し広告を掲載している。
2050,"1978年の設立当初は大手ハウスメーカーの下請けとして施工を行っていたが、後に自社建設に転向。1996年に企画住宅『チャレンジ999』、2002年に自由設計をうたった『チャレンジ999フリープラン』を発表。札幌圏を中心に営業展開している。2011年には、グループ会社の株式会社アリビオがLIXIL住宅研究所|株式会社LIXIL住宅研究所アイフルホームカンパニーとフランチャイズ契約を締結し、アイフルホームサッポロ中央店をオープンさせた。これによりアイフルホームは北海道初出店を果たしたhttp:www.all-eyefulhomenavi.comaliviosapporochuouindex.htmlアイフルホーム札幌中央店北海道で注文住宅の新築一戸建てを考える方へ|アイフルホームナビ。2017年には、ワールドホールディングスの100%子会社となるname\""wh16\""。"
2050,「ゼネコン|スーパーゼネコン」とも称される、ゼネコン大手五社（鹿島建設、大林組、清水建設、大成建設、竹中工務店）の一つである。超高層ビル事業を得意とし、蓄積された高度な技術とノウハウ、業界随一の技術研究所を有している。東京駅の八重洲口再開発や丸の内駅舎保存・復原工事（2012年10月1日完成）、秋葉原地区などの開発事業や海外でのプロジェクトにも実績が豊富である。一方で社員があっせん利得処罰法違反で逮捕されるなど、数々の談合事件にも関与しており、その後の建設業者に少なからず影響を与えている。コーポレートスローガンは「'''100年をつくる会社'''」である。
2050,"|資本金9500万円name\""概要\""|発行済株式総数1600{{sfn|中部経済新聞社|2011|p56}}|売上高34億3000万円（2010年5月期）{{sfn|中部経済新聞社|2011|p56}}|営業利益|純利益|包括利益|純資産|総資産|従業員数118名name\""概要\""|支店舗数|決算期5月{{sfn|中部経済新聞社|2011|p56}}|主要株主三菱東京UFJ銀行br北陸銀行br愛知信用金庫name\""概要\""|主要子会社|関係する人物|外部リンク{{official|http:www.aiwa-d-k.co.jp}}{{Jaicon}}|特記事項}}'''アイワ電設開発株式会社'''（アイワでんせつかいはつ）は主に鉄道関連の電気工事会社である。"
2050,鉄鋼メーカー新日鐵住金傘下の建設業者・新日鉄住金エンジニアリングと、新日鐵住金系列の鉄鋼メーカートピー工業が共同で出資する企業である。道路橋や鉄道橋などの鋼製橋梁や、桟橋などに利用されるジャケット構造物などの海洋構造物の製作・施工を行う。新日鉄エンジニアリングの日本国外における橋梁事業と、同社傘下で国内橋梁事業を行う日鉄ブリッジ、トピー工業傘下で橋梁事業を行うトピー鉄構が2010年（平成22年）に統合して発足した。本社はトピー工業豊橋製造所構内の愛知県豊橋市。製造拠点は、同じく豊橋製造所構内にある豊橋工場と、福岡県北九州市にある若松工場の2か所。
2050,"日成ビルド工業は1961年の設立以来、プレハブ工法|プレハブ建築、駐車場|立体駐車場などの製造、販売、施行を行い、2012年に小澤建設（現・NB建設北関東）、2013年に相鉄建設（現・NB建設）、2016年にコマツハウス（現・システムハウスR&C）を子会社化するなどして事業を拡大してきた。日成ビルド工業は2018年5月10日、企業価値の最大化・グループシナジー効果の最大化と経営の効率化・コーポレート・ガバナンスの強化を目的として、スペースバリューホールディングスを設立することを発表name\""niseei20180510\""{{Citeweb|urlhttps:ssl4.eir-parts.netdoc1916tdnet158113800.pdf|title単独株式移転による持株会社設立に関するお知らせ|date2018-05-10|accessdate2018-10-06|publisher日成ビルド工業}}{{Citeweb|urlhttps:www.hokkoku.co.jpsubpageK20180511303.htm|title名称は「スペースバリュー」　日成ビルド、持ち株会社10月設立|date2018-05-11|accessdate2018-10-06|publisher北国新聞}}。2018年10月1日に、日成ビルド工業株式を単独移転する形でスペースバリューホールディングスを設立したname\""spase20181001\""{{Citeweb|urlhttp:tyn-imarket.compdf2018101140120181001412617.pdf|title株式会社スペースバリューホールディングス設立に関するお知らせ|date2018-10-1|accessdate2018-10-06|publisherスペースバリューホールディングス}}。スペースバリューホールディングスは、2段階に分けてグループ会社の再編を行う予定であるname\""niseei20180510\""。"
2050,*所在：横浜市神奈川区栄町5-1*設立：1985年2月*資本金：490000000円*代表取締役社長：仙頭靖夫
2050,創業1874年。ダム・トンネル等大型官庁土木を得意とする。ゼネコンとしては準大手Aゼネコンの一角として強固な財務体質を備え、同じく準大手Aの建築を主体とする戸田建設との業務提携を結んでいる。破産した、大阪府大阪市住吉区に本社のあったhttp:www.yoi-ie.comindex.htmlニシマツコーポレーション（旧社名：西松建設）とは無関係。
2050,ef{{Citeweb|title馬淵建設株式会社は、建築・土木事業の他、ビル・マンションの改築・修繕や土地活用をご提案する総合企業です。|urlhttps:www.mzec.co.jp|websitewww.mzec.co.jp|accessdate2019-03-27}}
2050,"木構造(建築)|木造住宅を主力商品とする。「集成材|PBDM集成材」「ストレストスキンパネル」などの接着集積された木材を主要資材に用いたものが多い。住宅展示場で自由設計の高級住宅を販売している。かつての社名であった「'''エス・バイ・エル'''（S×L）」は、「S」がSpace（空間）、「L」がLife（生活）を表し、人が住まうためのハードとしての生活とソフトとしての空間を掛け合わせる「×」（バイ）の発想で融合させ、新しい生活価値を創造しようというアイデンティティを社名にしたものである。社団法人プレハブ建築協会に加盟。1990年代には、SXLというホームセンターを運営していたが、2006年に売却し、現在は撤退している。2011年8月12日、ヤマダ電機が、株式公開買付により、筆頭株主となっている野村ホールディングス系の投資ファンド「ユニファイド・パートナーズ」が保有する株式40%すべてを取得するとともに、第三者割当増資の引き受けを発表{{PDFlink|http:www.sxl.co.jpirnewspdf20110812_04.pdf株式会社ヤマダ電機による当社株式に対する公開買付けに関する賛同意見表明のお知らせ}}-エス・バイ・エルニュースリリース2011年8月12日。同年10月12日付けでヤマダ電機の連結子会社（50.46%）となったname\""press20111005\""{{PDFlink|http:www.sxl.co.jpcorporatenewspdf20111005_2.pdf親会社、その他関係会社及び主要株主である筆頭株主の異動に関するお知らせ}}-エス・バイ・エルニュースリリース2011年10月5日。ヤマダ電機から取締役の派遣を受け{{PDFlink|http:www.sxl.co.jpcorporatenewspdf20111013_3.pdf取締役の異動に関するお知らせ}}-エス・バイ・エルニュースリリース2011年10月13日、ヤマダ電機と業務提携を結び{{PDFlink|http:www.sxl.co.jpirnewspdf20111108_2.pdf株式会社ヤマダ電機との業務提携に関するお知らせ}}-エス・バイ・エルニュースリリース2011年11月8日、「S×LbyYAMADA」のブランド名で太陽光発電・オール電化住宅|オール電化などを備えた「スマートハウス」の販売促進に力を注いでいる。2013年6月に商号をヤマダ・エスバイエルホームに変更し、ブランド表記も「YAMADAS×LHOME」になった。2018年9月1日付で簡易株式交換によりヤマダ電機の完全子会社となったname\""kogaisya\""{{PDFlink|http:www.sxl.co.jpirnewspdf20180615.pdf株式会社ヤマダ電機による株式会社ヤマダ・エスバイエルホームの簡易株式交換による完全子会社化に関するお知らせ}}-ヤマダ電機、ヤマダ・エスバイエルホーム2018年6月15日。同年10月1日付で、ヤマダ・エスバイエルホームを存続会社とし、同じくヤマダ電機の完全子会社であったヤマダ・ウッドハウス、ならびにヤマダ・エスバイエルホームの子会社であったハウジングワークスおよびエス・バイ・エル住工を吸収合併した上で、商号を'''株式会社ヤマダホームズ'''へ変更したname\""henkou\""http:www.sxl.co.jpirnewspdf20180828.pdf吸収合併および商号変更に関するお知らせヤマダ・エスバイエルホーム2018年8月28日。ヤマダ電機傘下となるまでは、大輪会ならびhttp:izumisano-kyuryo.jpdairinkai大輪会（だいりんかい）とは-http:izumisano-kyuryo.jp泉佐野丘陵緑地公式サイト内のページ。に芙蓉懇談会に加盟していた。"
2050,江戸時代前期の1610年に、織田信長の元家臣であった初代竹中正高|竹中藤兵衛正高が尾張国名古屋市|名古屋にて創業。神社仏閣の造営に携わる。やがて明治時代の到来により、ヨーロッパ型の建築技術を導入すると、当時開港し、都市化し始めた神戸市|神戸へ進出。数々の建築物を施工し、その名を知られるようになる。「工務店」という言葉を作り、社名としたのは同社が初めてである。「設計と施工は切り離せない」の考えから「工務」を掲げ、お客様ありきの仕事であるという考えから「店」を用いている。ゼネコン#スーパーゼネコン|スーパーゼネコン5社（大林組、鹿島建設、清水建設、大成建設、竹中工務店）の一つであり、現在では5社の中で唯一、大阪市に本社を置く企業である（本店は大阪・東京それぞれに設置している）。これまでに施工した建築物は東京タワー・日本武道館や5大ドーム球場（札幌ドーム|札幌・東京ドーム|東京・ナゴヤドーム|ナゴヤ・大阪ドーム|大阪・福岡ドーム|福岡）をはじめ、全国有名美術館や商業施設、さらには病院、オフィスビル、ホテルなど多岐にわたり、施工実績の多さでは国内随一を誇る。また、完成工事高で比較しても国内トップクラスの業績を維持している。大手5社の中では唯一の非上場企業（サントリーなどと並び、日本の主要非上場企業の筆頭としてあげられる）であり、また売上高（2014年度）の94.1%を建築が占める建築専業のゼネコン#スーパーゼネコン|ゼネコン（土木は0.4%に過ぎない。土木事業は主に、関連会社の竹中土木が担当）であるなど、技術力や経営状況等で顕著な差のない大手ゼネコンの中では比較的特徴が強いことでも知られている。自社の施工した物件を「作品」と呼ぶことでも知られている。スーパーゼネコンの中でもBCS賞（建築業協会賞）を最多受賞しており、設計や品質に対する評価が高く特命受注の比率も高い。創業は名古屋だが、設立の地が神戸ということ、現会長の竹中統一が同じ神戸の甲南大学出身ということもあり、近畿の小学校、中学校、高等学校、大学（公立・私立学校|私立を問わず）の新築や増改築工事の大半が同社による設計・施工である。創業以来、社長には常に創業家の人物が就いてきたが、2013年3月より宮下正裕が初めて創業家以外から社長に就任した{{Citenews|urlhttp:toyokeizai.netarticles-12748|title403年目で初の創業家以外の社長誕生|work東洋経済ONLINE|newspaper東洋経済新報社|date2013-01-31|accessdate2013-02-01}}。アトリエ系建築家の出江寛、早川邦彦、菊竹清訓、柳澤孝彦、鈴木了二、有馬裕之等、同社設計部から多くの建築家を輩出している。コーポレート・メッセージは「'''想いをかたちに未来へつなぐ'''」。
2050,''サブコン'''とは、ゼネコンの下請などとして、土木・建築工事の一部を請負う建設業者を指す。{{Citejournal|date2018-06-07|titleサブコン|url{{canonicalurl|サブコン|poldid68819348}}|journalWikipedia|languageja}}東京都内には、改修（リニューアル）専門のサブコン業者が多数存在する1社である。サブコンの営業スタイルは、あくまでもゼネコンの下請け業者であり、世間一般には知らていないが、その代わりに有名な建物・施設等の工事には多く携わっている。本社内に株式会社優美（内装工業業）が存在する。{{Citeweb|titleTOP|urlhttps:www.yubi-inc.jp|website東京都文京区の優美は東京23区をはじめ、神奈川県や千葉県など関東全域でオフィスや店舗の内装リニューアル工事を展開しています。|accessdate2019-03-15}}工事実績が天創工業との物件が一緒なものが多く見受けられるので関係性は高い。Yahoo知恵袋|Yahoo知恵袋にて、工事依頼を相談する業者で天創工業を紹介している。{{Citeweb|title建物の打診検査と洗浄、タイルの爆裂等の補修、樹脂注入などで改修工事を行う予定ですが、低予算なので大手に任す訳にもいかず、、末端の親切な施工業者を探しています...|urlhttps:detail.chiebukuro.yahoo.co.jpqaquestion_detailq1158145296?frpc_ogp_other|websiteYahoo!知恵袋|accessdate2019-03-15|languageja}}
2050,本店を創業地でもある岡山市北区に置くほか、東京本社を東京都港区に置く。首都圏における受注が全体の6割を占めており、商業施設、物流施設ほか、都心においてオフィスビル・ホテル建築を数多く手がけている。かつては土木系に強いゼネコンとしてダム工事・トンネル工事などの大規模事業を多く手がけるなどしていたが、公共工事の発注量が減少したことにより、数年前から事業の柱を土木事業から建築事業に転換、受注元も官公庁から民間に転移させるなどした結果、現在は売上高の約7割を建築事業が占めるようになっている。最近の建築工事として、アシックス東京本社、イオンモール幕張新都心、イオンモール岡山、ホテルモントレ半蔵門、ホテルモンテエルマーナ神戸、ホテルケーニヒスクローネ神戸、アマノギャラクシービル、アロア築地ビル、ＧＬＰ厚木Ⅰ、Ⅱ、青山OHMOTOビルなどがある。青山OHMOTOビルは自動車広告の背景にも採用されている。土木工事としては、東京湾アクアライン、レインボーブリッジ、関西国際空港、中部国際空港、東京国際空港、瀬戸大橋などの様々な国家プロジェクトに参入している。財務体質は非常に強固であり、自己資本比率は60%以上。永年にわたり無借金経営を貫いている。
2050,|決算期3月|主要株主|主要子会社|関係する人物|外部リンクhttp:www.iwata-gr.co.jp公式ウェブサイト|特記事項}}'''岩田地崎建設株式会社'''（いわたちざきけんせつ、''IWATACHIZAKIINC.''）は、日本の建設会社。北海道札幌市中央区(札幌市)|中央区北2条東17丁目に本社を置く道内最大手のゼネコン#主要地方ゼネコン|地方ゼネコン。
2050,File:IBM-Yamato-Facility1.jpg|thumb|right|250px|三機大和ビル（旧・IBM大和事業所）空気調和設備、給排水衛生設備、電気設備、厨房設備、水処理施設、原子力関連施設、防災設備等の請負工事を行う。三井物産|三井物産機械部を母体として独立した三井系企業。東芝キヤリア#日本における法人および合弁企業|東洋キヤリア現・東芝キヤリア、新日本空調の設立等にも関わるが、現在は資本関係は無い。
2050,石油精製、石油化学、肥料製造などの大規模プラントの設計、購買、建設一括請負（Engineering、Procurement、Constructionの頭文字を取ってEPCと称する）業務で国内外に多くの実績を持つ、三井系のエンジニアリング会社。化学会社のプラント部門が独立した経緯から、エチレンプラントや肥料プラントの建設に強みを持つ。日揮、千代田化工建設と併せて「エンジニアリング御三家|エンジニアリング専業三社」と呼ばれる。
2050,建築が主力事業であり、その他、土木工学|土木事業も手がけ、鉄道関連工事においては独自技術を有する。住宅等中規模木造建設事業も手がけており、東京急行電鉄|東急電鉄の地盤を生かし渋谷や南町田などで都市開発を行う。
2050,*本社-静岡県三島市八反畑117番地の1*主要取引銀行**静岡銀行、三島信用金庫*許認可等**建設業許可静岡県知事許可（特-31）第36627号br　（建築、大工、左官、とび・土工、石、屋根、タイル・れんが・ブロック、鋼構造物、鉄筋、板金、ガラス、塗装、防水、内装仕上、熱絶縁、建具、解体　工事業）**建設業許可静岡県知事許可（般-28）第36627号br　（土木、舗装、水道施設　工事業）**宅地建物取引業免許静岡県知事免許（2）第13332号**一級建築士事務所登録静岡県知事登録（2）第7202号**ISO9001：2015認証**ZEHビルダー登録
2050,元々は別子銅山の公害対策の植林事業から派生して創業した企業である。住友グループ|住友グループ広報委員会にも参加している。木を中心に、川上から川下に至るまでの事業を展開している点に特徴がある。川上の山林事業では、日本の国土の900分の1(46444ha)に達する山林を保有して林業を営んでおり別子フォレスタハウス掲示物、国内有数の土地所有者でもある。川中の木材・建材流通事業と川下の木造注文住宅事業では、それぞれ国内首位の売上高を誇る。住友グループで競合している住友不動産とは一定の距離を置いている。
2050,石油精製・石油化学プラント、タンク、非鉄金属、新エネルギーを事業分野とし、各種建設工事・保全工事の設計、施工、施工監理および受託業務等を行っている。1967年(昭和42年)創業。日本石油・三菱石油・日本鉱業および鹿島石油の工務部門や、甲陽建設工業、JOMOエンタープライズの各社を前身とする。
2050,同社は、大東建託が設立した'''大東建設'''と国際興業グループだった日本電建をルーツとする'''大東住宅'''が2004年に合併した。br旧日本電建時代からの土地活用の都市型複合ビル「アーバンルネサンス」シリーズをはじめ、木造住宅、賃貸マンションなどの経営を行っている。brなお、プロゴルファーの青木功は日本電建時代に所属していたことがあり、TVCMにも出演経験がある。
2050,1924年に創業した、青森県の土木・建築会社の名門であるnamenkbp150810{{Citeweb|author宇賀神宰司|date2015-08-06|urlhttp:business.nikkeibp.co.jpatclopinion15221102080400040|title勃興する「地方の虎」|work日経ビジネスオンライン|publisher日経BP社|accessdate2015-08-10}}。1993年に工事完工高が県1位になるなど、青森県の建設会社では業界最大手に位置づけられていたが、公共工事の削減によって2000年代から業績が悪化し、2006年には事業を継続するかどうかまで追い詰められたnamenkbp150810。2006年夏、株主総会の席で常務取締役であった田名部智之が志願し、31歳で4代目社長に就任namenkbp150810。リストラをせず、外注業務の内製化によって土木事業の収益性を回復したnamenkbp150810。その後、住宅、不動産業、メガソーラー事業、農業、畜産、福祉の多角化、東京・仙台進出を進め、2017年10月「日刊建設青森」完成工事髙発表によると総合建設業順位青森県内「3位」本社所在地八戸市内「１位」まで回復したnamenkbp150810。創業者：田名部政次郎　2代：田名部匡省　３代：田名部政志　４代：田名部智之
2050,"1976年に「東名商事株式会社」として設立され、「東名リース建設」を経て現社名となる。当初は貸店舗建設中心の企業であったが、その後賃貸アパート・賃貸マンションの建設に転換した。土地所有者向けのアパート・マンション経営代行サービスに加え、「ホームメイト」のブランド名で入居仲介サービスのチェーンも展開している。これら主力事業のほか、グループ会社に住宅設備機器メーカーのナスラック、子会社にゴルフ場関連事業を抱え、2003年には三重県多度町（現在の桑名市）にある多度カントリーを買収し、「東建多度カントリークラブ・名古屋」とした他、岐阜県可児市にある富士カントリー塩河倶楽部の買収で「東建塩河カントリー倶楽部」として運営している。また、2017年には本社ビル1階に「刀剣コレクションルーム名古屋・丸の内」を開館したほか、建設中の栄タワーヒルズ（2019年竣工予定）に「名古屋刀剣ワールド」（刀剣美術館）を開設予定であるname\""刀剣\""{{Citeweb|date2017-08-02|urlhttps:mainichi.jparticles20170802ddlk23040182000c|title本社１階に甲冑や刀剣５７点　名古屋・入館無料　愛知|publisher毎日新聞|accessdate2017-08-27}}。"
2050,神社寺院|仏閣建築の設計・施工、城郭や文化財建造物の復元や修理等を主に手がけている。旧来からの伝統的な建築を得意分野としてきたが、神社仏閣にもコンクリート建築が増加したことにより大手ゼネコンとの価格競争に巻き込まれた結果、売上の減少や資金繰りの悪化により経営危機に見舞われたため高松建設|髙松建設が支援を行った。2005年11月に、同社が設立した受け皿会社（以下「新・金剛組」）に主力の寺社建築事業を譲渡するとともに、従業員の大半も新・金剛組へ転籍した。現在は本業の宮大工に立ち戻り、100人以上の宮大工を抱えている。
2050,かつては木造住宅の大手で、太平住宅・日本電建とともに「割賦販売|割賦三社」と呼ばれていた。高級住宅ブランド「'''ホーメスト'''」を手掛け、CMの「'''ホーム、ホーマー、ホーメスト'''」のキャッチフレーズで知られた。その手法は、タマホームが引き継いでいる。倒産|経営破綻する前は三和グループのメンバーであり三和系企業で設立されたみどり会のメンバーだったがhttps:web.archive.orgweb20000510211428http:www.midorikai.co.jpmember.html2000年5月10日現在のみどり会のメンバー会社一覧、2002年に経営破綻し新築住宅事業をペイントハウス（後のティエムシー）の子会社に譲渡。現在は首都圏(日本)|首都圏及び東海地方|東海・近畿地方|関西においてリフォーム事業を手がけている。
2050,*設立1937年（昭和12年）8月25日*代表者代表取締役社長芝一治*資本金10億1000万円*本社所在地東京都中央区(東京都)|中央区京橋2丁目
2050,1935年（昭和10年）4月創業。当時の商号はスラッグウール工業所であったが、1998年（平成10年）、大紀熱工業株式会社との合併を機に新日本熱学株式会社と社名変更した。事業としては保温・保冷工事、鉄工・配管・機械器具設置工事などを行う。特徴として、断熱工事と鉄工工事を両方とも手掛けることが挙げられる。
2050,建築を主体事業とする三菱東京UFJ銀行|三菱UFJ系の企業。歴史的建造物など太平洋戦争|戦前から官公庁関連や大学関連に数多くの実績を持ち、特に医療・福祉関連施設を多く手掛けている公式サイトの実績紹介でも「医療・福祉施設」が先頭に表示されている。同じく土木を主体とする、準大手ゼネコンの西松建設（みずほグループ|みずほ系）と技術提携を結んでいる。もっとも大きな特徴として堅実経営が挙げられ、ゼネコン屈指の強固な財務体質を備える。自己資本比率35.8%と、業界トップレベルの安定性を持ち、有利子負債を上回る預金を持っており、事実上の稀有な無借金ゼネコンでもある。こういった良好な財務体質から、R&I（格付け投資情報センター）等の格付けにおいて、大手ゼネコンに並ぶA-に位置づけられるなど、社会的な信用・評価は高い。バブル崩壊の折にもその堅実経営により金融支援を受けていないことから、三井住友建設や長谷工コーポレーション等の金融支援を受けた準大手Bゼネコンと区別され、西松建設や前田建設工業等とともに準大手Aに分類されている。他の特徴として、*平均勤続年数が21.9年（2008年3月時点）であり、全産業中10位、業界2位と上位に位する。（「働きやすい会社2008」（日本経済新聞社）による）*一級建築士を保有する社員数が約1200人（2008年3月時点）であり、全社員の約30%（建築社員の約40%）と、業界トップクラスの水準。等があげられる。
2050,2014年3月6日、GIグループの中古不動産事業部門のリフォーム・リノベーション専業事業会社として創業。各地の大型商業施設に、リフォーム後の住まい展示を行うショールームスペースと相談カウンターを併設した店舗「リフォームステーション」を展開。ユニークなテレビコマーシャルを2017年10月から2018年11月まで放送していた。
2050,"ublisher村本建設|accessdate2015年8月2日}}、日本の建設業|建設会社、「中堅ゼネコン」のひとつname\""am20040602\""{{Citenews|newspaper朝日新聞・朝刊・奈良|title原点の奈良「大事に」村本建設、2社分割で再出発|date2004年6月2日|page22|quote約5千億円の負債を抱えて93年に倒産し、会社更生中だった村本建設（本社・大阪市、登記上の本店は広陵町）が新たな一歩を踏み出した。1日付で、事業に専念する「村本建設」と、債務を返済する更生会社「村本資産管理」に分割され、…村本建設は1908年、「村本組」として同町で創業。県内の公共事業や民間工事の受注で強さを発揮し、中堅ゼネコンに成長した。バブル期にマンションやゴルフ場の投資に失敗。95年に19年間で債務を返済する更生計画が決まったが、今年3月に2社に分割して繰り上げ返済する変更計画案が認可された。}}-聞蔵IIビジュアルにて閲覧name\""ae20090317\""{{Citenews|newspaper朝日新聞・夕刊|title2億円所得隠し、村本建設に指摘大阪国税局|date2009年3月17日|page12|quote中堅ゼネコン「村本建設」（大阪市中央区）が大阪国税局の税務調査を受け、07年5月期までの3年間で約2億円の所得隠しを指摘された。「地元対策」などの名目の支出が経費と認められなかったとされる。...信用調査会社によると、同社は93年、5千億円超の負債を抱えて倒産したが、会社更生手続きを経て04年に再出発。08年5月期の売り上げは614億円。}}-聞蔵IIビジュアルにて閲覧。"
2050,1940年、福岡県飯塚市において木材商として創業した溝江建設がその発祥である。1957年に住宅開発部を設立し、住宅部門に進出。その後は本格木造注文住宅の『みぞえ住宅』の名で親しまれてきた。「しっかりした造りやねー」「あたしが造ったと」のコマーシャルメッセージ|福岡ローカルCMはおなじみで、創業者である故・溝江スヱコの「そりゃー、女やけん細かい所に気が付きますと」の声は今も多くの人の記憶に残っているhttps:www.fukuoka-keizai.co.jpfeatureみぞえグループ建設・住宅・アミューズメントを軸にお客様から喜ばれる企業へみぞえグループ（ふくおか経済Web）-2019年5月1日閲覧。1979年に関連会社・イクティスを創業するとともにレジャー・アミューズメント事業が本格化していく。さらに1987年には現在の溝江建設に商号を変更。住宅部門、建設・土木部門を軸とした総合建設業への指針を示した。今日では建設・土木、不動産、木造注文住宅、レジャー、都市再開発などへと業容を拡大。福岡県での地場トップクラスの総合建設企業グループとして地元・福岡に密着している。
2050,高層鉄筋コンクリート造構法システムや南海辰村建設免震構法などの独自の技術を有する。また、外断熱工法に力を注いでいる。岸和田発祥のゼネコンで岩出建設、才門建設とともに泉州名産である玉葱を評してタマネギJVと呼ばれていた。*本社:大阪市浪速区難波中3丁目5番19号(南海浪速ビル)*東京支店:東京都中央区(東京都)|中央区銀座5丁目15番1号(南海東京ビル)*和歌山営業所:和歌山市東蔵前丁3番地の6(南海和歌山ビル)*横浜営業所:横浜市中区(横浜市)|中区尾上町(横浜市)|尾上町3丁目39(尾上町ビル)
2050,"桧家住宅は、黒須新治郎（現代表取締役会長）が起業した会社（当初は株式会社東日本ニューハウス。2003年に株式会社桧家住宅に商号変更）であり、木造注文住宅の設計、施工、販売を主業とする。起業のきっかけには、黒須が20年余りに渡り住宅業界で働く中で持った業界体質への不満があるというname\""20090526nikkeibo\""「63歳で株式上場。遅咲きの経営者が「ぼらない会社」で住宅業界に反旗翻す桧家住宅会長（注文住宅メーカー）黒須新治郎」。桧家住宅の特色としては、規模により坪単価が変わることが挙げられる。通常、注文住宅は坪単価が一定であり、住宅の建坪が変わっても単価は変わらない。しかし、黒須は:「建材費は建坪に比例しない。建坪が大きいほど坪当たりの建材量が少なくすむ」name\""20090526nikkeibo\""として、建坪によって坪単価が変わる価格を設定したname\""20090526nikkeibo\""。また、提供する住宅の耐久性にもこだわっているという。20-30年で建て替える必要がないよう、通常よりも太い柱を使う等、頑丈な構造で施工する。それでいて、価格は大手住宅メーカーよりも安いという。価格の安さは大手住宅メーカーが工務店を間に挟んで大工等へ発注するのに対し、桧家住宅は工務店を介さず直接発注することも要因となっているname\""20090526nikkeibo\""。平成21年3月よりEM菌を擁護する出口俊一を取締役として迎えhttp:www.hinokiya-group.jpprofileoutline.htmlヒノキヤグループ企業概要、また女流棋士の中村桃子(将棋)|中村桃子がパート社員として勤務している。"
2050,"*1968年設立。*本社：兵庫県西宮市甲子園浦風町16番24号（阪神甲子園駅西方高架下）*支店：大阪支店（クリエイティブ阪急事業部、大阪府吹田市）、神戸支店（兵庫県神戸市中央区(神戸市)|中央区）、東京支店（東京都品川区）*主な業務：阪神甲子園球場、阪神鳴尾浜球場、兵庫県立明石公園第一野球場、名古屋市瑞穂公園陸上競技場、甲子園テニスコートなど、スポーツ施設の芝生管理。公園や施設の都市緑化活動。**阪神甲子園球場（阪神タイガース主催ゲーム・高校野球大会におけるグラウンド整備は同社が請け負っている）**東北楽天ゴールデンイーグルスの本拠地・宮城球場（楽天生命パーク宮城）の内外野グラウンドに天然芝を敷設した2016年には、マウンドおよび土のエリアを整備・管理するノウハウを伝授すべく、スタッフを現地へ1年間常駐させたhttp:www.sanspo.combaseballnews20160105gol16010505020001-n1.html「阪神園芸」が楽天本拠地コボスタに神業伝授!１年間仙台に駐在（『サンケイスポーツ』2016年1月5日付記事）。京阪園芸、近鉄造園土木と同様に近畿地方における鉄道会社系造園会社の一つである（それぞれ京阪電気鉄道、近畿日本鉄道の系列企業）。阪神電気鉄道の100%完全出資子会社として、阪急・阪神経営統合に伴う阪急阪神ホールディングス発足後も、同じ鉄道会社系造園会社の1社で旧阪急電鉄系列のクリエイティブ阪急と並び立つ形で運営されていたが、2012年6月1日付で阪神園芸がクリエイティブ阪急を吸収・事業継承する形で合併したname\""creative-oshirase\""http:www.creative-hankyu.co.jppdfnews_20120427.pdf「クリエイティブ阪急からお知らせがあります。」{{リンク切れ|date2015年8月}}クリエイティブ阪急から出された阪神園芸との合併に関するプレスリリース。2012年4月27日発表・2012年6月4日閲覧。。これに伴い、旧クリエイティブ阪急は阪神園芸大阪支店に属する「クリエイティブ阪急事業部」として新たなスタートを切っているname\""creative-oshirase\""。またこの合併に伴って、それまで阪神電気鉄道の100%出資だった阪神園芸に新たに阪急電鉄が資本参加し、10%を出資していたが、現在は阪神電気鉄道の100％出資に戻っている{{Citeweb|urlhttp:www.hanshinengei.co.jpcompany|title会社概要|publisher阪神園芸株式会社|accessdate2017-08-17}}。"
2050,*パナソニック株式会社の4社内カンパニーの1つパナソニック電工|ライフソリューションズ社（LS社）グループに属している会社である。*事業はビル・公共エリアなどを対象とした企業間取引|BtoBソリューションに特化している。*パナソニックグループの一員として、ビル・公共エリアの調光・空間演出、電気・照明・空調自動制御システム、AVセキュリティシステム、省エネシステム、太陽光発電システムや内装システムなど建物設備の提案・施工からメンテナンスまでを総合的に手がける。*取り扱う商材はライフソリューションズ社製品のみならず、コネクティッドソリューションズ社製品や、他社製品など多岐にわたる。*パナソニック製品を中心とした建物設備の施工（電気工事など）を行なっているため、業種は建設業にあたる。*パナソニックの企業スローガンに加え、独自の企業スローガンとして「'''EGSATISFIND'''」（サティスファインド：Satisfaction満足＋Find発見するの造語）を掲げている。
2050,2012年度の販売戸数45098戸で国内第1位（内訳:鉄骨1万1945戸、木造4246戸、集合住宅2万8907戸）、売上高は1兆223億円で大和ハウス工業株式会社(以下、大和ハウス)に次ぐ第2位。輸送コストが北海道などに比べると割高なことを理由として、沖縄県では販売されていない。子会社には積和不動産や積水ハウスリフォームなどがある。社団法人プレハブ建築協会に加盟。みどり会・三水会の会員企業であり三和グループに属しているhttp:www.midorikai.co.jpmember.htmlメンバー会社一覧-みどり会https:doors.doshisha.ac.jpduarrepositoryir1598117064050004.pdf六大企業集団の無機能化-同志社大学学術情報検索システム内にあるPortableDocumentFormat|PDFファイル。筆者は経済学者の田中彰。と同時に大輪会の会員企業であるhttp:izumisano-kyuryo.jpdairinkai大輪会（だいりんかい）とは-http:izumisano-kyuryo.jp泉佐野丘陵緑地公式サイト内のページ。。同社のコーポレートメッセージは2013年5月現在「'''SLOW&SMARTゆっくり生きてゆく、住まいの先進技術'''」（ただしテレビ朝日の提供読みは「'''SLOW&SMART、積水ハウス'''」と読む）。また広告では「'''家に帰れば、積水ハウス。'''」も使用されている。2001年より「5本の樹」計画として自生種・在来種の植栽を進めており、2013年4月現在累計植栽本数が900万本を突破した。積水ハウスのエクステリア事業の売上高は587億円(2013年1月期)であり、国内最大の造園会社である。2008年に国際事業部を設置し海外事業へ参入した。2009年のオーストラリアでの住宅事業参入を皮切りに、「シンコ・ランチ」プロジェクトにて米国への居住用不動産事業への参入も果たしている。また2012年には中国・瀋陽に鉄骨住宅生産工場が完成し、操業を開始した。日本の本格的な工業化住宅生産工場が中国に進出したのはこれが初めてである。2008年6月24日に環境省がエコファースト企業として認定。販売する全ての新築戸建住宅からの生活時の二酸化炭素排出量を1990年比で6%削減すること、次世代省エネ基準以前に施工した約50万戸の住宅の省エネリフォームを推進すること、太陽光発電や燃料電池の導入による二酸化炭素オフ住宅を推進することなどが約束された。2013年4月26日にグランフロント大阪「ナレッジキャピタル」内に、SUMUFUMULABをオープン。同時にダイアログ・イン・ザ・ダークとの共創プログラム「対話のある家」を設置。2014年6月16日に本社のある梅田スカイビルを中心とする新梅田シティが内閣総理大臣賞を受賞。この内閣総理大臣賞は公益財団法人都市緑化機構が主催する「緑の都市賞」の最上位であるhttp:www.zaikei.co.jparticle20141016218259.html　積水ハウスが新梅田シティの緑地で「内閣総理大臣賞」財経新聞、2014年10月16日。。
2050,主な事業内容は場所打ち杭基礎|杭工事であり、ビル・マンション・病院・新幹線・高架鉄道・高速自動車道・その他建築・土木の各種基礎杭及び地盤改良工事全般を主たる業務としている。ジャパンパイル、丸五基礎工業、東洋テクノと並び、場所打ち杭基礎|杭工事業界大手としてスーパーゼネコンや準大手・中堅ゼネコン、官公庁、各種公団の物件の杭工事を数多く手がけている。
2050,{{出典の明記|date2016年10月|section1}}スーパーゼネコン5社（大成建設、大林組、鹿島建設、清水建設、竹中工務店）の一角。戦前の大倉財閥の流れを汲むが、現在スーパーゼネコンでは唯一の非同族会社であり、社員が会社を買い取ったという背景から、社員の会社であるという雰囲気が強いと言われてる。また、現場に与えられる権限が比較的強いと言われる。1946年（昭和21年）に現在の社名に改名したが、創業者・大倉喜八郎の戒名「大成院殿礼本超邁鶴翁大居士」にちなむ。社名に『建設』と付けたはしりである（:en:Construction|constructionから訳出）『日本の15大財閥—現代企業のルーツをひもとく』p.160。超高層ビルやダム、橋、トンネル、地下鉄などの大規模な建築土木工事を得意としているが、一般向け住宅「パルコン」「空間王」も手がけるなど、住宅事業にも進出し、高機能性の住宅として注目を浴びている。海外受注拡大（パーム・アイランドの海底トンネル、ボスポラス海峡海底トンネル、アルマスタワー建設）に注力し、技術力とグループ力に強みを持つ。特に近年、アラブ首長国連邦において大規模な送水管建設をはじめ、積極的な事業展開を進めている。『月からも見えるやしの木型人工島』で世界的に注目されているパーム・アイランドの海底トンネル工事においては、斬新な提案が評価され、欧米の競合を退けて受注に至り、このプロジェクトにおける環境対策は地元の新聞にも大きく紹介された。マルマライトンネル|ボスポラス海峡横断鉄道トンネルはヨーロッパとアジアを結ぶ鉄道トンネルとして100年も前から計画され、トルコ人が待ち望んでいたため、注目されている。環境対策として三宅島の大量の枯損木の炭化も行い、東京都の河川事業で水質浄化材として試用が検討されている。特に土壌浄化では国内トップクラスの実績を誇る。みずほ銀行系（芙蓉グループ：旧富士銀行系）。1992年（平成4年）頃から現在まで、広告やコマーシャルメッセージ|コマーシャルで「'''地図に残る仕事。'''」というキャッチコピーを使用している。File:Ho-o-den.jpg|thumb|日本土木会社の揃いの法被を着た職人たち。シカゴ万国博覧会(1893年)の日本館「鳳凰殿」を作った。
2050,石油精製、石油化学、天然ガス液化などの大規模プラントの設計、調達、建設一括請負（Engineering、Procurement、Constructionの頭文字をとってEPCと称する）業務で国内外に多くの実績を持つ。日揮、東洋エンジニアリングと併せて「エンジニアリング御三家」と呼ばれる。当初は独立色が強かったが、バブル崩壊後に一度経営が傾き、長らくの間三菱グループやアメリカ合衆国|米ケロッグ・ブラウン・アンド・ルート(KBR)社の支援を受けて再建、再び民族系のエンジニアリング会社となり現在に至る。（この関係から実質、三菱グループの一員扱いとなっている）。
2050,大手鉄鋼メーカー日本製鉄傘下の建設業者・日鉄エンジニアリングが出資する企業である。日鉄エンジニアリングが行う海底油田|海底石油・天然ガス生産施設（石油プラットフォーム|プラットフォームや海底パイプライン輸送|パイプライン）の建設工事を行う建設業者。
2050,合併自体みずほ銀行主導で行われており、みずほ銀行系列のゼネコンとなっている。ちなみにみずほ銀行の前身である第一勧業銀行本店ビルも同社の前身である安藤建設と間組の両社が施工に携わっている。伊藤忠商事との関係も深く、同社関連の建設工事を受注することも多い。というのも、同社はみずほグループの一員で、また青山の伊藤忠商事東京本社ビルの横にかつて間組が本社を構えていたからである。そのため、安藤ハザマ（間組）が同社の伊藤忠商事東京本社ビル|本社ビルや日吉独身寮の建設を1社単独で手がけ、またアルジェリア東西高速道路|アルジェリア政府が発注した高速道路の建設工事では、鹿島建設や安藤ハザマといったゼネコンだけではなく、伊藤忠商事も共に共同企業体|JV(共同企業体)に参加し、これを受注した。凸版印刷関連施設の工事を請け負うことも多い。凸版印刷|本社ビルや印刷博物館|トッパン小石川ビルなど同社の主要施設の建設の多くを安藤建設が従来より長く1社またはJVで請け負ってきたためである。そのため同社のみでは建設できない規模のビルであるトッパンフォームズビルも鹿島建設とJV(共同企業体)を結成することで建設した。本社は東京都港区赤坂。東亜建設工業と業務提携を、西武建設と事業提携関係を結んでいる。
2050,"かつてバブル景気期に大規模なリゾート開発を行う不動産グループ企業の親会社として名を馳せた。バブル期には北海道拓殖銀行から積極的な支援を受け事業を進めたが、バブル崩壊に伴い1000億円超ともいわれる多額の不良債権を抱えた。この不良債権は1997年の北海道拓殖銀行の経営破綻の一因となっている。バブル崩壊後も事業を継続していたが、2008年の事業報告書によると売上高は1200万円、一方、未処理損失額は約4000億円にのぼっていた。2013年2月28日に臨時株主総会が開かれ、会社解散を決議したname\""tdb\""{{citenews|titleカブトデコム、株主総会で解散決議　負債5061億円|author|agency|newspaper日本経済新聞|date2013-2-28|urlhttp:www.nikkei.comarticleDGXNASFS2802R_Y3A220C1EE8000|accessdate2013-11-19}}{{citenews|title「バブルの象徴」幕引き、カブトデコム解散　参加株主は十数人|author|agency|newspaper日本経済新聞|date2013-3-1|urlhttp:www.nikkei.comarticleDGXNASFC2800G_Y3A220C1L41000|accessdate2013-11-19}}。同年4月25日、札幌地方裁判所より特別清算開始決定を受けたhttp:www.tdb.co.jptosansyosai3773.html元・建設、不動産業【続報】カブトデコム株式会社特別清算開始決定受ける帝国データバンク2013年4月30日{{リンク切れ|date2013年11月}}{{citenews|titleカブトデコム、特別清算の開始決定|author|agency|newspaper日本経済新聞|date2013-4-30|urlhttp:www.nikkei.comarticleDGXNASDD3005C_Q3A430C1TJ1000|accessdate2013-11-19}}。"
2050,"永井昭四郎が創業した。アーバンエステートとしての創業は2002年だが、それ以前に鹿島興産、アイホーム、アイプラン、ハウスエステート、ランドクリエート、タウンエステートなどの名称で頻繁な法人解散、法人設立の歴史を経ていたname\""wjn20110124\""{{Citeweb|titleアーバンエステート注文住宅販売詐欺事件“選バツ”美人OL「夜のセクハラ奉仕」(1)|urlhttp:wjn.jparticledetail6025769|publisher週刊実話|date2011-01-24|accessdate2018-01-06}}。業界後発組ながら、後述するテレビコマーシャルの大量出稿と、営業部員に若手女性を多く採用することname\""wjn20110124\""などで認知度を高め、2003年12月期に約8億1900万円だった売上高は、2007年同期には約64億9300万円にまで急成長したname\""tdb\""name\""wjn20110124\""。しかし性急な拡張と莫大な広告宣伝費、構造計算書偽造問題による監視強化、世界金融危機(2007年-)|金融不況等によって自転車操業に陥り、支払いの遅延が多発した。2009年3月24日、東京地方裁判所に民事再生法適用を申請したが、経営上の混乱や債務超過額の大きさから却下されたため、同年3月30日に自己破産を申請しname\""tdb\""、4月3日付で倒産したname\""official-after-bankruptcy\""。負債総額は約54億8000万円name\""tdb\""。"
2050,"1988年10月に設立。2009年に東証1部上場企業の老舗企業である勝村建設を吸収合併するなど、経営破綻した建設会社を買収していったname\""tsr20181120\""。国土交通省などの省庁や埼玉県、東日本高速道路株式会社などからの受注を主としていた。PC構造物の製造主力工場として、埼玉本庄工場を稼働させていた。昨今は東日本大震災の復興工事に力を入れており、本業であった橋梁工事は下火であった。東京都が発注した「平成28年度中潮橋撤去工事」において、京浜港長の許可を受けずに港内で工事を行った期間があった事が発覚。東京地方検察庁は2018年3月14日にエム・テックと現場代理人を港則法違反で起訴したhttp:www.mtec-con.co.jp?p1265コンプライアンス違反についてエム・テック2018年9月14日。この影響で、エム・テックは多くの自治体から指名停止処分を受け、新規の公共工事の受注を受けることが不可能となった。このため、2018年10月1日に東京地方裁判所に民事再生法を申請、同日付で保全命令を受けたhttp:www.tsr-net.co.jpnewstsr20181001_01.htmlTSR速報（株）エム・テック東京商工リサーチ2018年10月1日http:www.mtec-con.co.jp?p1289弊社の民事再生手続の申立についてエム・テック2018年10月3日。2018年10月4日に開催された債権者説明会が開かれ、株式会社冨士工が民事再生スポンサーになることが決定した。一方で創業者は債権者説明会には出席しなかった他、粉飾決算を行っていた疑いがあるというhttp:www.tsr-net.co.jpnewsanalysis20181005_01.htmlデータを読むエム・テックの債権者説明会、創業者は出席せず　一部で怒号も東京商工リサーチ2018年10月5日。2018年10月5日に東京地方裁判所から民事再生手続開始決定を受けたがhttp:www.mtec-con.co.jp?p1321再生手続開始決定のお知らせエム・テック2018年10月5日http:www.tdb.co.jptosansyosai4504.html倒産・動向速報記事株式会社エム・テック帝国データバンク2018年10月4日、冨士工とのスポンサー交渉が不調に終わったため、同年10月22日に東京地方裁判所から民事再生手続廃止決定を受けたと同時に、全国88箇所の工事契約は全て解除されたhttp:www.mtec-con.co.jp?p1543弊社の民事再生手続廃止並びに保全管理及び包括的禁止命令の発令についてエム・テック2018年10月22日http:www.mtec-con.co.jp?p1529保全管理及び包括的禁止命令の発令のお知らせエム・テック2018年10月22日http:www.tsr-net.co.jpnewstsr20181022_01.htmlTSR速報（株）エム・テック東京商工リサーチ2018年10月22日http:www.tdb.co.jptosansyosai4509.html倒産・動向速報記事株式会社エム・テック帝国データバンク2018年10月22日name\""tdb20181120\""http:www.tdb.co.jptosansyosai4525.html倒産・動向速報記事株式会社エム・テック帝国データバンク2018年11月20日。そして同年11月20日に東京地方裁判所から破産手続開始決定を受けたname\""tsr20181120\""name\""tdb20181120\""http:www.mtec-con.co.jp?p1589破産手続開始通知書エム・テック破産管財人2018年11月20日http:www.mtec-con.co.jp?p1604破産管財人からのお知らせエム・テック破産管財人2018年11月20日。"
2050,ピーク時の1991年には完工高が165億円に達したが、その後業績が伸び悩み、完工高が約80億円前後に減少。2007年の建築基準法改正以降、受注が減少して資金繰りが悪化し、2008年8月に大分地方裁判所に民事再生法の適用を申し立てたhttp:www.oita-press.co.jplocalNews2008_12180695314.html後藤組再生手続き負債総額73億円大分合同新聞、2008年8月7日。2008年8月時点での完工高は大分県内で第5位であったhttp:www.oita-press.co.jplocalNews2008_121815991669.html3重苦の建設業界後藤組の民事再生大分合同新聞、2008年8月8日。民事再生法の適用申請後は営業を続けながら再建を目指し、2012年9月には民事再生手続が終結したが、その後は競合激化等のために売上高が減少し、財務が悪化して特定建設業許可の更新ができない状態となるとともに、2014年6月30日が期限の再生債権の決済の見通しが立たなかったため、2014年7月1日に自己破産を申請したhttp:www.tdb.co.jptosansyosai3938.html大型倒産速報土木建築工事株式会社後藤組自己破産を申請負債41億7500万円帝国データバンク、2014年7月1日。
2050,"社名のベネック（BENEC）は、\""'''Be'''st'''Ne'''w'''C'''reation\""（最善を求め、新しい価値を創造する）という意味。1938年（昭和13年）創業。1996年6月期の売上高は766億円で、一時は大分県で最大のゼネコンであった。しかし、公共事業の減少などのため経営が悪化し、2006年（平成18年）に企業再生ファンドのネクスト・キャピタル・パートナーズの支援のもと再生計画を策定。2007年（平成19年）1月11日に旧さとうベネックの事業のうち、土木・建築部門を移管（開発・不動産部門のみが旧さとうベネックに残る）した新会社、ネクスト・ベネックを設立し、同3月1日にさとうベネックに社名変更した。その後、業績は回復し、2011年6月期の売上高は103億円と、大分県のゼネコンで3位となった。ネクスト・キャピタル・パートナーズは再生の目途が付いたとして、2012年（平成24年）2月にSMBC日興証券をアドバイザーにして、福岡県福岡市の不動産業ダイセンビルディング株式会社（代表：大川義廣）に全株式を売却、その際ダイセンビルディングは親族の大川絵里やアドバイザーであった白取聡哉等4人の役員を派遣、その後も多数の役員を送り込み、新たな経営体制とした。しかし、ダイセンビルディングが調達した買収資金のリファイナンスが難航。さとうベネックの資産から買収資金を返済したことなどから資金繰りが悪化。2012年8月20日に1回目の不渡りを出し、9月7日に東京地方裁判所に民事再生法の適用を申請したが{{Citenews|urlhttp:www.e-obs.comobs-newsgenkoDD09070020967.html|titleさとうベネック民事再生法の適用申請|newspaperOBSニュース|publisher大分放送|date2012年9月7日|archiveurlhttps:web.archive.orgweb20120913192129http:www.e-obs.comobs-newsgenkoDD09070020967.html|archivedate2012年9月13日}}{{Citeweb|urlhttp:biz-journal.jp201209post_651.html|title倒産予備軍はこの企業『危ない300社リスト』最新版が発表|workビジネスジャーナル|publisherサイゾー|date2012年9月7日|accessdate2013年5月10日}}{{Citenews|urlhttp:www.oita-press.co.jplocalNews2012_134706676514.html|titleさとうベネック再生申し立て|newspaperoita-press|publisher大分合同新聞社|date2012年9月8日|archiveurlhttps:web.archive.orgweb20120918092000http:www.oita-press.co.jplocalNews2012_134706676514.html|archivedate2012年9月18日|deadlinkdate2018年3月}}、10月9日に民事再生手続の廃止が決定され、11月2日に破産手続開始の決定|破産手続の開始が決定された。負債総額は約44億2900万円{{Citenews|urlhttp:sankei.jp.msn.comeconomynews121102biz12110215080014-n1.htm|title大分の総合建設業、さとうベネックが破産負債44億円|newspaperMSN産経ニュース|publisher産経デジタル|date2012年11月2日|archiveurlhttps:web.archive.orgweb20121102122258http:sankei.jp.msn.comeconomynews121102biz12110215080014-n1.htm|archivedate2012年11月2日|deadlinkdate2018年3月}}http:www.tsr-net.co.jpnewsflash1222904_1588.htmlTSR速報(株)さとうベネック東京商工リサーチ2012年11月2日。その後、さとうベネック(大分市)の債権者48社が、会社法特別背任の疑いで同社代表の大川義廣を、特別捜査部|東京地検特捜部に刑事告発した。2017年（平成29年）2月22日に東京地方裁判所|東京地裁で開かれた第一審判決で、裁判長は大川義廣に対し約3億2000万円の賠償を命じる判決を下したhttp:www.data-max.co.jp290223_dm1305さとうベネック元社長に３億2000万円の賠償命令NetIBNews2017年2月23日。2007年7月に大分市舞鶴町にあった旧本社ビルを売却しており、2008年4月に新しいビルに移転するまでの間、2階建てのプレハブを本社ビルとしていた。また、本社のほか、東京支社、九州支社（福岡市）、大分支店に加え、熊本、高松、広島に営業所、宮崎、鹿児島に出張所を有していた。"
2050,1871年（明治3年）12月1日に創業した、大分県内で最も歴史のある建設会社であった{{citeweb|urlhttp:www.hanadagumi.com|title竹田市豊肥地区の建設会社株式会社花田組|publisher株式会社花田組|archiveurlhttps:web.archive.orgweb20110204170955http:hanadagumi.com|archivedate2011-02-04|accessdate2019-03-05}}。その歴史は江戸時代にまでさかのぼる。創業者花田幾太郎の兄の幸政治郎は、岡藩の領地であった豊後国大分郡三佐（現在の大分市三佐）の大工の棟梁で、80名の大工を抱え、後には苗字帯刀を許され、岡藩の総棟梁を務めた{{citeweb|urlhttps:www.city.oita.oita.jpo054machizukuridocumentsmisarekisimap2.pdf|title三佐校区歴史マップ|publisher大分市|formatPDF|accessdate2019-03-05}}{{citeweb|urlhttps:www.city.oita.oita.jpo169documentsrekimachihagiwaraturusaki.pdf|title大分市歴史的風致維持向上計画第2章大分市の維持・向上すべき歴史的風致|publisher大分市|formatPDF|accessdate2019-03-05}}。幾太郎は兄の政治郎とともに働き、大工の技術を身につけた。幾太郎は竹田の名家花田家の養子となって花田姓を名乗り、花田組を創業。以来、花田組の棟梁・代表取締役は代々花田幾太郎を襲名している。公共事業の減少などによる業績不振のため、2013年（平成25年）4月1日に事業を停止し、4月2日に大分地方裁判所竹田支部より破産手続きの開始決定を受けた{{citenews|title（株）花田組（竹田市）破産開始決定|workJC-NET|urlhttp:n-seikei.jp201304post-15127.html|date2013-04-05}}{{citenews|title花田組が破産申請へ、負債総額1億5000万円大分県竹田市：倒産情報：九州経済|newspaper西日本新聞経済電子版|urlhttp:qbiz.jparticle150201|date2013-04-02}}{{citenews|urlhttp:mainichi.jpareaoitanews20130402ddlk44020586000c.html|title花田組：老舗建設会社が自己破産へ大分|newspaper毎日新聞|date2013-04-02|archiveurlhttp:archive.foX9XSm|archivedate2011-02-04}}{{citeweb|urlhttps:www.p.oita.jpuploadedattachment180215.pdf|titleお知らせ産業廃棄物処理業者に対する行政処分について|publisher大分県|accessdate2019-03-05}}。
2050,2004年（平成16年）9月28日、大阪証券取引所|大証2部上場の広島県を地盤とする建設設計会社・株式会社塩見の株式移転により完全親会社として設立。建設総合建設コンサルタント|コンサルタントグループを目指して積極的なM&Aを行い、2008年（平成20年）3月期末には設計、建設、建材事業などを核とする連結子会社23社を抱える企業グループに拡大した。しかし、世界金融危機(2007年-)|世界金融危機に端を発する市況悪化に伴い業績が急激に悪化。拡大戦略から転換し、経営立て直しに向けて子会社や保有不動産の整理・売却を進めていたが、2012年（平成24年）5月14日に債権者から破産を申し立てられ、同年7月18日に東京地方裁判所から破産手続開始決定を受けたhttp:www.tsr-net.co.jpnewsflash1220782_1588.htmlTSR速報（株）塩見ホールディングス東京商工リサーチ2012年7月25日。
2050,一代一事業という豊田家のモットーに則り豊田章一郎（現トヨタ自動車名誉会長）の発案で、1975年（昭和50年）トヨタ自動車（当時はトヨタ自動車工業）で建売住宅・マンション分譲を中心としたデベロッパー(開発業者)|不動産開発部門と注文住宅部門を興した。「自動車で養ったノウハウを活用した工業化住宅」（いわゆるプレハブ住宅の効率生産）をうたい文句に展開したものの、長年に亘り赤字が続いたため一時は存続が懸念されたが、地元愛知県を中心に販売力を着実に強め、黒字転換したのを機に2003年（平成15年）に注文住宅部門を分社化し、ハウスメーカーとなった。トヨタグループに属し、トヨタグループ内では「'''THC'''」の略称で表記される。2005年（平成17年）に不良債権問題のため産業再生機構案件となったミサワホームの支援スポンサーにトヨタ自動車が内定し、2006年（平成18年）3月にトヨタ自動車・当社・野村プリンシパル・ファイナンスがミサワホームの出資を引き受けた。以降、ミサワホームの技術提携や共同分譲を開始し、一層のシェア拡大を目指している。2006年（平成18年）度の住宅販売戸数が、創業以来初となる5000戸突破を達成。2010年（平成22年）10月1日をもって、トヨタ自動車の住宅事業（デベロッパー(開発業者)|デベロッパー部門）を統合した。2013年（平成25年）リフォーム事業の新会社「トヨタホームリフォーム株式会社」を設立。2015年（平成27年）トヨタすまいるライフ株式会社リフォーム部門とトヨタホームリフォーム株式会社が事業統合した。2016年（平成28年）ミサワホームを連結子会社化。
2050,*本社:〒862-0976熊本市九品寺6丁目2-19*福岡支店:〒814-0175福岡市早良区田村7丁目14-90*住宅事業部（タタラハイホーム）:〒862-0935熊本市御領1丁目6-42*展示場**光の森|光の森総合住宅展示場**テレビ熊本|TKU住宅展示場・住まいランド**TKU八代住宅展示場**イトーピア彩都室見が丘住宅展示場*各種許可等**国土交通大臣許可（特-9）第985号**一級建築士事務所　熊本県知事登録第8号**宅地建物取引業許可　熊本県知事（6）第2450号
2050,参考にした。*『南日本新聞』南日本新聞社、2008年6月22日朝刊1面。**『http:373news.commodulespickupindex.php?storyid11408丸栄破たん債権者不安、不満訴え鹿屋で説明会』-2008年6月28日の配信記事。{{リンク切れ|date2010年1月}}*『南九州新聞』南九州新聞社、2008年6月21日、6月27日。**『http:nankyuu.commarueitousann.html鹿屋市の丸栄建設、事実上の倒産』-2008年6月21日の配信記事。{{リンク切れ|date2013年4月}}*『http:www.tdb.co.jptosansyosai2672.html建築工事丸栄建設株式会社事業停止、自己破産申請へ負債30億円-大型倒産速報』帝国データバンク、2008年6月23日。{{リンク切れ|date2010年1月}}*『http:www.tdb.co.jptosansyosai2678.html建築工事続報丸栄建設株式会社自己破産を申請負債84億9000万円-大型倒産速報』帝国データバンク、2008年6月27日。{{リンク切れ|date2010年1月}}*『https:web.archive.orgweb20081201050256http:www.tdb.co.jptosansyosai2726.html不動産賃貸、管理株式会社イリアス自己破産を申請負債48億円』帝国データバンク、2008年8月8日。（2008年12月1日時点のインターネットアーカイブ|アーカイブ）*『https:web.archive.orgweb20080628044614http:www.tsr-net.co.jpnewsokuho1178446_717.html破産手続開始申立へ』東京商工リサーチ、2008年6月24日。（2008年6月28日時点のインターネットアーカイブ|アーカイブ）*『https:web.archive.orgweb20100703135751http:news.ktstv.nete4508.html丸栄建設倒産』鹿児島テレビ放送、2008年6月21日。（2010年7月3日時点のインターネットアーカイブ|アーカイブ）
2050,1947年2月設立、1961年10月東京証券取引所に上場（株価コード1817）、2005年9月に民事再生手続開始の申立てを決議、2005年10月30日をもって上場廃止。2006年7月18日に夢真ホールディングス（株価コード2362、ヘラクレス）が勝村建設をスポンサードし、完全子会社化した。しかし、夢真ホールディングスはわずか8か月後の2007年3月末日に勝村建設の全株を売却すると発表し、同日にさくらグローバルマネジメント（非上場、ファンド事業）に売却した。勝村建設は新体制を発表し、代表取締役に元HSBCのMDである山田一二が就任し、建設に金融（ファンド）を取り入れた新たな試みが始まった。2007年9月、さくらグローバルマネージメントは、米国ファンドのD.B.Zwirnに勝村建設の株式100％を売却した。D.B.Zファンドは51億ドル以上の運用をおこなっている世界的規模のファンド。
2050,武田信玄や武田勝頼に仕えた武田遺臣系直参旗本（江戸期大谷口周辺支配)後継土屋匠作が大谷口(松戸市)にて宮大工として創業し神社仏閣の造営を業とする。br千葉・東京エリアを中心として、建設https:www.shinmatsudo-yamaki.combuilding有限会社山喜　建築実例集・不動産管理・売買・賃貸https:www.shinmatsudo-yamaki.comapartment2有限会社山喜　賃貸管理を業務とし、新松戸を中心にを数多くの自社物件を保有している総合不動産会社である。1978年3月に前身となる有限会社山喜商事を松戸市に設立し、2年後の1980年に新本社ビル完成と共に現在地へ移転。その後、1985年に商号を有限会社山喜へ変更する。一般向け注文住宅の施工・リフォーム・仲介・売買や賃貸住宅の提案・施工・客付け・建物管理までを行っている。営業種目は建築工事業80％で不動産仲介・賃貸が20％となっている。その他、関連会社による保険代理店業やSYSテニスクラブ（shinmatsudoyamakisports)http:www.systc.jpSYSテニスクラブ公式ホームページ(2017-)の経営などスポーツ関連事業も行っており、実業団チームも保有し第31回テニス日本リーグに出場し、千葉県初の日本リーグチームが誕生した。https:www.shinmatsudo-yamaki.com有限会社山喜公式ホームページ新松戸山喜千葉県テニス選手権大会のメインスポンサーやTOGAKUまつど女子オープンテニスの広告協賛している。https:www.shinmatsudo-yamaki.comsponsor有限会社山喜スポンサー活動*宅地建物取引業　千葉県知事（11）第5711号*建設業許可　千葉県知事許可（般28）第20504号
2050,*事業種目　　**建築一式工事・土木一式工事**とび土工・コンクリート工事、型枠工事、鉄筋工事**鍛冶工事、家屋解体工事、杭打ち抜き工事**その他建設業許可による各種工事、産業廃棄物処理業**人材派遣業*許可番号**建設業許可番号-設業　建築工事業、土木工事業、鉄筋他各種工事業大臣許可（特16）第3498号**建設業許可番号-特定建設業　建築工事業、土木工事業、鉄筋他各種工事業大臣許可（特16）第3498号*事業所**本社東京（千代田区神田）**支店東北（仙台市）**営業所（本社管轄）横浜、東関東、北関東、名古屋、いわき**　　　　（東北支店管轄）青森、秋田、岩手（盛岡市）、山形、宮城、福島（郡山市）**出張所福島浜通り、気仙沼
2050,1932年（昭和7年）、ドイツ・イギリスで建築を学んだ久米権九郎が久米建築事務所を創設。本社は東京都江東区。札幌・仙台・名古屋・大阪・福岡に支社を、横浜・沖縄に事務所を展開しており、海外では中国・ベトナムに現地法人を置いている。創設以来、デザインとエンジニアリングが統合された総合的な設計組織事務所として、社会から評価される数多くの建築物の設計を手掛けてきている。また、多様化する顧客ニーズに的確に対応するため、建築設計にかかわるすべてのサービスメニューに対応できる「トータルデザインソリューション・ファーム」として、従来の建築設計事務所という枠組みを超えたソリューションサービスを提供している。2011年には、地震災害が発生しても建築資産価値を消滅させない設計概念として、生活継続建築（LCB：LifeContinuityBuilding)という新しい概念を社会に対して提案している。
2050,1988年、神奈川県相模原市に塗装工事事業を開始。1989年に株式会社ペイントハウスとして設立。1992年からリフォーム事業を手がけ、さいでりあの新興産業(建材)|新興産業と並び、高度経済成長期に建てられ老朽化した住宅のリフォームを多く手がけた。1990年代後半からは、業績不振に陥った新興産業を抜いてリフォーム専業会社としては業界最大手となり、1999年には大分トリニータに資本参加してスポーツ事業に進出したほか、福祉事業や情報サービス事業に進出するなど、事業多角化にも意欲を見せた。2000年代に入ると、ショールームの展開を模索し、大阪府大阪市と神奈川県平塚市に住まいの百貨店|デパートを開業。2003年には総工費150億円をかけ、住まいのデパート多摩センター店（東京都多摩市）を開業させた。「リフォーム前とリフォーム後の実物の家に、見て触れて確かめられる」をコンセプトに、11棟の家を展示したガラス張りの巨大なビルであったhttp:kenplatz.nikkeibp.co.jpfafreecolumn20061218503450。さらに、経営不振に陥り民事再生法の適用を申請した殖産住宅|殖産住宅相互から新築住宅事業を譲り受け、株式会社ホーメスト（旧社、後の株式会社ティティオー）を設立するなど、住宅事業全体への事業拡大を図った。2001年には株式を店頭公開。また、テレビでも自社キャラクターや有名芸能人の出演するCMが大量に放映され、リフォームをテーマとした高視聴率番組のスポンサーにもなることで、企業としての知名度も上がった。この頃は、住まいのデパートを全国20店舗に展開し、リフォーム業界を16兆円規模に成長させ、そのうち5%の市場シェアをペイントハウスが確保することで、年商8000億円を目指していたとされている。しかし、2000年代後半に入ると経営が急速に悪化。2006年8月期で83億円の赤字を出したため、神奈川県相模原市の2つの施設と3店舗を閉鎖・売却。新築住宅事業を都内の不動産関連会社が設立した新会社である株式会社ホーメスト（新社）へ譲渡。他の事業所のほとんどを株式会社ペンタくんなどへ売却した。この結果同社は多摩センター店（東京都多摩市）1店舗（ただし、これも以前の住まいのデパートとは異なり、単なる営業所に過ぎない）を運営するのみとなる。2008年1月1日に株式会社ティエムシーに社名変更したが、2009年に業務を停止、2010年に破産が宣告された。なお、現在も営業を続けている株式会社ペンタくんは株式会社ペイントハウスおよび株式会社ティエムシーとは一切関係ない（株式会社ペンタくんは、法人格としては滋賀丸石自転車工業→丸石サイクルが社名変更したものである）。また大分トリニータの経営については、破綻後の2010年に大分県や大分市の外郭団体である大分商工会議所に譲渡された。
2050,"高級住宅ブランド「ホーメスト」を手がけていた殖産住宅相互株式会社（現・殖産住宅株式会社）が、2002年1月13日に民事再生法適用を申請して経営破綻した。経営再建策として、住宅建築事業を2002年に株式会社ペイントハウス（後の株式会社ティエムシー）へ譲渡し、「ホーメスト」ブランドはペイントハウスの一ブランドとして継続されることになり、ペイントハウスは「ホーメスト」事業を手がける新会社として、株式会社ホーメスト（旧社、後の株式会社ティティオー）を設立したname\""tsr20181127\""http:www.tsr-net.co.jpnewstsr20181127_1.html（株）ホーメスト東京商工リサーチ2018年11月27日name\""tdb20101127\""http:www.tdb.co.jptosansyosai4526.html倒産・動向速報記事株式会社ホーメスト帝国データバンク2018年11月27日。ホーメスト（旧社）は、経営不振に陥っていたことから、2006年に都内の不動産関連会社がペイントハウスから「ホーメスト」事業を買収したと同時に、「ホーメスト」事業を手がける新会社として株式会社ホーメスト（新社）を設立した。ホーメスト（新社）は、首都圏や札幌市を中心に、一般向け注文住宅はもちろんの事、相続対策や土地の有効活用提案を活用したアパートやマンションの建築、入居希望者が集まって結成した組合が事業主となり建設するコーポラティブ住宅の建築工事も手がけていた他、株式会社スマートデイズが展開していたシェアハウスの施工も手がけていたname\""tdb20101127\""。しかし、2018年にスマートデイズの経営破綻により、施工契約を結んでいたシェアハウスオーナーからの建築代金が支払われなくなった他、3月以降、下請け会社への支払いに支障を来す事態に陥っていたことから経営が悪化。このため、2018年11月27日に東京地方裁判所に破産を申請しname\""tsr20181127\""name\""tdb20101127\""http:www.tsr-net.co.jpnewsanalysis20181128_01.htmlデータを読む「かぼちゃの馬車」建築のホーメストが破産、注目されるオーナーへの訴訟の行方東京商工リサーチ2018年11月27日、同年12月3日に東京地方裁判所から破産手続開始決定を受けたname\""jc\""http:n-seikei.jp201812homest-tousan03.html（株）ホーメスト（東京）破産手続き開始決定JC.net2018年12月7日。"
2050,創業者の石橋信夫が戦時中に捕虜としてロシアに連行され、シベリアの強制収容所にて、極寒の地で過酷な労働の日々を送る。やがて帰国後に、生活する上での「衣・食・住」三要素の「住」の重要性を認識し、いついかなる時でも「すぐに建てられる丈夫な住宅」を普及させるべく、事業を開始する。社名の由来は、石橋信夫の出身地で同社の創業地である奈良県の旧令制国名の「大和国」（やまとこく）に因み、石橋の提案により「大いなる和をもって経営に当たりたい」ということから、“'''やまと'''”ではなく“'''だいわ'''”の読みにした。1959年（昭和34年）にプレハブ工法|プレハブ住宅（工業化住宅）を日本で初めて世に送り出し、住宅建設の常識を覆した。付加断熱（充填断熱と外張り断熱の併用断熱材|断熱工法）などを標準採用した「xevo」ブランドを2006年（平成18年）に発表。フレームの強度を強化などした「xevo」ブランドを新たに2007年（平成19年）に発表した。住宅（鉄骨・木質）を中心に、マンション・アパート・リゾートホテル・ビジネスホテル・ゴルフ場などを事業展開しており、{{いつ範囲|一時期|date2019年4月}}は「総合生活産業」を前面に押し出していた。2001年4月に子会社の大和団地を吸収合併した。経費削減による広告費の削減のため、1998年（平成10年）4月から翌年6月まで提供クレジットを出さないでテレビ番組内でCMを流していた時期があった。{{いつ範囲|現在|date2019年4月}}では方針転換し、「'''何でダイワハウスなんだ？'''」というキャッチフレーズでシュールなCMを展開している。二酸化炭素排出削減のための省エネルギー技術、敷地緑化や風力発電事業、排水の浄化など、環境管理に取り組んでいる。その一環として1997年から環境マネジメントの国際規格であるISO14001の認証取得に取り組んでおり、{{いつ範囲|現在|date2019年4月}}は全ての工場（全国13ヶ所）と生産関係部門が認証を取得した。2001年（平成13年）度よりエースコック（サンヨー食品|サッポロ一番グループ）に代わって、毎年正月明けに全国ネットでテレビ放送される讀賣テレビ放送|読売テレビ主催のプロ野球No.1決定戦!バトルスタジアム|プロ野球オールスタースポーツフェスティバル→2014年からはプロ野球No.1決定戦!のスポンサー|冠スポンサーを務め、企業メセナとして2006年（平成18年）4月、大阪交響楽団を支援している。企業理念は'''「事業を通じて人を育てる」'''{{efn2|この理念は長年同社と仲の良いパナソニック{{要出典|date2019年4月}}。}}。同社グループのスローガンは2001年に大和団地吸収合併後、「'''DramaticLifeForYou'''」、また2005年のCI導入にあわせて、「'''共に創る。共に生きる。WeBuildHearts.'''」が制定された。2007年（平成19年）7月に大和ハウスグループ単独でREIT（「大和ハウスリート投資法人」）を設立、2008年（平成20年）5月に東京証券取引所へ上場する予定であったが、同年6月市況の悪化に伴い上場中止を発表した。その後2012年11月28日、東京証券取引所に上場した。社団法人プレハブ建築協会に加盟。
2050,1960年（昭和35年）12月に水谷建材株式会社として設立され、1977年（昭和52年）12月に水谷建設株式会社へ社名変更した。現在国内数カ所に拠点を持つほか、グループ会社として国内に株式会社整備工場東海（本社三重県桑名市）、ブルーカーゴ株式会社（旧第一重機運輸株式会社、本社三重県桑名市）の2社と海外にシーム・ミズタニ・コンストラクション(タイ王国|タイ)、福建水谷建設工程服務有限公司（中華人民共和国|中国福建省）の2社を持つ。尚、神奈川県茅ヶ崎市に本社を置く水谷建設株式会社とは別企業である。2011年（平成23年）12月1日、大阪地方裁判所|大阪地裁に対し会社更生法|会社更生手続開始の申立てがなされ{{Citeweb|formatPDF|urlhttp:www.mizuken.co.jphozenoshirase001.pdf|title会社更生手続開始の申立てに関するお知らせ|date2011-12-02|accessdate2011-12-02|publisher水谷建設株式会社保全管理人弁護士}}、12月31日に会社更生手続き開始決定がされたhttp:www.chunichi.co.jpsarticle2012010590120525.html水谷建設、更生手続きを開始負債総額353億円中日新聞2012年1月5日。
2050,*本社広島県福山市丸之内1-4-1*倉敷支店岡山県倉敷市幸町12-15*取引金融機関:*広島銀行福山営業本部・三菱UFJ銀行福山支店2億円の私募債発行　鈴木工務店『中国新聞』1996年09月25日　中国朝刊　地経　(全144字)・伊予銀行福山支店・中国銀行(日本)|中国銀行福山支店・商工中金福山支店・しまなみ信用金庫福山営業本部・両備信用組合福山支店・中国銀行(日本)|中国銀行福山支店・もみじ銀行福山支店・日本政策金融公庫広島支店・みずほ銀行福山支店:*国土交通大臣許可（特定建設業許可-19）第2118号:*宅地建物取引業免許国土交通大臣免許:*一級建築士事務所登録広島県知事登録03-1第1105号
2050,1923年（大正12年）創業の才田組を前身とし、2006年（平成18年）に持株会社化。傘下子会社は建設事業、砕石事業を主な事業とし酒類事業、その他事業（不動産賃貸業、石油製品販売）などを行う。過去にパキスタンにおいてインダス・ハイウェイの工事を受注したことがある。
2050,大手鉄鋼メーカー日本製鉄傘下の建設業者・日鉄エンジニアリング（旧・新日鉄住金エンジニアリング）が出資する企業である。日本国内における、石油・気体|ガス等輸送用の陸上パイプラインや、上水道・工業用水道・用水路|農業用水道などの水道|水道施設の設計・製作・施工、製鉄・化学・環境・その他のプラント類の製作，据付及び補修工事を行うエンジニアリング会社。前身である'''住友金属パイプエンジ株式会社'''（すみともきんぞくパイプエンジ、英文社名''SumitomoMetalPipelineandPipingLtd.''）は、1962年（昭和37年）住金鋼管工事として設立。2005年（平成17年）住友金属工業のエネルギーエンジニアリング部門との事業統合を行い、住友金属パイプエンジとして発足。もう一方の前身である'''日鉄パイプライン株式会社'''（にってつパイプライン、英文社名''NIPPONSTEELPipelineCo.Ltd.''）は、1971年（昭和46年）日鐵海洋工事として設立。設立当初は、石油・ガス等の海洋工事が主体であったが、1987年（昭和62年）に業務主体を陸上配管建設に転換。2007年（平成19年）新日鉄エンジニアリングのパイプライン事業（国内パイプラインや水道施設の設計・製作・施工など）を承継し、日鉄パイプラインとして発足。2012年（平成24年）10月1日、新日本製鐵と住友金属工業の経営統合（新日鐵住金の発足）により、日鉄パイプラインと住友金属パイプエンジとが経営統合。新日鉄住金エンジニアリングを親会社とする'''日鉄住金パイプライン＆エンジニアリング株式会社'''（略称は'''日鉄住金P&E'''または、'''NSPE'''）として発足。2019年（平成31年）4月1日、日鉄パイプライン&エンジニアリング株式会社に社名変更。本社は親会社の日鉄エンジニアリングと同じく東京都品川区大崎(品川区)|大崎一丁目にある。
2050,大手鋼|鉄鋼メーカーの新日鐵住金（旧：新日本製鐵）が出資する企業である。電気設備・計装設備・情報通信設備の設計・施工・整備、コンピュータシステムの設計・制作・保守、設備診断機器の設計・製造・販売などを行う。事業は新日鉄の電気工事の請負が中心。本社は東京都中央区(東京都)|中央区新川(東京都中央区)|新川1丁目にある。支店は、北海道室蘭市・千葉県君津市・愛知県東海市・大阪府堺市・兵庫県姫路市・山口県光市・福岡県北九州市（八幡東区・戸畑区）・大分県大分市の新日鉄製鉄所の所在地9か所と、東京都（本社所在地）・北海道札幌市・広島県広島市の3都市に設置されている。
2050,"name\""EDINET\""。*1962年（昭和37年）4月-名古屋証券取引所2部上場name\""EDINET\""。*1971年（昭和46年）10月-東京証券取引所、大阪証券取引所各2部上場name\""EDINET\""。*1972年（昭和47年）2月-東京、大阪、名古屋各証券取引所1部上場name\""EDINET\""。*1989年（平成元年）10月1日-「'''株式会社トーエネック'''」に社名変更name\""EDINET\""。*2003年（平成15年）12月-インターネットサービスプロバイダー「i-chubu」（インターネット中部）を中部テレコミュニケーションに譲渡{{Citeweb|date2003-09-16|urlhttp:www.toenec.co.jpnews2003post-37.php|titleインターネット中部事業の営業譲渡について|publisher株式会社トーエネック|accessdate2015-12-22}}。*2005年（平成17年）2月-大阪証券取引所上場廃止name\""EDINET\""。*2007年（平成19年）3月8日-株式公開買付け（TOB）により中部電力の連結子会社となる{{Citeweb|date2007-03-02|urlhttp:www.toenec.co.jpnewsdocspre_20070302.pdf|title親会社の異動に関するお知らせ|formatPDF|publisher株式会社トーエネック|accessdate2015-12-22}}。*2007年（平成19年）10月-株式会社シーテック(電設)|シーテックより配電地中線に関する事業を譲受。また、トーエネックの変電・送電・工務地中線に関する事業を株式会社シーテックへ事業譲渡name\""EDINET\""。*2016年（平成28年）2月29日-旭シンクロテック株式会社の全株式を取得し、子会社化{{Citeweb|date2015-12-22|urlhttp:www.toenec.co.jpnews2015100.php|title旭シンクロテック株式会社の株式を100%取得し、子会社化|publisher株式会社トーエネック|accessdate2015-12-22}}{{Citeweb|date2016-03-01|urlhttp:www.toenec.co.jpnews2016post-220.php|title旭シンクロテック株式会社の子会社化手続き完了のお知らせ|publisher株式会社トーエネック|accessdate2015-12-22}}。"
2050,東北6県と新潟県を中心に、電気設備工事、リニューアル工事、空調・給排水設備工事、電力工事、エネルギー工事、通信工事を引き受ける総合設備工事企業である。東証1部上場。証券コードは1934。事業範囲は、北海道、関東、大阪、ベトナムにも及ぶ。旧称は東北電気工事株式会社。（通称：東北電工）2016年5月には、ベトナムでの事業を拡大する方針が明らかとなり、同国へ派遣する候補となる社員を増やすほか、現地で働くベトナム人スタッフも現状の1.5倍にすると報じられている{{citenews|titleユアテック、ベトナム事業拡大　海外売上高倍増へ|author|agency|publisher日本経済新聞|date2016-5-31|urlhttp:www.nikkei.comarticleDGXLASFB30H3B_Q6A530C1L01000|accessdate2015-5-31}}。　社名のYURTECはユア（YUR）英語のユア「YOUR」の短縮形で、「皆さんの」・「お客さまの」・「社会の」を表し、テック（TEC）テクノロジー「技術・TECHNOLOGY」を表している。また作業車などに使われているコーポレートカラーは青色・緑色・赤色の3本ラインであり、それぞれ「技術」・「創造」・「チャレンジ」を表現している。マスコットキャラクターはユアちゃん。
2050,株式会社バウビオジャパンの歴史は、西南コーポレーション設立からはじまった。当初は、ハウスクリーニング業をメインとしていたが、事業展開後、顧客のニーズに応えるべく建築業（主に外壁工事）に事業転換。また、2009年7月よりカルクウォールの販売を開始し、2012年11月には九州で販売実績第1位となった。その後、左官業の衰退を目の当たりにし、左官育成に着手。2012年7月、従来行ってきた工法の改良版を発表し特許を出願。同年8月には「バウビオウォール工法」として販売を開始し、11月には56社の工務店に採用された。「バウビオウォール工法」は、従来の工法や販売方法とは異なり、工務店に一切販売を行わず、日本左官業組合連合会に加盟している左官職人のみバウビオウォール工法の使用、および購入をすることができる。左官技術継承及び、左官の育成の第一歩となる工法となった。昨今、「バウビオウォール工法」の採用は、九州内にとどまらず中国地方・四国地方にまで拡大をしている。工法自体の成功だけでなく、社内の各セクションにおいて、専門のプロフェッショナルを配置し、常に社内合理化に力を注いでいる。
2050,"|売上高73億5553万円（2018年3月期）name\""fh001\""株式会社フレッシュハウス　https:freshhouse.co.jpcompanyprofile会社概要|従業員数328名（2018年7月現在）name\""fh001\""株式会社フレッシュハウス　https:freshhouse.co.jpcompanyprofile会社概要|決算期3月31日|主要株主SOMPOホールディングス株式会社|外部リンクhttps:freshhouse.co.jp}}'''株式会社フレッシュハウス'''（英文社名：FRESHHOUSECo.Ltd.）は、神奈川県横浜市に本社を置く住宅のリフォームおよびリノベーションを行う企業である。"
2050,社是は「誠実、懇切、敏速」である。大輪会の会員企業であるhttp:izumisano-kyuryo.jpdairinkai大輪会（だいりんかい）とは-http:izumisano-kyuryo.jp泉佐野丘陵緑地公式サイト内のページ。。
2050,"ublisher大和インキ工業|accessdate2016-10-13}}。*1988年（昭和63年）7月-社名を'''株式会社ダイフレックス'''に変更name\""history\""。*2003年（平成15年）4月-社名を'''株式会社ダイフレックスホールディングス'''に変更、会社分割|分社化name\""history\""。*2007年（平成19年）4月-社名を'''株式会社ダイフレックス'''に戻し、以前分社化した子会社の一部を統合name\""history\""。"
2050,1988年9月1日に設立{{R|nikkei}}。2018年2月26日、東京証券取引所TOKYOPROMarketに株式を上場した{{R|phillip|press3|orm-online}}。東京都区部|東京都23区、市部、横浜市、川崎市、さいたま市、千葉市を主なエリアに年間8000件強の工事を受注し、18億2000万円（税別）を売り上げている{{Citenews|urlhttp:www.orm-online.jpnewsorm-shop12791.php|title賃貸リフォームのニッソウが上場|publisherリフォーム産業新聞|date2018-01-16|accessdate2018-04-23}}。社名は「日本一の業績を誇る改装（内装・外装・リフォーム）会社」を目指していることに由来している{{R|phillip}}。
2050,東京証券取引所|東証1部・名古屋証券取引所|名証1部上場。賃貸住宅の管理戸数では業界トップ、供給ベースでも業界第2位の大手である{{citeweb|author田村泰顕|urlhttp:www.nikkeibp.co.jpatclnews1508082400815?STsafety&P2|title大東建託が断トツ首位、14年度の戸建て住宅供給|workSAFETYJAPAN|publisher日経BP社|date2015-08-24|accessdate2015-11-09}}。主に自社が建築した賃貸住宅の居室をアパート経営のオーナーから借り上げて、入居者募集（不動産仲介）や建物管理を引受け、その物件から得られる一定収益をオーナーへ支払う「賃貸経営受託システム」（いわゆる収益保証型のサブリース）を全面に押し出している。賃貸住宅の提案から施工・客付け・建物管理（子会社の大東建託パートナーズ株式会社が担当）までシームレスに行っている。世界金融危機(2007年-)|2007年世界金融危機最中の2007年（平成19年）末より、個人資産管理会社を含めて発行済み株式の約3割を保有する創業者の多田勝美会長が株式を売却し、経営から身を引くことを表明し、全株式を取得して非公開化（マネジメント・バイアウト）も含めた複数の投資ファンドへの売却交渉を行っているとの報道がなされていたが{{citeweb|author江本恵美|urlhttp:jp.reuters.comarticle20080428idJPJAPAN-31556120080428|title大東建託会長の株式売却問題、5月末にはひとまず結論|workロイター日本語ニュース|publisherReuters|date2008-04-28|accessdate2015-11-09}}、2008年（平成20年）10月3日、リーマン・ショックの影響を受けた株式相場の大幅下落等のため投資ファンドが資金調達ができなくなり売却中止を発表した。2011年（平成23年）3月24日に多田会長の個人資産管理会社ダイショウが、保有する全株式（議決権比率31.96%）を自己株式の公開買付けに応募し売却。筆頭株主から外れた{{citepressrelease|formatPDF|urlhttp:www.kentaku.co.jpcorporateprinfo2011b146470000000n58-att20110302-2.pdf|title主要株主である筆頭株主、及びその他の関係会社の異動に関するお知らせ|publisher大東建託|date2011-03-02|accessdate2015-11-09}}。なおこの自己株式は同月に消却されている{{citepressrelease|formatPDF|urlhttp:www.kentaku.co.jpcorporateprinfo2011b146470000000nav-att20110302-3.pdf|title自己株式の消却に関するお知らせ|publisher大東建託|date2011-03-02|accessdate2015-11-09}}。子会社を通して、介護事業や保育施設運営、LPガス、少額短期保険などの多角化を行っている。組織形態は監査役会設置会社であり、指名委員会等設置会社の指名委員会や報酬委員会に相当する任意機関としてガバナンス委員会を設置している。
2050,1964年に開通した初の太平洋横断海底同軸ケーブルであるTPC-1の保守を担うため、1966年3月1日に設立された。1967年に海底ケーブル敷設船KDD丸が竣工、以後、日本周辺海域の海底ケーブルの建設・保守を行っている。本社は品川イーストワンタワーに入居していたが、2013年に神奈川県川崎市へ移転した。KDDIオーシャンリンクとKDDIパシフィックリンクの2隻の海底ケーブル敷設船を保有し、それぞれ4000kmの海底ケーブルを積み込むことが可能である。2隻の船舶運航などの運営管理は商船三井系の株式会社MOLケーブルシップが行っている。
2050,*設立：1950年（昭和25年）5月16日*本社：〒773-0007徳島県小松島市金磯町8-90
2050,"1977年（昭和52年）1月、藤村洋輔により解体業を営む藤村組が創立される。1980年（昭和55年）4月に有限会社化され、1996年（平成8年）6月に株式会社藤村組となった。1999年（平成11年）5月、創業者の藤村洋輔が取締役会長になり、創業者の長男藤村一人が代表取締役社長に就任したのを機に、現在の社名、株式会社フジムラに変更した。2006年（平成18年）2月には、グループ会社株式会社フジムラMプランナー（代表取締役社長藤村正人）、株式会社フジムラ企画（代表取締役社長藤村桂子）を設立。2020年夏季オリンピック|東京オリンピック・パラリンピック(2020年)開催のメイン会場となる新国立競技場建設に伴い、国立霞ヶ丘陸上競技場#解体工事をめぐる遅延|国立霞ヶ丘陸上競技場等とりこわし工事（北工区）の解体工事を受注しname\"":0\""http:www.sankei.compremiumnews141103prm1411030003-n1.html汚される“聖地”…「国立競技場」解体工事の不可解手続きで浮上「官製談合疑惑」の救い難き泥仕合産経ニュース2014年11月3日、2015年（平成27年）より着手。2015年（平成27年）10月23日完了"
2050,*所在：〒890-0008鹿児島県鹿児島市伊敷1-6-12*設立：1963年（昭和38年）6月*資本金：48000000円*代表取締役：弓場昭大
2050,大手鉄鋼メーカー日本製鉄（旧・新日本製鐵→新日鐵住金）の傘下の企業である。1974年（昭和46年）に発足した新日鉄のエンジニアリング事業部が、2006年（平成18年）に独立して発足した。鉄鋼生産設備や廃棄物処理設備などの産業機械・設備、石油・天然ガス採掘石油プラットフォーム|プラットフォームやパイプライン輸送|パイプラインなどのエネルギー関連設備・海洋鋼構造物、物流施設やビルなどの鋼構造建築物の建設を行う。電気事業者の一種特定規模電気事業者(PPS)でもあり、電力の小売も手がける。本社は東京都品川区にあり、日本国内の3都市（名古屋市・大阪市・福岡市）に支社を置く。日本国外の拠点は東アジア地域に点在する。
2050,鹿島建設、清水建設、大成建設、竹中工務店とともにスーパーゼネコン5社の一つ。創業以来永らく、竹中工務店、奥村組、錢高組、鴻池組と並び大阪に拠点を置いていたが、2010年（平成22年）、登記上本店を東京に移転した。平成25年、大阪本店を大阪市北区に移転。みどり会・三水会|三水会とその後身社長会である水曜会の会員企業であり三和グループに属しているhttp:www.midorikai.co.jpmember.htmlメンバー会社一覧-みどり会{{PDFlink|https:doors.doshisha.ac.jpduarrepositoryir1598117064050004.pdf六大企業集団の無機能化}}-同志社大学学術情報検索システム内のページ。筆者は経済学者の田中彰_(経済学者)|田中彰。と同時に大輪会の会員企業であるhttp:izumisano-kyuryo.jpdairinkai大輪会（だいりんかい）とは-http:izumisano-kyuryo.jp泉佐野丘陵緑地公式サイト内のページ。。同社のコーポレートメッセージは「'''時をつくるこころで創る'''」である。
2050,"売上高778億円の中堅ゼネコン。だが、営業利益率は5.2%と同業他社を大きく凌駕している（3%前後が一般的）name\""20080516nokkeibo\""「公共事業をやめて強くなったゼネコン　矢作建設工業の“耐震”経営」『日経ビジネスオンライン』日経BP社、2008年5月16日付配信。2003年にいち早く公共工事からの脱却を図り、主力であるマンション建設に加えて、不動産開発、耐震工事などに経営の軸足を移した。その結果、売上高は2004年の931億円から減少したものの、利益率は上昇しているname\""20080516nokkeibo\""。マンション建設では、競争入札を避けて特命受注を増やす路線をとった。ただし、特命受注を取るためには顧客に魅力的な商品を提案することが求められる。そこで、矢作建設工業は設計部門のを人員増などで増強し、提案力を高めた。この結果、相談件数は増え、顧客からも''「設計部隊が強い。スーパーゼネコンにも劣っていない」（三井不動産中部支店の吉原誠副支店長）''name\""20080516nokkeibo\""より引用など、高い評価を受けるに至ったname\""20080516nokkeibo\""。不動産開発では、子会社の矢作地所がリソラ大府ショッピングテラス|リソラ大府やソラト太田川などの商業施設の分野に進出。売り上げを伸ばすとともに、利益率の上昇に一役買う状況となっているname\""20080516nokkeibo\""。耐震工事では、ピタコラムを販売。順調に売り上げを伸ばしているname\""20080516nokkeibo\""。また、名古屋鉄道のグループ企業である関係から鉄道土木にも実績があり、最近では愛知高速交通東部丘陵線|リニモの軌道建設を請け負った。"
2050,"中堅住宅メーカーでありname\""nikkei110602\""、プレハブ住宅の販売を中心に、マンション・アパート・輸入住宅の販売、リフォームなどを事業内容としている。戸建住宅事業は関東・関西・中部を中心に、その他中国地方と九州の5エリアで展開している。2010年度の売上高は約400億円name\""nikkei110602\""。前身であるクボタハウスは1969年（昭和44年）、軽量鉄骨造によるプレハブ住宅メーカーとして設立された。2002年（平成14年）、三洋電機が全株式を買収して三洋ホームズを設立name\""nikkei110602\""、翌年には三洋エステートのマンション事業および2×4住宅事業も統合された。その後、2006年（平成18年）3月にはオリックス(企業)|オリックス、セコム、関西電力を新株主として迎えることになる。さらに、2008年（平成20年）4月になると、第三者割当増資を実施して、三洋電機グループから事実上独立する。2011年（平成23年）6月には、三洋電機が全株式を売却する一方name\""nikkei110602\""、大手住宅設備機器会社のLIXIL|株式会社LIXILが新株主に名を連ねることになったhttp:www.sanyohomes.co.jpcompanyc06.htmlサンヨーホームズ株式会社|企業情報|サンヨーホームズのあゆみ。クボタハウス時代から続く鉄骨構造のプレハブ住宅事業では、三洋電機傘下に入ってから電機メーカーの特長を活かして太陽光発電住宅や24時間空調システムなどを商品化している。三洋ホームズ設立以降、それまで事業展開していた北越などでは事業が行われなくなった。ベターリビングが提唱しているCHS住宅販売では、2002年に供給実績がトップになった。2007年には太陽光発電、オール電化住宅|オール電化、制震、緊急地震速報を全商品に標準搭載している。企業コンセプトは社長個人の意向で「ECO＆SAFETY」である。"
2050,"建設業の中でも特に地味と言われる解体業のイメージアップのために、様々な独自活動をしていることで知られ、後述の社歌作成の他、オリジナルのふりかけ「ガラの素」を製作し、関係者や解体現場の周辺住民にご挨拶品として配布していたという。「ガラの素」はかつては永谷園に開発・製造を依頼しており、その後駿河屋海苔店が製造していた。かつては解体工事部門の他にカッター工事部門があり（元々静的解体を行うためのコンクリート削孔工事が由来）、耐震補強工事、アースアンカー工法|アンカー工事等の杭頭処理、ダイヤモンドカッターを主としたコンクリートカッター施工をはじめとする建設業許可（とび・土工・コンクリート業）も持っていた。2006年（平成18年）に子会社である「有限会社スキル」を設立、カッター工事部門を独立させている。現在スキルは建設業の他、日本ブレイク工業関係の企画・販売や、後述の社員タレントのマネジメントを行う芸能事務所を主たる業務としている。2009年（平成21年）6月、日本ブレイク工業のWebサイトにアクセスできない状況となっていることが発覚。「倒産危機では」と騒がれるが、一部メディアがそれを否定するコメントを得て報じた。しかし、社歌等の管理をしていた子会社社長と、その経理担当の社員だった母親の親子により、横領がなされていたことによって事業継続が困難となる。横領が発覚した2009年（平成21年）1月以降に全社員を解雇。被害額は3年間で5億円とされ、民事と刑事告訴を視野に入れて検討していることが明らかになった{{Citeweb|urlhttp:www.zakzak.co.jpgei200906g2009062501_all.html|titleあの「日本ブレイク工業」が本当に“解体”危機|publisherZAKZAK|accessdate2009-6-25|archiveurlhttps:web.archive.orgweb20090626125746http:www.zakzak.co.jpgei200906g2009062501_all.html|archivedate2009年6月26日|deadlinkdate2017年10月}}。2016年現在、神奈川県建物解体業協会の会員とはされていないが、法人番号が発行されているname\""bangou\""!--法施行日(2016年10月5日)時点では何らかの形で会社自体は存続していると考えられる。--。なお、埼玉県朝霞市に「有限会社日本ブレイク工業」http:www.houjin-bangou.nta.go.jphenkorireki-johoto.html?selHouzinNo5030002059093があり、東京都狛江市の総合解体業「株式会社ブレイク」が2009年3月に設立されているが、両社とも当社との関係は不明である。"
2050,*所在：〒891-0104鹿児島県鹿児島市山田町377-1*設立：1989年（平成元年）5月*資本金：6065万円*代表取締役社長：仙田次雄{{節スタブ}}
2050,1919年（大正8年）創業。山岳土木から始まり、これまで日本一の高層マンション、東洋一のダム、世界一の海底トンネルなど数々のプロジェクトに挑戦し続けてきた。近年では、従来の建設「請負」のみのビジネスモデルから転換し、「脱請負」事業に挑戦。国内第1号のコンセッション方式|コンセッション事業である仙台国際空港や、愛知県有料道路コンセッション、愛知県国際展示場コンセッションの運営権を獲得しており、日本においてコンセッションのトップランナーの地位を築いている。創業理念は「'''良い仕事して顧客の信頼を得る'''」。
2050,NTT認定の総合電気通信事業会社における最大手企業として、通信建設業界において確固たる地位を確立している。その企業規模に比較し、一般的な知名度は高いとは言えないが、資本金・売上高等では準大手ゼネコンと同等程度の規模を持つ。豊富な現金預金、高い自己資本比率等、財務内容も良好である。主力である日本コムシスを中心に、通信設備建設工事においては、海底ケーブルの敷設、山岳における通信鉄塔建設、通信専用トンネル築造といった大規模工事から、NTT電話局内設備工事、一般住宅での電話線の引き込み等の小規模のものまで、ありとあらゆるものを手がける。近年は、IT関係の設計・施工・ソフト開発・保守運用といった方面に注力しており、これを受け、2009年（平成21年）4月にコムシス情報システム株式会社が創社された。IT総合エンジニアリング企業を標榜し、積極的な事業展開が図られている。堅実経営でも知られており、バブル期、ITバブル期、不動産バブル期もほぼ無傷で乗り越えている。2019年3月期の決算説明会では、「コムシスビジョンNEXTSTAGE2023」として、2023年には売上高6000億円以上達成を掲げた経営計画を公開した。
2050,一般住宅、大型ガスタンク、マンションなどの解体を手掛ける。大型案件の実績もあり、2006年には光塩学園女子短期大学|光塩学園の旧館（地下1階・地上4階）解体を担当した。この現場では東北以北では初めてとなる100t級の超大型解体機SK950LCDをコベルコ建機から導入している「本間解体工業が「SK950LCD」導入東北以北で初の100㌧級超大型解体専用機」『北海道建設新聞』2006年（平成18年）2月22日付10面。。同年には静穏性と速度を両立させた大型圧砕機をコベルコ建機と共同開発、札幌市中央卸売市場の現場で活用した「でっかいsmallけどsmall静かsmallでsmall速いコベルコ建機と本間解体工業が共同開発大型圧砕機が道内に初登場」『北海道建設新聞』2006年（平成18年）4月27日付14面。。導入した大型機を活用し2007年には北洋大通ビル（旧北海道拓殖銀行本店、地下2階・地上7階）も手がけている『北海道建設新聞』2007年（平成19年）3月31日付16面。。道外に支店及び営業拠点は構えていないが事業エリアそのものは道外にも拡大している。
2050,関西・東京を中心に分譲マンションと賃貸マンションの建設を手掛けている。開発部門の信和不動産(大阪市)|信和不動産とともに、不動産開発事業も行っている。土地のオーナーに対して土地活用・マンション経営を提案し、企画・開発から設計・施工、竣工後の仲介管理・事業経営までを一貫して行うワンストップ・サポートを実現している。マンションのほか、ホテル・介護施設・商業施設・オフィスビル・駐車場・天然温泉施設・貸し会議室など様々な土地活用の実績もある。スケルトン・インフィル住宅|スケルトン・インフィル工法を推奨し、建物の長寿命化に取り組んでいる。温浴施設付き賃貸マンションや屋上菜園付きマンションなども手掛ける。ルネス工法を積極的に採用し、リノベーションを簡易化するとともに、床下に収納スペースを設けるなど「よろこばれる建物づくり」をコンセプトとしている。namesankeihttp:www.shinwakensetsu.comnewsreleasemedia2016pdf0819shinwa.pdf産経新聞西日本版（8月19日朝刊特集面）
2050,戸建注文住宅（SHINKAの家）や分譲マンション(BEWELLビ・ウェル）を建設する。「わ・わ・わ、和と書いて、かのう建設。」というCMで、岡山・高知に放送されている。
2050,*関東地方を主な営業エリアとし、注文住宅の設計施工を行っている。当初は、関東地方のみを営業エリアとしていたが、現在は宮城にも進出し商圏を広げている。*木造軸組構法や木造枠組壁構法|2x4工法を主体とした住宅を主力商品として事業展開。また、下請けによる施工を行わず、直接自社管理による設計・施工を行っている。*1980年代から1990年代前半まで「ビューパレー」名称の分譲マンションのデベロッパー事業を展開していた。*2002年4月にメインバンクのあさひ銀行が保有する不良債権約500億円をサーベラス・キャピタル・マネジメントが再評価のうえ買取して債権放棄し、サーベラス傘下で経営再建を図るも頓挫。2004年に整理回収機構の企業再生スキームで注文住宅などの採算部門をグループ会社の木下工務店住宅販売へ事業譲渡し、エム・シー・コーポレーションが買収。法人格としては木下工務店住宅販売→木下工務店（2代目）→木下ホールディングス（2代目）→木下グループホールディングスに変更し現在へ至る。不採算部門が残った旧:木下工務店はプリムラに社名変更後同年9月に解散決議し、同年11月に特別清算となった。*2008年からは、ブラジルやパキスタンでのマンション分譲事業も行っている。
2050,スーパーゼネコン5社（清水建設、大林組、鹿島建設、大成建設、竹中工務店）の一角。民間の建築工事に強みがある。受注活動では、大手他社と異なり採算度外視の大型工事をさけ、中小の物件の受注にも積極的である。得意分野は、建築では医療機関、土木では天然ガス|LNGタンクの施工であるといわれている。さらに、歴史的な経緯から、伝統的な社寺建築にも豊富な実績を有している。伝統的な建築儀式である手斧始め（ちょうなはじめ）を仕事はじめの1月4日に本社で執り行っている。建設業で手斧始めを受け継いでいるのは、清水建設と金剛組(大阪)だけである。創業家である清水家の現在の当主は、清水満昭で、清水地所社長、清水建設取締役を務めている。三金会の会員企業であり第一勧銀グループに属しているhttps:doors.doshisha.ac.jpduarrepositoryir1598117064050004.pdf六大企業集団の無機能化-同志社大学学術情報検索システム内にあるPortableDocumentFormat|PDFファイル。筆者は経済学者の田中彰。。同社のコーポレートメッセージは「'''子どもたちに誇れるしごとを。'''」（日本語）「'''Today'sWorkTomorrow'sHeritage'''」（英語）である。
2050,岡山県岡山市に本社を置き、木造注文住宅の販売を中心に行っている。日本カバヤ・オハヨーホールディングスに属しており、グループ会社にはオハヨー乳業株式会社やカバヤ食品株式会社などがある。2016年度、全国注文系ビルダー企業年間売上高ランキングにおいて全国第16位を記録。岡山県内においては、2015年度から2017年度の岡山県年間戸建住宅着工棟数で3年連続1位を記録している。住宅産業研究所調べ新築注文住宅事業では、4ブランドを展開。日本初、睡眠健康サイクルに特化された高級木造注文住宅を販売するグランヅ事業部、メーカーとしてのエス・バイ・エルの家を販売すると共にオリジナルの2×4も販売するエス・バイ・エル・カバヤ事業部、オリジナル金物を使用し低価格を実現したカバヤホーム事業部がある。2017年4月3日『エス・バイ・エル・カバヤ株式会社』から『ライフデザイン・カバヤ株式会社』に社名変更。社名には『住宅を販売するだけでなく、一人ひとりのお客様に寄り添い、より豊かなライフデザインを提供していく』との思いが込められており、三つの輪からなるロゴマークは『人の和』『暮らしの和』『自然の和』を意味している。
