3450,*代表取締役社長：塩谷哲生*所在地：石川県かほく市宇気い-9*設立：1953年（昭和28年）5月*資本金：4800万円
3450,ステンレス鋼|ステンレス専業メーカーとして国内最大手である「日本冶金工業（株）」の連結子会社。日本冶金工業の製造部門（工場）としてステンレス鋼板を生産していた同社の川崎製造所が、2003年に分社化（新設分割）され、新たに設立された生産子会社であった。その後2010年に日本冶金工業に統合され、再び同社の川崎製造所になった。
3450,ステンレス専業メーカーとして国内最大手である「日本冶金工業（株）」の連結子会社。同社の製造部門（工場）としてフェロニッケルなどを生産していた大江山製造所が、2003年に分社化（新設分割）され、新たに設立された生産子会社であった。その後、2010年に日本冶金工業に統合され、再び同社の大江山製造所となった。
3450,北海道唯一となるカラー鋼板の製造設備をもつ鉄鋼二次製品メーカーであり、主力製品のカラー鋼板やせん断|剪断の加工設備が充実しているほか、建築材料（建材）の加工製品を製造販売している。かつては土木事業を行っていたが、2007年（平成19年）に廃止した。なお、商標は「雪印」であるが雪印グループの商標とは異なっており、会社としても関連性はない。ただし同社の公式サイト上で「雪印」が雪印メグミルクの登録商標であることが明記されている。
3450,電気炉を持ち、スクラップ|鉄スクラップを原料に製鋼を行い鉄鋼製品を生産する、「電気炉メーカー」と呼ばれる鉄鋼メーカーの一つであった。主に、鉄筋コンクリート用の丸鋼と異形鉄筋|異形棒鋼を生産していた。小樽市銭函に、本社と製造拠点の本社工場を置いていた。親会社は大阪製鐵と新日鐵住金であるが、大阪製鐵も新日鐵住金の子会社にあたる。
3450,スクラップ（鉄屑）を原料とし電気炉を用いて鉄鋼製品を製造する、電気炉メーカーと呼ばれる鉄鋼メーカーである。建築・機械等に使用される形鋼・平鋼、自動車部品や機械部品等に使用される棒鋼、鉄筋用の異形鉄筋|異形棒鋼、鉄線や鋼線に使用される線材などを製造する。豊平製造所（北海道札幌市）・鹿島製造所（茨城県神栖市）・東部製造所（埼玉県三郷市）・姫路製造所（兵庫県姫路市）・水島製造所（岡山県倉敷市）の5工場を持つ。大手鉄鋼メーカーのJFEスチールが資本金の全額を出資する（JFEスチールの完全子会社）。JFEスチールの発足前は日本鋼管(NKK)のグループ企業で、旧社名はエヌケーケー条鋼。東京証券取引所第一部（東証1部）に株式公開|上場していた電気炉メーカートーア・スチールが1999年に解散したのに伴い、同社の事業を引き継いでいる。2012年4月、同じくJFEスチールグループの電炉メーカーであるダイワスチール、東北スチール、豊平製鋼を吸収合併した。
3450,東京製鐵は日本の電炉メーカー最大手。無借金経営を行っており、日本の鉄鋼メーカー全体で見ても高い収益性分析|売上高経常利益率(ROS)であるなど良好な財務体質である。原材料が鉄スクラップであるため、業績も鉄スクラップの市況に影響されることが多い。主力の形鋼#H形鋼|H形鋼でトップシェアをほこるほか、高炉メーカーが得意とする形鋼#鋼矢板|鋼矢板でもシェアをもっている。また電炉メーカーでありながら、ホットコイル（熱延広幅帯鋼）や自動車部品用の鋼板・厚板など新日鐵住金やJFEスチールに代表される高炉メーカーの得意分野への進出も目立つ。
3450,鉄鋼二次製品のうち、線材と呼ばれる鋼材を加工した線材二次製品のメーカーである。軟鋼線材を加工した鉄線や亜鉛めっき鉄線、硬鋼線材を加工した自動車産業向けの硬鋼線・ピアノ線、鉄骨構造|鉄骨構造物の接合に用いられるボルト(部品)|ボルト（高力ボルト）、三次製品の撚り線・フェンスなどを製造する。本社事務所は兵庫県尼崎市道意町6丁目にあるが、登記上の本店は運河の対岸にある本社工場の所在地（尼崎市中浜町）である。本社工場の他にも、茨城工場（茨城県北茨城市）・大阪工場（大阪市東成区）の2か所の工場を持つ。支店が東京都中央区(東京都)|中央区、営業所が日本国内6都市にあり、中華人民共和国|中国の北京市にも駐在所を置く。東京証券取引所第一部（東証一部）に株式を株式公開|上場する。筆頭株主は大手鉄鋼メーカーの新日鐵住金で約23%の株式を保有し、日亜鋼業を持分法適用会社としている。一方傘下には、鋼線・ケーブルメーカーのジェイ-ワイテックスなどがある。
3450,太平洋戦争中は工廠|軍需工場として日本軍の軍艦・戦車・戦闘機・兵器の部品材料を製造していた。戦後からは鋳鋼技術を活かして大手鉄鋼メーカーから受託された加工品を製造しつつ、特殊鋼加工にも注力していった。平成期からは子会社山本重工業（現・新報国製鉄三重）と共同で液晶・鉄道・半導体装置向け加工品を製造している。また、鉄のみに限らず非鉄の新素材利用の開発・研究・検査にも今までの製造技術を応用している。
3450,鉄とニッケルの合金で、ステンレス鋼の原料となるフェロニッケルの専業メーカーである。フェロニッケルは鉱石を電気炉で製錬して製造されるが、その製錬過程で発生するスラグを加工した人工砂・石の製造も行う。かつてはステンレス鋼そのものの製造も行っていたが、1999年（平成11年）に撤退している。製造拠点の八戸製造所は、青森県八戸市河原木(八戸市)|河原木にある。登記上の本店（東京本店と称する）は東京都千代田区大手町(千代田区)|大手町1丁目の大手町ビルにあるが、実質的な本社機構（八戸本社と称する）は八戸製造所と同地にある。このほかにも、大阪市と仙台市に事務所を、鉱山開発関連でフィリピン・タギッグとインドネシア・ジャカルタに海外事務所を置く。1949年（昭和24年）に、日曹製鋼として日本曹達より独立して発足したが、現在では同社と資本関係はない。1970年（昭和45年）に現社名となっている。
3450,佐藤製線グループは、1946年11月、宮城県亘理郡亘理町に佐藤金治・康一父子によって創業した'''佐藤製釘所'''を起源とする。東北大学金属材料研究所の研究員であった康一が、研究所長の勧めで製釘機2台を購入したのが創業の動機であったという。1950年2月には改組して、株式会社'''佐藤製線所'''を設立した。当時の従業員はたったの6名であった。戦後復興や、高度経済成長の時代背景もあり、社業は拡大し、東北地方の同業者を次々に買収し、東北地方最大の線材二次製品メーカーに躍進した。1961年9月30日、営業部門を'''佐藤製線販売'''株式会社として分離したが、自社製品の販売のみならず、他社製品の販売を含め、多様な建築資材の卸売を通じて、中堅クラスの建築資材の総合商社として発展する。2008年5月、佐藤製線販売を会社分割し、株式会社'''佐藤ホールディングス'''を設立し、持株会社制に移行した。
3450,主に建設企業向けに、鉄筋コンクリート用棒鋼、機械式の継手や鉄筋定着金物、鉄筋加工製品などの製品を製造・販売している。栃木県小山市に本社工場を、青森県八戸市に八戸工場をそれぞれ有する。
3450,日本初のステンレス鋼帯の専門メーカーであり、自動車、電子機器、医療関係等のステンレス鋼帯は、産業のあらゆる分野で使用されている。また、ステンレス専業メーカーとして国内最大手である「日本冶金工業（株）」の連結子会社である。会社名に関されている「NAS（ナス）」とは、「Nippon-YakinAusteniteStainlessSteel」の略で、日本冶金工業が製造するステンレス鋼の商標のこと。日本冶金工業から熱間圧延品、冷間圧延品を半製品として調達し、製鋼メーカーが注力していない、主に厚さ1mm以下の精密圧延の領域の冷間圧延を手掛けている。(ステンレス精密圧延品)
3450,ステンレス鋼を中心に、高炭素鋼や工具鋼、クロムモブリテン鋼、軸受鋼などの鋼板|冷延鋼帯（磨帯鋼・ステンレス精密圧延品)の圧延（冷間圧延）を手がける圧延メーカーである。新日鐵住金ステンレスや日新製鋼、日本冶金工業等の大手製鋼メーカーから熱間圧延品、冷間圧延品を半製品として調達し、製鋼メーカーが注力していない、主に厚さ1mm以下の精密圧延の領域の冷間圧延を手掛けている。(ステンレス精密圧延品)これらの鋼帯を加工した形鋼や鋼管などの加工品や、マグネシウム合金の製造も手がける。本社は東京都港区(東京都)|港区芝(東京都港区)|芝5丁目にあるが、登記上の本店所在地は東京都板橋区舟渡(板橋区)|舟渡4丁目にある。この本店所在地は、製造拠点のひとつである板橋工場の所在地にあたる。製造拠点はこのほかにも岐阜工場（岐阜県可児市）、福島工場（福島県白河市）の2か所がある。また、大阪市中央区(大阪市)|中央区に支店と名古屋市中区(名古屋市)|中区に営業所がある。出資比率は約13%と低いが、大手ステンレス鋼メーカーの新日鐵住金ステンレスが筆頭株主である。
3450,鋼板|冷延鋼板（磨帯鋼）およびステンレス鋼|ステンレス製品の製造をメインとする圧延業者（リローラー）である。建築物の内外装などの用途向けのステンレス鋼板や、ステンレス加工品、機械部品用のみがき帯鋼などを製造する。東京都板橋区新河岸(板橋区)|新河岸1丁目に本社及び製造拠点がある。かつては、みがき帯鋼の製造拠点は東京都江東区大島(江東区)|大島3丁目にあったが閉鎖された。筆頭株主は新日鐵住金グループのステンレスメーカー・新日鐵住金ステンレス(NSSC)で、同社が30%余りを出資している。
3450,鍛鋼製焼入圧延ロールの国産化を目的として設立。鉄鋼・非鉄圧延用鍛鋼、鋳鉄および鋳鋼ロールの製造販売を主力事業とする総合ロールメーカーであった。旧本社工場所在地は、湘南C-X都市再生事業に転用している。
3450,発祥地は石川県加賀市山中温泉#歴史|山中温泉。鋼管部門では、ロールフォーミング技術を駆使して主に家具や建築材料に使用される鋼管や自動車向けシートレール等の形鋼を製作している。鋼管を販売する販売会社にアラヤ特殊金属|アラヤ特殊金属株式会社がある。自転車のブランドとしては「ツバメ自転車」であった。福祉機器製品として、車輪内にサスペンションを組み込んだ「車椅子用サスペンション車輪アブソレックスABSOLEX」を開発し、販売している。また、サスペンション車輪「アブソレックス」の特長を利用して、弱電業界の精密電子部品の運搬や、病院・医療関係、流通業界などで使用する産業分野向けのサスペンションキャスターを展開している。1982年に日本のメーカーで最初にマウンテンバイクを投入したのを皮切りに、1990年代にはマグネシウム一体成形フレーム「クリテリウム・マグネシウム」を発表、月刊誌の国産MTB人気投票で一位に輝くなど評価は高かったが、マウンテンバイクブームの終焉とともに自転車製造からは撤退。同時に販売も取りやめたが、その後OEM供給を受けての自転車販売に復帰し、MTBのmuddyfox（マディフォックス）商標も復活した。現在、自社ブランド名、およびラレーブランドでの自転車販売をしている。車輪を構成する部品「リム」製造では老舗でありかつ国内最大手。また競輪用のリムを生産する国内企業は現時点で新家工業1社だけである。
3450,事業は、特殊鋼鋼材、機能材料・磁性材料、自動車部品・産業機械部品、工学|エンジニアリング、流通・サービスの5部門に分かれている。主力の特殊鋼は構造用鋼、軸受鋼、ステンレス鋼、チタン合金などを製造している。航空機エンジン用シャフトでは世界シェア30%2006年10月18日付朝刊日本経済新聞、携帯電話・ハードディスクドライブ(HDD)電動機|モーター用磁石は子会社のダイドー電子で生産し携帯電話用世界シェア35%、HDD用世界シェア50%以上2006年4月14日付日経産業新聞、自動車用ターボチャージャー部品など、様々な製品で高シェアを確保している。1950年（昭和25年）の事業再開当初は炭素鋼|普通鋼の生産が中心であったが数年後に特殊鋼に特化した。1970年代のオイルショック|石油危機後は赤字に転落。1976年（昭和51年）に3社合併により大同特殊鋼となった。2006年12月にはブラジルゲルダウグループピラティニ社との技術提携強化、2007年1月にはアメリカのベアリング・特殊鋼メーカーのティムケンと特殊鋼生産に関する業務提携を発表した。企業グループとしてはかつては日本興業銀行グループに属していたが、日本興業銀行がみずほフィナンシャルグループに編成される前後から資本関係としては密な関係ではなくなってきている。筆頭株主は新日鐵住金であるが、資本関係以外はあまり親密な取引関係はない。社名「大同」は、戦前の五大電力業者の一つで、福澤桃介が設立し木曽川水系に水力発電所を多く保有していた大同電力（戦時統合で日本発送電を経て関西電力に統合）の電気製鋼事業部門が分離して設立されたことによる。名古屋市南区大同町の地名は、同社（星崎工場）に由来する。
3450,創業者の森明長が1929年に大阪・堺で自転車用の前ホーク製造を開始する。のちにステンレス管の製造を開始。さらに自動パイプ切断機などの製造も開始し、事業を拡大してゆく。自動車や建築向けに強く、高いシェアを誇る。ステンレス条鋼を育成中。関西地盤であるが関東も進出している。一般向けでは、後述の物干し用品「きらきらポール」のCMで話題を呼んだ。
3450,日本におけるステンレス溶接鋼管のトップメーカーであり、ステンレス専業メーカーとして国内最大手である「日本冶金工業（株）」の連結子会社である。社名に冠されている「NAS（ナス）」とは、「Nippon-YakinAusteniteStainlessSteel」の略で、日本冶金工業が製造するステンレス鋼の商標のこと。
3450,設備増強が困難な東京製作所(東京都江東区)の移転先を探していた三菱製鋼と、高炉休止などに伴い遊休設備や余剰人員対策に悩んでいた新日本製鐵との利害が一致する形で設立。大手鉄鋼各社の高炉休止による遊休資産活用法として、同業他社の大規模工場を移転するやり方は初めて。日本経済新聞朝刊　1989年10月4日11頁http:photodb.hokkaido-np.co.jpdetail0090255655フォト北海道高炉を含めた製銑工程を、新日鐵から分離し設立された北海製鉄は、新日鐵住金が資本金の80%を出資し、残りの20%を三菱製鋼が出資する。
3450,新日鐵住金の協力会社。創業時は官営八幡製鐵所（現・新日鐵住金八幡製鐵所）でスクラップ|製鋼くずパイレン破砕作業を行なう鉄鋼事業関連の会社であったが、1970年代から他の事業にも参入。エレクトロニクス事業や精密機器事業などを行なう複合経営企業として発展した。近年ではRFID事業にも参入している（これはかつて新日鐵が行なっていた事業を引き継いだものである）。
3450,神戸製鋼所、日新製鋼と並ぶUFJグループ|三和グループの鉄鋼メーカー。環境を考えた都市型の製鉄所を所有している企業である。{{節スタブ}}
3450,委員会設置会社。三水会及びみどり会の会員企業であり三和グループに属している{{PDFlink|https:doors.doshisha.ac.jpduarrepositoryir1598117064050004.pdf六大企業集団の無機能化}}-同志社大学学術情報検索システム内にあるページ。筆者は経済学者の田中彰(経済学者)|田中彰。http:www.midorikai.co.jpmember.htmlメンバー会社一覧-みどり会。主力製品は刃物、金型に用いられる先端固体材料の高級工具鋼（YSSヤスキハガネ）、その他電子製品で使用されるインバー合金等の高級金属製品、高級自動車部材、磁性材料、鉄鋼用ロール配管製品、電子部品などを擁する特殊鋼・エコ製品を核とした総合素材メーカーである。2013年（平成25年）には旧・日立電線の製品である鉄道車両用電線・ケーブルや医療機器用電線、自動電装用部品、ブレーキホースなども製品群に加わった。売上高鉄鋼メーカー第4位、時価総額第3位、高性能鉄鋼材料に特化している。特殊鋼、マレブル鋳鉄、ダクタイル鋳鉄、磁性材料の開発、製造に関し最も古い歴史を持つ、伝統と最先端技術の調和の取れた融合体となっている。永久磁石では最も強力とされているネオジム磁石は、日立金属の佐川眞人らによって開発された（開発は旧住友特殊金属在職時）。メセナの一環として、日本美術刀剣保存協会が行う玉鋼（マルテンサイト化する日本刀の素材）製造法たたら吹きの支援も行っている。経済産業省と東京証券取引所が選ぶ女性活躍を推進している企業「なでしこ銘柄」に選定されているhttps:style.nikkei.comarticleDGXMZO34834540R30C18A8TY5000?channelDF130120166018&page2ローソンと日立金属　積極採用「なでしこ銘柄」に聞く-東京医大問題、働く女性に波紋日本経済新聞2018年9月4日。
3450,1944年に川西航空機の協力工場として設立された。第二次世界大戦の終戦を機に鉄道向け軌道用品の製作・修理に事業転換。そして1956年に電気炉を完成させ操業を開始した。以後は独立系の電気炉メーカーとして鉄鋼製品の製造・販売を行う。2003年には鉄鋼事業と重工加工品事業をヤマトスチールとして分社化し、単体としては大和工業グループ（大和グループ）をまとめる持株会社となる。日本国内だけでなくアメリカ合衆国|米国に関連会社|持分法適用会社を、タイ王国|タイと大韓民国|韓国に子会社を持つ。バーレーンとサウジアラビアにも合弁会社を設立。日本の企業ではあるが、タイ王国|タイと大韓民国|韓国の事業規模は国内の事業規模とほぼ同規模であり、子会社と持分法適用会社を含めたアメリカ合衆国|米国での事業規模は、国内の事業規模よりも遙かに大きい。アメリカ合衆国|米国の関連会社からは、持分法による投資損益という形で営業外損益を計上するため、経常利益は営業利益と乖離することが多い米国関連会社から配当金という形で多額の現金を受け取っており、規模に以上に潤沢な現預金を有する。
3450,1934年（昭和9年）、親会社である東洋製罐に缶材料であるブリキを供給するため、国内初の民間ブリキメーカーとして設立された。ブリキ、薄板(磨帯鋼、精密圧延品)及び各種表面処理鋼板並びに各種機能材料等の製造・販売を行っている。本社を東京都千代田区四番町に置き、ほぼ全ての製品を山口県下松市の下松事業所で製造している。
3450,"|発行済株式総数|売上高71億600万円name\""hitec\""http:www.hitec.city.hiroshima.jpsjlevel7nj1936.htmlひろしまの企業情報大和重工株式会社-広島市経済観光局|営業利益|純利益|純資産|総資産|従業員数200人name\""hitec\""|決算期12月31日|主要株主|主要子会社|関係する人物|外部リンクhttp:www.daiwajuko.co.jpwww.daiwajuko.co.jp|特記事項}}'''大和重工株式会社'''（だいわじゅうこう）は、広島県広島市安佐北区可部に本社をおく鋳造メーカー。"
3450,スクラップ|鉄スクラップを原料とし電気炉によって鋼|鋼材を生産する、電気炉メーカーと呼ばれる鉄鋼メーカーである。製品はいずれも条鋼に分類されるもので、形鋼・線材・棒鋼・異形鉄筋|異形棒鋼・軌条などがある。製造拠点は、大阪製造所（大阪市西淀川区）・姫路製造所（兵庫県姫路市）・船橋製造所（千葉県船橋市）の3か所。いずれも電気炉を持つ工場である。このうち大阪製造所はかつて高炉を構える銑鋼一貫製鉄所であった。本社は大阪市北区(大阪市)|北区堂島|堂島浜2丁目にあり、東京都千代田区に営業所（東京営業所）を置く。新日鐵住金が株式の約15%を保有しており、筆頭株主である。持株比率の引き上げにより、2007年（平成19年）より新日鐵住金（当時は新日鉄）の持分法適用関連会社となっている。
3450,鋳物の街として知られる川口市を代表する鋳造会社の川口金属工業が2008年に60周年を契機にグループ持株会社として設立した。素形材事業、土木建築機材事業、産業機械事業などの分野において事業展開を行っている。2016年10月、東理ホールディングスの子会社で、アルミダイカストの先進メーカーとして知られる東京理化工業所（現在の川金ダイカスト工業）の株式を東理ホールディングスより取得し、子会社化したnameZUU_ONLINE_20160826https:zuuonline.comarchives118748　川金HD5614、東理HD5856より東京理化工業所を譲受け　（ZUUONLINE（FISCO）　2016年8月26日配信）　2016年9月14日閲覧。川金ホールディングスでは、東京理化工業所の取り扱うアルミダイカストを製品ラインナップに加えることにより、提供できる材質や形状をさらに拡充させることで、より包括的な受注活動を目指していくとしているnameZUU_ONLINE_20160826。当社の主幹事証券会社はSMBC日興証券、副幹事証券会社は東海東京証券が、株主名簿管理人は三井住友信託銀行がつとめている。メインバンクにはみずほ銀行を、その他の主な取引銀行には三井住友銀行、埼玉りそな銀行及び三菱UFJ銀行が選ばれている。
3450,高炉を所有し、鉄鉱石を原料に最終製品の鋼材の生産までを一貫して行う、「高炉メーカー」と呼ばれる比較的大規模な鉄鋼メーカーの一つ。年間の粗鋼生産量ベースで、新日本製鐵（新日鉄・現：日本製鉄）・NKKに次ぐ日本国内で3番目の鉄鋼メーカーであったNKKとの経営統合（2002年）直前の、2001年時点。。鋼板・条鋼・鋼管など鉄鋼製品を製造・販売する「鉄鋼事業」を中心に、製鉄設備・パイプライン輸送|パイプライン・橋梁・鉄骨構造|鋼構造建築物などの設計・建設を行う「エンジニアリング事業」、化成品（主にコールタール加工品の石炭化学品）を製造・販売する「化学事業」を手がけた。本社は兵庫県神戸市。千葉県千葉市にある千葉製鉄所と、岡山県倉敷市にある水島製鉄所の東西2か所の製鉄所|銑鋼一貫製鉄所を拠点とした。東京証券取引所（東証）・大阪証券取引所（大証）・名古屋証券取引所（名証）の第一部と、福岡証券取引所（福証）に株式を株式公開|上場していた（証券コードは「5403」）。前身は川崎重工業（旧・川崎造船所）の鉄鋼部門で、戦後の企業再建の一環として1950年に同社より独立した。独立後の1953年に会社初の銑鋼一貫製鉄所の千葉製鉄所を建設し高炉メーカーへと転換。さらに1967年には水島製鉄所を建設した。1980年代以降は事業が多角化し、鉄鋼事業だけではなくエンジニアリング事業や集積回路(LSI)を製造するLSI事業などにも進出した。2000年に、国内2位のNKKと物流・補修・購買の3分野で提携した。このNKKとの関係は事業統合・再編へと発展し、第一段階として2002年9月に両社の持株会社となるJFEホールディングスを設立し、「JFEグループ」を創立。翌2003年4月に両社間で事業再編が実施され、NKKの鉄鋼事業を統合してJFEスチールへと商号を変更し、JFEグループの鉄鋼事業を担当する企業へと転換した。
3450,"ccessdate2016-03-24}}|発行済株式総数|売上高184億name\""プロスチール\""(2015年3月末)|経常利益|営業利益|純利益|純資産|総資産|従業員数93名name\""プロスチール\""（2015年4月）|支店舗数国内拠点2（名古屋・浜松）name\""プロスチール\""|決算期3月31日|主要株主豊田通商61.3%brメタルワン23.5%br日新製鋼15.2%name\""プロスチール\""|主要子会社|関係する人物|外部リンクhttp:www.prosteel.co.jp|特記事項}}'''株式会社プロスチール'''（{{Lang-en-short|''PROSTEELCo.Ltd.''}}）は、愛知県名古屋市緑区(名古屋市)|緑区大根山に本社を置く、特殊鋼とステンレス鋼を取り扱う豊田通商とメタルワンによる合弁企業。"
3450,旧鈴木商店系の大手鉄鋼メーカー。1905年（明治38年）に合名会社鈴木商店が小林清一郎の経営する小林製鋼所を買収し、神戸製鋼所として創業したことに始まる。日露戦争後の日本海軍が民間工場育成方針を採る中で、呉海軍工廠を始め、舞鶴、横須賀の各工廠より技術指導を受け、また注文を受けることでその規模を拡大した。大手鉄鋼メーカーの中では最も鉄鋼事業の比率が低く、素材部門・機械部門・電力部門の3本柱の複合経営が特徴。鉄鋼事業でも他社とは異なり、規模よりも特殊用途の付加価値の高い商材の開発に注力している。薄板分野では高張力鋼板（ハイテン）に強みを持ち、素形材分野では複雑な形状の自動車用部品に使用される鉄粉で国内シェアの50%を占めるほか、船舶用の組立型・一体型クランクシャフトで世界シェアの40%を占めている。また、鉄以外にもアルミニウム|アルミ、チタン、銅など複数の金属素材を手掛けており、世界に類を見ない複合素材メーカーである。アルミ分野では、自動車用アルミパネル材や自動車サスペンション用アルミ鍛造部品、鉄道車両用アルミ形材で国内首位。チタン分野では国内初のチタン工業化を成功させたパイオニアであり、航空機エンジン部品向けチタンに強みを持つ。銅分野では、自動車端子・コネクタ用銅合金で国内首位。機械部門は圧縮機や産業機械、真空成膜・表面改質装置、超高圧装置などを手掛ける。圧縮機分野では、非汎用圧縮機においてスクリュ式、ターボチャージャー|ターボ式、レシプロエンジン|レシプロ式の3種類すべてを取り扱う世界唯一のメーカーである。特にスクリュ式非汎用圧縮機では世界シェアの50%を占め、近年は市場拡大が見込まれる大型ターボ圧縮機市場へ参入している。また、産業機械分野ではタイヤ・ゴム混錬機が世界シェア40%、樹脂機械がHDPE向け樹脂混錬機で世界トップシェアを占める。そのほか、電力部門は2002年に稼働した神戸発電所12号機に加えて、2019年には真岡発電所を、2022年には神戸発電所34号機を稼働させる計画であり、四国電力とほぼ同規模の発電能力を得ることになる。長い鉄の冬の時代に加え、阪神・淡路大震災|阪神大震災では高炉などに大きな打撃を受け経営不振に陥ったが、2002年（平成14年）以降の鋼材価格高騰により息を吹き返している。近年はアルミや機械、電力など鉄鋼以外の分野への注力が目立ち、「鉄鋼メーカー」を脱し、「鉄鋼も手掛けるメーカー」へのシフトを目指す姿勢が鮮明である。子会社213社。関連会社56社。2001年（平成13年）に新日本製鐵と鉄鋼事業で包括提携を結び、2002年（平成14年）からは住友金属工業を加えた三社提携戦略を取っていた（前述2社は2012年10月に合併し、新日鐵住金となった）。スポーツ事業では、トップリーグ参加のラグビーチーム・神戸製鋼コベルコスティーラーズ|コベルコスティーラーズは国内で屈指の強豪として知られる。
3450,2004年よりステンレス事業で提携していた、高炉国内4位の日新製鋼とステンレス専業の日本金属工業が2012年10月1日に共同株式移転し、日新製鋼ホールディングスの傘下に入る形で設立された。株式移転比率は日新1.00に対し日金工0.56。2014年4月1日、日新製鋼ホールディングスを存続会社として、日新製鋼と日本金属工業を吸収合併し、日新製鋼に社名変更した。
3450,NAS（ナス：Nippon-YakinAusteniteStainlessSteelの略称）ブランド（関連会社であった住宅設備メーカーのナスステンレス（現・ナスラック）でも有名）で知られる独立系のステンレス特殊鋼電気炉メーカー。ステンレス専業メーカーで、東京証券取引所市場第1部に上場している。1925年、消火器の製造販売などを行なう「'''中央理化工業株式会社'''」として設立。1928年には、火工品・火薬品（軍事兵器など）の製造販売などを行なうようになり「'''日本火工株式会社'''」と改称。翌年、ステンレス鋼を初出鋼し、1942年に社名を現在の「'''日本冶金工業株式会社'''」と改称した。「東洋のクルップ社（現・ティッセンクルップ）」とも称された。また、ステンレスメーカーの中で唯一、ニッケル製錬部門（大江山製造所）をもっているため、原料高が続く状況の中では大きな強みとなっている。なお企業グループとしては、森矗昶が創始した森コンツェルンの中核企業として発展、戦後は日本興業銀行（現みずほ銀行みずほフィナンシャルグループ）をメインバンクとし、興銀から社長や代表権を持った副社長・専務を受け入れている。
3450,1935年（昭和10年）に創業した鉄鋼メーカーである。社名の由来は、淀川沿い(大阪府大阪市西淀川区百島２丁目１−２１)の工場で創業したことによる。創業当初、溶融亜鉛めっき鋼板のメーカーとして発足し、現在は「鋼板」「建材」「エクステリア」「ロール」「グレーチング」を製造する。家庭用・業務用の物置（'''ヨド物置'''シリーズ）やカラー鋼|鋼板の製造を主幹としている。台湾にも製造拠点（盛餘：センユースチール）を置く。カラー鋼板については業界1位であり、ヨド物置等に使われている。また関西国際空港、京セラドーム大阪やさいたまスーパーアリーナなどの屋根工事も手がけている。なお、2004年（平成16年）には家庭用の台所商材（レンジ台など）についての生産を中止した{{要出典|date2017年4月}}。大輪会http:izumisano-kyuryo.jpdairinkai大輪会（だいりんかい）とは-http:izumisano-kyuryo.jp泉佐野丘陵緑地公式サイト内のページ。と芙蓉グループ|芙蓉懇談会の会員企業である。
3450,創業者、豊田喜一郎が自動車開発のため豊田自動織機製作所（現豊田自動織機）内に試作工場と製鋼所を建設した。このとき自動車部と共に設置された製鋼部が1940年に独立して誕生した。（自動車部は1937年にトヨタ自動車|トヨタ自動車工業として独立。）創業より特殊鋼、それを形成したクランクシャフト、歯車などの自動車用鍛造品を主要製品としており、トヨタ自動車を中心に国内外の自動車メーカーや建設機械メーカーなどに販売している。また材料開発で培った技術を生かして電子部品や磁性材料の開発にも力を入れ、磁気センサやネオジム磁石を製品化している。さらに鉄イオンを植物に安定供給する技術を開発し、一般消費者向けに「鉄力あぐり」、「鉄力あくあ」という土壌改良材の販売するなど様々な新規事業に取り組んでいる。
3450,電気炉によって特殊鋼（合金鋼）を製造する、特殊鋼メーカーと呼ばれる鉄鋼メーカーである。中間製品である粗鋼の生産量（2006年度）は約104万トンで、日本国内では第17位の規模を持つ。製品の鋼種は、軸受に使用される軸受鋼や、機械の部品に使用される機械構造用鋼、工具に使用される工具鋼、ながしなどのキッチンシステムに使われるステンレス鋼など。これらの鋼の棒鋼・線材・鋼管（シームレス鋼管）・鍛造品や、素形材・金属粉|粉末などを製造する。特に、軸受鋼は日本国内市場占有率|シェアトップで3割強を占めるhttp:www.japanmetaldaily.comstatisticssharemainprdetailsindex.html日刊鉄鋼新聞。1933年（昭和8年）創業。1959年（昭和34年）に現社名となるまでは「山陽製鋼」を名乗った。1965年（昭和40年）に一度倒産するが、その後更生に成功している。1953年（昭和28年）に新日鐵住金の前身である富士製鐵が資本参加して以降、旧・新日鉄の系列企業であり、2006年（平成18年）に新日鉄が山陽特殊製鋼株式の保有比率を高めたため、旧・新日鉄の関連会社となった。本社および製造拠点の工場は、兵庫県姫路市にある。支社が東京都江東区(深川ギャザリア)にあり、大阪市・名古屋市・広島市の3都市に支店を構える。社内のスポーツ部には、全日本実業団対抗駅伝競走大会への出場経験のある陸上競技部（山陽特殊製鋼陸上競技部）があり渡邊和也も所属していた。かつては野球部があり、大根晃（元阪神タイガース|大阪タイガース）などのプロ野球経験者が所属していた事もあった。
3450,鉄鋼二次製品のうち、線材と呼ばれる鋼材を加工した線材二次製品のメーカーである。ばねや楽器の弦(楽器)|弦に用いられるピアノ線、主にばねに用いられる硬鋼線・オイルテンパー線、コンクリート補強用のPC鋼材|PC鋼線、幅広い分野で使用されるチタン線などを製造する。本社は東京都千代田区丸の内一丁目にあり、大阪市と名古屋市に支店を構える。製造拠点は千葉県習志野市にある習志野工場のみだが、傘下に複数の加工製品メーカーを持つ。2009年には、ヨーロッパ・北アメリカ・中華人民共和国|中国に拠点を持つ自動車用鋼線メーカーのスズキ・ガルピッタンを買収した。親会社は、材料の供給元でもある鉄鋼メーカーの日本製鉄。長らく新日鉄（当時）の持分法適用会社であったが、2009年に持株比率上昇に伴い連結子会社となった。2015年9月には株式交換により完全子会社となった。
3450,"官営八幡製鐵所を中心に複数の製鉄業者が合同して1934年（昭和9年）に発足した日本製鐵|日本製鐵株式會社（日鉄）が前身である。日鉄は太平洋戦争後の過度経済力集中排除法により4社に分割される（財閥解体）が、このうち八幡製鐵|八幡製鐵株式會社と富士製鐵|富士製鐵株式會社という鉄鋼メーカー2社が同法廃止後の1970年（昭和45年）に合併し、新日本製鐵（新日鉄）は発足した。新日鉄は、高炉を構え、鉄鉱石を原料に銑鉄から鋼|鋼材までを一貫して製造する製鉄所|銑鋼一貫製鉄所を持つ「高炉メーカー」の一つである。鉄鋼業の指標となる粗鋼の生産量は年間2750万トン（2009年度実績）平成22年3月期決算短信による。で、日本国内では市場占有率|シェア首位http:www.japanmetaldaily.comstatisticssharemainprdetailsindex.html主要品種の生産シェア2008年度｜日刊鉄鋼新聞（鉄鋼新聞ウェブサイト）による。。イギリスの金属情報誌{{仮リンク|メタル・ブリテン|en|MetalBulletin}}によれば、粗鋼の生産量は世界第6位（2009年時点）粗鋼生産量約2761万トン。上位5社は順にアルセロールミタル・河北鋼鉄集団・宝鋼集団!--原文「上海宝鋼集団」だが社名変更済--・武漢鋼鉄・ポスコ。出典は{{PDFlink|http:www.nsc.co.jpcompanypdfnscguide2010_j_77.pdf主要鉄鋼企業-粗鋼生産上位30社}}（新日鉄ウェブサイト）。である。世界シェア首位のアルセロール・ミッタルとは粗鋼生産量でおよそ3倍の差があり、敵対的買収の脅威が高まっているとされているが、これに対し新日鉄では、同業や川下メーカー、商社との株式持ち合いや、日本国外の製鉄所建設を含めた増産計画などの対抗策を打ち出している2007年9月28日付日本経済新聞朝刊では、株式持ち合いを進めた結果、新日鉄の安定株主比率は5割程度にまでおよぶようになったと報道される。。一方、国内シェアは2位のJFEスチールと拮抗するが、国内シェア3・4位の住友金属や神戸製鋼所と株式の持ち合いを進めるなど緩やかなグループ形成をしている。生産拠点の銑鋼一貫製鉄所は、新日本製鐵君津製鐵所|君津・新日本製鐵大分製鐵所|大分・新日本製鐵名古屋製鐵所|名古屋・八幡製鐵所|八幡・新日本製鐵室蘭製鐵所|室蘭の5か所。このほかにも高炉のない工場を5か所構える。これらの生産拠点において、鋼板や条鋼、鋼管など各種鋼材やチタン圧延材などの生産を行っている。製品は製造業向けの高級鋼材が7割を占めるname\""annualreport\""新日鉄の「アニュアルレポート（平成21年度）」による。このように事業会社として動く一方、グループ企業を束ねる持株会社としての側面も持っており、新日鉄は事業持株会社として機能している。グループ企業は大阪製鐵などの鉄鋼業者のほか、建設業|建設業者の新日鉄エンジニアリングや化学メーカーの新日鐵化学、情報通信企業の新日鉄ソリューションズなど、鉄鋼業から派生した業種の企業を含んでいる。"
3450,前身の日本製鐵（日鉄）は財閥解体の対象となり、過度経済力集中排除法（集排法）の適用を受けて1950年（昭和25年）4月に解体された。日鉄解体に伴って発足した後継会社の一つがこの八幡製鐵である。日鉄の鉄鋼部門を引き継いだ高炉メーカーで、粗鋼生産量は日本国内トップで、同じく日鉄の後継会社である富士製鐵と並ぶ大手高炉メーカーであった。製鉄所は日鉄から継承した伝統のある八幡製鐵所|八幡と、八幡製鐵発足後に建設した新日本製鐵光製鐵所|光・新日鐵住金堺製鐵所|堺・新日鐵住金君津製鐵所|君津の4か所で、光を除き製鉄所|銑鋼一貫製鉄所である。これらの製鉄所やその他の工場を拠点に展開する鋼材の製造・販売を主力の事業とした。鉄鋼業の指標となる粗鋼の生産量は発足当初は約150万トン（1950年度実績）であったが、度重なる設備の拡張で1969年度には約11倍の1600万トンに達した。事業はこれらの鉄鋼の製造のほかにも、橋|橋梁・配管工事や建築物の建設、製鉄関連設備の製作も行っていた。1968年（昭和43年）に、富士製鐵との合併を発表。合併によって巨大高炉メーカーが発足するため公正取引委員会による反対もあったが、2年後の1970年（昭和45年）3月に富士製鐵と合併、新日本製鐵（新日鉄）として発足した。この合併では、手続上は八幡製鐵が存続会社となって新日鉄に社名を変更し、富士製鐵は解散したという形を採っている。
3450,前身の日本製鐵（日鐵）は財閥解体の対象となり、過度経済力集中排除法（集排法）の適用を受けて1950年（昭和25年）4月に解体された。日鐵解体に伴って発足した後継会社の一つがこの富士製鐵である。日鉄の鉄鋼部門を引き継いだ高炉メーカーで、粗鋼生産量は日本第2位、同じく日鉄の後継会社である八幡製鐵と並ぶ規模の大手高炉メーカーであった。製鉄所は日鐵から継承した新日本製鐵広畑製鐵所|広畑・新日本製鐵室蘭製鐵所|室蘭・新日本製鐵釜石製鐵所|釜石と、系列高炉メーカーの東海製鐵の合併により1967年（昭和42年）に加わった新日本製鐵名古屋製鐵所|名古屋の計4か所。長らく広畑を主力としたが、末期には名古屋が生産規模の上では広畑を凌いだ。いずれも製鉄所|銑鋼一貫製鉄所で、銑鉄や鋼材の製造・販売を主力の事業とした。鉄鋼業の指標となる粗鋼の生産量は発足当初は90万トン（1950年度実績）に過ぎなかったが、3度にわたる設備拡張計画で1969年度には約17倍の1500万トンに達した。製品面でも、この間に汎用鋼材のみから表面処理鋼板や高張力鋼、電磁鋼などの高級鋼材の生産も可能になった。事業はこれらの鉄鋼の製造のほかにも、橋|橋梁・配管工事や建築物の建設、化成品の製造・販売も行っていた。1968年（昭和43年）に、八幡製鐵との合併を発表する。合併によって巨大高炉メーカーが発足するために混乱があったが、2年後の1970年（昭和45年）3月に八幡製鐵と合併、新日本製鐵（新日鐵）として発足した。この合併では、手続上は八幡製鐵が存続会社となって新日本製鐵に社名を変更し、富士製鐵は解散したという形を採っている。
3450,電気炉を持ちスクラップ|鉄スクラップを原料に鋼材を製造する、電気炉メーカーと呼ばれる鉄鋼メーカーである。条鋼に分類される、丸鋼や異形鉄筋|異形棒鋼、線材、形鋼|山形鋼を製造するほか、鋼材の加工品も製造する。本社は新潟県長岡市にある。本社所在地は製造拠点の一つである長岡工場がある場所で、電気炉による製鋼と製品の圧延作業を行っている。新潟県三条市にも製造拠点の三条工場があるが、製鋼工程はなく圧延作業のみを行っている。筆頭株主は新日鐵住金系の鉄鋼・輸送用機器メーカーのトピー工業で、約33%を出資している。
3450,明治42年に、現在の大阪府大阪市大正区千島において、水道やガス用の鋳鉄管を製造することで創業した老舗鋳鉄管メーカーであり、2002年に千島工場が閉鎖されたものの、創業地を記念して同所には栗本鐵工所発祥の地の石碑が残されているhttp:www.city.osaka.lg.jptaishocmsfilescontents00000292926403427.pdf　栗本鐵工発祥の地の碑（泉尾東公園内）『大正ガイドブック』27ページ（大阪市大正区発行）。現在においても鋳鉄管が主力製品ではあるが、繊維強化プラスチック（FRP）製の配管等も製造しており、その技術を生かして炭素繊維強化プラスチック（CFRP）製の自動車部品製造受託事業に参入することを目指すとしているhttp:www.nikkei.comarticleDGXLZO10815170Y6A211C1TJC000　栗本鉄工所が参入　車向け炭素繊維強化プラ製造受託『日本経済新聞』2016年12月19日付朝刊5面企業欄。そのほか、脱溶剤装置と反応装置をトータルシステムで販売するために、住吉工場内にテストセンターを設置したりhttp:www.kagakukogyonippo.comheadline20161124-27216.html　栗本鉄工所脱溶剤・反応装置大阪に専用試験施設『化学工業日報』2016年11月24日付、鋳鉄、鋳鋼製品の製造・販売を行う子会社である株式会社佐世保メタルを太平洋セメント株式会社の子会社である株式会社香春製鋼所と合併させるhttp:ma-times.jp41706.html　栗本鐵工所、連結子会社の合併　顧客価値及び企業価値向上へ『M&Aタイムス』2016年9月27日付など、鋳鉄管を中心とした事業構造の変革に着手している。
3450,1968年4月に浦項製鉄の建設に着工。しかし、1969年2月の建設途中に世界銀行やアメリカなどが「韓国はまだ時期尚早」だと資金撤回。朴泰俊会長は側近に「会社の清算計画」を準備しておくよう極秘の指示を出すなど計画破綻危機に陥るhttp:www.chosunonline.comsitedatahtml_dir201803312018033100590.html【萬物相】ポスコ50年と韓国人の団結力。しかし、1973年に日韓基本条約に伴う対日請求権資金などによる日本の資金5億ドル（無償3億ドル、有償2億ドル）の内、資金全体の23.9％の約1億1950万ドルを投入し、慶尚北道浦項市に国営の浦項総合製鉄所第一期設備を建設された。浦項製鉄所は韓国の基幹産業を軽工業から重化学工業へ転換させたhttp:www.sankei.comworldnews150618wor1506180005-n1.html「日本供与の５億ドル使途は？　浦項製鉄所建設へ２３％　重工業発展に寄与」産経ニュース2015年6月18日.。また、この際に八幡製鐵及び富士製鐵（両社は1970年に合併し新日本製鐵となった後、現在は日本製鉄）と日本鋼管（現・JFEスチール）の3社からの技術導入を受けた（後述）。技術導入後、ベトナム戦争への参戦を契機とした急激な経済成長の中で、日本の援助により3回に亘る拡張事業の末、1983年、粗鋼生産能力910万トン規模の浦項製鉄所を完成させた。1985年からは全羅南道光陽市に最新鋭の製鉄所である光陽製鉄所第一期設備着工。1992年には、四半世紀に亘る製鉄所建設の総合竣工。現在は光陽の製鉄所が主要拠点になっている。2000年に完全民営化されhttp:www.chosunonline.comsitedatahtml_dir201803312018033100590.html【萬物相】ポスコ50年と韓国人の団結力、2002年に現在の「ポスコ」に社名を改めた。2005年11月22日には東京証券取引所第一部に上場した（証券コード：5412）。日本の株式市場に上場するのは韓国企業で初めてであったが{{Citeweb|urlhttp:www.47news.jpCN200511CN2005112201005174.html|title鉄鋼大手ポスコが上場　東証、韓国企業で初めて|accessdate2014-3-4|publisher47NEWS|archiveurlhttps:web.archive.orgweb20140304145122http:www.47news.jpCN200511CN2005112201005174.html|archivedate2014-3-4}}、2015年に系列会社の赤字の影響により、創設以来初の赤字に陥りhttp:www.chosunonline.comsitedatahtml_dir201803312018033100590.html【萬物相】ポスコ50年と韓国人の団結力、同年12月14日に上場廃止した。
3450,大手鋼|鉄鋼メーカーの新日鐵住金が出資する鋼管メーカーである。親会社の新日鐵住金とは異なり、鋼管の中でも小径の鋼管#電縫鋼管|電縫鋼管（電気抵抗溶接鋼管）を専門に製造する。製品には、自動車・オートバイ|バイクなど機械の部品として使用される機械構造用鋼管や、主に建築部門で使用される一般構造用鋼管、配管用鋼管、電線用の電線管がある。日本国内での電縫鋼管の生産市場占有率|シェアは第6位（2008年度）http:www.japanmetaldaily.comstatisticssharemainprdetailsindex.html主要製品の生産シェア、日刊鉄鋼新聞。本社は東京都品川区大崎(品川区)|大崎1丁目にあり、愛知県東海市・大阪市・福岡市の3都市に支店を構える。製造拠点は4か所で、東海市の新日鉄新日鐵住金名古屋製鐵所|名古屋製鐵所構内に名古屋工場、川崎市川崎区に川崎工場、堺市堺区に堺工場、福岡県豊前市に九州工場がある。現在では新日鐵住金グループの一員であるが、1933年の設立当初は東芝グループに属していた。また、かつては東京証券取引所市場第2部（東証2部）に株式を株式公開|上場していた（証券コードは5462）が、新日鉄の完全子会社となったため2004年に上場を上場廃止|廃止している。2013年10月に同じ新日鐵住金グループの住友鋼管と合併し、日鉄住金鋼管が発足した。
3450,建築や道路、土木部門向けの鉄鋼製品のメーカーである。大手鉄鋼メーカーの日本製鉄が出資している。製品は主に鋼板の加工品である。建築物の鉄骨構造|鉄骨に使用される軽量形鋼、床・屋根に使用されるデッキプレート、土木用資材の軽量鋼矢板・コルゲートパイプ、ガードレールといった冷間ロール成形形鋼のほか、建築物用のカラー鋼板|塗装鋼板、構造材に使用される鋼管#電縫鋼管|電縫鋼管（角形鋼管）などを製造する。特に、電縫鋼管は日本国内での生産市場占有率|シェアが業界第4位（2008年度）http:www.japanmetaldaily.comstatisticssharemainprdetailsindex.html主要製品の生産シェア、日刊鉄鋼新聞。また、工事現場で使用される仮設足場（ビティ足場）、照明柱などに用いられる「スミポール」、シカと列車の衝突を防ぐ「ユクリッド」、製鋼過程で使用される製鋼助材も製品である。本社は東京都江東区木場2丁目にあり、札幌市・仙台市・新潟市・静岡市・名古屋市・富山市・大阪市・高松市・広島市・福岡市の10都市に支店を構える。製造拠点は以下の合計8か所である。*仙台製造所（仙台市宮城野区）*野木製造所（栃木県下都賀郡野木町）*大阪製造所（大阪府高石市）*広畑製造所（兵庫県姫路市・日本製鉄日本製鉄広畑製製鉄|広畑製鉄所構内）*戸畑工場（北九州市戸畑区・日本製鉄日本製鉄八幡製製鉄|八幡製鉄所構内）*君津鋼板工場（千葉県君津市・日本製鉄日本製鉄君津製製鉄|君津製鉄所構内）*尼崎工場（兵庫県尼崎市）*ニッテックス（製鋼助材）工場（福岡県豊前市）
3450,北海道室蘭市にある製鉄所|銑鋼一貫製鉄所である室蘭製鐵所のうち、銑鉄の製造工程（製銑工程）を新日鉄から分離するために設立された鉄鋼メーカーである。鉄鉱石とコークスを原料として半製品である銑鉄を製造する装置の高炉と、コークスを製造するためのコークス炉などを保有する。1994年（平成6年）3月末に発足し、同年4月に営業を開始した。製品には、室蘭製鐵所の製鋼工程へ送られる銑鉄の他、コークス炉から回収される硫酸アンモニウム（硫安）・コールタール・タール軽油といった化成品がある。筆頭株主は日本製鉄で、同社が資本金の80%を出資する。残りの20%は、室蘭製鐵所構内に製造拠点（三菱製鋼室蘭特殊鋼室蘭製作所）を持つ三菱製鋼が出資する。
3450,電気炉を持ちスクラップ|鉄スクラップを主原料として鋼を製造する、電気炉メーカーと呼ばれる鉄鋼メーカーである。条鋼の一種で長方形の断面を持つ平鋼や、正方形の断面を持つ角鋼を製造する。群馬県太田市にある群馬工場が拠点。本社は東京都中央区(東京都)|中央区にある。前身は理研グループの企業である。大同特殊鋼の前身・大同製鋼に統合された後1956年（昭和31年）に再独立し、王子製鉄が発足した。そのため長らく大同特殊鋼の傘下であったが、2007年（平成19年）に親会社が大同特殊鋼から新日本製鐵（現・日本製鉄）へ移行した。
3450,鉄とその他の金属の合金であるフェロアロイ（合金鉄）の製造および販売を手がけるフェロアロイメーカーである。フェロマンガンやシリコマンガンなどマンガン系合金鉄の製造を中心に、フェロクロムやフェロバナジウム、フェロシリコンなどの合金鉄も扱う。合金鉄の用途は主に製鋼過程における添加剤であり、その関係で大手鉄鋼メーカーの日本製鉄が資本参加している。2010年には、新日本製鐵（当時）が日本電工（当時）を持分法適用関連会社とした。合金鉄のほか、マンガン酸リチウムなどの新素材、ホウ素製品などの工業薬品、水処理装置（主に金属回収装置）の製造・販売を手がける。本社は東京都中央区(東京都)|中央区。徳島工場（徳島県阿南市）・鹿島工場（茨城県鹿嶋市）・妙高工場（新潟県妙高市）・北陸工場（富山県射水市）・高岡工場（富山県高岡市）・日高工場（北海道様似郡様似町）・郡山工場（福島県郡山市）の7工場を持つ。このうち徳島工場と北陸工場・鹿島工場は、電気炉を保有する合金鉄の生産拠点である。また、南アメリカの鉱業業者と提携し、現地に合弁会社を設立している。
3450,主たる事業は鉄鋼業で、鋼管、鋼板|薄板、鋼板|厚板、建材、鉄道車両品、チタン、条鋼などを生産する（粗鋼生産量は年間1000万トン）。この中でも「パイプの住金」と言われるように、シームレスパイプと呼ばれる原油発掘用の鋼管は世界的にも上位の地位を確保している。ただ、シームレスパイプの価格は原油価格とリンクするため、1990年代の原油価格低迷期にはシームレスパイプも赤字部門として住金の経営の足を引っ張っていたが、2000年（平成12年）以降の原油価格の高騰で収益改善している。主力の製鉄所は住友金属工業鹿島製鉄所|鹿島製鉄所と住友金属工業和歌山製鉄所|和歌山製鉄所である。鹿島製鉄所は日本国内では比較的新しい製鉄所で生産効率が優れている。さらに2004年（平成16年）には鹿島製鉄所内に大型の新高炉を建設して、さらに費用削減を進めている。和歌山は古い製鉄所のため生産効率が劣っていた。そのため、熱間圧延ミルラインの休止および上工程（製銑・製鋼ライン）の台湾・中国鋼鐵との合弁会社への分離など大リストラ策が実施された。今日では、シームレスパイプの生産拠点として重要な役割を果たしており、海南市の海南鋼管所を含め、新たに設備投資が行われた。この設備投資によりその役割を終えることとなった和歌山第4高炉は1982年（昭和57年）2月23日の火入れ以降、2009年（平成21年）7月11日の吹き止めまで実に27年4か月（1万1日）稼働し、稼働日数世界最長記録を達成した。また、1970年（昭和45年）の新日本製鐵誕生から、鉄鋼業界は長らく大手5社体制で安定していたが、2002年（平成14年）に日本鋼管と川崎製鉄が経営統合して、JFEホールディングス|JFEグループが誕生。これに危機感を抱いた、新日鐵・住金と神戸製鋼所も同年、包括的な提携を結びJFEへの対抗姿勢を示した。ほかの鉄鋼会社と同様に事業の多角化の一環で、半導体用シリコンウエハーの生産も手掛けていたが、収益が悪化して、三菱マテリアルとの合弁会社（現在のSUMCO）に移管。橋梁やエネルギー分野、環境関連エンジニアリングの分野でも事業を展開している。かつては「'''柔らか頭してますか、住友金属'''」というフレーズのコマーシャルメッセージ|コマーシャル（出演：山瀬まみ、ほか）を流していた。大東亜戦争中、大日本帝国海軍|帝国海軍の零式艦上戦闘機などに使用された新素材、超々ジュラルミンを開発したのもこの住友金属である。1989年（平成元年）、プロサッカーリーグ（日本プロサッカーリーグ|Jリーグ）設立が具体化した際に参加表明し、当時の住友金属工業蹴球団から鹿島アントラーズとしてJリーグクラブを誕生させた。現在は、オフィシャルスポンサーとして支えている。また、同クラブのホームスタジアムである茨城県立カシマサッカースタジアムの第2ゲートの命名権を取得し、「住金ゲート」（後に「新日鐵住金ゲート」に改称）としている。
3450,日本製鉄資本で日本の電炉業界では第2位。マンションなどの鉄筋コンクリート用棒鋼では国内市場占有率|シェア1位。医療廃棄物・産業廃棄物の処理も手掛ける。大輪会の会員企業であるhttp:izumisano-kyuryo.jpdairinkai大輪会（だいりんかい）とは-http:izumisano-kyuryo.jp泉佐野丘陵緑地公式サイト内のページ。。
3450,自動車や建設機械、鉄道車輛向けの特殊鋼やばね、鋳鍛造品等を生産しており、日本の鉄鋼業界においては特殊鋼メーカーとして位置付けられている。紡績機械用のばね製造を起源としているが、当時のばね材は輸入が占め、第一次世界大戦がはじまると入手が困難となったことから、自社でばねの材料である特殊鋼製造を本格開始した経緯がある。素材から製品まで一貫した国内唯一のメーカーであり、日本で初めて鉄道車輛用のばねを製造したほか、建設機械用太巻ばねでは世界トップシェアを持つ。また、鉄系を主にした鋳・鍛造品、さらには自動車、航空・船舶、エネルギー、エレクトロニクスほか、幅広い分野で使用される高機能特殊合金の鋳・鍛造製品および粉末製品を製造している。三菱グループの鋼|鉄鋼部門を担っている企業である。三菱グループの高炉メーカーとしては戦前日本製鐵兼二浦製鉄所|三菱製鐵が存在したが、1934年に日本製鐵の設立に参加し、三菱財閥は銑鋼一貫による鉄鋼業から撤退している。三菱金曜会http:www.mitsubishi.comkinyokai三菱金曜会及び三菱広報委員会http:www.mitsubishi.commpacj三菱広報委員会の会員企業であるhttp:www.mitsubishi.comkinyokaisyoukai.html三菱金曜会会員会社紹介http:www.mitsubishi.commpacjcompanies三菱広報委員会-会員会社紹介。
3450,電気炉を持ち、スクラップ|鉄スクラップを原料に製鋼を行い鉄鋼製品を生産する、「電気炉メーカー」と呼ばれる鉄鋼メーカーの一つである。製品は建築・土木向けが主で、形鋼（山形鋼・溝形鋼・I形鋼など）や軌条|軽軌条、棒鋼（異形鉄筋|異形棒鋼・丸鋼・平鋼・角鋼など）がある。実際の本社機能がある本社事務所は大阪市中央区(大阪市)|中央区道修町にある。製造拠点は登記上の本店である大阪市大正区南恩加島一丁目にある大阪事業所恩加島工場、同じ大阪府内の堺市の日本製鉄新日鐵住金和歌山製鐵所|和歌山製鉄所・堺地区構内にある大阪事業所新日鐵住金堺製鐵所|堺工場、熊本県宇土市にある西日本熊本工場の3か所がある。これらの3工場にはいずれも電気炉があり、鋼材の製造を行っていたが、2016年（平成28年）3月に恩加島工場での鋼材の製造を休止し、現在は残る2工場で鋼材の製造を行っている。日本製鉄が約60%の株式を保有しており、大阪製鐵は日本製鉄の子会社に分類される。日鉄とは発足当初から関係があり、現在の大阪事業所恩加島工場は元々日本製鉄の源流企業・日本製鐵の大阪製鉄所であった。
3450,新日本電工の子会社。工場は新潟県妙高市（妙高高原駅前）、茨城県鹿嶋市（鹿島臨海工業地帯）と和歌山県和歌山市にある。
3450,"1959年（昭和34年）に日本鐵板と日亜製鋼の二社が合併して誕生した。そして1962年（昭和37年）、呉製鉄所に第1号高炉を建設し、以後は圧延および連続鋳造設備を備えた銑鋼一貫のメーカーとして活動している。高炉メーカーとしての規模は日本国内で第4位。表面処理鋼板やステンレス鋼|ステンレス鋼板、ステンレス精密圧延品といった高付加価値な薄板部門に強みを発揮している。商品ブランド名は月星印。合併後も岩井商店|岩井産業や新日本製鐵（現・新日鐵住金|日本製鉄）とは緊密な関係を保ち、特に後者の新日鐵住金は筆頭株主であった。また、前者との関係から最勝会グループにも属しているhttps:www.sojitz.comjpcsrcontributenagaoka長岡禅塾-https:www.sojitz.comjp双日公式サイト内のページ。。三和グループの社長会である三水会及び三和グループの親睦会であるみどり会のメンバーでありながらhttps:doors.doshisha.ac.jpduarrepositoryir1598117064050004.pdf六大企業集団の無機能化-同志社大学学術情報検索システム内にあるPortableDocumentFormat|PDFファイル。筆者は経済学者の田中彰。http:www.midorikai.co.jpmember.htmlメンバー会社一覧-みどり会、旧日本長期信用銀行|長銀や旧日本興業銀行|興銀とも緊密な関係にあった。大平洋金属の株式を1495万株(7.6%)保有する大株主であり、その他日本国内に約30社のグループ会社を有する。2012年10月1日、日本金属工業と共同株式移転方式で経営統合し、日新製鋼ホールディングスの完全子会社となった。2014年4月1日、日新製鋼ホールディングスが日新製鋼及び日本金属工業を吸収合併、日新製鋼株式会社に社名変更した。2017年3月13日、新日鐵住金は株式公開買付けにより、日新製鋼を子会社化したhttp:v4.eir-parts.netv4ContentsView.aspx?cattdnet&sid1449274新日鐵住金株式会社による当社株式に対する公開買付けの結果並びに親会社及び主要株主である筆頭株主の異動に関するお知らせ。2018年12月10日、新日鉄住金による完全子会社化を総会で承認name\"":0\""http:v4.eir-parts.netv4ContentsView.aspx?templateannouncement&sid46908&code5413当社と新日鐵住金株式会社との株式交換契約に関する臨時株主総会の承認可決についてのお知らせ日新製鋼2018年12月10日。同月26日、上場廃止{{Citeweb|urlhttp:v4.eir-parts.netv4ContentsView.aspx?cattdnet&sid1658895|title当社株式の上場廃止のお知らせ|accessdate2019年3月23日|publisher}}。2019年1月1日、株式交換により、新日鐵住金の完全子会社化となったname\"":0\""http:v4.eir-parts.netv4ContentsView.aspx?cattdnet&sid1589315新日鐵住金株式会社による日新製鋼株式会社の完全子会社化に係る株式交換契約の締結並びに新日鐵住金株式会社、日新製鋼株式会社及び新日鐵住金ステンレス株式会社のステンレス鋼板事業の統合に係る基本合意書の締結に関するお知らせ。2019年4月1日、親会社の新日鐵住金が日本製鉄へ商号変更したことに伴い、'''日鉄日新製鋼株式会社'''に商号変更されたhttps:www.nipponsteel.comcommonsecurenewsnewbrandmark_100.pdf商号変更予定のグループ会社。"
3450,大手高炉メーカーの日本製鉄が出資する建築材料|建材鋼板メーカーである。旧新日鉄グループの日鉄鋼板と旧住友金属グループの住友金属建材の建材鋼板部門を事業統合して2006年（平成18年）に設立された'''日鉄住金鋼板'''が、2019年4月1日に商号変更したもの。事業領域は、各種建材鋼板（薄板）の製造・販売と建築物の設計・監理・工事請負である。製品には、めっき鋼板（溶融亜鉛めっき|溶融亜鉛めっき鋼板・ガルバリウム|ガルバリウム鋼板）やそれらを加工したカラー鋼板|塗装鋼板・ポリ塩化ビニル被覆鋼板、塗装ステンレス鋼|ステンレス鋼板などの表面処理鋼板や、金属屋根、金属壁、金属断熱サンドイッチパネル2枚の鋼板の間に断熱材を挟み込んだパネル。屋根や壁に使用される。がある。外装建材用表面処理鋼板においては国内最大手であり、その国内シェアは40％以上、金属断熱サンドイッチパネルは80％以上である。本社は東京都中央区(東京都)|中央区日本橋本町一丁目にある第10中央ビルに入居する。支店は大阪市・名古屋市・福岡市・仙台市の4か所に、営業所は札幌市と富山市の2か所に配置されている。製造拠点は、西日本製造所尼崎地区（兵庫県尼崎市）・同堺地区（堺市堺区）・同湖南地区（滋賀県湖南市）・船橋製造所（千葉県船橋市）の4か所がある。
3450,大手高炉メーカーである日本製鉄新日鐵住金ステンレス時点では両親会社の新日本製鐵と住友金属工業。両親会社の合併により親会社は新日鐵住金となり、2019年4月に日本製鉄に商号変更。が出資するステンレス鋼メーカーである。2003年に旧新日本製鐵・旧住友金属工業両社のステンレス鋼部門を会社分割（共同新設分割）により統合して発足したhttp:www.sumitomometals.co.jpnewsnews2003news2003-06-20.html新日本製鐵（株）と住友金属工業（株）のステンレス事業統合に関する分割計画書の作成について（2003年6月20日付住友金属ニュースリリース）、2010年1月閲覧。。事業領域は、ステンレス鋼の厚鋼板|厚板・薄鋼板|薄板・棒鋼・線材の製造および販売である。ステンレス鋼管については事業統合されず、親会社の日本製鉄が引き続き製造を行っている。本社は東京都千代田区鉄鋼ビルディングに入居。2017年4月以前は大手町(千代田区)|大手町二丁目にある朝日生命大手町ビルに入居していた。支店は大阪市・名古屋市・福岡市・広島市・新潟市の5か所に配置され、タイ王国|タイのバンコクと中華人民共和国|中国広州市にも事務所を構える。製造拠点は、旧新日本製鐵光製鐵所より分離され電気炉をもつ日本製鉄大分製鉄所光地区に隣接する光製造所（山口県光市）、日本製鉄八幡製鉄所構内にある八幡製造所（北九州市八幡東区）、日本製鉄鹿島製鉄所に隣接する鹿島製造所（茨城県鹿嶋市）の3か所。製造所により製品が異なり、光製造所では棒鋼・線材やニッケル系薄板、鹿島製造所ではクロム系薄板、八幡製造所では厚板を製造する。また、日本製鉄八幡製鉄所の設備も一部工程で使用しており、クロム系タンデム圧延薄板炭素鋼|普通鋼の設備（タンデム圧延機）で圧延した薄板のこと。がここで製造されている。
3450,高炉を所有し鉄鉱石を原料に最終製品の鋼材の生産までを一貫して行う、「高炉メーカー」と呼ばれる鉄鋼メーカーである。JFEグループの中核企業で、グループ全体の売上高のうち約80%を占める鉄鋼事業を担当する。2002年に川鉄とNKKが経営統合してJFEグループが発足した後、翌2003年に行われた事業再編の際に両社の鉄鋼部門が統合し、JFEスチールは発足した。なお、手続上は川鉄が非鉄鋼部門を分離した上でNKKの鉄鋼部門を継承して社名変更した形を採っている。一方のNKKは川鉄のエンジニアリング部門を継承してJFEエンジニアリングに社名を変更している。鉄鋼メーカーの規模の指標である粗鋼の年間生産量は約3029万トン（2016年）で、日本国内では新日鉄に次いで第2位。世界鉄鋼協会の統計によれば、粗鋼の生産量は世界第8位（2016年時点）であるhttps:www.worldsteel.orgendamjcr:b8a5256f-6b2f-40ae-80cc-f25c029b48ebTop+50+steelmakers+2016_web.pdfTopsteelmakersin2016。製造拠点は、神奈川県および千葉県にあるJFEスチール東日本製鉄所|東日本製鉄所、岡山県および広島県にあるJFEスチール西日本製鉄所|西日本製鉄所、愛知県にある知多製造所、宮城県にある仙台製造所の4つがある。そのうち、東日本・西日本両製鉄所は高炉を構える「製鉄所|銑鋼一貫製鉄所」と呼ばれる大規模な工場である。これらの製造拠点において、鋼板類や条鋼類、鋼管などの鋼材を中心とする製品を製造している。鋼材は、国内では建築および土木・自動車・産業機械・電気機械などの分野向けに販売されるが、およそ半数が大韓民国|韓国・中華人民共和国|中国・東南アジア諸国連合|ASEAN諸国向けを中心とする輸出に回される2010年3月期有価証券報告書による。。傘下の企業は約200社ある。高炉メーカーよりも小規模な電気炉メーカーや半製品を加工し鋼材とするメーカーなどの鉄鋼メーカーが中心だが、2次製品のメーカー、化学メーカー、鉱業業者、建設業|建設業者、あるいは情報システム企業も含まれる。日本国外への進出は前身企業時代の1980年代から本格化しており、2010年3月時点では韓国・中国・タイ王国|タイ・アメリカ合衆国|アメリカなどに出資する鉄鋼メーカーがある。出資企業には高炉メーカーは含まれず、電気炉メーカーも韓国の東国製鋼のみで、輸出した半製品を鋼材に加工するタイプのメーカーがほとんどであったが、2012年2月にインドの大手高炉メーカーJSWスチールの株式15％を取得、持分法適用会社とすることを発表した。平成22年3月期決算短信による。その他の国外大手高炉メーカーでは、ドイツのティッセンクルップ、カナダのドファスコとそれぞれ自動車用鋼板の分野で技術提携をしている。
3450,"日本製鉄は、新日本製鐵と住友金属工業の合併によって発足した新日鐵住金が商号変更したものである。新日本製鐵(新日鐵)は、日本製鐵|日本製鐵株式會社(日鐵)を前身に持つ鉄鋼メーカーであった。日鐵は1934年に官営八幡製鐵所を中心として複数の製鉄業者が合同して発足し、「日本製鐵株式會社法」で経営が規定される高い公共性を持つ半官半民の国策会社であった。後に日鐵は太平洋戦争後の過度経済力集中排除法により4社に分割される（財閥解体）が、このうち八幡製鐵|八幡製鐵株式會社と富士製鐵|富士製鐵株式會社という鉄鋼メーカー2社が1970年に合併することにより、新日鐵は発足した。発足時は日立製作所を抜いて売上日本最大のメーカーであり、1980年代にトヨタ自動車に抜かれるまで、長年その地位にあった。また、2010年の粗鋼生産ランキング|粗鋼生産量において日本国内では首位、世界では第5位の規模を持っていた。一方の住友金属工業(住金)は、1935年に住友伸銅鋼管と住友製鋼所（旧・住友鋳鋼場）が合併して発足した鉄鋼メーカーであった。住金は関西経済界の重鎮（関西財界御三家）であり、住友グループの要として三井住友銀行、住友化学と共に「住友グループ御三家」と称された。主たる事業は鉄鋼業であり、鋼管、鋼板|薄板、鋼板|厚板、建材、鉄道車両品、チタン、条鋼などを生産していた。事業の中でも「パイプの住金」と言われるように、継目無鋼管と呼ばれる原油発掘用の鋼管は世界的にトップシェアを誇っていた。また、2010年の粗鋼生産量において日本国内では第3位、世界では第19位の規模を持つ。2012年10月1日、上述の新日本製鐵が住友金属工業を吸収合併して新日鐵住金は発足した。国内の鉄鋼業界では、2002年の川崎製鉄と日本鋼管（NKK）の経営統合によるJFEホールディングスが発足して以来、約10年ぶりの大型再編となった。それまでの再編では生産調整等が目的であったが、新日鉄住金では韓国・中国をはじめ新興国の製鋼メーカー台頭を意識した戦略的合併が主な目的となっている。グローバル競争での存続を巡る大型取引であり、合併発表当時はこれを許容した公正取引委員会の態度の変化が話題となった。合併の背景には、日本国内での重複部門の統廃合による費用|コスト削減や、経営資源を集中させて莫大な費用を要する高炉建設を迅速に進める体制整備、また、鉄鋼需要が急拡大する新興国などを視野に、海外展開における課題（輸送コストや円相場|円高による価格競争力の低下）があり、規模拡大による競争力の強化が不可避と判断されたものと見られるname\""読売新聞\""{{Citenews|author|authorlink|url|title新日鉄と住金、来年合併へ|newspaper読売新聞|publisher読売新聞社|date2011年2月4日|accessdate}}。粗鋼生産量ベースで世界4位の新日本製鉄と同19位の住友金属工業との合算は3750万トンとなり、世界2位の宝鋼集団（3130万トン）と3位ポスコ（3110万トン）を上回り、首位を独走するアルセロール・ミッタル（7750万トン）を追いかける筆頭となった（生産量の数値は2009年実績、世界鉄鋼協会調べ）name\""読売新聞\""。また、企業結合により消滅した住友金属工業は住友グループの主要企業であったが、統合後の新日鐵住金としては住友グループ広報委員会等には加入していない。2013年には、7年ぶりに鉄鋼メーカーとして時価総額世界一になったname\""bloomberg\""{{Citeweb|urlhttp:www.bloomberg.co.jpnews123-MN8T2L6KLVR501.html|title【今日のチャート】新日鉄住金、円安で時価総額「世界一」に|publisherブルームバーグ|date2013-05-24|accessdate2013-06-12}}。2018年5月、2019年4月1日に「'''日本製鉄'''」に社名を変更することを発表。財閥解体により八幡製鐵と富士製鐵に分割される前の商号「日本製鐵」（'''にほん'''せいてつ）に復するが、「鐵」が新字体の「鉄」となり、読みも「'''にっぽん'''せいてつ」となる。英語社名は合併前の「NipponSteel」に戻り、「&SumitomoMetal」が外れる。進藤孝生社長は「日本製鐵」を意識したわけではないとしたname\""nikkei201805\""https:r.nikkei.comarticleDGXMZO30579760W8A510C1000000?s2帰ってきた「日本製鉄」複雑な社名の歴史日本経済新聞2018年5月16日が、6月の株主総会後には旧住友金属出身の代表取締役が一掃され、8人の代表取締役の全員を旧新日本製鐵出身者が占めることなったhttps:diamond.jparticles-172790?page2新日鐵住金」が「日本製鉄」になる意味、進藤孝生社長が語るダイヤモンドオンライン。コーポレートスローガンは「'''総合力世界No.1の鉄鋼メーカーへ'''」。同社は、高交叉角拡管穿孔法を考案・実現し、シームレスパイプを生産している。group\""注釈\""特許権取得時の特許権者は住友金属工業、特願2005-506775、特許4196991"
