7150,2000年7月に設立された「全国知的障害者共済会」を前身としている。保険業法の改正（2006年4月1日施行）に伴い少額短期保険業者に移行するため、2006年11月に準備会社として「ぜんち共済株式会社」を設立。2008年2月に少額短期保険業者として登録を受け、同年4月に「ぜんちのあんしん保険」を販売開始した。通常、生命保険会社では第一次選択において募集対象とされない、知的障害者や発達障害者に加え、最終発作から相当期間経過しないと引き受けされることが稀なてんかんの既往症者も被保険者の対象としている。
7150,''三井住友海上グループホールディングス株式会社'''（みついすみともかいじょうグループホールディングス）は、三井住友海上火災保険の株式移転により2008年4月1日に設立された保険持株会社。略称は、英文社名の頭文字から取った'''MSIG'''が主に用いられるが、東証の上場銘柄としての略称は、三井住友フィナンシャルグループとの混同を避けるため、当社発足前に子会社の三井住友海上火災保険に使われていた'''「三住海上」'''を用いていた。2010年4月1日、あいおい損害保険、ニッセイ同和損害保険との経営統合により「'''MS&ADインシュアランスグループホールディングス'''」に商号変更した。
7150,マーケットニーズに応えるニッチな保険商品を開発する少額短期保険会社。2011年（平成23年）2月に学総とライズ少額短期保険が合併して現社名となった。取扱保険商品は、下記の4種類である。#家主様向けに開発した、入居者の「孤独死・自殺」による「空室期間の家賃損失」「原状回復費用」を補償する保険#:⇒『無縁社会のお守り』（賃貸住宅管理費用保険）#不妊治療中の女性を応援する医療保険#:⇒『子宝エール』（医療保険）#保険が初めての人やシニア、女性向けの医療保険#:⇒『愛ある医療保険』（医療保険）#引越ししても持ち歩ける家財保険#:⇒『愛ある家財保険』（家財保険・個人賠償保険）
7150,2003年に、上海広電有限公司と日本生命保険の合弁で長生人寿保険を設立。2009年9月、中国側パートナーを長城資産管理公司に変更して現在に至っているhttp:www.nissay.co.jpkaishaannaisogokonwakaih21_2.html開催結果の概要をお知らせします-日本生命保険相互会社-日本生命保険ウェブサイト（2010年10月確認）。。
7150,"1974年（昭和49年）に現代表大石正徳が佐賀県佐賀市において地元に密着した損害保険代理店として個人創業したのが前身となっているname\""cig-enkaku\""{{Citeweb|urlhttp:www.cig-ins.co.jpdetailenkaku.html|title代表ご挨拶・概要・沿革：沿革|publisher中央インターナショナルグループ|accessdate2016-12-20}}。その後、1992年（平成4年）に法人化し、2001年（平成13年）に中央インターナショナルグループ株式会社へ商号変更を行い、グループ会社8社を擁するグループ企業体となっているname\""cig-enkaku\""。2014年（平成26年）7月14日には、保険代理店として初めて東京証券取引所【TOKYOPROMarket】に上場した。東京証券取引所【TOKYOPROMarket】で唯一の保険代理店である（2016年12月20日現在）。"
7150,1990年にオリエントコーポレーション傘下の生命保険会社として設立されたが、2001年2月に英国プルーデンシャルグループの傘下に入る。収入保障保険や変額個人年金保険を始め、貯蓄性の高い保険商品を発売していたが、2010年2月15日をもって全商品の新契約を休止した。2015年2月、SBIホールディングスの傘下に入り、同年5月に現在の商号となった。2016年2月より新商品の発売を開始している。
7150,SBI日本少額短期保険は、2006年4月の保険業法改正により誕生した少額短期保険会社である。賃貸入居者向けの家財保険「みんなの部屋保険G3」を主軸に販売しており、他にも車両保険「みんなのバイク保険」やハーレーダビッドソンオーナー専用保険「HARLEY車両＋盗難保険」、自転車保険「みんなのスポーツサイクル保険」等、幅広い商品展開を有している。全国2830店（平成30年７月末現在）ある代理店{{Citeweb|urlhttps:96ut.comipostatement20180650201010_honbun_jpcrp020400-srs-001_E33840-000_2018-03-31_01_2018-08-21_ixbrl.htm|title有価証券届出書（新規公開）_20180821113020|accessdate2018-10-03|website96ut.com}}を介した販売方法に加え、車両保険に関してはウェブを介したダイレクト型の販売も行っている。2016年9月にSBIホールディングス|SBIグループ入りし{{Citeweb|urlhttp:www.zenchin.comnewssbi-1.php|titleSBIが日本少短を買収::全国賃貸住宅新聞|accessdate2018-10-03|lastInc.|firstEasyCommunications|websitewww.zenchin.com|languageja}}、2018年10月に現在の商号へ変更。{{Citenews|title社名変更ならびにコーポレートロゴ変更のお知らせ｜NSSI-SBI日本少額短期保険株式会社～賃貸住宅・マンション向け住宅総合保険なら安心・快適のNSSIへ|urlhttps:www.n-ssi.co.jpnewsdetail.php?seq202|accessdate2018-10-03|languageja|workNSSI-SBI日本少額短期保険株式会社}}
7150,農林水産業協同組合、信用金庫・信用組合、生活協同組合をはじめとする協同組合・協同組織諸団体の前身である産業組合により農山漁村への保険普及を目指して1942年（昭和14年）7月に設立された。1946年（昭和21年）には損害保険会社としては国内で初めて株式会社から相互会社に組織変更し、協同組合組織により近い形態となる。設立母体を同じくする協同組合・協同組織諸団体の共済事業を補完する役割を担い、特色を活かした事業を展開してきた。2001年（平成13年）に東京海上火災保険、日動火災、朝日生命を軸にした総合保険連合「東京海上ホールディングス|ミレア保険グループ」に参加を決定。2004年（平成16年）を目途として株式会社に転換し、経営統合を果たす予定でいた。しかしながら2002年（平成14年）8月、全国共済農業協同組合連合会|JA共済連を筆頭株主として株式会社化することを決定し、ミレア保険グループから離脱した。2003年（平成15年）4月、全国共済農業協同組合連合会|JA共済連のほかに、歴史的に深いつながりのある協同組合・協同組織諸団体を中心に出資を受け、相互会社から株式会社に転換、新たなスタートを切った。共栄火災が株式会社化したことで損害保険の相互会社は消滅した。農業協同組合|JAグループと密接で、JA共済ではカバーできない保険商品を中心に農林畜産業の従事者が多い北海道・東北・北陸・九州で加入シェアが高く、三大都市圏ではシェアは低い。全国大学生協連傘下の大学生協の保険代理店では傷害保険・自動車保険・扶養|扶養者向けの所得保障保険などを独占して取り扱っている。2006年（平成18年）、農林中金とも繋がりあるみずほグループ系の富国生命保険相互会社と業務提携。子会社だった共栄火災しんらい生命保険の株式の80%を富国生命へ譲渡、2008年（平成20年）2月1日に'''フコクしんらい生命保険'''に社名変更した。営業地盤の一つである北海道にある地方局北海道放送（HBC）は「マスメディア集中排除原則」から設立母体である北海道新聞社（道新）が資本関係を縮小し、共栄火災が筆頭株主となっている。現在ではHBCと道新との関係は徐々に縮小されているが、HBCラジオの一部時間帯のニュースは「道新ニュース」の冠を残している。
7150,ジョージア州コロンバス(ジョージア州)|コロンバス市にエイモス三兄弟（ジョン、ポール、ビル）によって1955年に設立された保険会社である。日本とアメリカ合衆国で各種の保険を販売しており、がん保険分野ではパイオニアであるとされる。米国では、企業内代理店を中心とする代理店による販売方式（給与からの天引きによる保険料支払いとする）で業績を伸ばした。日本ではがん保険で有名であるが、民間医療保険が医療の原則である米国においては、日本でのような公的医療の補完としてのがん保険は存在しない。
7150,*企業名　セコム損害保険株式会社*沿革　**1950年2月-東洋火災海上保険株式会社として設立**1998年-セコムの資本参加により傘下に入る**1998年9月-セコム東洋損害保険株式会社と改称**2000年10月-現社名に改称**2004年10月-富国生命保険相互会社と業務提携*本社所在地　東京都千代田区平河町2丁目6番2号
7150,インターネットを主たる販売チャネルとした直販（ダイレクト）系の損害保険会社である。
7150,日本に所在する唯一の総合再保険専門会社として、日本・世界各国の損害保険会社・生命保険会社・再保険会社等からの再保険引き受けを行っている。再保険リスクの国内消化のため、日本の損害保険会社の共同出資により1940年に設立され、現在も株式の大部分を日本の損害保険会社が保有しているが、特定の損害保険グループ・財閥グループには属していない。航空保険・原子力保険・自賠責保険等に係る再保険プール事務局業務の受託事業も行っている。保険業界に強みを持つ米国の格付会社AMBest社のランキングでは、2012年度計上グロス再保険料ベースで世界第22位http:www.insurancenetworking.comnewsSwiss_re_reinsurance_munich_re_a_m_best_premiums-28767-1.html　Top50GlobalReinsurers。1997年第1回「ReinsuranceCompanyoftheYear」受賞。2009年GlobalReinsuranceForum創設メンバーカンパニーhttp:www.marketwire.compress-releaseglobal-reinsurance-forum-remains-actively-engaged-ongoing-regulatory-debate-secure-value-nyse-sco-1317809.htm他にGenRespan、spanハノーバー再保険span、spanロイズspan、spanミュンヘン再保険span、spanPartnerRespan、spanRGAspan、spanスコール(再保険)|スコールspan、spanスイス・リーspan、spanTransatlanticRespan、spanXLCapital。生命保険中央会及び損害保険中央会の保険業務に関する権利義務の承継等に関する法律第三条に基づき閉鎖機関に指定された損害保険中央会の権利義務を承継している。
7150,2010年7月6日にセントケア少額短期準備株式会社として設立。2011年6月28日に少額短期保険会社として登録を完了し、同年7月1日に「セント・プラス少額短期保険株式会社」に商号変更、同年7月20日から事業開始をしている。高齢者のみを対象とした少額短期保険業者。60歳～100歳までの高齢者を対象とし、要介護認定を受けた後でも加入できる介護保険「ちよこっとプラス・シリーズ」{{Citeweb|date2012-9-20|urlhttp:www.tokyo-np.co.jparticlelivingmoneylist2012CK2012092002000112.html|title民間の介護保険　公的サービスを補完|publisher東京新聞|accessdate2013-10-17}}{{Citeweb|date2012-11|urlhttp:www.hoken-erabi.netseihoshohingoods7619.htm|title注目商品　介護ちょこっとプラス(セントプラス)|publisher保険選びネット|accessdate2013-10-17}}の取り扱いにてスタート。その後、2012年12月から死亡保険「介護のあとも（50万円100万円）」を取り扱っている。
7150,2015年4月にPowermat社長ダニエル・シュライバーとFiverr.com創業者のシャイ・ウィニガーによって設立された。元々保険業界と関わりのなかった2人によって作られたため、従来の保険会社とは異なる要素が多く人工知能(AI)と行動経済学をビジネスモデルの中心に位置づけている{{citeweb|urlhttps:www.forbes.comsitesjefffromm20170712how-startup-lemonade-is-redefining-insurance-for-millennials|titleHowStartupLemonadeIsRedefiningInsuranceForMillennials|publisherForbes|date2017-07-12|accessdate2018-03-01}}。2018年1月現在、ニューヨーク州・カリフォルニア州・イリノイ州・テキサス州・オハイオ州・ネバダ州・ニュージャージー州・ロードアイランド州の8州で保険サービスを提供している。
7150,2006年4月の保険業法改正時に創設された少額短期保険制度において、第1号として登録された日本の保険会社。「地震保険」以外では唯一となる住宅向け地震補償を専門的に開発、販売している。2012年にSBIグループ入りし、商号変更した。
7150,母体は2003年（平成15年）12月に設立し2004年（平成16年）4月から共済事業を行っていたNP共済。少額短期保険業への転換へ向け、2007年（平成19年）10月に準備会社のNPインシュアランス株式会社を設立、2008年（平成20年）3月19日に少額短期保険業の登録が完了して現社名に変更した。葬祭費用の負担軽減を目指した「葬祭費用あんしんプラン」を取り扱っている。死亡保険金は1口30万円で、1人につき最大3口まで加入できる。
7150,2000年（平成12年）4月に日本支店を開設して以来、主に銀行をパートナーとした'''「バンカシュアランス」'''を行っている。2001年（平成13年）に日本で初めて、ローン債務者がガンと診断された場合に債務返済に充当するための診断給付金を支払う「ガン保障特約付団体信用生命保険」を開発するなど、団体信用生命保険を主力商品としている。BNPパリバ・カーディフは、世界36カ国で保険事業を展開しており、アジアでは日本、韓国、台湾、タイ、ベトナムで保険事業を展開している。日本では、カーディフ生命保険株式会社の他に、カーディフ損害保険株式会社も銀行をパートナーとした'''「バンカシュアランス」'''を行っている。
7150,2000年（平成12年）4月に日本支店を開設して以来、主に銀行をパートナーとした'''「バンカシュアランス」'''を行っており、就業不能信用費用保険および失業信用費用保険を主力商品としている。BNPパリバ・カーディフは、世界36カ国で保険事業を展開しており、アジアでは日本、韓国、台湾、タイ、ベトナムで保険事業を展開している。日本では、カーディフ損害保険株式会社の他に、カーディフ生命保険株式会社も銀行をパートナーとした'''「バンカシュアランス」'''を行っている。
7150,富国生命グループの1社であり、主に生命保険の代理店販売を行っている保険会社である。特にみずほ銀行、信用金庫を中心とした銀行窓販に力を入れているhttp:store.kinzai.jpmagazineAZindex.html-週刊金融財政事情（2011年8月1日・8日合併号）保険毎日新聞2009.6.8。2011年3月までの、銀行窓販の「円建て定額年金」分野での累計販売額は１位であるhttp:www.homai.co.jpnewskiji110323.htm-保険毎日新聞（2011年3月）http:www.homai.co.jpnewsnews.htm-保険毎日新聞（2011年8月29日）。2010年には定額個人年金の販売が好調過ぎたことで、販売を一時休止したこともあるhttp:www.asahi.comspecialplaybackTKY201010270602.html-朝日新聞（2010年10月28日）。定額個人年金の販売一時休止は異例のことである。職員の家庭と仕事の両立に向けた取り組みを行い、2010年には東京労働局から次世代育成支援企業に認定されているhttp:www.fukokushinrai.co.jppdfinfosite_topics100723.pdf-「次世代育成支援企業」認定マークの取得についてhttp:www.roudoukyoku.go.jpseidokintouindex.html-認定公表企業名簿（東京労働局）。
7150,*商号：ニッセイ・ウェルス生命保険株式会社*本社：**東京本社東京都品川区大崎(品川区)|大崎2丁目1番1号**福岡本社福岡県福岡市中央区(福岡市)|中央区渡辺通(福岡市)|渡辺通2丁目1番82号*資本金：480億円（資本準備金174億81百万円含む）（2017年3月末現在）*総資産：2兆7769億35百万円（2017年3月期）*保険料収入：3214億55百万円（2017年3月期）*従業員数：426名（2017年3月末現在）*代表者：代表取締役社長井本満
7150,*損害保険・生命保険代理業務、京成電鉄および京成グループ向けの物品販売を行っている。*1964年頃表面化した小佐野賢治による京成電鉄株買い占め問題の際、自社株の受け皿機能を発揮したといわれている{{要出典|date2010年2月}}。
7150,業情報-東京海上ホールディングス|accessdate2016-06-24}}|売上高連結：3兆2655億7800万円（正味収入保険料）br単独：967億3600万円（営業収益）br（2016年3月期）|純利益連結：2545億4000万円br単独：574億0200万円br（2016年3月期）|総資産連結：21兆8553億2800万円br単独：2兆4867億6500万円br（2016年3月31日現在）|従業員数連結：36902人　単独：474人（2016年3月31日現在）|決算期3月31日|会計監査人PwCあらた有限責任監査法人|主要株主日本マスタートラスト信託銀行|日本マスタートラスト信託銀行（株）（信託口）5.4%br日本トラスティ・サービス信託銀行|日本トラスティ・サービス信託銀行（株）（信託口）5.0%brSTATESTREETBANKANDTRUSTCOMPANY3.5%br明治安田生命保険|明治安田生命保険相互会社2.1%br（2016年3月31日現在）|主要子会社東京海上日動火災保険株式会社100%br東京海上日動あんしん生命保険株式会社100%br日新火災海上保険株式会社100%|関係する人物|外部リンクhttps:www.tokiomarinehd.com|特記事項|郵便番号100-0005}}'''東京海上ホールディングス株式会社'''（とうきょうかいじょうホールディングス、英称：''TokioMarineHoldingsInc.''）は、保険金融持株会社|持株会社である。2002年4月2日設立で東京証券取引所第1部およびNASDAQに上場している。2016年現在、正味収入保険料、純利益において国内最大の損害保険グループhttp:digital.asahi.comarticlesASJ5N4Q1NJ5NULFA00N.html?_requesturlarticlesASJ5N4Q1NJ5NULFA00N.html朝日新聞-2016年5月21日朝刊。MS&ADインシュアランスグループホールディングス、SOMPOホールディングスと並ぶ、いわゆる「三メガ損保」の一角。
7150,2005年10月21日に公布された郵政民営化関連6法の中の郵政民営化法で規定されている生命保険業を営ませるために同法第127条の定めるところにより従い、日本郵政株式会社が2006年9月1日に準備会社として'''株式会社かんぽ'''を設立。2007年10月1日に商号変更され'''株式会社かんぽ生命保険'''に移行し、旧日本郵政公社から主に生命保険事業等を引き継ぎ所要の施設・職員等を承継した委員会設置会社となった。特殊会社としての設立形態を採らないため会社名は法定しておらず、法文上は'''郵便保険会社'''と表現されている。会社発足（民営化）後に募集される保険商品は、民間の同業他社と同じ「生命保険・個人年金保険」であり、前身の日本郵政公社・郵政事業庁・郵政省時代に取り扱われた政府保証付きの「簡易生命保険・郵便年金」では無い事に注意を要する。ただし、かんぽ生命の商品性については前身の簡易生命保険のラインナップを踏襲している。郵政民営化前日（2007年9月30日）までに締結された簡易生命保険・郵便年金（1991年に簡保へ内包）契約は、「独立行政法人郵便貯金・簡易生命保険管理機構」に継承され、機構がかんぽ生命へ業務委託をしているため、かんぽ生命の保険代理店である郵便局の保険窓口・かんぽ生命の法人営業拠点、あるいは両社の保険外務員にて、満期などで契約が解消されるまで前身時代と同様の手続きが行える。
7150,2001年4月1日に'''日本火災海上保険株式会社'''と'''興亜火災海上保険株式会社'''が合併して発足。さらに2002年4月1日に'''太陽火災海上保険株式会社'''と合併している。特定の金融グループに属さない独立系の保険会社であったが、UFJグループ（旧三和銀行現・三菱UFJフィナンシャルグループ|三菱UFJフィナンシャルグループ（MUFG））と親密であったことに加え、フィナンシャルワンに発足当初から参加していることなどから、現在はMUFG系とみなされることが多い（ただし、日本興亜損保では現在でも自らを独立系としている）。近年、明治安田生命保険とも親密となっている。（太陽生命とも以前から親密）筆頭株主のサウスイースタン・アセット・マネジメントは損害保険ジャパンとの経営統合を要求しているとされ、統合によって草刈場とされることを懸念した兵頭誠社長の留任に反対を表明した。このため自主独立路線を貫けるか、業界再々編の中で行方が注目されていたhttp:www.asahi.combusinessupdate1229TKY200812290189.html米ファンド、「日本興亜に損保ジャパンとの統合要求」朝日新聞2008年12月30日。世界的な金融危機による自動車保険の急激な契約減少と、三井住友海上火災保険などが経営統合し、大手同業他社と経営規模が離されることを受けて、2009年3月13日、株式会社損害保険ジャパンとの間で経営統合について合意し、2010年4月1日に共同株式移転で共同持株会社'''NKSJホールディングス（現・SOMPOホールディングス）'''が設立された。経営統合後も、暫くは独自ブランドで展開していた。しかし、2012年3月23日に、株式会社損害保険ジャパンと2014年上半期を目途に合併し「損害保険ジャパン日本興亜株式会社」となることを取締役会で決議し、正式発表したhttp:www.nksj-hd.comdocpdfnews201120120323_1.pdf損保ジャパンと日本興亜損保の合併に関する基本合意についてNKSJホールディングス株式会社・2012年3月23日。これは2014年8月27日に金融庁から認可され、9月1日に実施される。合併により当社は解散し、持株会社は「'''損保ジャパン日本興亜ホールディングス株式会社'''」に、グループは「'''損保ジャパン日本興亜グループ'''」に、それぞれ改称される{{Citepressrelease|urlhttp:www2.nipponkoa.co.jp~mediaSJNKfilesnewssjnk201420140827_2.pdf|title株式会社損害保険ジャパンと日本興亜損害保険株式会社の合併に関する認可取得について|formatPDF|publisher日本興亜損害保険株式会社ほか2社連名|date2014-08-27|accessdate2014-08-28}}。
7150,ボクシング内藤大助選手のスポンサーになり亀田大毅との試合ラウンド中に亀田が内藤を持ち上げて投げる反則を犯したが、内藤のトランクス後部に「保険見直し本舗」のロゴが描かれていた。以降注目された企業になった。比較サイトをはじめとするWEBサービスと子会社の保険見直し本舗をはじめとするリアルビジネスを軸としてビジネスを展開している。
7150,1872年に、スイスのチューリッヒを拠点として、{{lang|de|Versicherungs-Verein}}の名称で海上再保険事業を中心に設立{{citeweb|urlhttps:www.zurich.comenabout-usa-global-insurerhistory-and-heritage|titleHistoryandheritage|publisherチューリッヒ・インシュアランス・グループ|language英語|accessdate2017-01-02}}。1998年9月に、ブリティッシュ・アメリカン・タバコの金融サービス事業と合併。2000年10月に、企業構造を効率化して、持株会社チューリッヒ・ファイナンシャル・サービシズを設立した。2012年4月、チューリッヒ・ファイナンシャル・サービシズから社名変更を行った{{citeweb|urlhttp:www.insurancedaily.co.uk20120404zurich-name-change-completed|titleZurichnamechangecompleted|publisherInsuranceDaily|language英語|date2012-04-04|accessdate2017-01-02}}。2014年現在、世界170カ国以上の事業拠点と55000人の従業員を有する。
7150,1951年に野村證券、大和銀行（現・りそな銀行）、第一銀行（現・みずほ銀行）、そのほか財界人および有力各社の発起により、資本金5000万円をもって設立登記。同年3月17日に火災、海上及び運送保険の事業免許を受け、'''朝日火災海上保険'''株式会社として営業を開始した。1965年2月に興亜火災海上保険（現・損害保険ジャパン日本興亜）鉄道保険部が取り扱ってきた保険業務を引き継ぐ形で、日本国有鉄道|国鉄（現・JR#JRグループ|JRグループ）の福祉関連団体である鉄道弘済会の営業地盤を譲受している。2006年6月、本社を東京都千代田区神田美土代町７番地住友不動産神田ビルに移転。2011年5月、野村ホールディングスの連結子会社となる。長らく、野村グループの傘下にあったが、2018年1月に楽天が朝日火災の株式公開買付け（TOB）による買収を発表{{Citenews|title朝日火災海上保険株式会社株券等に対する公開買付けの開始に関するお知らせ{{!}}楽天株式会社|urlhttps:corp.rakuten.co.jpnewspress20180129_04.html?year2018&month1&categorycorp%20ir|accessdate2018-04-01|languageja|workNewCorporateSite}}。3月に楽天はTOBによって株式の99.3%を取得し、朝日火災は楽天の連結子会社となる{{Citenews|title楽天、朝日火災へのＴＯＢ終了|date2018-03-15|urlhttps:www.sankeibiz.jpbusinessnews180315bsg1803150500002-n1.htm|accessdate2018-04-01|languageja-JP|workSankeiBiz（サンケイビズ）}}。2018年7月、社名を'''楽天損害保険'''株式会社に変更し{{Citenews|title当社連結子会社の商号の変更に関するお知らせ{{!}}楽天株式会社|urlhttps:corp.rakuten.co.jpnewspress20180501_02.html?year2018&month5&categorycorp%20ir|accessdate2018-05-20|languageja|workNewCorporateSite}}、また保険事業の中間持株会社である楽天インシュアランスホールディングスの完全子会社となって現在に至る。
7150,1902年（明治35年）、日本初の相互会社形式による生命保険会社として設立。日本国内で初の相互会社であるという意味を込めて、社名に「第一」という文字を戴いていたがhttp:www.dai-ichi-life.co.jpcompanyinfohistorymeiji.html明治創業期｜第一生命の歩み-第一生命保険株式会社ウェブサイト(2010年7月確認)。、2010年4月1日、株式会社に組織変更したうえで、東証1部に上場した。株式会社への転換にあたっては、保険契約者は保険金支払実績に応じて、株式受取りか相当分の現金支給かを選択する措置を講じた。およそ1年後の2011年3月29日付けで、日経平均株価の構成銘柄に採用された{{PDFlink|http:www.nikkei.co.jpnkavepdf20110308_1.pdf日経平均株価等の銘柄入れ替えについて}}-日本経済新聞社、2011年3月8日。。みずほフィナンシャルグループと、全面的に業務提携している{{PDFlink|http:www.dai-ichi-life.co.jpcompanygyousekigyseki10index.htmlディスクロージャー誌2010第一生命の現状}}の通算12ページ目-第一生命保険株式会社ウェブサイト(2010年10月確認)。。また、2000年8月に損害保険ジャパン|安田火災（現損害保険ジャパン日本興亜）、同年9月にアメリカンファミリー生命保険会社|アメリカンファミリー、2007年7月にりそなホールディングスと業務提携した。また、金融機関代理店向け商品の提供を目的に、業界ではじめて生保子会社・第一フロンティア生命を設立した。
7150,1932年に保険事業を創業し、旧日本興業銀行（現みずほフィナンシャルグループ）のグループ会社として企業向け保険事業を中核として発展してきた。旧興銀およびみずほグループを中心に約12000社の法人顧客と取引を有する。共立グループは、1996年に国内初の保険ブローカーである共立インシュアランスブローカーズ（KIB）、1999年にリスクコンサルティングを行う共立リスクマネジメント（KRM）、2005年に国際鑑定業務を手掛ける共立ミラーインターナショナルアジャスティングを設立し、企業保険分野におけるフルラインのサービスを提供する。
7150,本社はサンシャイン60の40階にある。販売チャネルは、インターネット・コールセンターによる通販チャネルが主体。事故発生時には損害保険ジャパン日本興亜とも連携し事故対応サービスを行う体制を構築している。2002年に損害保険ジャパン（現・損害保険ジャパン日本興亜）・クレディセゾンとの間で包括的な業務提携を締結。2011年3月から通販型自動車保険「おとなの自動車保険」の契約を開始し、自動車保険通販事業に本格参入。2009年7月に損害保険ジャパンが過半数の株式を取得し、同社の連結子会社になった。また、2010年3月に損害保険ジャパンを引受先とする第三者割当増資（100億円）を実施した。2014年9月に親会社が日本興亜損害保険と合併したことに伴い、損害保険ジャパン日本興亜の傘下となった。同年11月19日に損保ジャパン日本興亜ホールディングスの略称として「'''SOMPOホールディングス'''」を制定（2016年10月1日付で社名変更し、正式社名となる）したことに伴い、セゾン自動車火災保険も2015年2月から「おとなの自動車保険」のテレビCMの最後に「SOMPOホールディングス」のロゴ表示を開始し、2016年2月からはロゴ表示に替わり、親会社の損害保険ジャパン日本興亜と同じく、テレビCMの冒頭に「SOMPOホールディングス」のサウンドロゴが挿入されている（なお、日本テレビ放送網|日本テレビ系列の提供番組については、「SOMPOホールディングス」のロゴ表示・サウンドロゴなしの仕様となっていたが、後にこの仕様に統一される）。全国FM放送協議会|JFN系列で放送のラジオ番組『おとなの自動車保険presents光のメロディー』や『おとなの自動車保険presentsYUKIHELLO!NEWWORLD』（エフエム東京|TOKYOFM）については、「おとなの自動車保険」名義での一社提供を行っている。
7150,2002年7月に雑誌「いきいき」の読者のために設立された共済会「いきいき世代の会」を前身としている。保険業法の改正に伴い少額短期保険業者に移行するため、2007年7月に準備会社の「いきいき世代の会プランニング株式会社」を設立。同年8月に商号変更を行い、いきいき世代株式会社となった。2013年にSBIホールディングス|SBIグループ入りし、2014年に現商号に変更している。
7150,2000年3月、アクサ|AXAの日本法人であるアクサ生命が、日本団体生命と経営統合をするに当たり、両社の共同保険持株会社「'''アクサニチダン保険ホールディング株式会社'''」（アクサニチダンほけんホールディング）として設立された。なお、日本国内における保険会社系の持株会社は当社が第1号である。
7150,"ccessdate2018-5-07}}|売上高|経常利益|営業利益|純利益|純資産|総資産|従業員数423名name\""tip\""（2018年4月1日）|支店舗数国内拠点8ヶ所name\""tip\""|決算期3月31日|主要株主豊田通商（100%）name\""tip\""|主要子会社|関係する人物|外部リンクhttps:www.tip-net.com|特記事項豊田通商グループ企業}}'''豊通保険パートナーズ株式会社'''（{{Lang-en-short|''TOYOTATSUSHOINSURANCEPARTNERSCORPORATION''}}）は、愛知県名古屋市中村区平池町(名古屋市)|平池町4丁目に本社を置く損害保険代理業を営む豊田通商100%出資企業。"
7150,"2002年、'''安田火災海上保険'''と'''日産火災海上保険'''が合併して発足した。発足5ヶ月後に経営再建中だった'''大成火災海上保険'''を合併した。安田火災は旧富士銀行を中心とした芙蓉グループに、日産火災は旧第一勧業銀行を中心とした第一勧銀グループに属しており、このため富士銀行・第一勧業銀行・日本興業銀行が合併して発足したみずほフィナンシャルグループと親密な関係にある。1968年以降、みずほフィナンシャルグループ、明治安田生命保険、第一生命と共同で国内の小学校に入学する新1年生を対象に、交通安全のための「黄色いワッペン」を配布している。!--NOR:また、業界2位だった旧安田火災時代より、業界首位の東京海上日動火災保険（旧・東京海上火災保険）に対する対抗心が強力なことで有名である。損保ジャパンの保険料収入は急追してきた三井住友海上火災保険と近年激しい2位争いを繰り広げていた。「損保ジャパンのノルマの厳しさは業界内でも有名2006年5月26日産経新聞」であり、「収益拡大にひた走った強引な手法2006年5月26日産経新聞」により、--三井住友海上グループホールディングスが、業界4位のあいおい損害保険、6位のニッセイ同和損害保険と、2010年4月1日に経営統合（MS&ADインシュアランスグループホールディングスが発足）したため、単独で業界3位となることになった。同社も2010年4月に、日本興亜損害保険とともに、持株会社・'''NKSJホールディングス'''を設立し経営統合した。経営統合後、独自ブランドで展開していたが2012年3月、日本興亜損害保険との合併を発表name\""ga\""{{PDFlink|http:www.sjnk.co.jpprecommonfile20120323_2.pdf「損保ジャパンと日本興亜損保の合併に関する基本合意について」}}NKSJホールディングス株式会社ニュースリリース2012年3月21日（2014年10月21日閲覧）。1987年に、損保ジャパンの前身である当時の安田火災海上保険が、約53億円でフィンセント・ファン・ゴッホ|ゴッホの「ひまわり(絵画)|ひまわり」を落札した（詳細は#ゴッホ「ひまわり」について|後述）。2006年に金融庁から「業務運営が営業偏重となっている」と指摘されたhttp:www.fsa.go.jpnewsnewsj17hoken20060525-1.html株式会社損害保険ジャパンに対する行政処分について金融庁・平成18年5月25日。春の大型連休をさす「ゴールデンウィーク」という言葉は、2004年に損保ジャパンが商標登録している（第4824147号）。保険金の支払い漏れ等のため金融庁より業務停止処分が下されたhttp:www.fsa.go.jpnewsnewsj17hoken20060525-1.html。"
7150,File:多摩市にある朝日生命多摩本社150516.JPG|thumb|200px|東京都多摩市にある多摩本社1881年設立の有限明治生命保険会社(現在の明治安田生命保険)に続き、1988年|1888年に国内二番目の生命保険会社として設立。戦前は大手5社(明治生命保険、日本生命保険、第一生命保険、千代田生命保険、朝日生命保険(当時は帝国生命保険))、戦後は大手8社(日本生命保険、第一生命保険、明治生命保険、住友生命保険、安田生命保険、千代田生命保険、三井生命保険、朝日生命保険)の一角を担ってきた。しかし、1990年代の生保危機あたりから週刊誌などで度々経営危機が取り沙汰され、2001年にミレアホールディングス（現:東京海上ホールディングス）との経営統合を発表するも白紙撤回。団体保険分野から事実上撤退し、個人保険分野へ経営資源の集中を図ったが振るわず経営規模は大きく縮小。中堅損害保険会社の朝日火災海上保険との間に現在は資本関係が無い（同社は旧野村財閥系（野村不動産・りそな銀行等）に属する企業であるが、元々は朝日生命も設立に携わっていた経緯がある）。
7150,2004年10月1日に、'''ミレアホールディングス'''傘下の'''東京海上火災保険'''と'''日動火災海上保険'''が合併(企業)|合併して発足した。略称は'''東京海上日動'''。また、'''東海日動'''や'''TOKIOMARINENICHIDO'''などと呼ばれる場合もある。旧会社の知名度を生かすため、持株会社の名称に合わせたミレアの名称を採用しなかった。三菱グループの一員であり、三菱金曜会と三菱広報委員会に加盟しているhttp:www.mitsubishi.comkinyokaisyoukai.html三菱金曜会会員会社紹介http:www.mitsubishi.commpacjcompanies三菱広報委員会-会員会社紹介。2008年7月1日に、持株会社の名称を東京海上ホールディングスに改称した。なお、合併の際には東京海上火災保険株式会社を存続会社として発足したが、「新会社を設立する」という理念のもとで合併がなされた!--www.tokiomarine-nichido.co.jpj0201pdf030328gappei.pdfに詳しい--。会社概要では、「創業」として、東京海上保険が設立された1879年8月を掲げている。
7150,2001年（平成13年）4月に、'''大東京火災海上保険株式会社'''と'''千代田火災海上保険株式会社'''が合併(企業)|合併して誕生した。また両社の生命保険を扱う子会社も同時に合併し「あいおい生命保険」となった。トヨタグループと親密である。2010年4月に三井住友海上グループホールディングス、ニッセイ同和損害保険と経営統合し、三井住友海上グループホールディングスは同日付でMS&ADインシュアランスグループホールディングスに商号変更し、ニッセイ同和損保との合併を予定していた。なお、システム統合の準備の都合上、ニッセイ同和損保のと合併は同年10月に実施を予定しており、予定どおり同年10月に合併し、'''あいおいニッセイ同和損害保険株式会社'''となった。また系列のあいおい生命も2011年10月に三井住友海上きらめき生命と合併し「三井住友海上あいおい生命保険」となった。
7150,''アクサ損害保険株式会社'''は、1998年（平成10年）6月に設立された世界最大級の保険・資産運用グループであるアクサグループの損害保険会社である。2004年（平成16年）12月に株式交換により親会社がアクサ|アクサ・エス・アーからアクサジャパンホールディング株式会社（持株会社）へ変更された。2014年（平成26年）10月に持株会社と事業会社の合併により、親会社の商号はアクサ生命保険株式会社となった。
7150,"2000年（平成12年）4月、「動物福祉の向上を目指し、動物愛護に努めると共に、人間とのより良い共生関係の構築に努める」という理念の下、ペット共済「anicomどうぶつ健康保障共済制度（どうぶつ健保）」を運営する「動物健康促進クラブ（anicom）{{nest|name\""anicom-birth\""|group\""注\""|当該組織について、創立者で現在はアニコムホールディングス社長兼アニコム損保会長の小森伸昭によると、「動物健康促進クラブ」が正式名称であり「anicom」は略称とのことであり、また「アニコムクラブ」とも称していたという。当該組織はもともと動物愛好者の友の会組織として立ち上げられ、ペットの飼い主たちによる情報交換の場として活用されていた模様。なお、アニコムが発行してきているディスクロージャー(金融機関)|ディスクロージャー誌や有価証券報告書等に於いては、当該組織の名称について「anicom（動物健康促進クラブ）」という表記方で一貫しているname\""FSC-2nd_document\""{{Citeweb|author小森伸昭〔anicom理事長（作成当時）〕|date2004-10-27|urlhttps:www.fsa.go.jpsingisingi_kinyusiryoukinyudai2f-20041027_d2sir04.pdf|formatPDF|title金融審議会第二部会提出資料|publisher金融庁|accessdate2018-04-22|quote金融審議会金融分科会第二部会会合に於ける提出資料〔→https:www.fsa.go.jpsingisingi_kinyugijirokukinyudai2f-20041027_giji.html当該会合の議事要旨（担当部署名記載あり）〕}}name\""FSC-2nd_minutes\""{{citeconference|urlhttps:www.fsa.go.jpsingisingi_kinyugijirokukinyudai220041027_roku.html|title金融審議会金融分科会第二部会会合議事録|author総務企画局企画課|date2004-10-27|publisher金融庁|accessdate2018-04-22|quote→https:www.fsa.go.jpsingisingi_kinyugijirokukinyudai2f-20041027_giji.html当該会合の議事要旨（担当部署名記載あり）}}name\""17th-securities-report\""{{Citereport|date2017-06-28|title第17期・有価証券報告書～沿革|urlhttp:v4.eir-parts.netv4ContentsView.aspx?catyuho_pdf&sid2534561#page8|formatPDF|publisherアニコムホールディングス|page4|accessdate2018-04-22|quote報告対象事業年度「2016年（平成28年）4月1日→2017年（平成29年）3月31日」。目次頁等も含めた場合の掲載ページは「8頁目」}}name\""disclosure2017_chronicle\""{{Citejournal|和書|titleアニコムグループの沿革|date2017|publisherアニコムホールディングス|journalアニコムホールディングスの現状2017|page35|urlhttp:www.anicom.co.jpirlibrarydisclosurepdf2017AHD2017.pdf#page37|formatPDF|accessdate2018-04-22|quote表紙（表と裏）を含めた場合の掲載ページ「37頁目」}}。}}」を設立、この3ヶ月後の同年7月に「anicom」から「どうぶつ健保」に係る事務の委託先として「'''株式会社ビーエスピー（BSP）'''」を設立した。この「(株)ビーエスピー」が当社（アニコムHD）の前身となっているname\""17th-securities-report\""。2度の商号変更を経て現社名を名乗っているが、2度目の商号変更実施の前年にあたる2007年（平成19年）の暮れに傘下のアニコム損害保険〔当時は「アニコムインシュアランスプランニング（株）」〕がペット保険を専門に取り扱う企業として初めて損害保険|損害保険業免許を取得、これと時を同じくしてアニコムHD〔当時は「アニコムインターナショナル（株）」〕もまた保険持株会社としての認可を受けたname\""17th-securities-report\""。保険持株会社認可から3年後の2010年（平成22年）に東京証券取引所マザーズ|マザーズ市場に上場、更にその4年後の2014年（平成26年）には東証1部への市場変更したname\""17th-securities-report\""。"
7150,"http:www.ms-ins.comcompanyoutline会社概要会社情報三井住友海上』三井住友海上火災保険、2009年3月31日。）は、日本の損害保険会社である。MS&ADインシュアランスグループホールディングス|MS&ADインシュアランスグループ傘下の完全子会社。略称は'''三井住友海上'''（'''みついすみともかいじょう'''）。証券界では'''三住海上'''（さんすみかいじょう）が上場銘柄としての略称として使われていたgroup\""注釈\""「三井住友」は三井住友フィナンシャルグループの略称として使われている。。この略称は、2008年4月に設立された持株会社の三井住友海上グループホールディングスが東証の上場銘柄の略称として引き継いでいたが、同社は2010年（平成22年）4月に'''MS&ADインシュアランスグループホールディングス'''に商号変更された。"
7150,、ソニー・プルデンシャル生命時代のことは一切書かれていない）。その後1991年に社名を念願の「ソニー生命保険株式会社」とし、1996年にはソニー100%となったのである。
7150,バブル崩壊後に経営危機に瀕し、経営安定化のため2002年（平成14年）3月より、オリックス(企業)|オリックス株式会社（22.19%）とAIGグループ（22.14%）の出資を受けていたが、両社のグループ企業ではなかった。しかし、財務基盤を強化したい同社と資源を損保に集中したいAIG双方の意向から、2008年（平成20年）12月30日と2009年（平成21年）1月21日にAIGグループに対して第三者割当増資を実施し、AIGグループ全体で41.8%を出資することとなり具体的には、AIGグループのエーアイジー・ヨーロッパ・SA（0%→7.73%）、アメリカンホーム保険会社|アメリカンホーム・アシュランス・カンパニー（0%→2.76%）、アメリカン・インターナショナル・アンダーライターズ・オーバーシーズ・リミテッド（0%→2.58%）、AIG損害保険|エイアイユー・インシュアランス・カンパニー（2.18%→10.36%）の4社が増資を引き受ける。http:www.fujikasai.co.jpnewsattach0812112.pdf第三者割当による株式の発行と主要株主の異動に関するお知らせ富士火災海上保険・平成20年12月11日プレスリリース、AIG傘下の会社となる予定とされていた。その後、2010年（平成22年）3月31日にAIG系の損害保険持株会社「:en:Chartis|チャーティス」を引受先とする第三者割当増資を実施し、チャーティスのグループ企業となったhttp:www.fujikasai.co.jpCGInewsindex.cgi?viewdetail&seq2132010年2月25日富士火災ニュースリリースhttp:www.yomiuri.co.jpatmoneyenterprisesmanda20100122-OYT8T00288.htmYOMIURIONLINE(現在リンク切れ)。2012年11月、AIGグループはAIGをブランドとして再活用することを発表http:www.aig.comchartisintinternetjapanjafiles20121112_tcm807-482183.pdfAIGは中核の保険事業におけるAIGブランドの再活用と新しいブランド・プロミスを発表。ブランドは再びチャーティスからAIGに戻ることになり、AIGグループであることが強調されることとなった。2013年4月にAIGは、アメリカン・インターナショナル・グループ|AIGジャパン・ホールディングス株式会社を日本における保険事業の持株会社として再編を実施。AIGジャパン・ホールディングスの完全子会社となったhttp:www.aig.comchartisintinternetjapanjafiles20130327AIG_tcm807-482148.pdfAIGジャパン・ホールディングスが保険持株会社に-AIGプレスリリース。2018年1月に、AIG損害保険|AIU損害保険株式会社へ吸収合併され解散http:www.houjin-bangou.nta.go.jphenkorireki-johoto.html?selHouzinNo3120001077543法人番号公表サイト。AIU損害保険株式会社は商号変更し、AIG損害保険株式会社となった。
7150,"''あいおい損害保険株式会社'''と'''ニッセイ同和損害保険株式会社'''が、2010年（平成22年）10月に合併して誕生した。同グループの三井住友海上火災保険株式会社とは、MS&amp;ADHDの下に併存する形となり、商品も二社で一つの商品を販売するなど合併に近い（経営統合）機能別再編という形態をとっている。合併後も、トヨタグループ及び日本生命保険|日本生命グループとの提携関係は維持されている。尚、あいおい損害保険は大東京火災海上保険と千代田火災海上保険が、ニッセイ同和損害保険は同和火災海上保険とニッセイ損害保険とがそれぞれ、2001年（平成13年）4月に合併して誕生した会社である。2013年10月からは三井住友海上火災保険や三井住友海上あいおい生命保険との間で機能別再編が行われている。機能別再編により、トヨタグループや日本生命グループとの提携関係が強化され、地域密着型営業を行う事業会社となったname\""pr130927\""http:www.ms-ins.comnewsfy2013news_0927_1a.html三井住友海上火災保険株式会社、あいおいニッセイ同和損害保険株式会社および三井住友海上あいおい生命保険株式会社の機能別再編について-4社連名によるリリース（配信元：三井住友海上火災保険）2013年9月27日（2014年12月30日閲覧）。みどり会の会員企業であるhttp:www.midorikai.co.jpmember.htmlメンバー会社一覧-みどり会。"
7150,イオングループにおける保険代理店業は1973年にイオンモール株式会社の前身のジャスコ興産株式会社が損害保険代理店業を開始したことに由来する。イオングループのショッピングセンターに関する損害保険および従業員向け生損保営業を行うほか、2002年に大和オークシティ|イオンモール大和（神奈川県大和市）にて当時としては珍しかった保険ショップ第1号店を業界に先駆けてオープンさせた。また、イオンクレジットサービスが完全子会社の保険代理店としてエヌ・シー・エス興産を設立し損害保険代理店業を開始。イオン(企業)|イオン株式会社も2001年に保険代理店業を開始し、イオン(店舗ブランド)|イオンの店内に通信販売による保険カタログスタンドを設置した。その後、2008年2月にイオングループにおける保険代理店事業の集約が行われ、イオン株式会社とイオンモール株式会社が行っていた保険代理店業務をエヌ・シー・エス興産に継承し事業を一体化され現在の「イオン保険サービス」に商号変更した。2011年にはイオン銀行が子会社化し、銀行事業と保険代理店事業を一体化した店舗展開のほか、リテールサービス提供を進めるhttp:www.nikkei.comnewslatestarticleg96958A9C93819591E3EAE2E28B8DE3EAE2E0E0E2E3E39797E0E2E2E2イオン銀、保険代理店を子会社に日本経済新聞電子版・2011年2月18日。現在では従来のイオングループ向け生損保営業とあわせイオンのショッピングセンターに全国115店舗（2019年3月現在）の来店型保険ショップ運営を行っている他、インターネットで展開する「イオン保険マーケット」では自動車保険・バイク保険の見積、生命保険・損害保険の資料請求、オンライン契約を引き受けている。
7150,東京海上ホールディングスと日本電信電話|NTTの子会社であるNTTファイナンスの共同出資により2009年1月26日に設立。同年6月13日に営業を開始した。広告では「東京海上グループ」を前面に出したPR活動を行っている。シンボルマークは東京海上グループ共通のミレアグローブを使用しているが、英字の「TOKIOMARINE」の部分は2段で「TOKIOMARINEe.design」となり、間に線が入る。業界初の試みとして、新規申込時にコンタクトセンターでの見積もり内容をQRコード入り葉書で送付し、携帯電話で申し込む“モバイル「さくっ」と契約”と、契約更新時にQRコード入りの葉書を送付し、携帯電話で更新手続きを完結する“モバイル「さくっ」と更新”を導入している。
7150,"日本初のペット保険専業の損害保険会社{{nest|group\""注\""|name\""shogaku\""|ただし、少額短期保険を含めると、ペット&ファミリー少額短期保険が日本初のペット保険会社との記述name\""petopapi20160419\""{{Citeweb|author|date20160419|urlhttps:pet-happy.jparticlejounetsubito000316.html|title情熱人Vol.1日本で初めてペット保険をつくった男|website情熱人|publisherペトハピ株式会社|accessdate2018-06-27}}もある。}}として知られていると共に、世界で初めて、ペット保険に人間に対する健康保険|健康保険制度（医療保険|公的医療保険制度）の発想を採り入れ、提携動物病院に於ける「窓口精算」の仕組みを構築したことでも知られている{{Citenews|title人と同じな動物向け「健康保険」、世界初の病院窓口精算で離陸|newspaper日経xTECH|date2009-04-15|author川又英紀（日経情報ストラテジー）|urlhttp:tech.nikkeibp.co.jpitarticleJIREI20090409328158|accessdate2018-05-13|quote全3頁構成（→http:tech.nikkeibp.co.jpitarticleJIREI20090409328158?P22頁目・http:tech.nikkeibp.co.jpitarticleJIREI20090409328158?P33頁目）}}name\""dreamgate090616\""{{Citeweb|authorドリームゲート事務局|date2009-06-16|urlhttps:www.dreamgate.gr.jpcontentscaseinterview35415|title第88回アニコム損害保険株式会社・小森伸昭|work起業家インタビュー|websiteドリームゲート|publisher(株)プロジェクトニッポン|accessdate2018-05-13}}。2000年（平成12年）12月に事業開始したペット共済「anicomどうぶつ健康保障共済制度（どうぶつ健保）」を運営する「動物健康促進クラブ（anicom）」が、改正保険業法の施行を受けて損害保険会社に転換することを決意、保険会社設立準備子会社の設立を経て、当社（アニコム損保）の損害保険事業開始へと至っているname\""dreamgate090616\""{{nest|group\""注\""|name\""anicom-named\""|「anicomどうぶつ健康保障共済制度（どうぶつ健保）」の事業開始、およびその運営団体「動物健康促進クラブ（anicom）」の設立の経緯については”アニコムホールディングス”を参照。}}。創業以来、共済時代も含めて「'''予防型の保険会社'''」を標榜してきているname\""froggy170310\""{{Citeweb|date2017-03-10|urlhttps:www.froggy.money2714|title「保険」を再定義する会社、アニコム【前編】～上場企業の社長に聞く！夢とお金の本質・アニコムホールディングス小森伸昭社長|websiteFROGGY（フロッギー）|publisherSMBC日興証券|accessdate2018-05-13}}。"
7150,2004年（平成16年）4月1日に、太陽生命保険・大同生命保険の統括持株会社として設立され、同時に、太陽・大同両社の子会社だったT&Dフィナンシャル生命保険（かつての東京生命保険）の100％親会社になった。傘下の会社名の英語の頭文字（'''T'''aiyoLife&'''D'''aidoLife）に絡ませつつも、「T」は'''挑戦'''である「Try」を、「D」は'''発見'''である「Discover」をそれぞれ意味しており、挑戦と発見による価値の創造を通じて、人と社会に貢献するグループを目指している。
7150,2010年2月、あいおい損害保険（現・あいおいニッセイ同和損害保険）とKDDIの合弁会社として設立し、2011年5月25日からサービスを開始。NTTドコモは「ドコモの保険」、ソフトバンクは「ソフトバンクかんたん保険」を大手損保と包括提携し団体保険として既に損保商品の販売をしていたが、当社はジョイントベンチャーとしてau(携帯電話)|auによるモバイル事業を展開するKDDIが直接出資して保険業に参入するという形態を採っている。なお、同様の形態で先行していたイーデザイン損害保険が通販型自動車保険の取扱いに特化しているのに対して、携帯キャリア他社のサービスと同様の短期契約・少額補償の旅行保険や自転車利用者向けの傷害保険の取扱いからスタートしている。!--要検証範囲、スマートフォンを含む携帯電話、および自転車利用者向けに特化した損害保険会社の設立は初めてとなる--au(携帯電話)|auのエンドユーザーは「auかんたん決済」での支払いが可能。（自己のauIDにログインできればau以外の通信キャリアのスマートフォンやiOS(アップル)|iOS端末からでも決済利用可能）。auかんたん決済を利用しない場合は、クレジットカード払いやコンビニ窓口払いとなる。当社が引き受ける保険商品に加え、取扱代理店として、当社と提携する同業他社が引き受ける保険商品も取り扱っている。
7150,2010年4月1日、あいおい損害保険、ニッセイ同和損害保険、三井住友海上グループホールディングスの3社の経営統合により誕生した持株会社である。東京都中央区(東京都)|中央区に本店を置き、初代社長となる江頭敏明をはじめとする取締役13名、および、監査役5名の経営体制を採る{{Citepressrelease|titleあいおい損保、ニッセイ同和損保、三井住友海上グループの経営統合に関する合意について|publisherあいおい損害保険、ニッセイ同和損害保険、三井住友海上グループホールディングス|date2009-09-30|formatPDF|urlhttp:www.ms-ad-hd.comjanewsnews_topicsnews_topics-3043574699187390186main0link20090930keieitougou.pdf|accessdate2018-07-13}}6頁。。経営統合に伴い、三井住友海上グループの持株会社であった三井住友海上グループホールディングスが、'''MS&ADインシュアランスグループホールディングス'''へ商号変更の上、あいおい損害保険及びニッセイ同和損害保険を、株式交換により完全子会社化した。MSは「三井住友」、ADは「あいおい（ニッセイ）同和」（2010年9月までは、「あいおい」と「（ニッセイ）同和」）から取ったものである。2010年10月1日、傘下のあいおい損害保険とニッセイ同和損害保険が合併し、'''あいおいニッセイ同和損害保険|あいおいニッセイ同和損害保険株式会社'''となった。また、グループ会社の三井住友海上きらめき生命保険とあいおい生命保険も2011年10月1日に合併{{Citepressrelease|title三井住友海上きらめき生命とあいおい生命の合併について|publisherMS&ADインシュアランスグループホールディングス株式会社|date2010-05-20|formatPDF|urlhttp:www.ms-ad-hd.comjanewsirnewsnews5453554331914734116main0link20100520_kirameki_aioiseimei_gappei.PDF|accessdate2018-07-13}}、三井住友海上あいおい生命保険|'''三井住友海上あいおい生命保険株式会社'''となった{{Citepressrelease|title三井住友海上きらめき生命とあいおい生命の合併に関する基本事項について|publisherMS&ADインシュアランスグループホールディングス|date2010-11-19|formatPDF|urlhttp:www.ms-ad-hd.comjanewsirnewsnews-6269496471129577325main0link20101119_gappei_hd.pdf|accessdate2018-07-13}}。
7150,当社は1993年10月に設立された'''日本厚生共済会'''（にほんこうせいきょうさいかい）が起源である。2003年9月には日本厚生共済会の事業基盤を元に、同名の株式会社を設立。2007年12月に少額短期保険業者の登録を済ませ、2008年1月にミレアホールディングス（現・東京海上ホールディングス）の出資を受け、'''ミレア日本厚生少額短期保険'''（みれあにほんこうせいしょうがくたんきほけん）に変更。2010年7月に現商号となった。シンボルマークは東京海上グループと共通であるが、以前は螺旋形の色は豊かな地球環境を表すグリーンを用いており、下の英字は2段で「MILLEANKSSI」と表記し、間に線が入っていた。2010年7月から螺旋形の色をブルーに変え、下の英字は上段に「TOKIOMARINE」、下段に当社の略称である「TMSSI」となった（間の線はそのまま）。
7150,楽天グループの保険子会社3社（楽天生命保険、朝日火災海上保険、楽天少額短期保険）および保険代理店子会社2社（楽天インシュアランスプランニング、楽天アンセルインシュアランス）について、共同株式移転方式による中間持株会社の設立を2018年6月11日の取締役会で決定し、6月28日の株主総会での決議を経て、7月2日に設立した{{citeweb|title子会社の株式移転方式による中間持株会社「楽天インシュアランスホールディングス株式会社」設立のお知らせ|urlhttps:corp.rakuten.co.jpnewspress20180611_04.html?year2018&month6&categorycorp%20ir|publisher楽天株式会社|date2018-06-11|accessdate2019-02-28}}{{citenews|title楽天、保険の中間持ち株会社設立|urlhttps:www.nikkei.comarticleDGXMZO31602150R10C18A6000000|newspaper日本経済新聞|publisher日本経済新聞社|date2018-06-11|accessdate2019-02-28}}。2019年1月1日には、保険代理店子会社3社を統合している{{citeweb|title楽天保険グループ代理店3社の統合について|urlhttps:www.ins-hd.rakuten.co.jpnewspdf20190104_02.pdf|formatPDF|publisher楽天インシュアランスホールディングス株式会社|date2019-01-04|accessdate2019-02-28}}。同年4月1日には、楽天グループの再編により親会社が楽天カードに異動した{{Citeweb|urlhttps:corp.rakuten.co.jpnewspress20190212_01.html?year2019&month2&categorycorp%20ir|titleグループ内再編の契約締結に関するお知らせ|accessdate2019年2月13日|publisher楽天}}。br
7150,1889年に創業した、日本で3番目に古い生命保険会社である。1899年に保有契約高が業界首位となり、現在までこれを保持しているhttp:www.nissay.co.jpkaishaannaigaiyoenkaku.html沿革｜日本生命保険相互会社-日本生命保険相互会社公式サイト（2010年7月確認）。。会社形態は相互会社であり、株式会社ではない。2010年4月に、それまで相互会社であった第一生命保険が株式会社化したものの、日本生命は株式会社に転換する考えはないと説明している''「会社形態上、ご契約者と株主双方への利益還元が求められる株式会社ではなく、すべてをお客様のために取り組むことができる相互会社が相応しいと考えております」''-http:www.nissay.co.jpkaishaannaisogokonwakaih21_2.html開催結果の概要をお知らせします｜日本生命保険相互会社-日本生命保険相互会社公式サイト（2010年10月確認）。2015年3月現在、日本生命の投資先は公社債（37.0%）、株式（14.8%）、証券|外国証券（26.4%）、貸付金（13.7%）、不動産（2.8%）などとなっている{{PDFlink|http:www.nissay.co.jpkaishaannaigyosekipdf2015disc2015.pdf日本生命の現状2015}}の27ページ目-日本生命保険相互会社公式サイト（2016年9月確認）。。現在のスローガンは、「“大切な人を想う”のいちばん近くで。」（2015年4月-）。2014年度については創業125周年にちなみ、「あなたの”いまとみらい”に安心を。」も使われている。それ以前は「ずっと支える。もっと役立つ。」、「みらい創造力で、保険は進化する。」（2012年4月-2015年3月）だった。日生の名称を使用する学校法人日生学園とは無関係である。
7150,日本国内の保険会社としては、長い歴史を持つ会社である。元来は根津嘉一郎(初代)|根津嘉一郎が興した徴兵保険会社であり、富国徴兵保険（通称：富国徴兵）と称していた。戦後、生命保険会社に転換。旧根津財閥系企業に属すが、のちに日本勧業銀行と親密な関係を築き、「勧銀十五社会」（のちに第一勧銀グループとなる）のメンバーとなる。このため、現在も同行の後身であるみずほコーポレート銀行・みずほ銀行が属すみずほフィナンシャルグループとは親密な関係を保っている。また、旧安田生命保険（現明治安田生命保険）とも親密な関係であり、同社の合併までは顧客サービスなどの面で提携を行っていた。2006年（平成18年）に共栄火災海上保険株式会社（以下「共栄火災」）と業務提携。共栄火災の子会社だった共栄火災しんらい生命保険株式会社の株式の80%を譲り受け、2008年（平成20年）2月1日、フコクしんらい生命保険株式会社に社名変更した。東武タワースカイツリー|東武タワースカイツリー株式会社の建設・運営する「東京スカイツリー」のオフィシャルパートナーである（東武鉄道とは同じ根津財閥系）http:www.tokyo-skytree.jppartner　オフィシャルパートナー-東武タワースカイツリー株式会社公式HP。
7150,"1887年、カナダで前身となる「マニュファクチャラーズ・ライフ・インシュアランス・カンパニー」が創立。当時のカナダは、隣接するアメリカの南北戦争終結後の産業革命を受け、工場労働者（マニュファクチャラーズ）が急速に増えていた時期であった。カナダ初代首相ジョン・A・マクドナルドが約19年（1867-1886）の首相を退任後、社会保障を補う目的で民間の生命保険会社の設立趣旨に賛同し、同社の初代社長に就任して営業を始める。ジョン・A・マクドナルドが1891年に再び首相に就任(第三代首相)したため、同社はカナダの国策として設立された会社と説明されることがしばしばある。マニュライフ・ファイナンシャルとその子会社の管理運用資産は、2013年6月30日現在、5670億カナダドル(5390億米ドル)となっている。カナダおよびアジア地域ではマニュライフ・ファイナンシャル(マニュライフ)として、米国においては主に:en:JohnHancockInsurance|ジョン・ハンコックのブランドで事業展開を行っている。これは2003年、マニュライフがジョン・ハンコックフィナンシャルサービスを買収し、傘下に収めたからである。マニュライフ・ファイナンシャルは、トロント証券取引所、ニューヨーク証券取引所およびフィリピン証券取引所においては「MFC」の銘柄コードで、また、香港証券取引所では「945」で取引されている。name\""マニュライフ・ファイナンシャル(カナダ)\""{{Citeweb|urlhttp:www.manulife.com|titleマニュライフ・ファイナンシャル(カナダ)|accessdate2014-01-09}}"
7150,トータル保険サービスは、みずほフィナンシャルグループの第一勧業銀行系親密会社である保険代理店9社が港センタービジネスを母体に事業を統合し、2000年4月に設立された。総合保険代理店として生命保険会社24社、損害保険会社20社、あわせて44社と保険代理店契約を締結し{{Citeweb|urlhttps:www.total-hoken.co.jpcompanyoutlinepartner.html|title取扱（引受）保険会社一覧｜トータル保険サービス|publisherトータル保険サービス|accessdate2019-05-10}}、各種リスクに対するソリューションを提供している(2019年4月1日現在)。2006年3月より伊藤忠商事と業務・資本提携を結ぶが、2018年11月に資本提携を解消し、新たに、伊藤忠商事の金融・保険部門と提携に関する基本合意を締結している{{Citeweb|urlhttps:www.total-hoken.co.jpcompanyoutlinehistory.html|title沿革｜トータル保険サービス|publisherトータル保険サービス|accessdate2019-03-25}}。みずほフィナンシャルグループ各社やその取引先企業およびその役職員への保険販売に力を有する。特に、1974年にアフラック生命保険が日本国内で初めてがん保険の販売を開始した際の第一号代理店であった荒川進『日本市場への挑戦—アフラックの独創経営』講談社、1994年、68頁参照ことから、同社のがん保険の取扱高は高い水準にある{{Citeweb|urlhttps:job.mynavi.jp20pcsearchcorp73851outline.html|title(株)トータル保険サービスの新卒採用・会社概要|マイナビ2020|publisherマイナビ|accessdate2019-05-09}}。また、100%子会社のトータル保険パートナーズが、ほけんの窓口グループのフランチャイズ|フランチャイジーとして来店型保険ショップを開設{{Citeweb|urlhttps:www.total-ip.co.jp|titleトータル保険|publisherトータル保険パートナーズ|accessdate2019-05-10}}・運営する等、顧客基盤の拡大も図っている。
7150,本社所在地は大阪府大阪市中央区(大阪市)|中央区城見一丁目4番35号。1907年（明治40年）5月に創立される。保険料収入・総資産において、日本生命保険、第一生命保険、明治安田生命保険に次ぐ4位である。
7150,"2004年（平成16年）5月、母体となる「(株)スロー・グループ」を銀座|東京・銀座にて設立、同年のうちに共済|共済事業としてのペット共済を開始したname\""fr_securities-report\""{{Citereport|title新規上場申請のための有価証券報告書（Ⅰの部）|urlhttp:www.jpx.co.jplistingstocksnewnlsgeu0000030f17-att04ipetInsurance-1s.pdf#page7|formatPDF|publisherアイペット損害保険(株)|pages3-4|accessdate2018-03-23|quote表紙頁等を含めた場合、掲載ページは「7～8頁目」}}。2008年（平成20年）に社名を「(株)アイペット」に、更に2012年（平成24年）には「アイペット損害保険(株)」に、それぞれ社名変更。これら2度にわたる社名変更が実施された各年のうちに、本社機能の移転を行っている《1度目の社名変更を行った年のうちに千代田区霞が関に、2度目の社名変更を行った年のうちに港区(東京都)|港区六本木に、それぞれ本社移転》。更に、2度目の社名変更の前年にあたる2011年（平成23年）には、コンサルティングなどを営むドリームインキュベータに買収されている。2018年（平成30年）4月にはマザーズ|東証マザーズに上場したname\""fr_securities-report\""name\""release-d20110210\""{{Citepressrelease|title株式会社アイペットの株式取得（子会社化）に関するお知らせ|publisher(株)ドリームインキュベータ|date2011-02-10|urlhttp:www.dreamincubator.co.jpwpwp-contentuploads201102ir11021001.pdf|formatPDF|accessdate2018-03-23}}name\""cso-interview\""{{Citeweb|date2016-11|urlhttps:www.careerinq.comindustrycxointerviewipet009573.shtml|titleCxOインタビュー・第1回「青山正明氏〔アイペット損害保険(株)取締役常務執行役員CSO（最高戦略責任者）〕」|workハイクラス・エグゼクティブ転職・求人情報|publisherキャリアインキュベーション|accessdate2018-03-23}}name\""kabutan180322\""{{Citeweb|date2018-03-22|urlhttps:kabutan.jpnewsmarketnews?bn201803220669|title【市況】アイペット損害保険、4月25日東証マザーズへ新規上場|work株探|publisherみんかぶ|accessdate2018-03-23}}。経営理念は「ペットとの共生環境の向上とペット産業の健全な発展を促し、潤いのある豊かな社会を創る。」。一般的に動物病院やトリミングサロン、ペット#ペットの求め方|ペットショップなどのペット関連産業は事業継続が困難とされているところから、ペット保険事業で収益を上げ、ペット関連産業の健全な発展に繋げたいという考えを有しており、そのため、将来的にペット関連事業を手がける事業会社を抱える持ち株会社設立を目指しているという{{Citeweb|urlhttps:job.mynavi.jp19pcsearchcorp99763outline.html|titleアイペット損害保険(株)～新卒採用・会社概要|workマイナビ2019|publisherマイナビ|accessdate2018-03-23}}{{Citenews|titleペットとの共生環境向上　業績伸ばすアイペット損保、収入保険料100億円突破の見通し（33ページ）|newspaperフジサンケイビジネスアイ|SankeiBiz（サンケイビズ）|date2016-11-24|urlhttps:www.sankeibiz.jpbusinessnews161124bsl1611240500001-n3.htm|accessdate2018-03-23|quote全3頁構成（→https:www.sankeibiz.jpbusinessnews161124bsl1611240500001-n1.htm1頁目・https:www.sankeibiz.jpbusinessnews161124bsl1611240500001-n2.htm2頁目）}}。"
7150,"2016年10月1日、第一生命保険グループは持株会社体制に移行し、第一生命保険株式会社（初代）から国内保険事業を継承した。現在の経営理念は、『お客さま第一主義　「一生涯のパートナー」』name\""gaiyou\""http:www.dai-ichi-life.co.jpcompanyinfooutlineindex.html会社概要｜第一生命保険株式会社-第一生命保険株式会社ウェブサイト（2016年10月確認）。。"
7150,ISO27001取得。ソルベンシー・マージン比率は730.8%（2017年3月末現在）。
7150,中国平安は中国国内で金融ライセンスを最も多く持つhttp:www.1caixin.com.cnarticle-299706.html企業であり、かつ最も多様な業務領域に展開する総合金融サービスグループであるhttp:www.1caixin.com.cnarticle-299706.html。中国国内におけるグループ企業には、中国平安人寿保険株式有限公司（平安人寿）、中国平安財産保険株式有限公司（平安産険）、平安養老保険株式有限公司（平安養老険）、平安健康保険株式有限公司（平安健康険）、銀行系の平安銀行株式有限公司（平安銀行）、投資会社系の平安信託投資有限責任公司（平安信託）、証券系の平安証券株式有限公司（平安証券）、アセットマネジメント系の平安大華基金株式有限公司（大華基金）などの子会社があり、保険・銀行・投資関連の金融商品及びサービスの全機能を提供できる有数の金融グループであるhttp:finance.sina.com.cnmoneyinsurancebxdt20150320081821766427.shtml。インターネット金融の業績は2015年度に急速的に伸び、それを新たな事業の柱に構築した。2015年度の連結決算によると、平安のインターネットユーザー数は同比75.9%増の2.42億人、インターネット金融の関連会社のユーザー数は1.83億人にも達した。中国平安は正社員27.5万名、保険の営業職員87万名を擁している。2015年度の連結決算によると、総資産は4.77兆元（約81兆円）、売上は6932億元（約11兆円）である。保険の売上について、生命保険業界で平安人寿は中国2位で、損害保険業界で平安産険も中国2位である。中国平安は、2016年版フォーブス・グローバル2000(TheWorld’sBiggestPublicCompanies2016RANKING)で20位、2016年版フォーチュン・グローバル500ランキングで41位（中国の非国営企業では3年連続1位）、イギリスWPPグループ|WPP社よりブランド価値をランク付けした2016年版「Top100MostValuableChineseBrands」で9位、「Top100GlobalBrands」で68位を取得した。2014年より中国サッカー・スーパーリーグ（CSL）のタイトルスポンサーとなった。https:www.imgjapan.comnews?pagenews_detail&nws_code6272016年に完成した新たな本社ビル（平安国際金融中心）は深市で一番高いビルである。2017年に日本の漢方薬最大手ツムラに出資して筆頭株主となった{{Citeweb|publisher毎日新聞|titleツムラ：中国保険大手が出資　筆頭株主に|date2017-09-23|accessdate2017-01-02|urlhttps:mainichi.jparticles20170923ddm008020055000c}}。
7150,File:OmahaKiewitPlaza.jpg|right|thumb|180px|バークシャー・ハサウェイの本社が置かれているキューイット・プラザウォーレン・バフェットが会長兼CEOを、チャーリー・マンガーが副会長を務めるhttp:quotes.wsj.comBRKAcompany-peopleBRK.ACompanyProfile2018年4月10日閲覧。バークシャー・ハサウェイには2016年現在7名の取締役及び役員がおり、様々な子会社、関連会社、株式等を所有している。実質的に会長兼CEOで筆頭株主であるウォーレン・バフェットと、副会長のチャーリー・マンガーの2人が運営する株式会社の形態をとった投資ファンドと言われているローレンス・A・カニンガム「バフェットからの手紙」(2000)54項バートン・マルキール「ウォール街のランダムウォーカー原著第9版」(2009)454-455項。バフェットは「株式会社という形態をとっていても、バークシャーはパートナーシップであると私たちは考えている」ローレンス・A・カニンガム「バフェットからの手紙」(2000)54項「私たちの長期的な財政上の目的は、バークシャー株の内在価値の一株当たり平均年間収益率を最大限に高めることである」と表明している。バフェットは、内在価値と乖離した高い株価を好んでおらず、「バークシャーの株価は内在価値を反映した妥当な水準であること」を望んでいる庄司貞矢「バフェットの謎」(2000)85-86項。
7150,中小企業向けの経営者保険（法人契約）をメインに販売。経営者やその家族を中心とした個人向けの商品も取り扱う。中小企業や税理士・公認会計士を会員とする各種団体と提携し、中小企業向けの制度商品をメインに取り扱う。みどり会の会員企業であるhttp:www.midorikai.co.jpmember.htmlメンバー会社一覧-みどり会。
