3750,*創業日：1995年（平成7年）11月10日*資本金：1億5000万円*従業員：30名*代表者：新英和（代表取締役社長）*所在地：東京都大田区平和島5丁目6番地1号*主要製品：光学薄膜製品の設計・開発・製造　及び販売
3750,村田製作所の生産子会社。リード付きコンデンサ、EMI除去フィルタの製造の他、同じ村田製作所の生産子会社である出雲村田製作所からチップコンデンサの包装・出荷業務を受託している。近年、コンデンサ以外のチップ部品にもリード線を取り付けて付加価値を向上させる、リード加工ビジネスにも注力している。
3750,ブラザー工業の持分法|持分法適用会社で、1940年（昭和15年）1月に当時の日本ミシン製造株式会社（現・ブラザー工業株式会社）の協力工場として創業。1950年（昭和25年）に組織変更し昭和精機株式会社となった。1997年（平成9年）には株式会社エクシングより証明書自動交付機の開発・製造権を翌年の1998年（平成10年）には営業権を譲り受けている。
3750,*企業名　オプトウエア株式会社*沿革　1998年（平成10年）11月　設立*代表者　代表取締役　菊地弘*資本金　3300万円*本社所在地　栃木県足利市芳町50
3750,血圧計、心拍計、パルスオキシメーターなどの医療機器を幅広く開発・販売している。主力製品は血圧計であり、とくに家庭用血圧計に関しては輸出も多い。パルスオキシメーターは、新規の市場参入ながら2006年にグッドデザイン賞を受賞し、国内の市場を拡大した。光学精密機器では、カメラ用の絞り（アイリス）関連機器が主力製品。群馬県の他、中国およびインドネシアに海外工場を持つ。また、輸出対策として、中国およびドイツに販売拠点を有する。
3750,*1996年5月、設立。*2015年7月、破産手続きhttp:kanpou.makelog.net20150729h27n170-30倒産情報公告資料室*2015年12月、閉鎖https:robins.jipdec.or.jprobinserence_DetailAction.do?robinsKey01346088457008サイバー法人台帳
3750,2013年7月1日、親会社であるシチズンホールディングス（現：シチズン時計）は、自社時計生産能力の国内強化を図るため、それまで国内各地の関連会社でバラバラに行われていた時計部品の製造・組み立てを一元的に運営する企業として、2007年に事業子会社として継承分離したシチズン時計株式会社（2016年にシチズンホールディングスへ吸収合併）の時計製造関連部門と国内主要時計製造グループ企業5社（シチズン平和時計、シチズンマイクロ（旧会社）今回の事業再編により「シチズンマイクロ株式会社」における精密機器製造等の分野は、同社の主要子会社であった「株式会社コマテック」が「シチズンマイクロ株式会社」に商号変更し事業継承している。、シチズン東北、シチズン時計ミヨタ、シチズン時計河口湖）を統合して設立した。スローガンは'''「世界一優良なる時計製造工場の実現！」'''で、スイスなどの海外高級時計グループが渦巻く国際社会において長期に渡って培ってきた高い技術力と品質に経営資源を集中させることで対抗しうる競争力の強化を見込んでいる。
3750,主に、親会社のエイビットが製造・開発した独自の企業向けIP電話セットなどを販売していた。2010年9月まではコンシューマ向けとしてウィルコムの通信モジュール、W-SIMのRX420AL・RX430ALの販売・サポートも手がけていた。現在は、上海市にグローバル事業統括拠点、摂津市に日本国内拠点を設置している。日本国内では、法人市場へIP-PBX等が不要なP2P対応のSIP-IP電話機、また文教市場へキッズ救急という学校放送と連携した緊急通報システムを営業展開している。なおキッズ救急は京都市238校5000教室以上へ導入実績を持っている他、多くの自治体へ導入実績がある。上海市のグローバル事業統括拠点は中国市場への進出が目的と見られるが、現状実績は見られない。
3750,複写機、プリンターなどに使用する乳化疑集製法トナー（EAトナー）を製造販売している。工場は早月川と富山県道138号栗山追分線に挟まれるように位置しており、総合工場棟であるX棟と、EA棟を3棟置く。
3750,2004年に筑波大学教授の山海嘉之によって設立された{{Citeweb|urlhttp:www.cyberdyne.jpcompanyindex.html|title会社情報-CYBERDYNE|publisherサイバーダイン株式会社|accessdate2011-01-25}}。HAL(パワードスーツ)|HALを製造していることで知られる。これは、装着することによって身体機能を拡張・増幅・補助することができる世界初のサイボーグ型ロボットであり、製品としてレンタル方式およびリース方式でのみ提供されていた{{Citeweb|authorCharlieSorrel|date2011-01-11|urlhttp:wired.jpwv20110111%E6%97%A5%E6%9C%AC%E3%81%AE%E3%83%91%E3%83%AF%E3%83%BC%E3%83%89%E3%82%B9%E3%83%BC%E3%83%84%E3%80%8Ehal%E3%80%8F%E3%80%81ces%E3%81%A7%E3%83%87%E3%83%A2%E5%8B%95%E7%94%BB|title日本のパワードスーツ『HAL』、CESでデモ|publisherWIRED.jp|accessdate2011-01-25}}。これは山海が「今はまだ黎明期の技術で開発の進化が早いため、購入した製品がわずか1～2年で旧機種扱いになるのはユーザーに申し訳ない。」と考えており、またレンタルだと提供した全製品を自社で管理出来るため新機種への移行も比較的容易で、どのように使われているかも把握しているため、悪用への抑止効果もあるという。平成27年11月、厚生労働省はHALの製造・国内販売を承認したhttp:www.nikkei.comarticleDGXLASGG25H3T_V21C15A1EA1000筑波大発ＶＢの装着型ロボ、医療機器に初承認http:www.yomidr.yomiuri.co.jppage.jsp?id126969歩行助ける装着型ロボット「ＨＡＬ」、製造販売を承認。
3750,輸出を含めた歯科用レントゲンの国内生産台数でシェアトップであり、2007年6月期の売上高は約44億円、経常利益は2億5000万円だった{{citation|urlhttp:business.nikkeibp.co.jp:80articlepba20090313189019|title【日本を救う小さなトップランナー】朝日レントゲン工業（歯科用レントゲン撮影装置の製造）}}。
3750,役物をはじめとする遊技機用の各種合成樹脂|プラスチック製品等のデザイン・設計・開発・製造、販売を行っているほか、健康食品などを扱うウェブサイト「ジャスティーワールド」の運営も行っている。なお、社名の”日本”は「にほん」と読むが、英称では「NIPPON」としている。
3750,*アメリカ合衆国ニューヨーク州ロチェスター(ニューヨーク州)|ロチェスターに本社を置くBausch&LombInc（ボシュロム　インコーポレッド）の日本法人。*スローガンは、“確かな視界で快適な暮らしを(PerfectingVisionEnhancingLife.)”*Bausch&LombIncは、アメリカ合衆国フロリダ州で開催される女子テニスのボシュロム・チャンピオンシップ（Bausch&LombChampionships）の大会パートナーでもある。*中核製品は、メダリストブランドを擁するソフトコンタクトレンズ。
3750,"フィリップスの分析機器部門が2002年にSpectrisに買収され、X線回折（XRD）と蛍光X線（XRF）による分析装置を製造、販売する。アルメロとイギリスブライトンのサセックス大学に研究拠点を構え、オランダの2箇所に生産工場と教育センターを設置しているname\""jaimadirectory\""{{citeweb|urlhttps:www.jaimadirectory.jpmaker_disp.php?code112|titleパナリティカル（スペクトリス（株）PANalytical事業部）|accessdate2016-12-20}}。"
3750,"時計技師のSamuelSmithによって1851年に設立されたname\""沿革\""。同グループは、ジョン・クレーン、スミス・メディカル、スミス・ディテクション、スミス・インターコネクト、フレックス・テックの5つの部門から構成される企業で{{Citeweb|last|first|titleSMITHSGROUPPLC（スミスグループ）|publisher|journal|date|volume|pages|urlhttp:www.alamco.co.jpcolumnavesteindex-id72.html|accessdate2017-02-22}}、現在ではM&Aによって数々の分析機器メーカーを傘下に収め、医療機器や爆発物探知機、計測器等を手がける世界有数の企業グループを形成する。1980年代に売却するまでオドメーターや速度計等の自動車用の計器類も製造していた。ロンドン証券取引所（LSE）に上場する銘柄のうち時価総額上位100銘柄で構成される、時価総額加重平均型株価指数であるFTSE100種総合株価指数にも選定される"
3750,"2004年にニュージーランドで設立された。name\""沿革\""。ドイツのアーヘン工科大学、ニュージーランドのマッセー大学、ヴィクトリア大学ウェリントンの研究チームによって初期の技術と知的財産が開発された。永久磁石式核磁気共鳴分光計Spinsolveが主力商品。"
3750,"|資本金10百万円name\""概要\""|発行済株式総数|売上高10億5800万円（2015年度）name\""概要\""|営業利益|経常利益|純利益|純資産|総資産|従業員数36名name\""概要\""|支店舗数|決算期|会計監査人|所有者|主要株主スズケン|株式会社スズケン100%|主要部門|主要子会社|関係する人物|外部リンクhttp:www.kenzmedico.co.jp|特記事項}}'''ケンツメディコ株式会社'''（KENZMEDICO）は埼玉県本庄市に本社を置く医療機器メーカーである。大手医薬品商社スズケンの子会社。世界初のステレオ聴診器「ステレオフォネット」やラパポート聴診器である「マルチスコープ」などを販売する。"
3750,コンピュータ用メモリモジュールの製造に特化し、日本国内で設計・製造をしている。高い精密加工技術や品質基準による高品質で高信頼性のメモリモジュールの製造を得意としており、高級なパーソナルコンピュータ|PCで採用される。また、Macintosh用のメモリも多くラインナップしており、幅広い製品に対応するメモリモジュールを製造している。搭載されるメモリチップはハイニックス半導体|ハイニックスやサムスン電子|サムスン、エルピーダメモリ|エルピーダ、マイクロン・テクノロジ|マイクロンなど多岐にわたる。
3750,新日本製鐵のLSI事業部が元々行なっていたRFID事業を吉川工業が引き継ぎ、RFIDチップおよび関連製品の設計・製造・販売を目的として1999年に設立した。2012年10月に「吉川セミコンダクタ株式会社」に吸収合併され、吉川アールエフセミコン|株式会社吉川アールエフセミコンに社名変更した。
3750,元は金物行商から始まったが、直角精度を持った鉄工スコヤの製造を皮切りに測定工具の品種を増やしていった。その後日曜大工用品の製造を開始し、金物店やホームセンターを取引先としたDIY業界にも進出。1987年にはレベルポイントS・Mがグッドデザイン賞を受賞した。その後ピラーズキャッチも受賞した。測定工具の精度管理に伴う校正サービスの事業も行っており、ピンゲージ業界では初めてJCSS校正事業者に認証登録された。
3750,同社は1990年に大判カメラ市場に参入した。組立暗箱ではない大型ビューカメラは商品撮影や建築撮影を専門とする業者以外はあまり使用しないため規模の小さな市場であり、いわばすでに飽和状態であって新規に参入するメーカーはほとんどなく、不況時の参入は業界関係者を驚かせた。最初の製品はFC-45Aで重量が1.1kgと軽量であるのがセールスポイントである。その後8×10in判のFC-810、5×7in判のFC-57、あおり(写真)|アオリ機構を排してさらに小型軽量化したFC-45miniを製作。また以前より高級オーディオ用レコードプレーヤー#構成|トーンアームを製作している。
3750,宮崎県の誘致企業として、1984年7月に吉川工業と宮崎沖電気（現ラピスセミコンダクタ|ラピスセミコンダクタ宮崎）との共同出資により「'''吉川セミコンダクタ株式会社'''」として設立された。1997年8月には、日本国外での生産拠点として、インドネシアのビンタン島に関連子会社'''PT.YoshikawaElectronicsBintan（ヨシカワエレクトロニクスビンタン）'''を設立した。2012年10月に吉川アールエフシステムを吸収合併し、株式会社吉川アールエフセミコンに社名変更した。
3750,まだ、「デジタル」という言葉すら、それほど日本の社会では馴染み深くはなかった1972年（昭和47年）。『デジタル技術を利用した優れた製品を世に送り出し、社会に貢献したい。』そのような思いから設立された会社が「デジタル電子株式会社」であった。以来、今日に至るまで産業用機械を開発・販売し続けている。みどり会の会員企業であり三和グループに属しているhttp:www.midorikai.co.jpmember.htmlメンバー会社一覧-みどり会。
3750,人工透析|透析、血管造影、輸液等に用いられる血管用カテーテルの開発・製造・販売を行う企業である。
3750,東日本旅客鉄道や埼玉新都市交通などの鉄道車両及び車両基地設備に関する設計・メンテナンス・（総合車両製作所総合車両製作所新津事業所|新津事業所において）車両製造などを行っている。メンテナンス業務では静態保存機などのアスベスト封じ込め・除去業務も行っている。
3750,環境、食品、化粧品、医薬品など様々な分野の分析で使用されているガスクロマトグラフ・高速液体クロマトグラフィー|液体クロマトグラフの関連装置・消耗品の製造・販売を行う。http:www.gls.co.jpbrochuregeneral_index.htmlクロマトグラフィー業界の総合技術企業。クロマトグラフィーに係る製品の企画・開発から製造・販売・メンテナンスまで自社で一貫した提供システムを行っている。ジーエルサイエンスグループの社員は『創立の根本精神及経営理念』を基とし、真に社会性のある企業への成長をめざし、「社会に対し社会性を十分発揮してその存在価値を高め、社員個々の幸福を勝ち取り、企業の維持、発展をならしめ、そこから得られた技術や利益を株主、社員、社会に公正に分配する」ことを基本理念とし、創立以来の永久スローガンである【'''道は一つ、共に進もう'''】を合言葉に行動している。社長メッセージhttps:www.gls.co.jpcompanymessage.htmlより引用
3750,1990年（平成2年）4月2日にパソコンソフトや事務機器を開発・製造する会社として設立され{{Citeweb|date1990-03-06|urlhttp:www-06.ibm.comjppress199003065.html|titleオフィス・ソリューション開発で新会社『株式会社ライオス・システム』設立|publisher日本アイ・ビー・エム株式会社|accessdate2018-02-16}}、IBMなどへノートパソコンを供給していたが、1999年（平成11年）3月31日に解散した{{Citeweb|date1999-04-04|urlhttp:www.nikkeibp.co.jparchives05454790.html|title役割終えたライオス・システムが解散|publishernikkeiBPnet|accessdate2018-02-19|archiveurlhttp:archive.fo5UoTO|archivedate2013-05-01}}。事業はリコーおよびその関連会社が引き継いだ{{Citeweb|date1999-04-01|urlhttps:pc.watch.impress.co.jpdocsarticle990401rios.htm|title「チャンドラ」のライオス・システム、会社を清算・解散|publisherPCWatch|accessdate2018-02-16}}。
3750,1955年『'''株式会社リリー商会'''』として創業。1989年に現社名となる。清拭綿・お産用ナプキンなど衛生材料消耗品の製造販売や、病院からの滅菌処理の委託業務も行っている。特に、1960年に開発したお産用ナプキンは日本で最初に開発・製品化した。ベビー用品レンタル事業を1982年より新潟県内のみ展開、内祝いギフトの販売も行う。
3750,『SEED』ブランドのコンタクトレンズ、コンタクトレンズケア用品の製造販売、眼鏡レンズ・フレームの製造販売を行っている。2017年（平成29年）3月期の連結売上構成は、コンタクトレンズ・ケア用品事業95.0%、眼鏡事業3.6%、その他1.3%となっている。日本で初めてコンタクトレンズの研究を行った「東京コンタクトレンズ研究所」を母体としている。1962年（昭和37年）に「マイコン」（マイ・コンタクトレンズの略）としてブランド化。これは、1970年（昭和45年）に開かれた日本万国博覧会|大阪万博のタイムカプセルに収められている。更に1972年（昭和47年）には「マイコンソフト」と銘打ったソフトタイプコンタクトレンズを、1984年（昭和59年）には「マイコンハイO2」という酸素透過性ハードタイプレンズを市販した。1985年（昭和60年）、シードコンタクトレンズ研究所の設立に伴いブランド名を現在の「'''シード'''」に変更。社名も1987年（昭和62年）にそれに変更された。更に1992年（平成4年）には煮沸消毒のいらないソフトレンズ「コンセプトF」を新発売した。近年では一定期間（1週間-1ヶ月程度）の使いきりタイプのコンタクトレンズも発売されている。1993年（平成5年）から眼鏡事業を開始。特に2000年（平成12年）には、松雪泰子が企画・プロデュースした「VividMoon」という眼鏡ブランドを開拓した。2004年（平成16年）に、国産初となる2週間使い捨てソフトレンズ「シード2weekPure」を発売した。また、2009年（平成21年）には、国産初の1日使い捨てソフトコンタクトレンズ「シード1dayPure」発売した。なお、京都府京都市にあるシード平和|シード平和株式会社（建築会社、旧名：株式会社シード）、大阪市都島区にあるシード(文具)|株式会社シード（消しゴムメーカー）とは別会社で資本関係などはない。
3750,*1968年（昭和43年）1月26日に、茨城県那珂市菅谷に設立。*資本金は3億円（株式会社　ニコン100%出資）。*従業員数：183名*工場敷地：敷地面積　30025.87平方メートル（福利厚生施設含む）*売上高：約68億円（平成16年度実績）*ISO9000|ISO9001、ISO14000|ISO14001認証取得
3750,1957年、並木精密宝石株式会社（なみきせいみつほうせき）から分離独立。時計の軸受宝石販売からスタート。その後製造も開始し、受石・穴石・振石・爪石の4種類全てを世界で初めて製造。また、軸受宝石の押出成形技術と研磨技術から、1980年には、光通信部品のフェルールの生産も開始。1990年後半には世界のトップシェアーに至る{{Citeweb|urlhttp:www.ktc-densen.comhtmlShinbunbacknumber20130610.html|titleアダマンド工業　光フェルール2ケタ増で推移（出荷ベース）|publisher電線新聞|accessdate2013-06-10}}。2018年（平成30年）1月1日、親会社の並木精密宝石株式会社に吸収合併され、アダマンド並木精密宝石|アダマンド並木精密宝石株式会社となった。アダマンドという社名の由来は、硬いものを加工することを得意としたため、「非常に固い」、「堅固無比のもの」を意味するADAMANTから。
3750,その名の通り、モノを壊さずに欠陥・異常を検出する業務を主におこなう。近年では異常の検出よりも、異常に対する原因究明に関連する業務が多くなっている。また近年では耐震偽装問題に絡んで、コンクリート製の建築物に関する内部調査・劣化を調べるという案件も多い。もともと日経産業新聞に広告を多く出稿していたこともあって、発行元の日本経済新聞社ならびにテレビ東京系列局との関係が深く、テレビ大阪製作テレビ東京系の単発番組の提供スポンサーになることも多い。みどり会の会員企業であり三和グループに属しているhttp:www.midorikai.co.jpmember.htmlメンバー会社一覧-みどり会と同時に大輪会の会員企業であるhttp:izumisano-kyuryo.jpdairinkai大輪会（だいりんかい）とは-http:izumisano-kyuryo.jp泉佐野丘陵緑地公式サイト内のページ。。
3750,"|資本金3億7610万円name\""公式概要\""|発行済株式総数|売上高|営業利益|経常利益|純利益|純資産|総資産|従業員数35人（2017年11月現在）name\""公式概要\""|支店舗数|決算期|会計監査人|所有者|主要株主|主要部門|主要子会社|関係する人物|外部リンクhttps:logbar.jpjaindex.html|特記事項}}'''株式会社ログバー'''（英：LogbarInc.）は日本のベンチャー企業。"
3750,ublisher東京航空計器株式会社公式サイト|accessdate2015-11-16}}を始める。*1938年（昭和13年）-東京府北多摩郡狛江村#年表|狛江村に社員教育施設として第2工場を建設する。*1941年（昭和16年）-狛江工場が陸海軍共同管理工場に指定され、従業員16000名の国内最大の航空機用航法計器メーカーとなる。*1944年（昭和19年）-戦意高揚と生産性を高めるため、昭和を代表する作詞家西條八十と作曲家久保田公平に依頼して「東京航空計器狛江工場歌」と「必勝轉輪音頭（狛江工場音頭）」を制作する。*1945年（昭和20年）-川崎市木月住吉町、苅宿(川崎市)|苅宿の本社工場現在の川崎市中原平和公園が米軍印刷局として占領軍|GHQに接収され、航空関係の製造を停止する。狛江工場で映写機、顕微鏡、カメラ用雲台などの民需品の製造を始め、同時に本社を狛江工場に移転する。*1952年（昭和27年）-GHQによる航空関係の製造停止が解除されて製造と修理を再開する。ファクシミリ|模写電送装置の製造とトーシャファックス（謄写版|謄写紙製版機）の開発を始める。*1953年（昭和28年）-米軍機搭載品のオーバーホールと修理を始める。*1966年（昭和41年）-東京国際空港整備地区に地上飛行訓練所を開設する。*1967年（昭和42年）-主に製品の組立と部品を製造する、株式会社トーコーを設立する。米国に現地法人UNITEDINSTRUMENTSINC.を設立する。*1972年（昭和47年）-株式会社トーコーエンジニヤリングを設立する。*1977年（昭和52年）-株式会社上田トーコーを設立する。*1979年（昭和54年）-名古屋営業所を名古屋市に設置する。*1980年（昭和55年）-東京国際空港整備地区に羽田メンテナンスセンタービルが竣工する。*1982年（昭和57年）-半導体ウェーハhttps:www.tkk-air.co.jpproductsemiconductoroverlaymodelmac.html重ね合せ測定（検査）装置の製造を始める。*1983年（昭和58年）-狛江に本社と工場が竣工する。*2010年（平成22年）-狛江市から町田市に本社と工場を移転する。陸上自衛隊10式戦車装備品の製造を始める。*2014年（平成26年）-一般社団法人https:uas-japan.org日本UAS産業振興協議会の設立に参画{{Citeweb|urlhttp:internet.watch.impress.co.jpdocsnews20141016_671717.html|title日本のドローン産業振興を目指すコンソーシアム発足、ヤフーやリコーも参加|publisherInternetWatch|date2014-10-16|accessdate2015-11-16}}する。*2017年（平成29年）‐主に産業用無人機UAVと無人システムを設計・製造して販売する、株式会社TKKワークスを設立する。
3750,人工腎臓や人工心肺装置、カテーテルや採血・輸血・輸液システムなどの医療機器・医薬品などが有名。本社は東京都港区(東京都)|港区港南2-15-2。また、大分県佐伯市の佐伯工場内に本社機能の一部を有する本店を置く{{PDFlink|http:www.kawasumi.jppdfnews2010iten100929.pdf本店所在地および本社事務所の移転に関するお知らせ}}川澄化学工業株式会社、2010年9月29日。生産は大分県内の3工場及びタイランドの100%出資子会社KAWASUMILABORATORIES(THAILAND)CO.LTD.の2工場で行われる。
3750,"1960年にドイツでGntherLaukienによって設立された。name\""沿革\""。1965年に独立した3チャンネルを備える全半導体式の最初の高分解能核磁気共鳴分光計であるHFX90を発売した。この製品は欧州とアメリカでの市場で普及して会社の発展の原動力になったhttp:www.chemheritage.orgaboutnews-and-presspress-releases2013-02-05-pittcon-heritage-award.aspxAboutProfessorGntherLaukien。マサチューセッツ州ビレリカ(マサチューセッツ州)|ビレリカに本社があり、6000人以上の従業員を擁する。核磁気共鳴分光計の代表的な企業で日本国内の大学、研究機関にも多数の納入実績がある。1976年には核磁気共鳴画像法|MRIを開発した。現在ではM&Aによって分析機器メーカーを傘下に収め、蛍光X線分析装置やラマン分光法|赤外・近赤外・ラマンスペクトロスコピー、質量分析計や画像診断装置等を手がける。"
3750,家庭用のはかりから業務用の計測機器まで、社名の通り衡機（はかり）を中心に様々な計量器類の製造販売を行う。特に工業用計量器分野に強みを持ち、トラックスケールで国内トップシェア。また国内自動車メーカーが採用する実車用の風洞天秤は、全て同社製品である。元々は戦前に日本海軍|大日本帝国海軍が実戦用に配備した戦闘機「紫電改」などを開発したことで知られる川西航空機第二次世界大戦の敗戦に伴い、連合国軍最高司令官総司令部|GHQにより航空機製造禁止の通達が出た後は、新明和工業へと社名を改めると共に、航空機用エンジンの製造をベースに各種エンジン・特殊車両などの製造に事業を転換した。上記の航空機製造禁止令の撤廃後は、航空機の生産を再開している。の親会社川西機械製作所の系列会社として創業し、今日まで川西家一族から社長を出すなど、川西財閥色が残る企業の一社でもある。
3750,"MartinWoodによって1959年にオックスフォード大学からスピンオフ#ビジネスにおけるスピンオフ|スピンオフして設立されたname\""沿革\""。産学連携の代表例で超伝導磁石を使用した核磁気共鳴画像法の開発でも先駆的な役割を果たしたname\""沿革\""。元々は電磁石のメーカーだったが、現在ではM&Aによって分析機器メーカーを傘下に収め、蛍光X線分析装置や原子間力顕微鏡、半導体製造装置等を手がける。"
3750,2001年（平成13年）5月9日に設立したベンチャー企業。主な業務は細胞シート再生医学|再生医療事業および再生医療支援事業で、研究室を本社内と東京女子医科大学・早稲田大学連携先端生命医科学研究教育施設内に設置している。
3750,"File:Photosniper-assembled.jpg|thumb|250px|'''ゼニット12'''と望遠レンズの下部に設置した'''フォトスナイパー'''。クラスノゴルスク機械工場（以下'''KMZ'''）は1942年2月に設立された。プリズムに光線が入射した時の図をロゴとして使用している。現在の名称は'''株式会社「S・A・ズヴェーレフ記念クラスノゴールスク工場」'''（'''{{lang|ru|ОАО\""КрасногорскийзаводимениС.А.Зверева\""}}'''；\""S.A.ZverevKRASNOGORSKYZAVOD\""）である。アーセナル(ウクライナの企業)|アーセナルと提携し、「キエフ(カメラ)|キエフ-コンタックス」の光学機器「TSVVS」というコンタックスマウントのライカ型の内部機構を有するカメラを共同生産した。1945年には、「フォトスナイパーFS2-KMZ」を製造した・これは、300mmのレンズにフェド|FED型のカメラを組み合わせミラーボックスを組み合わせた一眼レフカメラ|一眼レフ状のファインダーを有するもので、ライフル状の形態を有する超望遠専用カメラを製造し現在までバージョンアップして「フォトスナイパー−FS-122型」として現在も継続生産している。1949年から製造中の'''ZORKI'''（{{lang|ru|''':ru:Зоркий(фотоаппаратура)|Зоркий'''}}ゾルキ）シリーズは1978年まで製造が行われ、製造総数は450万台を超えた。1955年から製造販売継続中の一眼レフ'''ZENIT'''（{{lang|ru|''':ru:Зенит(фотоаппаратура)|Зенит'''}}ゼニット(カメラ)|ゼニット）シリーズが、現在の主力製品である。1965年、コンパクトカメラZORKI-10の生産を開始したが現在は生産中止である。1967年から、非常にユニークな写真フィルム|35mmパノラマカメラ'''HORIZON'''（{{lang|ru|''':ru:Горизонт(фотоаппарат)|Горизонт'''}}ゴリゾント(カメラ)|ゴリゾント）を発売し、HORIZONS3PRO28mmf2.8を現在も継続生産している。同社の製品は、ロシア光学器械の最高峰製品として評価を受けている。カメラだけでなく、交換レンズ群（ライカと互換性を有するレンズ群、レンズマウント|M42マウントの国際共通規格のレンズ群）の光学性能は卓越し、ユニークな設計も相まって、世界的な高光学性能のレンズメーカーとしても知られる。同社の一つの主力は、医療関連機器の製造販売である。"
3750,事業展開の基盤は、重さや音といったアナログ量をデジタル数値に変換したり（AD）、デジタル数値をアナログ量に変換する（DA）技術で、社名もそこに由来している。また、目黒区青葉台3丁目に所在する株式会社エー・アンド・ディ（代表取締役社長　山口　仁）との関連は全くない。
3750,1950年泰成光学機器製作所として創業。自社ブランドで各社一眼レフカメラ用交換レンズを販売するほか、カメラメーカー、電機メーカーに各種レンズをOEM供給している。同社のブランドであり、社名の「タムロン」は、光学設計の第一人者であり同社の光学技術の基礎を築いた田村右兵衛の姓を由来としたもの。
3750,X線発生装置を自社で設計、製造する{{citation|urlhttp:www.x-raykinki.co.jpour-strength|title弊社は、X線装置を主力製品とする、技術開発型の会社です}}。医療、歯科用だけでなく、非破壊検査|非破壊検査装置も手がける。
3750,*1960年（昭和35年）以降2015年（平成27年）9月までは東芝の関連会社であり、同年3月時点で同社が発行済み株式の30.13%を保有していた。*元は光学兵器開発・製造のため、大日本帝国陸軍|帝国陸軍が関与して1932年（昭和7年）9月1日に設立された。**主に陸軍向けの火砲・銃の照準器#オプティカルサイト(Opticalsight)|照準眼鏡（狙撃眼鏡）や、戦闘機・爆撃機用の射撃照準器・爆撃照準器を供給していた。当時、設立に大日本帝国海軍|海軍が関わっていた日本光学工業（現・ニコン）とともに軍需光学機器製造の双璧として「陸のトーコー・海のニッコ−」とも称されていた小倉磐夫「カメラと戦争-光学技術者たちの挑戦」1994年朝日新聞社ISBN4023303119なお、関東大震災以降は日本光学も陸軍向け光学兵器を多数開発・製造している。*かつてはカメラメーカーとしても有名な存在だったが、1981年（昭和56年）に一般向けカメラ市場からは撤退している。{{main|トプコンのカメラ製品一覧}}*現在は眼科向け医療用光学機器、土木・建築向け測量機器、GPS機器等を開発・製造している。
3750,業情報|リコーエレメックス株式会社|決算期3月31日|主要株主リコー|（株）リコー100%|主要子会社リコーエレメックスAT|リコーエレメックスAT（株）brレックスゼネラルサービス|レックスゼネラルサービス（株）|関係する人物|外部リンクhttp:www.ricohelemex.co.jp|特記事項三愛会理事会社}}'''リコーエレメックス株式会社'''（英文社名：''RicohElemexCorporation''）は、愛知県岡崎市井田町(岡崎市)|井田町に本社を置き精密機械|精密機器などの製造を行っている理研グループの企業である。リコー|株式会社リコーの100％子会社。
3750,主に自動計量機とその周辺機器類の製造販売をおこなう。計量機類メーカーの中では国内最古参メーカーの一社としてその名を知られると共に、「はかりのイシダ」と呼ばれるように、業務用計量機器でその強さを誇る。各分野にシェアを持つ中で、特に食品生産ラインでのシェアは70%以上に及ぶ。長年培った計量技術をコアとして、計量から包装、検査、表示、箱詰め、情報ネットワークまで全て自社製品による一連のシステム提案を得意としている。これにより主力の食品から農産物の出荷、産業用まで幅広い分野での課題解決を一貫して支援できる。国内外に決算連結しているグループ社が30社あり、国内外問わず食の安全・安心、省力化、省人化のニーズに対してグローバルに製品展開している。創業当初から、計量器を主力製品としてきたが、近年では計量・包装・検査・値札貼りなど一連の作業機械や、各種計量・生産管理システムの製造など物流分野への動きも強まっている。2016年には製薬や病院向けの医療・医薬事業において、外来患者案内システムを開発・納入しており、医療・医薬事業への参入と強化を図る。
3750,*企業名-株式会社清原光学*沿革-1949年設立*代表者-代表取締役社長　前野隆一*本社所在地-東京都板橋区舟渡3-28-10
3750,日本における'''スプレーノズル'''のシェアはトップシェアnamediamond{{Citeweb|urlhttp:diamond.jparticles-29827|archiveurlhttps:web.archive.orgweb20150416100754http:diamond.jparticles-29827|author江口征男（智摩莱商務諮詞（上海）有限公司（GML上海）総経理）|title工業用スプレーノズルと加湿システムでトップシェア独自技術の「見える化」で中国事業拡大を図る——岩村恭直・霧的池内（上海）貿易有限公司総経理に聞く|work日本人が知らないリアル中国ビジネス|publisherダイヤモンド社|date2012-12-25|accessdate2015-5-18|archivedate2015-4-16|deadlinkdate2018年11月10日}}。中国など日本国外にも積極的に進出しているが、現地メーカーと競合しない高付加価値商品の展開を行っている{{R|diamond}}。ミストを発生させその気化熱で空調の室外機などを直接冷却するための特殊ノズルを開発http:www.nikkei.comarticleDGXNASHD2902L_Z20C12A3LDA000世界に活路パネルベイ失地回復なるか（下）（2012年3月30日付、日本経済新聞）。約15-20%の省エネになるとしている{{citeweb|urlhttp:www.kansai.meti.go.jp3-9enetaishoene-seikojireishuimgshoeneseikojireishu_1201.pdf|archiveurlhttps:web.archive.orgweb20140603225612http:www.kansai.meti.go.jp3-9enetaishoene-seikojireishuimgshoeneseikojireishu_1201.pdf|formatPDF|title今すぐできる省エネ・節電20例:省エネ成功事例集|publisher近畿経済産業局|date2012.1|accessdate2015-5-18|archivedate2014-6-3|deadlinkdate2018年11月10日}}。
3750,ソニーが開発している4K解像度技術、3次元技術を採用した高解像度新型外科用内視鏡とそのモニターなど関連商品、医療画像の配信等の統合ソリューション事業を大きな戦略とする方針http:toyokeizai.netarticles-13693ソニーとオリンパス、医療合弁会社の目算2013年4月17日東洋経済オンライン。オリンパスの医療事業で展開してきた外科用内視鏡関連製品も、引き続き事業を継続する。ソニーは医療分野で、2020年までに2000億円の売上を上げることを目標とした。社長は、ソニーメディカル事業ユニット副本部長も歴任し、ソニー業務執行役員シニア・バイス・プレジデント|SVPの勝本徹が就任http:www.nikkei.comarticleDGXNASDD160L8_W3A410C1TJ2000ソニー・オリンパスが共同出資会社　提携まず医療で2013年4月16日日本経済新聞。
3750,地震計測機器や電気試験装置の開発・製造を専業とする。この他、輸送機器類の振動の受託試験をおこなうテストラボを、同社が本社を置く大阪市内、神奈川県|神奈川、愛知県|愛知に設立し、各企業からの種振動実験をおこなっている。またこの他にも、環境評価測定機器や電気試験装置など、主に特殊計測機器類の開発で強みを持つ。元々は1957年に'''株式会社国際機械振動研究所'''として設立されたが、1974年10月に起こったオイルショックによる過剰在庫等で会社更生法を申請し、倒産を経験した。その後、当時公認会計士だった小嶋成夫（現・同社代表取締役）が更生管財人となり、大口のスポンサーの援助も絶って、ほぼ独力で再建を進めると共に、1985年には会社更生手続を終了。2004年12月に生産品目の統合により、明治製菓より同社大阪工場（現・本社同所）を買収し、試験装置工場を設置すると共に本社機能も移転。2005年よりジャスダック|JASDAQ市場に上場している。
3750,自社一眼レフカメラの製造では知名度を持たなかったが、他社へのOEM供給などで実績を作った。また28mm～210mm交換写真レンズ#ズームレンズ|ズームレンズなど他社も追随するユニークな製品を作り出している。1999年にはプルス・フォトおよびリング・フォトからドイツの老舗光学器械メーカーであるフォクトレンダーの商標使用権を獲得し、以後ライカMシリーズとレンズマウントの互換性を有したレンジファインダーカメラ「フォクトレンダー#現代日本に蘇ったフォクトレンダー|フォクトレンダー・ベッサ」シリーズやカール・ツァイスと共同開発したツァイスブランドの「ツァイス・イコン#新生ツァイス・イコン|ツァイス・イコン」を発売し、一躍カメラメーカーとしての名を広めた。
3750,"シガレットケースや貴金属宝飾品などの製造販売を手がけた金属加工メーカーとして創業。独自の技術力で様々な製品を製造するが、かつてはOEMによる受託生産が主で、自社ブランド製品は少なかったというname\""bizmakoto\""http:bizmakoto.jpmakotoarticles111216news011.html社食レシピ本が425万部！　タニタ・39歳社長の素顔-ITmedia|BusinessMedia誠2011年12月16日が、1992年の「乗るだけで計測できる体脂肪計」の発売と、1994年の世界初となる「家庭用体脂肪計付ヘルスメーター」を発売して以降、自社ブランドの確立に至ったという。日本で初めて家庭用体重計を製造・販売。「ヘルスメーター」と命名した。世界で初めて体脂肪計や体組成計を製造・販売するなど、常に先進の健康機器を提供している。その他、料理はかり、タイマー、活動量計、歩数計、医療施設向け体組成計・体脂肪計等を製造・販売している。"
3750,1939年3月に創業した日本で唯一の眼鏡レンズ専門メーカーで国内シェアは13%。近年では、コーティング部門から分かれた光機能事業部が光学薄膜製品の開発なども行っている。
3750,人工腎臓は日本国内のシェアが70%、人工膵臓も手掛けており、腎不全、糖尿病患者の生命を支えるメーカーといえる。社内に主に以下の4つの事業部が置かれている。;工業|インダストリアル事業本部:特殊ポンプなど産業プロセス用流体機器・発電所向け水質調整装置の製造、販売;精密機器事業本部:粉粒体測定装置・セラミック基板製造プロセス用機器およびシステム・水、空気浄化機器システムなどのユーティリティー設備の製造、販売;航空宇宙事業本部:航空機用部品など炭素繊維強化複合材による成形品の製造、販売;メディカル事業本部:血液透析装置、ダイアライザー、透析用血液回路セット、人工腎臓透析用剤、人工膵臓などの製造および販売、腹膜透析関連製品の販売
3750,2007年（平成19年）に、大韓民国|韓国で合成皮革加工と映画事業を手掛け、映画音楽家の趙成禹（チョ・ソンウ）が最高経営責任者|CEOを務めるM&FC（エムアンドエフシー）にM&Aで買収された。韓国企業による日本企業の敵対的M&Aは初めてのケースだった。
3750,"|資本金7億9600万円name\""概要\""|発行済株式総数1107万2000株name\""概要\""|売上高85億円（2018年2月期）name\""概要\""|営業利益|純利益|純資産|総資産|従業員数353名（2018年2月末現在）name\""概要\""|決算期2月末日|主要株主テクノホライゾン・ホールディングス|テクノホライゾン・ホールディングス（株）100%|主要子会社|関係する人物|外部リンクhttp:www.elmo.co.jp|特記事項}}'''株式会社エルモ社'''（エルモしゃ、{{Lang-en-short|''ELMOCOMPANYLIMITED''}}）は、光学機器、電気機器、精密機器の製造および販売を主業務とする企業。1988年より発売の書画カメラで世界首位。本社は愛知県名古屋市瑞穂区。"
3750,社名は、発祥の地である東京都保谷市（'''ほうや'''し、現西東京市）に由来する。現在は当地に社屋は無く、本社は、新宿区中落合(新宿区)|中落合を経て、西新宿に移転している。マスクブランクス・半導体素子製造用フォトマスクなどの半導体部門、ハードディスクドライブ|HDDプラッタなどのディスク部門、メガネやコンタクトレンズなどのアイケア部門、眼科学|眼科医療用の眼内レンズ、内視鏡などのメディカル部門、光学レンズなどの光学部門、情報システム・アプリケーションサービスプロバイダ|ASP・サプライチェーン・マネジメント#SCMソフトウェア、SCMサービスを提供する企業|カスタマーソリューションなどのサービス部門、等の事業部門を持つ。眼鏡部門は国内トップクラスであるが、海外における市場占有率は高くはない。半導体製造用のマスクブランクス、HDD用のガラス基板事業における世界市場占有率はいずれも70パーセントを超えている。
3750,File:2011-03-06-fotoworkshop-nuernberg-by-RalfR-08.jpg|thumb|250px|シグマのカメラレンズ製品群多様なレンズを生産するとともに、他のレンズメーカーに先駆けて超音波モーターや手ぶれ補正機構などの技術を導入した。手ぶれ防止機構はOS(''OpticalStabilizer'')、超音波駆動モーターはHSM(''HyperSonicMotor'')と呼称している。近年はデジタル一眼レフカメラ用レンズの開発に力を入れており、デジタル一眼レフカメラ用大口径標準ズームや超音波モーター搭載の標準レンズを開発している。またフォーサーズ・システムに早期に賛同し、対応レンズを製造している。超望遠域のレンズを比較的安価に提供しており、レンズメーカーで500mmと800mmを製造しているのは同社だけである。マクロレンズ「マクロ」と呼称する基準は最大撮影倍率0.25倍以上。はカメラメーカーを含めても最多のラインナップである。2008年11月には、自社のデジタルカメラで採用していたFoveonX3を開発するFoveon社を買収し完全子会社化。キヤノン、ソニーに続き、本体、レンズ、撮像素子を自社製とするメーカーとなった。2018年9月、ライカ、パナソニックとの協業である「Lマウントアライアンス」への参画を発表。同時に、既存のSAマウントにおけるカメラ本体の開発終了を告知した。
3750,マイクロ波を利用したシロアリ等の害虫の発見器を開発、販売する{{Citeweb|titleTermatrac|date|urlhttps:www.surekil.com.auindexpage.asp?pagetermatrac_28|accessdate2019-01-06|publisher}}。この分野では世界有数の市場占有率である。日本では2002年よりシロアリ業者や大学等の研究機関で使用されており、木部であれば最大10cm程度、モルタルでは3cm程度まで測定可能{{Citeweb|title非破壊型シロアリ探知機|date|urlhttps:www.shiroari-taiji.comtipscnt01.php|accessdate2019-01-06|publisher}}{{Citeweb|titleターマトラックについて|date|urlhttps:www.kinki-living.comservicewhiteantsecuritytermatrac|accessdate2019-01-06|publisher}}。非破壊検査なので重要文化財に指定されているような建築物の検査にも対応できる。
3750,明治30年代に創業、理学機器などの製造販売を手がける。1926年には国産第1号の反射望遠鏡を製作、京都大学へ納入している。1963年に法人を設立、株式会社西村製作所となる。西村製作所の製品は世界各国の研究施設、公開天文台などで採用実績がある。http:www.nishimura-opt.co.jpabouthistoryindex.html株式会社　西村製作所ウェブサイト　会社情報-会社沿革
3750,映像計測用ハイスピードカメラ、放送用ハイスピードカメラ、視線計測装置アイマークレコーダー（アイトラッキングシステム）など、特殊映像機器の開発・製造を行っているメーカー。また、こうしたメーカーとしての側面のを持ちながら、古くから映画・テレビ産業に深く関わり、映画、CM、PVなどの撮影機材（35mm16mmフィルムカメラ、各種デジタルカメラ、ハイスピードカメラ、レンズ、フィルタ、三脚他）の販売及びレンタル、放送分野ではスポーツ中継用のウルトラスローカメラHi-Motionシリーズの開発・製造、販売、レンタルおよび、ドラマ撮影用のデジタルシネカメラ、レンズのなどの販売、レンタル業務も行なっている。会社設立当初から続く映画・テレビ分野への事業も継続的に行われており、カメラや照明の開発・製造で有名なドイツのアーノルド&リヒターや、レンズメーカーであるドイツのカール・ツァイス、フランスのアンジェニューなどの日本に於ける総代理店となっている。
3750,ファイル:Pcs34560_IMG_2737.JPG|200px|thumb|right|マイナーチェンジを繰り返しつつ40年以上にわたって売れ続け、デファクトスタンダード|事実上の世界標準となっているセコニック製露出計、L398IIスタジオデラックス1951年の成光電機工業創業。以来、写真用露出計を主力商品とし、かつては8mm映写機等も手掛けていた。また光学機器・計測器の技術を活かして光学式マーク認識|OMR・光学文字認識|OCR装置や監視カメラの製造を行っている。1971年に小西六（後のコニカ、現・コニカミノルタ）からの複写機の受託生産を開始して以来、この分野の比重が大きくなっている。かつてはコニカ資本も入っており、実質上コニカの生産子会社であった時期もあるが、コニカミノルタの成立に伴い資本提携を解消した。その後は機械系商社・CBC(企業)|CBC→TCSホールディングス|TCSグループの傘下に入った。
3750,1918年に東京市本所区石原町に発足した渡辺製作所（1948年に法人化し、神田通信工業株式会社として設立）を前身とし、1971年、神田通信工業から独立する形で、'''株式会社ケーイーエス'''として設立。2006年にレカムの傘下に入り、その後、2008年10月、レカム（同日付でレカムホールディングスに改称）との共同新設分割により、一部事業を新設会社のレカム（旧レカムの事業を譲受）に継承した上で、社名を'''株式会社アスモ'''に変更した。2006年からウィルコム向けPHSの製造・開発も手がけていたが、2009年9月30日よりネットインデックス（現・ネクス）に移管された。2013年9月に情報通信機器製造事業を三洋化成製作所へ譲渡、工事・保守サービスに業態を変更。同年10月1日、社名を'''オーパス株式会社'''に変更した。
3750,*1896年に日本初の計器製造会社「和田計器製作所」として圧力計の製作を開始。2016年で創業120年を迎えた。*船舶湾港機器事業では、オートパイロットを主力製品とし国内外で圧倒的なシェアを誇る。ジャイロコンパスの商船での世界シェア6割{{Citeweb|urlhttp:v4.eir-parts.netv4ContentsView.aspx?cattdnet&sid1255490|title東京計器決算説明会資料|accessdate2018-04-15}}。世界でも有数の総合舶用機器メーカー{{Citeweb|urlhttp:v4.eir-parts.netv4ContentsView.aspx?cattdnet&sid1255490|title東京計器決算説明会資料|accessdate2018-04-15}}。*油空圧事業では、国内プラスチック加工機械向けに高シェア。建設現場にて使用するラジオリモコン等の電子機器の開発も行う{{Citeweb|urlhttp:v4.eir-parts.netv4ContentsView.aspx?cattdnet&sid1255490|title東京計器決算説明会資料|accessdate2018-04-15}}。*流体機器事業では、1963年に超音波流量計を世界で初めて実用化。国内上下水道、農業用水市場にてトップシェア{{Citeweb|urlhttp:v4.eir-parts.netv4ContentsView.aspx?cattdnet&sid1255490|title東京計器決算説明会資料|accessdate2018-04-15}}。*防衛・通信機器事業では、防衛省に各種航法装置、電子戦機器を提供。放送用ヘリコプターテレビ中継システム|ヘリコプター中継システムなど民間市場にも展開{{Citeweb|urlhttp:v4.eir-parts.netv4ContentsView.aspx?cattdnet&sid1255490|title東京計器決算説明会資料|accessdate2018-04-15}}。*検品機器、防災機器も提供。また超音波レール探傷車など、鉄道レール保線機器国内トップシェア(東京計器レールテクノ提供){{Citeweb|urlhttp:v4.eir-parts.netv4ContentsView.aspx?cattdnet&sid1255490|title東京計器決算説明会資料|accessdate2018-04-15}}。
3750,戦後、レンズシャッター専門メーカーとして創業。セイコープレシジョン|セイコー、シチズンホールディングス|シチズン、MSK、NKSなど国内のメーカー、海外のコンパー、プロンターなどと争った。倒産、撤退したメーカーも少なくなかったが、トップシェアを達成し、現在まで維持している。また、カメラメーカーと協力して、OEM用フォーカルプレーンシャッターのコパルスクエアを商品化。ユニット化を実現するためには容積を減らす必要があり、製造が困難な縦走りの金属幕を採用した。結果として、故障が少なく、長期間に渡って高精度が維持される優れたシャッターとして評価された（基本設計をおこなったのはエフシー製作所の茶谷薫重）。現在は従来の銀塩カメラ|フィルムカメラ用シャッターだけでなく、デジタルカメラ用シャッターも生産している。また、デジタルカメラの筐体金型、光学部品も設計、生産し、電気メーカーに供給している。シャッターと平行して、8mm映写機、ミニラボ（小規模DPE）、置時計（いわゆる「パタパタ時計」）、電子部品（トリマ、スイッチ、圧力センサなど）などの製造にも進出。電子部品は営業部門をコパル電子（現在の日本電産コパル電子）として独立させるほど成功したが、他の主な製品からは撤退した。富士通と資本提携したことにより、一時期は磁気ディスク製品も生産していたが、これも撤退した。1990年代に入り、不安定な経営状況に陥っていたが、日本電産の傘下に入り、再建を図った。その後、完全子会社化が実施された。現在は、これまでに培った光学、モーター、センサー、精密金型などの基礎技術を応用し、自動車、医療機器、家電、モバイル機器、デジタルカメラなどの分野で、各メーカーに製品を供給している。
3750,*2001年（平成13年）4月2日に株式会社ニコンより望遠鏡事業を分社・独立し株式会社ニコンビジョンを設立。
3750,創業時から理化学、及び医療用ガラス器具の製造・販売を行なってきており、現在もフラスコや瓶|試薬びん等の化学向けのガラス機器や、残留農薬|残留農薬分析器や真空ポンプ等の研究室向け機器、更に電子材料合成装置やピペット|分注器、環境測定機器など、科学に特化した製品の製造、販売を主事業としている。
3750,1975年（昭和50年）に大都商事(株)現ダイトロン|ダイトエレクトロン(株)の電装事業部としてハーネス事業を開始し、1994年（平成6年）にダイトデンソー株式会社として独立。ワイヤーハーネスの製造、販売だけでなく、電子機器・電源機器の開発設計から製造、ハーメチックコネクタの開発設計および製造を行う。
3750,家庭用時計（掛時計、置時計、目覚し時計|めざまし時計）・自動車用時計の製造販売、電子部品・アミューズメント関連機器・映像関連機器・産業用機械の製造販売、装身具|宝飾品の製造販売を行っている。シチズンホールディングスから出資を受ける他、商標のクロスライセンス|相互使用契約を締結しており、国内向けクロック（業界では時計を「ウオッチ」と「クロック」に大別している）に商標「CITIZEN」を使用している。第二次世界大戦後の1946年（昭和21年）に精工舎の南桜井村|南桜井工場を引き継ぎ設立された'''株式会社農村時計製作所'''が1950年（昭和25年）10月で解散。その事業を引き継いで別会社として設立された。農村時計が生産していた時計のブランド「RHYTHM（リズム）」が社名の由来となっている。2014年（平成26年）に国内向け商品で45年振りに「RHYTHM」ブランドを復活させた。
3750,各種医療ガスのほか、酸素濃縮器、パルスオキシメーターなどの医療機器を幅広く生産・販売している。主力製品は医療ガスであり、その配管・設備業務も遂行している。群馬県伊勢崎市と、千葉県白井市に工場を持つ。
3750,赤尾佳泰が群馬県藤岡市大戸町5番地の村岡製麺所跡にて藤工業製作所として創業、2年後の1972年5月20日に藤工業有限会社を法人登記する。その後、藤岡工業団地内に土地を取得し、藤岡市下栗須380-3に拡大移転した。
3750,"|資本金32百万円name\""概要\""|発行済株式総数|売上高|営業利益|経常利益|純利益|純資産|総資産|従業員数140名（2019年1月現在）name\""概要\""|支店舗数|決算期|会計監査人|所有者|主要株主|主要部門|主要子会社|関係する人物|外部リンクhttp:www.sun-con.com|特記事項}}'''株式会社サンコンタクトレンズ'''は、京都市中京区に本社と工場を持つコンタクトレンズメーカー。カスタムメイドのハードレンズを主力商品としておりname\""kyoto2004\""{{citeweb|urlhttp:www.kyoto-keizai.co.jpmoduleswordpressindex.php?p1163|title世界にひとつだけのレンズ|publisher京都経済新聞|date2004-04-19|accessdate2014-07-06}}、コンタクトレンズ#ソフトコンタクトレンズ|使い捨てコンタクトレンズについては「目の生理を無視している」と強く批判しているname\""kyoto2000\""{{citeweb|urlhttp:www.kyoto-keizai.co.jpmoduleswordpressindex.php?p169|titleレンズの汚れ見せつけマス|publisher京都経済新聞|date2000-02-21|accessdate2014-07-06}}。1971年10月設立。1977年、京都府立医科大学より角膜検査機器の開発を依頼された{{citeweb|urlhttp:www.kyoto-np.co.jpkpenterprisewaza070318.php|titleここに技あり京滋の中小企業|publisher京都新聞|date2007-03-18|accessdate2014-07-06}}。1979年、同大学の糸井素一の協力により、角膜の形状を解析・記録する装置を開発したname\""kyoto2004\""。2000年、洗浄しても落ちないハードレンズの汚れを検査する個人用の「みるケアチェッカー」を発売したname\""kyoto2000\""。角膜形状測定装置で角膜を撮影して角膜形状をコンピュータ解析し、眼の形状に合わせたデザインのコンタクトレンズを受注生産する。円錐角膜name\""kyoto2004\""や白内障術後、レーシック術後用の特殊なハードコンタクトレンズにも対応できる技術を有する。2016年、難病スティーヴンス・ジョンソン症候群（ＳＪＳ）及び中毒性表皮壊死症（ＴＥＮ）の眼後遺症用のコンタクトレンズを発売した。{{Citeweb|title難病情報センター{{!}}スティーヴンス・ジョンソン症候群（指定難病３８）|urlhttp:www.nanbyou.or.jpentry4074|websitewww.nanbyou.or.jp|accessdate2019-03-25}}"
3750,ニデックは1971年（昭和46年）7月7日に従業員7名で設立された。創業当初は「目」という分野に絞って事業展開してきたが、近年では「目と身体」というように、「目」とそれ以外の新しい分野に積極的に取り組むことになった。1996年（平成8年）には「目と身体（からだ）」ということで新しいスタートを切ることとなり、「'''Eye&HealthCare'''」を制定して、事業領域の展開を図っている。販売拠点は日本国内のみならず海外へも展開しているにもかかわらず、製造・開発拠点は事務機能を除き、地方都市の愛知県蒲郡市に集中している。なお、輸出比率は60％を超えておりニデックの製品は世界中のドクター、眼鏡店等で見ることができる。有名な機器は「気球の見える機械」こと自動視力測定器（オートレフケラトメーター、ARK-１等）がある。また、眼科専用電子カルテ「NAVIS（ネイビス）」も多くの眼科医で利用されている。
3750,"医療機器|医療事業・科学事業・映像事業の3つの分野で、内視鏡、顕微鏡、デジタルカメラ、録音機|小型録音機などの光学機器、電子機器を製造・販売している。事業分野別にみたオリンパスグループの売上比率は、医療が73.0%、科学が13.6%、映像が11.0%など（2015年3月期group\""広報\""http:www.olympus.co.jpjpirsummarysector5yearindex.jsp投資家情報：分野別売上高（年間5年）オリンパス株式会社）。内視鏡分野では世界シェア75%程度を占めるなど、医療用の光学機器や顕微鏡分野では世界最大手となっている。カメラ部門ではニコン、キヤノンに次ぐ事業規模、ICレコーダーは、かつてのマイクロカセットレコーダー時代からのブランド力があり、日本国外で70%以上・国内でも50%近い高いシェアを占めている。オリンパスの社名は、ギリシャ神話で神々が住む山とされるオリンポス山にちなむ。これは創業時の社名である「高千穂製作所」の由来である高千穂峰が、日本神話において神々が集う山とされているためでgroup\""広報\""http:www.olympus.co.jpjpcorchistoryaboutオリンパスの歩み：VOL.1　社名の由来オリンパス株式会社、顕微鏡などのブランドネームに使用したことに由来している。コーポレートスローガンは「{{en|YourVisionOurFuture.}}」。最大の事業分野である医療事業では、1950年（昭和25年）、胃カメラの試作1号機の製品化に初めて成功した。オリンパスの医療事業は、2004年（平成16年）に分社化されたオリンパスメディカルシステムズを中心とする医療事業グループ各社に大部分が移管されていたが、2015年（平成27年）にオリンパスメディカルシステムズの主要事業を会社分割によりオリンパス本体に戻し、再び集約している。2011年に、過去十数年にわたる巨額の損失隠しが発覚しname\""facta201108\""http:facta.co.jparticle201108021002.htmlオリンパス「無謀M&A」巨額損失の怪零細企業3社の買収に700億円も投じて減損処理。連結自己資本が吹っ飛びかねない菊川体制の仮面を剥ぐ。月刊FACTA2011年8月号COVERSTORY、日本における企業統治（コーポレート・ガバナンス）の不備についての問題も含めて世界中で大々的に報道された。"
3750,鉄道シミュレータ、航空用電波事業、パーキングシステム事業を行っている。三菱電機グループの企業で、三菱グループ#主要会社|三菱広報委員会の会員会社であるhttp:www.mitsubishi.commpacjcompanies三菱広報委員会-会員会社紹介。
3750,"モバイルクリエイトは、2002年の設立以来、タクシー関連機器の製造・販売や、沖縄本島内の路線バスの総合案内サイトバスなび沖縄の運営などを行い、2016年には、後工程向け半導体製造装置メーカーである石井工作研究所を連結子会社化した。モバイルクリエイトと石井工作研究所は2018年6月1日に、同年7月2日付で両社の共同株式移転方式によって、FIG株式会社を設立することを発表name\""mobi20180601\""http:file.swcms.netfilemcincjairnewsauto_20180601455000pdfFile.pdf「ＦＩＧ株式会社」の新規上場承認に関するお知らせモバイルクリエイト・石井工作研究所2018年6月1日。2018年7月2日付で持株会社となるFIG株式会社を設立し、モバイルクリエイトと石井工作製作所はFIGの完全子会社となった。"
3750,それまで首都圏(日本)|首都圏のJR東日本および旧日本国有鉄道の機械区に属した出改札機の設置工事・保守部門を分社化する形で1992年（平成4年）に設立され、その後の取扱エリア拡大に伴い東北地方・信越地方にも支店等の拠点を開設している。その後他社IC乗車券をサポートするため、札幌市|札幌、福岡市|福岡等、地方主要都市にも展開している。初代社長は現在JR東日本相談役の松田昌士であり、当時JR東日本の取締役副社長と兼任した。また、JR東日本の東日本旅客鉄道秋田支社|秋田・（初代）東日本旅客鉄道横浜支社|横浜支社長などを歴任した植田哲也が1998年（平成10年）から2006年（平成18年）まで、東日本旅客鉄道千葉支社|千葉・東日本旅客鉄道仙台支社|仙台支社長を歴任した鈴木俊一が2013年（平成25年）まで社長を務めた。現在の社長は、元JR東日本IT・Suica事業本部副本部長兼企画部長で、Suicaの開発に関わった椎橋章夫である。*なお、JREMと同じくJR東日本グループのシステムインテグレータであるJR東日本情報システム(JEIS)は、広範囲にソフトウェアの開発や運用を全面的に担うが、JREMは出改札機器とSuica関係に特化して、主にハード面を担う企業である。以前は、現在と同じ読みの「ジェイアール東日本メカトロニクス株式会社」という商号であったが、2012年（平成24年）4月1日にJR東日本のグループ内での事業の再編成により東日本トランスポーテック|東日本トランスポーテック株式会社、東北交通機械|東北交通機械株式会社、東日本旅客鉄道新潟支社#新潟交通機械|新潟交通機械株式会社の3社の機械設備（ホームドア、エレベーター|昇降機、消雪パイプ|消融雪装置等）部門に係わる事業がJREMに移管され、この再編に合わせ商号を'''JR東日本メカトロニクス株式会社'''に変更した{{PDFlink|http:www.jreast.co.jppress201120120221.pdfJR東日本グループ事業の再編成について-JR東日本2012年2月28日}}。
3750,手術用の針|縫合針、リーマ、ファイル_(歯科)|ファイルなどを手がけ、業界シェアを90%近く占める。殆どの商品は針金が原材料であり、売価の材料比率はわずか1%である。2008年度の営業利益率40%は任天堂の37%を上回る。
3750,1939年に、並木精密宝石が創業。創業当時の製品は、電気メーターの軸受宝石だった。1960年代に時計用の軸受宝石を製造販売開始した時に、当時の商習慣であった系列制度のため、（販売先の棲み分けのため）1957年に並木精密宝石からアダマンド商事が分離独立。その後、並木精密宝石は、工業用宝石部品、ＤＣコアレスモーター、医療機器を中心に事業を展開。一方アダマンド商事（1959年にアダマンド工業株式会社、2014年にアダマンド株式会社に商号変更）は、光通信部品を中心に事業展開を行ったが、2017年に、工業用宝石屋としてのお互いのスペシャリティを統合によって更に伸ばしていくという考えのもと、合併の合意・承認がなされ、2018年1月1日に、並木精密宝石を存続会社として、”アダマンド並木精密宝石株式会社”　が誕生した。
3750,rlhttps:www.elephantech.co.jpabout#about_info|accessdate2019-04-10}}|発行済株式総数|売上高|営業利益|経常利益|純利益|純資産|総資産|従業員数24名（2019年3月現在）|支店舗数|決算期|主要株主|主要子会社|関係する人物|外部リンクhttps:www.elephantech.co.jpエレファンテック株式会社|特記事項}}'''エレファンテック株式会社'''（旧:AgIC）は、東京都中央区(東京都)|中央区に本社および工場を置く、プリンテッド・エレクトロニクス技術を手がけるスタートアップ企業{{Citeweb|titleエレファンテック株式会社会社概要|publisherエレファンテック|date2017-09-05|urlhttps:www.elephantech.co.jpabout|accessdate2018-02-04}}。独自の製造方法で、フレキシブルプリント基板|フレキシブル基板を製造および販売をしている。
3750,"1993年にマイクロ波応用製品の研究{{Citeweb|urlhttp:www.rfsystemlab.comcompanyhistorycompany_his.html|title会社の歩み|workアールエフ年表|publisherアールエフ|language日本語|accessdate2013-02-19}}と世界最小のCCDイメージセンサ|CCDカメラの開発name\""asahi20030205\""{{citenews|newspaper朝日新聞（長野1）|date2003-02-05|page27|title売る技術も教えます「飲む胃カメラ」成功で長野のメーカー長野|language日本語}}-聞蔵IIビジュアルにて2013年1月20日閲覧。を目的として、代表取締役の丸山次郎とその妻の2名により'''アールエフシステム研究所'''として創業name\""asahi20050614\""{{citenews|newspaper朝日新聞（長野全県、2地方）|date2005-06-14|page34|titleアールエフ苦痛なくすカプセル内視鏡長野県（ものづくり人づくり企業探検）|language日本語}}-聞蔵IIビジュアルにて2013年1月20日閲覧。。1998年に株式会社アールエフを設立name\""asahi20050614\""。創業当初は放送用の小型無線カメラを主力としていたがname\""jnet21\""、日系アメリカ人|日系米国人歯科医師|歯科医の要望によりname\""jnet21\""1997年に開発した世界初name\""chusho\""{{Citeweb|year2009|urlhttp:www.chusho.meti.go.jpkeieisapoinmono2009pdfinnovationnagano.pdf|titleCCD技術で医療・工業界を変革する研究開発型メーカー株式会社アールエフ|formatPDF|work元気なモノ作り中小企業300社2009|publisher中小企業庁|page1|language日本語|accessdate2013-02-19}}のワイヤレス口腔内カメラが現地でヒットしたことを皮切りに、デジタルX線撮影|X線センサーやカプセル内視鏡などの医療用機器を主力とするようになったname\""jnet21\""。そのほか工業用X線センサーや工業用内視鏡も手がけているname\""chusho\""。CCDカメラの関連技術に強みを持つname\""nikkei20100623\""{{citenews|newspaper日本経済新聞（朝刊）|date2010-06-23|page14|titleデジタルX線撮影装置、アールエフ、中国で販売—伊藤忠と協力、需要を開拓|language日本語}}-日経テレコンにて2013年1月20日閲覧。。歯科医向けの口腔内カメラでは世界市場占有率|シェア8割name\""nikkei20100623\""name\""nikkei20030120\""{{citenews|newspaper日本経済新聞（朝刊）|date2003-01-20|page20|title内視鏡開発のアールエフ、医療機器分野の起業家を育成—大学院大学設立へ|language日本語}}-日経テレコンにて2013年1月20日閲覧。、デジタルX線センサーでは国内シェア6割を占めているname\""nikkei20100623\""。ワイヤレス口腔内カメラ自体の日本国内での普及率は2割程度だが、その中でのアールエフのシェアは9割近いとされるname\""asahi20050614\""。社名の\""RF\""は、「無線」を意味する\"":en:Radiofrequency|'''R'''adio'''F'''requency\""の頭文字が由来である\""RadioFrequency\""の本来の意味は「高周波」である。{{Citeweb|urlhttp:www.rfsystemlab.comrecruitprofile.html|titleアールエフについて|work採用情報|publisherアールエフ|language日本語|accessdate2013-02-19|quote無線という意味のRadioFrequency（ラジオフリークエンシー）}}。2005年を目処に医療機器分野の起業家を育成する大学院大学（先端医療機器大学院大学{{Citeweb|urlhttp:www.rfsystemlab.comrecruitspRecruit_faqRecruit_faq2.html#q11|titleQ11:「先端医療機器大学院大学」って?|work採用情報長野生まれのアールエフ!に関する30の質問+WEB20|publisherアールエフ|language日本語|accessdate2013-02-19}}）の設立name\""asahi20030205\""name\""nikkei20030120\""、及び東証マザーズに上場予定と報じられていたname\""asahi20050614\""がその後の動向は不明である。自社製品、純国産を謳っているが国内生産は組み立てのみで、各部品は一部の重要パーツを除きほぼ中国製部品を使用し組み立てている。そこから圧倒的な低価格を実現している。"
3750,2000年（平成12年）に創業された精密機械メーカーである。創業以来、「安心と信頼」および「品質は経営の基盤」の2つを重要な要素と考え、常に高品質かつ安全・安心な製品をつくることを心がけ、ファクトリーオートメーション|FA用製品を中心に製品を開発・販売し続けている。2004年（平成16年）4月1日には、東京都内に出張所（現：東京営業所）を開設させ、その2か月後にはテクノステージ和泉に存在する現在の所在地に本社を移転させた。手がけている業務はそのほとんどがOEMである。なお、東京都千代田区に存在するコンテンツメーカーの株式会社姫屋ソフトがシーズウェア|同名のブランドを扱っているが、無関係である。
3750,細http:www.vtec.co.jpcorporateoutline.html}}'''株式会社ブイ・テクノロジー'''（{{Lang-en-short|''VTechnologyCo.Ltd.''}}）は、神奈川県横浜市保土ケ谷区に本社を置く精密機器メーカーである。主に1.フラットパネルディスプレイ用、製造装置、検査装置、測定装置、観察装置及び修正装置の開発・製造・販売・サービスならびに、2.太陽電池・LED向け装置の開発・販売を行っている。近年はスマートフォン用パネルの性能向上に貢献する「http:www.vtec.co.jpproductp_01aegis-pi.html光配向露光装置」の開発にも力を入れている。
3750,"ガラス反射鏡およびフライアイレンズを主力事業としているが近年では機能性薄膜の分野に進出しようとしている。岡本硝子は時代時代の特殊硝子の市場トレンドの波を上手く乗りこなしてここまで来ている。古くは船舶用照明灯から自動車のヘッドランプ、電子レンジの防爆用ガラスなど。近年では投影プロジェクタ用反射鏡やフライアイレンズ、偏光#偏光子|ガラス偏光子など。2014年8月からフライアイレンズの蒸着をフィリピンに委託。ガラスフリットにも進出。集光型太陽電池用光学系ガラスなどにも取り組んでいる。特殊光学フィルターも製造。現在、全社的に内製化率を高める方向へ進んでいる。歯科治療で使用する治療用ライトの反射鏡の分野では世界シェア80%を誇るname\""hikaishirenmei\""https:www.facebook.comJapanDentalFederationposts412733445511502歯科医師連盟。また、東京都と千葉県の中小企業と大学、海洋研究開発機構による無人深海探査装置「江戸っ子1号」の開発プロジェクトに参加し、2015年2月からは当社が幹事会社となる形で事業化グループを結成http:www.ogc-jp.compdfogc-jp-150216.pdf江戸っ子1号事業化グループの発足について-岡本硝子プレスリリース（2015年2月16日）。、同年3月に事業化後最初の製品を海洋研究開発機構に納入したhttp:www.ogc-jp.comtopics5.html江戸っ子1号初出荷−事業化グループ結成の成果−-岡本硝子（2015年4月1日）。"
3750,1972年（昭和47年）に朝日ミニロープ工業所として創業。産業用の極細ワイヤーロープのほかガイドワイヤーやカテーテルの製造・販売を行っている。中でも血管内治療用ガイドワイヤーは国内トップシェアを誇る{{Citeweb|urlhttp:job.mynavi.jp14pcsearchcorp91833outline.html|title朝日インテック(株)|publisherマイナビ|accessdate2013-10-03}}。2017年3月1日、名古屋出身女子プロゴルファーの服部真夕とスポンサー契約を締結している{{Citeweb|date2017-03-01|urlhttp:asahi.irbridge.comjaPressReleasePressRelease-3018813510159492751main00teaserItems10linkList0link20170301170.pdf|titleアスリートスポンサー契約締結のお知らせ|formatPDF|publisher朝日インテック株式会社|accessdate2017-04-17}}。
3750,"「日本のコンタクトレンズの父」と呼ばれた眼科学|眼科医である水谷豊(医師)|水谷豊が、1958年に合名会社日本コンタクトレンズ研究所として創業。1964年に株式会社へ改組。日本におけるコンタクトレンズメーカーのパイオニアとして、酸素透過性レンズ、円錐角膜用や角膜移植後の角膜不正乱視向けハードコンタクトレンズ、遠近両用ハードコンタクトレンズなどの製品を開発し、ニチコンブランドは高い知名度を有したname\""tsr20161116\""。1996年2月期には約38億7000万円の売り上げを記録したが、その後は国内外の同業他社が台頭し、さらに使い捨て型ソフトコンタクトレンズが登場。当社は使い捨てコンタクトレンズ市場で他社に出遅れを取ったと同時にname\""asahi\""https:www.asahi.comarticlesASL524HSPL52OIPE00S.html「ニチコン」が破産へ　国内コンタクトレンズの草分け朝日新聞デジタル2018年5月2日、シェアを他社に奪われた上に業績は悪化。再建策として2013年11月に同業のアイミー株式会社を買収したが業績回復には至らず、2016年2月期の売り上げは約20億700万円までに低下したと同時に赤字に転落name\""tsr20161116\""name\""tdb20180502\""http:www.tdb.co.jptosansyosai4456.html倒産・動向速報記事株式会社日本コンタクトレンズなど2社帝国データバンク2018年5月2日name\""nikkei201820180503\""https:www.nikkei.comarticleDGXMZO30122380T00C18A5CN8000日本コンタクトレンズ、民事再生手続きの廃止申請日本経済新聞2018年5月3日。このため、2016年11月15日に関連会社である株式会社日本コンタクトレンズ株式会社（東京本社）とともに、名古屋地方裁判所へ民事再生法適用を申請し、同年11月29日に民事再生手続開始決定を受けたname\""nichikon20161129\""http:www.nipponcl.co.jpimagenews_161130.pdf再生手続開始決定のお知らせ日本コンタクトレンズ2016年11月29日。2018年3月23日に名古屋地方裁判所から再生計画認可決定を受けたがname\""nichikon20100323\""http:www.nipponcl.co.jpimagenews_180406.pdf再生計画案可決および再生計画認可決定のご報告日本コンタクトレンズ2018年4月6日、スポンサー契約の条件を満たせなかったことから、日本コンタクトレンズと日本コンタクトレンズ（東京本社）は、同年5月1日に名古屋地方裁判所に民事再生手続廃止を申請したと同時に事業停止し、従業員は全員解雇されたname\""tsr20180507\""name\""asahi\""name\""tdb20180502\""name\""nikkei201820180503\""。そして同年5月30日に名古屋地方裁判所から破産手続開始決定を受けたname\""netib\""name\""nikkei201820180612\""https:www.nikkei.comarticleDGXMZO31666670S8A610C1L91000日本コンタクトレンズ、破産手続きの開始決定日本経済新聞2018年6月12日name\""sankei20180612\""https:www.sankei.comwestnews180612wst1806120082-n1.htmlニチコン破産手続き開始　コンタクトレンズメーカー産経WEST　2018年6月12日。なお、当社がが製造・販売していた製品の製造販売承認の権利は破産管財人からアイミーへ譲渡されたhttp:www.aime.jpnews180723.html「ニチコンEX-UV」販売開始のご案内アイミー2018年7月23日。当社が製造を受託していたアイミーの一部製品の供給にも影響が出てきておりhttp:www.aime.jpnews180508.html「アイミーコンタクトレンズ」をご利用のお客様へアイミー2018年5月8日、販売を終了した製品もある。アイミーは日本コンタクトレンズに代わる新たな製造元を探すとしているhttp:www.aime.jpnews180801.htmlアイミーコンベンショナルレンズの今後の販売体制に関するご案内アイミー2018年8月1日。"
3750,半導体洗浄装置を主力商品としていた。2005年に分社エスペックICF（株）→エスペックセミテクノロジ（株）に商号変更。したうえでエスペックに売却したが、同社が2年後の2007年に解散したことから改めて同事業に参入していた。しかし2008年の世界同時不況で、顧客である半導体メーカーが投資を抑制したことから業績が悪化、2009年5月25日に破産となった。http:www.kyoto-np.co.jparticle.php?midP2009010700162&genreB1&areaK00アイシーエフが自己破産申請へ負債額12億5000万円-京都新聞（2009年1月7日付、同年7月1日閲覧）プローブカード事業も手がけていたが、すでに売却されている。
3750,JR西日本グループの設備・システムの企画・開発、新設工事、稼働開始後のメンテナンスおよび駅集中管理システム（改札口コールシステム）導各駅の監視などを行う。ワンマンカー|ワンマンICOCAの試験や仮想駅でロボットによる異常早期発見なども行なっている。省エネ診断や熱源機器新設、エスカレータリニューアルもしている。社内に教育センターがある。
3750,元々はKFEJAPAN株式会社のデジタル家電、光学機器商品のブランド名として使われていたが、2007年5月にデジタルアプライアンス事業部となり分社化への準備を行い、同年10月1日付けで分社・独立した。2008年9月、日本国内でのヤシカブランドの使用権を、香港企業のJNCデイタム・テック・インターナショナル社より取得。2009年3月下旬をめどに、フリービット株式会社がKFEJAPANの保有するエグゼモード株式の一部譲渡を受けて資本・業務提携を行うこと、ならびにフリービットより取締役がエグゼモードへ派遣される計画があることが報道された。また将来フリービットの連結子会社化の可能性も報道されたhttp:v.japan.cnet.comnewsarticlestory020000675482038774100.htm「フリービット、エグゼモードと資本・業務提携」VENTUREVIEW2009年2月5日。2009年9月、フリービット株式会社がエグゼモードの全株式をKFEJAPAN株式会社から取得し、9月30日付でフリービットの完全子会社となるhttp:www.freebit.compresspr200920090929_01.htmlフリービット、デジタル家電メーカーエグゼモードを完全子会社化フリービット株式会社プレスリリース　2009年9月29日。2011年4月、営業本部長だった小沼卓見が代表取締役に交代就任すると同時にhttp:megalodon.jp2011-0906-1612-22www.exemode.compress20110420_change.html代表取締役交代のお知らせプレスリリース2011年4月20日、6月までにエグゼモード単体による製品開発と販売事業から撤退し、中国ブランド「aigo」との協業にシフトすると発表http:dc.watch.impress.co.jpdocsnews20110421_441244.htmlエグゼモード、中国「aigo」製品の国内総代理権を取得デジカメWatch2011年4月21日。これに伴いヤシカ、アグファフォト・ホールディング|アグファ・フォトの販売も終了。2012年8月1日、同じくフリービットの完全子会社である株式会社ドリーム・トレイン・インターネットに吸収合併され解散。現在は、同社のエグゼモード事業部となっている。
3750,1906年11月に山中卯八が28歳で開業した。数々の医療機器を製造、販売する。
3750,日本初の腕時計、世界初のクォーツ時計|クオーツウオッチを製品化し、現在も時計関連で著名な企業である。近代オリンピック|オリンピックなどの世界大会などで公式スポンサー、オフィシャルタイマーとしてたびたび参加している。日本テレビ放送網|日本テレビ開局日の1953年（昭和28年）8月28日に前身会社である当時の精工舎が日本最初のテレビコマーシャルメッセージ|CMである正午の時報を放映させた。戦前・戦後から後楽園球場（1937年（昭和12年）-1987年（昭和62年））、東京ドーム（1988年（昭和63年）-）、明治神宮野球場（1980年（昭和55年）-）と球場のスポンサーになったのを日切りに、スポーツ競技場のタイマーも製作している。創業以来継続的に、スポーツイベントに計時支援を行っている。世界的に計時支援は、共同出資の別会社に自社ブランドの看板をもたせて支援させる方式（スイス時計メーカー出資のスイスタイミング社など）が普及しているが、セイコーはグループ内の部署に支援させて技術開発も行うスタイルを維持している。ちなみに、同社グループの広告・カタログに掲載される時計が示す時刻は、アナログ式が10時8分42秒、デジタル式が10時8分59秒を基準としている。
3750,"革|publisherアイカ工業|accessdate2015-08-28}}。*1943年（昭和18年）2月-愛知航空機株式会社として航空機製造部門が分離（現・愛知機械工業）{{Citeweb|urlhttp:www.aichikikai.co.jpcompanyhistoryindex.html|title愛知機械工業沿革|publisher愛知機械工業|accessdate2014年11月23日}}。*1949年（昭和24年）6月-企業再建整備法に基づき、第二会社の新愛知時計電機株式会社として設立。同年12月、名古屋証券取引所市場第一部に株式を上場name\""EDINET\""。*1952年（昭和27年）7月-旧会社の愛知時計電機株式会社を合併(企業)|吸収合併。同年12月、愛知時計電機株式会社に商号を変更name\""EDINET\""。*1961年（昭和36年）10月-東京証券取引所市場第一部に株式を上場name\""EDINET\""。*2015年（平成27年）10月-子会社のアイレックス株式会社（リコーエレメックスとの合弁会社{{Citeweb|urlhttp:www.ricohelemex.co.jpinfo110714.html|title合弁会社設立に関するお知らせ|publisherリコーエレメックス|date2011-7-14|accessdate2016-7-24}}）を吸収合併{{Citeweb|date2015-05-19|urlhttp:www.aichitokei.co.jpirdisclosepdf150519_02.pdf|title連結子会社の吸収合併（簡易合併・略式合併）に関する基本合意のお知らせ|formatPDF|publisherEDINET|accessdate2015-08-28}}。"
3750,「シチズン」（{{Lang|en|CITIZEN}}）ブランドの時計で知られる他、工作機械の分野でもスイス式自動旋盤を中心とする「シンコム」（{{Lang|en|Cincom}}）ブランドで名高い。かつては腕時計の機械体（ムーブメント）の生産量世界第1位（グループ）を誇り、国内最大手。世界シェアの3割以上を持つ。新宿区西新宿の新宿三井ビルに本社を置いていたが、2001年（平成13年）に現在地に移転している。工場は本社のある東京都西東京市（東京事業所）と、埼玉県所沢市（所沢事業所）にある。2005年（平成17年）の会社設立75年を記念して、新しくスローガンとして'''「CITIZENMicroHumanTech（マイクロ・ヒューマンテック）もっと小さく、すごくわくわく。」'''を掲げた。これは、「マイクロ、それは私たちのドメインです」「ヒューマン、それは私たちの理念です」「テクノロジー、それは私たちの基盤です」という会社の3つの理念を形にしていこうという考えから付けられたものである。また、日本人及び在日外国人の中から、無名ながらも社会的に貢献した市民を一年単位で称える'''シチズン・オブ・ザ・イヤー'''を設立。ちなみに、同社グループの広告・カタログに掲載される時計が示す時刻は、アナログ式が10時9分35秒、デジタル式が12時38分27秒を基準としている。
3750,田中恭一（現会長）が独学で研究し、1951年日本初の角膜コンタクトレンズの実用化に成功した事が始まりである。以後人間用のコンタクトレンズの研究・開発・発売を始め、犬用眼内レンズ等の発売も行う。社名の由来は、「'''目にコン'''タクトレンズ」から。2000年には遠近両用コンタクトレンズを発売、2001年には月会費制システム「'''メルスプラン'''」を開始した。文化事業にも積極的に関っており、スポーツ・文化支援活動の一環として、日本クラブユースサッカー東西対抗戦（U-15）「日本クラブユースサッカー選手権(U-15)大会#メニコンカップクラブユース東西対抗戦|メニコンカップ」や「メニコンスーパーコンサート」等への特別協賛を継続している。
3750,"KDDI総合研究所(旧名称:KDDI研究所|KDD研究所）の光ファイバー関連の研究グループが、それまでの技術を生かし、光ファイバーの製造、光学機器の製造業に参入するため、2000年1月に設立された。所在地は、埼玉県ふじみ野市の同研究所内。ファイバーラボは設立時当初は、KDDIの子会社としてスタートしたがその後の増資により親会社、子会社の関係ではなくなっている。ファイバーラボの事業特色は、特殊な光ファイバー|光ファイバの製造技術を有している点があげられる。一般的な光ファイバは石英ガラスを原料とするが、同社ではふっ素化合物を原料とした「ふっ化物光ファイバ」の製造を行っている世界でも類をみない\""ふっ化物光ファイバ\""のメーカである。同社では、単にふっ化物光ファイバの製造のみを行っているのではなく、同ファイバの特性を生かした光増幅器|光アンプ、レーザなどの光源類などの開発・製造・販売を行っており、中でもＯバンド（１．３μm帯）対応の光ファイバーアンプ（PDFA)の製造技術を有しいるのは世界でもファイバーラボの１社のみである。"
3750,業情報｜テルモ|urlhttps:www.terumo.co.jpaboutprofile|websitewww.terumo.co.jp|accessdate2019-04-08}}
3750,インテリア用の壁紙を中心に、アルバムや台紙、その他ホルダーや手帳、見本帳、証書入れなどの事務用品やノベルティなどを製造している。主に紙に類する製品や、紙の応用による製品の取り扱いが多く、またオフィス向けの事務製品も多数を占めている。近年では、紙類製品の製造販売の他、業務用の大型シュレッダーや飲料容器処理機（ペットボトル、缶、紙容器いずれも）などの業務用機器の開発に加え、同社が特許を取得し、漆喰のひび割れを抑止させ質感を保持しつつ、多目的汎用シートとしての役割を持つ「イーシックイ」などのアイデア製品などの販売も多い。
3750,2000年2月9日に石山健三によって有限会社ケンエレファント設立。2002年2月に株式会社へ。社名の由来は代表取締役の名前「健三(けんぞう)」の「三(ぞう)」の部分を「象(ぞう)Elephant」にもじったもの。
3750,|資本金3億3500万円|発行済株式総数|売上高21億1500万円（平成21年3月期）|営業利益|純利益|純資産|総資産|従業員数178人|決算期3月31日|主要株主東洋紙業株式会社|主要子会社|関係する人物|外部リンクhttp:www.tds-s.co.jpindex.html|特記事項}}'''株式会社ティーディーエス'''（TDS）は、東住吉区|大阪市東住吉区に本社を置くオフセット印刷用製版、印刷物の企画制作・デザイン、印刷事業を行う企業である。
3750,三省堂の印刷所を引き継ぎ、辞書の製造を中心として事業を展開。実際、当初から、辞書の組版、印刷、製本の一貫生産をおこなう。近年は並製本の製本もおこなうようになったため、一部の一般書も一貫生産が可能となっている。印刷・製本業界は分業体制が確立されており、このような一貫生産は珍しい。また、社外からの受注もおこなっており、日本聖書協会の発行する聖書の印刷のほとんどと製本の一部を受注している。そのほか、学習参考書や、秋田書店のマンガ雑誌、大学や自治体からの受注もある。また、三省堂書店の子会社である創英社（直接の資本関係はない）からの受注もある。近年のオフセット輪転機は高性能になり、技術者の運用次第で辞書や聖書で用いられる薄いインディア紙にも印刷できるため、ほとんど万能といえるのだが、製本設備はそうもいかないため、それぞれ別の設備が必要となる。だが、本来、得意としている上製本で作られる書籍は限られており、社外からのそれの受注は聖書と一部の他社辞書などに限られている。逆にいえば、辞書や聖書のような上製本が製本できる製本所はそう多くない。なお、大辞林の物理的な厚みは、製本設備の上限に達しているため、単純にページ数を増やすことはできない。そのため、二版の机上版から二分冊とせざるを得なくなっている。上製本の製本設備は限られていることから、広辞苑も同じジレンマに陥っており、大辞林の後を追うように六版の机上版を二分冊とした。
