3550,日本国内の大手電線メーカー3社（古河電気工業|古河電工・住友電気工業|住友電工・フジクラ|藤倉電線）が設立母体となっている。のちに、産業再生機構（解散）の下で独立系投資会社・ロングリーチグループの支援を受けていたが、2008年7月に日本電気|NECと住友電気工業|住友電工の2社による共同買収（NEC：住電3：1）により、住友グループ主導で再出発した。なお、沖縄県浦添市に本社を置く株式会社オーシーシーとは無関係である。
3550,1980年9月に総社市に朝日アルミ産業を新設。
3550,1945年エドウィン・ローテンベルガー({{de|EdwinRothenberger}})が創業。1949年会社を設立する。グループ本部はドイツにあり、従業員数1500人、30ヶ国にあるグループ企業で、毎年2800万以上の工具を生産・販売している。世界の配管機器・工具（パイプツール、衛生用品、暖房、空気調節、ガスと環境工学機器）のリーディングカンパニーである。ドイツ・スペイン・アメリカ・フランス・アイルランド・バルトなど世界に14ヶ所の生産工場がある。鋼管・銅管・樹脂管の配管施工用工具・機器・メンテナンス工具及び検査機器全てが揃っており、60ヶ国以上に輸出している。アメリカのRIDGIDと肩を並べる配管に関する総合巨大メーカーである。
3550,ダイト工業は1949年（昭和24年）3月7日、澤田荒祐が終戦まで経営していた東海鉄鋼所の跡地に大阪トタン株式会社の名称のもとに、亜鉛鉄板の生産を目的として設立された。その後、1959年（昭和34年）には製品がまだ一般化していなかった着色亜鉛鉄板の生産を開始してメッキ専業より脱し、続いて1964年（昭和39年）には着色亜鉛鉄板の成型加工に取組み「スパンドレル」の生産を開始、さらに同年末には「プリント鋼板」の開発に成功した。1985年（昭和60年）1月、旧成型工場にホットプレスその他付属設備（ベンダー、シャー等）を設置し「断熱サンドイッチパネル」の生産を開始した。
3550,ublisher株式会社丸上製作所|language日本語|accessdate2014年10月1日}}。
3550,''プラスチック柄のドライバー'''SUNFLAGブランドで1952年生産を開始。ドライバーやドライバービットに関して'''数多くの工業所有権を出願・登録'''している。'''ドライバーの品揃えは豊富'''で充実したものになっている。商品名『テーパースリムエックスビット』『スーパースリムトーションビット』では、センターのトーションゾーンをねじれさせる事によりビット先端部の負荷を低減させる事に成功している。売上比率は、利器工匠卸し40%、DIY卸し35%、輸出15%となっている『生活産業企業年鑑生産編2010』株式会社家庭日用品新聞社。
3550,MITOLOYブランドとして作業工具類を一貫ラインにて製造し、日本国内はもとより日本国外に向けて広く販売している。また、排水処理施設に関する設計・施工・メンテナンスを行っている。
3550,スリーピークス技研は、昭和15年に工作機械の製作や部品メーカとして創業する。昭和40年にペンチ製造部門を設立して、昭和42年にJIS認可工場となる。創業時の社風である「職人技」は、自動化された現在も仕上げ工程で受け継がれている。ペンチ類は、刃付け職人が1丁ずつ刃を研ぎ試し切りをしている。3ピークスの由来は、優れた製品(Product)・顧客立場の思考(Pleasure)・人間的な成長(Personality)の頭文字3つのPである。ペンチ類のラインナップは、20種類以上もあるペンチ類専門メーカである。1986年に発売された「パワーペンチ」はJISにこだわらず、より切れ味の良いペンチを開発する為に刃が支点間際まで近づけられている偏芯テコの原理により、JIS品を遥かに越える切断力を得る事が出来る。この技術は、ニッパー|ニッパにおいても採用されている。
3550,工業製品に使われる各種ネジの製造・販売を中心に事業を展開している。
3550,岐阜県瑞穂市に本拠を置くグレーチングメーカーである。国内で初めて60kg鋼以上の高張力鋼（ハイテン鋼）を主部材に使用して、軽量グレーチングを製造したメーカーである。また、溶融亜鉛めっき工場を併設しており開発・設計から製造、表面処理まで一貫して自社で行っている。製造工場の設備強化などによりグレーチング以外にも太陽光発電パネル架台や鋼管杭など各種鋼製品の製造もしている。カラフルな景観グレーチングをはじめ、側溝を暗渠化する暗渠化蓋、鋼製排水溝、農業用水路かさ上げ鋼製擁壁など、現場の課題解決をはかるオリジナル製品が豊富である。イメージキャラクター「エコトラくん」は松下進がデザインした。
3550,鋼|平鋼に特殊な技術でねじり加工を加えた「ねじり平鋼」を取り扱う会社。特に杭基礎の分野では、製品が日本全国に広く流通している。社名の「スパイラル」は、ねじり加工をした平鋼が螺旋状の形になることに由来している。ねじり技術に関する特許を多数所有している。
3550,　{{節stub}}*各種工具穴あけ製造メーカーであり、近年では「デルタゴンビット」・「ポリクック・システム」の新商品を開発した。
3550,旧松下電器（パナソニック）や三洋電機といった大手家電メーカーの下請け工場として成長。その後、大手家電メーカーの生産拠点が国外へ移るなどのため受注が低迷するも、シート溶着機械メーカーからの事業譲渡、熱風機や魚体処理機の販売・メンテナンス、ダブルミキサー混練機の開発などで事業を拡大。下請けからの脱却を目指して「あっぱれ！　ＥＶプロジェクト」を立ち上げ、漆や竹、籐などを使った和風の電気自動車「Meguru」を製作する。
3550,アネックス（''Anex''）ブランドのドライバー(工具)|ドライバー専門メーカーとして知られる。素材から社内一貫生産を行なっている。創業当初は木製の柄の付いたマイナスドライバーより始まり、その後日本の高度成長期にミシンや農業機械の付属用ドライバーとして量産化に成功して拡大成長した。当時は'''クローバー'''（''CLOVER''）ブランドとして、工具メーカーというより下請けメーカーのイメージが強かった。二代目の現社長は学生時代に光風会に所属する画家に学ぶほどの芸術（絵画）好きで、そのデザインへのこだわりが現在のアネックスブランドを誕生させ、海外の有名ブランドPBスイスツールズやウェラのドライバーに並ぶ高級ドライバーへと成長させた。現在そのノウハウを六角棒レンチ・ハンマーにも生かし商品の拡大を図っている。商品開発は、'''社長自らがラフデザインを行ない'''デザイン事務所と商品コンセプトを決め、社内プロジェクトを立ち上げている。その成果は高級ブランドの確立と社内人材育成、2013年までグッドデザイン賞認定の29年連続取得となっている。創業当時のブランド名CLOVER（クローバー:商標登録ユキクローバー）は、中小企業は雑草のごとく踏みつけられてもたくましく根強く繁るようにとの思いが込められていた。ANEX（アネックス）ブランドは、1985年頃にKANEKOを活かし現社長が誕生させた。ACTION・NICE・EXCELLENT「行動しよう、よりよく、より素晴らしく」の思いが込められている。販売ルートが金物屋からホームセンターに変化するとともにラチェットドライバーや電動工具用の高機能ビットの開発に力を入れ、現在では「ドライバー(工具)|ドライバー」と「ビット」の生産本数がほぼ半々になっている『工具の本Vol.7』学研パブリッシング、2014年、102、103頁。。
3550,1881年（明治14年）創業の自動車用小型ばねメーカーでばねのほか、電子関連部品やクイックコネクター、介護用品などの製造も行っている。中でもホースクランプは国内トップシェアを誇る。また、平成19年度の愛知ブランド企業に認定されている。
3550,*本社所在地-新潟県西蒲原郡弥彦村大戸635-5*代表者-歌代秀和（代表取締役）*資本金-40百万円*従業員数-72人
3550,*社名・株式会社関根製作所*創業・1967年4月*資本金・2000万円*従業員・56名*代表取締役社長・関根丈紀
3550,"前身は戦中に中島飛行機（現　富士重工業）の下請けアルミ加工会社で、その後家庭用アルミ厨房機器製造企業としてスタート、今日に至る。主力製品は、空調用のアルミ部品やアルミ製薬缶などの家庭用厨房品などだが、変わったところでは「ALart（アルアート）」というアルミ製インテリアを発売しているname\""20080611nikkeibo\""「ものづくりの現場から　企業経営には“未知数の夢”が必要　丸信金属工業3代目　社長付取締役室長　坂本智美さん（後編）」『日経ビジネスオンライン』日経BP社、2008年6月11日付配信。"
3550,鉄道車両に関連する各種部品の製造・メンテナンスを行っているhttp:mitsuohgi.co.jpservice.html?*session*id*key**session*id*val*三扇工業製品のごあんない。2005年（平成17年）には電気事業部が平成17年度全国「車両と機械」研究発表会で論文を発表し「継電器接点保護装置の開発による故障防止対策について」が「論文の部奨励賞」を受賞したhttp:www.rma.or.jpnews_03-2.htmlJRMA社団法人日本鉄道車両機械技術協会。
3550,1939年（昭和14年）、鍛冶の街としての歴史がある新潟県三条市に創立された。戦前の中島飛行機の陸軍主力一式戦闘機「隼」の鍛造部品製造からスタートし、現在では作業工具の総合メーカーとなる。高度成長期に「モンキーレンチ」を筆頭に、作業工具メーカーとしてのブランド、TOPを確立する。神奈川県横浜市の横浜ベイブリッジ建設工事にも使用され、「ベイブリッジをつくった工具」として「黄金の片口メガネレンチ」がブリッジ資料館に展示されている『工具の達人』講談社2007年発行。。
3550,水道設備を製造・販売する企業として、長野県内に本社と2工場、東日本を中心に11拠点を構える。「竹村式不凍栓・不凍バルブ」を開発し、高い評価を得た。現在は、「給水装置部門」と「水環境装置部門」の2事業を中心に展開している。
3550,"。|代表者代表取締役社長田中利明name\""概要\""|資本金6億3930万7770円name\""概要\""|発行済株式総数614万850株name\""EDINET\""{{Citeweb|urlhttps:disclosure.edinet-fsa.go.jpE01EWBLMainController.jsp?uji.verbW00Z1010initialize&uji.beanek.bean.EKW00Z1010Bean&TIDW00Z1010&PIDW1E63011&SESSIONKEY1451891995247&lgKbn2&pkbn0&skbn1&dskb&askb&dflg0&iflg0&preId1&mul%E3%82%B7%E3%83%B3%E3%83%9D+es%3AE02448&flson&cal1&eraH&yer&mon&pfs4&row100&idx0&strE02448&kbn1&flg&syoruiKanriNoS1005YS1|title有価証券報告書−第45期(平成26年7月1日−平成27年6月30日)|publisherEDINET|accessdate2016-01-04}}|売上高連結39億96百万円br単独39億23百万円br（2015年6月期）name\""EDINET\""|営業利益|純利益|純資産連結30億55百万円br単独30億31百万円br（2015年6月期）name\""EDINET\""|総資産連結39億49百万円br単独39億29百万円br（2015年6月期）name\""EDINET\""|従業員数連結74名、単独72名br（2015年6月30日現在）name\""EDINET\""|決算期6月30日|主要株主ヤマタケ総業（有）25.50%br山田清久6.36%br（2015年6月30日現在）name\""EDINET\""|主要子会社|関係する人物|外部リンクhttp:www.shinpo.jp|特記事項}}'''シンポ株式会社'''（{{Lang-en-short|''SHINPOCO.LTD.''}}）は、愛知県名古屋市名東区に本社を置くロースター(調理器具)|無煙ロースターメーカー。"
3550,"日本発条|ニッパツグループで、十字穴ネジの製造は業界首位級であるname\""shikihou\""東洋経済新報社‐『四季報|会社四季報2009年4集秋号』。全製品のうち約8割は自動車産業|自動車メーカー向けで、日産自動車向けが約3割を占めているname\""shikihou\""。日本ねじ工業協会|一般社団法人日本ねじ工業協会、日本自動車部品工業会|一般社団法人日本自動車部品工業会に加盟しているhttp:www.topura.co.jpcorporateoutline.html株式会社トープラ会社概要。"
3550,1953年創業。主力製品は、各種機械刃物（草刈用・木工用・鉄工用・電動用等丸鋸、チップソー並びに各種チップソー基板、ダイヤモンドソー基板、スライサー用丸ナイフ）、各種手工具（左官道具一式、内装用道具へら|ヘラ・スクレーパー等）を製造又は販売を行う。
3550,事業内容は金属製品事業とレジャー事業がある。
3550,"|代表者代表取締役竹内英二name\""概要\""|資本金6750万円name\""概要\""|発行済株式総数|売上高|営業利益|純利益|純資産|総資産|従業員数110名name\""概要\""|決算期|主要株主|主要子会社|関係する人物|外部リンクhttp:www.takeuchi-techno.co.jp|特記事項}}'''タケウチテクノ株式会社'''(''TakeuchiTechnoCo.Ltd.'')は、愛知県名古屋市港区(名古屋市)|港区木場町(名古屋市)|木場町に本社を置く洗車機のメーカー。2016年（平成28年）3月16日、門型洗車機の累計販売台数が世界一であることが認められ、ギネス世界記録に認定された{{Citeweb|urlhttp:chuplus.jppaperarticledetail.php?comment_id350426&comment_sub_id0&category_id115&fromnews&category_list115|title洗車機販売数、ギネス世界一に認定　タケウチテクノ|publisher中日新聞プラス|accessdate2015-03-18}}。同年8月7日（機械の日）には、1962年（昭和37年）に開発した日本初の移動式ブラシ付門型自動洗車機が日本機械学会の機械遺産に認定された{{Citeweb|date2016-07-29|urlhttp:trendy.nikkeibp.co.jpatclpickup151008498072900387|title機械遺産に軽自動車普及の礎となった「スバル360」|publisher日経トレンディネット|accessdate2016-10-07}}{{Citeweb|date2016-07-29|urlhttp:www.jsme.or.jpkikaiisandatano_082.html|title移動式ブラシ付門型自動洗車機|publisher日本機械学会|accessdate2016-10-07}}。"
3550,創業時より作業工具の製造に着手、以来順次新製品を開発し国内・海外で販売使用されている。工具・クレーン・吊クランプ(工具)|クランプ・吊フック等において、独自の技術で取組む開発型企業である。特に、工具では国内同業他社に比べ、'''ラチェットレンチ'''の品揃えが充実している。
3550,*1967年に創業された精密金型業界では老舗筋である。取引先は国内外問わず、数百社を数える。*社名の「関根」は創業者から、「精研」は「精密研磨」を意味する。*コネクタ|コネクターを主体とする超精密金型を得意とするが、近年では、微細穴加工、高アスペクト比な深穴加工でメーカー、大学等の研究所|研究機関とも技術交流をしており、加工のみならず研究開発も行っている。
3550,}*本店　愛知県半田市神明町1番1号他に東京支店、大阪支店、札幌営業所、仙台営業所、静岡営業所、岐阜営業所、広島営業所、福岡営業所、本社工場、本社第二工場がある。
3550,主な事業として、金箔を使った工芸品や仏壇・仏具など箔関連製品の製造及び販売。また、金箔、銀箔の切廻や粉を用いた二次製品の製造・販売も行なっている。
3550,1931年、大阪で創業。建築・製造業向けの過酷な状況下で使用されるタフな作業工具を開発・製造してきたスパナの大手メーカーである。いくつかの大手メーカーにOEM供給も行っている。特徴として鍛造前工程に、ドイツ製のフォージングロールマシンで丸棒を鍛造する前の形にしている『工具の本2009』75頁から79頁、2009年3月10日発行、株式会社学習研究社。1982年に燕市に製造拠点を移動後は、一般ユーザー向けの工具の開発に取り組むようになる。一般工具メーカーとしては後発となったため、工具に特徴を出す開発コンセプトとして「強度を持ったデザイン性と使い勝手の良い工具」として超軽量レンチ『ライツール』、他社に無いボルト保持機能付き『キャッチャーレンチ』、30度で回転可能な『ダックスキーレンチ』等を誕生させている『工具の達人』104頁、2007年1月27日発行、株式会社三推社　株式会社講談社。
3550,東邦工機は、HITブランドの「安全で軽くて使い易い」作業工具、各種機械工具・鍛工品・金型の製造販売及び輸出入を行っている。海外市場販売に積極的な会社である。ボルトカッタ（ボルトクリッパ）・パイプレンチ・モンキーレンチについては、GSA（米連邦政府一般調達局の略称）(GeneralServicesAdministration.):en:GeneralServicesAdministrationのフェデラル規格(Federalspecification)GGG-C（カッター類）W（レンチ類）を満足させている。「'''アクティブ-21の会'''」「アクティブ-21の会」は関西の作業工具関連メーカー7社、オーエッチ工業、'''東邦工機'''、フジ矢、ベッセル、三木ネツレン、レッキス工業、ロブテックスが、国際競争に打ち勝つための情報交換を目的とし2004年に設立された。のメンバーである。
3550,"|資本金8億1907万8千円name\""EDINET\""{{Citeweb|urlhttps:disclosure.edinet-fsa.go.jpE01EWBLMainController.jsp?uji.verbW00Z1010initialize&uji.beanek.bean.EKW00Z1010Bean&TIDW00Z1010&PIDW1E63011&SESSIONKEY1483341879918&lgKbn2&pkbn0&skbn1&dskb&askb&dflg0&iflg&preId1&mul%E7%9F%A5%E5%A4%9A%E9%8B%BC%E6%A5%AD&flson&cal1&eraH&yer&mon&pfs4&row100&idx0&str&kbn1&flg&syoruiKanriNoS1007LNJ|title有価証券報告書−第60期(平成27年3月1日−平成28年2月29日)|publisherEDINET|accessdate2017-01-02}}|発行済株式総数9621550株|売上高連結122億44百万円br単独102億82百万円br（2016年2月期）name\""EDINET\""|営業利益|純利益|純資産連結125億97百万円br単独109億04百万円br（2016年2月期）name\""EDINET\""|総資産連結169億16百万円br単独146億53百万円br（2016年2月期）name\""EDINET\""|従業員数連結442名、単独336名br（2006年2月現在）name\""EDINET\""|決算期2月末日|主要株主KYB株式会社11.50%br高周波熱錬株式会社8.56%br三菱東京UFJ銀行|株式会社三菱東京UFJ銀行4.41%br（2016年2月現在）name\""EDINET\""|主要子会社|関係する人物|外部リンクhttp:www.chitakogyo.co.jp|特記事項}}'''知多鋼業株式会社'''（ちたこうぎょう、{{Lang-en-short|''ChitaKogyoCo.Ltd.''}}）は、愛知県春日井市前並町2丁目12番地4に本社を置くばねメーカーである。"
3550,エイトは、棒材から全ての加工・熱処理・表面処理工程を社内で一貫生産している。国産初のトルクスねじ用ボールポイントを商品化しているhttp:marukoo.cocolog-nifty.comphotosuncategorizedeight40_s01.jpg丸甲金物カタログ情報2007年5月1日。スパナの頭部形状は、六角・テーパーヘッド・ボルトキャッチ（ボルト保持機能付き）・ボールポイント・六角いじり止ねじ穴付用・トルクス・トルクスいじり止ねじ穴付用・トルクスボールポイントと各品種が揃っている。またタイプについてもL型、ナイフ型、ドライバー型、T型と各種揃っている。その他の関連商品に、ビット・ソケットビットがある。販売ルートは、輸出が約58%、国内DIYホームセンターが約24%で、その他卸しとなっている『生活産業企業年鑑生産編2010』株式会社家庭日用品新聞社{{要ページ番号|date2017年6月}}。
3550,{{出典の明記|section1|date2016年8月}}旧社名は、'''双葉工具株式会社'''。弱電系工具メーカー。先端にセラミックを使用した調節ドライバー・シリコンウェハー専用ハイテクピンセット等の特殊工具を主力商品とした産業機器ルートでの法人用工具メーカー。2009年に潰れたねじ頭をつかんで回せるプライヤ「'''ネジザウルスGT'''」を発売。プロモーションの一環としてゆるキャラ「http:www.engineer.jpurusuウルスくん」を作り「ゆるキャラグランプリ」にエントリーして自社をＰＲする等。
3550,本・タイ合弁④タイ人雇用創出：43人⑤所在地：ランプーン県（BOI第3ゾーン）http:www.nccthai.cominfobizboicompany2011%E5%B9%B43%E6%9C%88%E5%8F%B7%E6%8E%B2%E8%BC%89%E3%81%AEboi%E5%A5%A8%E5%8A%B1%E8%AA%8D%E5%8F%AF%E4%BC%81%E6%A5%AD%E6%83%85%E5%A0%B1.htmlInfoBizTHAILANDInfoBizTHAILANDは、BOIコンサルティングをメインとした『日本コンサルティンググループ』が発行する、日系企業とタイで働く日本人のためのビジネス情報マガジン。'''BOI'''（BoardofInvestment、通常「タイ投資委員会|タイ国投資委員会」と訳される）とは、1954年制定の産業奨励法の運用窓口として設置され、タイ首相を委員長、工業大臣を副委員長として、タイの投資奨励策の決定、重要な投資案件の許認可等の活動を行っているhttp:www.fact-link.comhandbookindex.php?n%EF%BC%A2%EF%BC%AF%EF%BC%A9%E7%B7%A8.BOI%E3%81%A8%E3%81%AFタイのビニネス経済ハンドブット　BOIとは。
3550,配管・建設・土木・電気工事に使用する手動工具、電動工具の開発から国内外販売までの全てをMCCグループ会社で行なっている。特に配管関係の工具開発には強く、川上開発を得意とし、配管材料や工法の変化と供に商品も変化させてきた'''開発型企業'''である。また、治具に関しては工作機械用の専用品を開発から製造、システム設定までを国内外で行なっている。治具の主な納入先は、オークマ株式会社・ファナック株式会社。
3550,株式会社　'''松阪鉄工所の子会社'''で金属製品の小型切断作業工具シリーズ'''「ハンディカッタ」'''を部品調達から加工・組立て完成品まで担当し、MCCグループに販売をしている。その他、金属製品の機械加工も請け負っている。
3550,滋賀県大津市で創業し、当初は小規模な鉄工所として溶接・焼き入れなどの注文を請け負っていた。株式会社として発足後は鉄・非鉄の金属全般の鍛造を主力とし、船舶・航空・陸機等の部品加工を受注している。ローリング鍛造と呼ばれる加工技術は世界トップの技術・シェアを占めている。また、大津市と環境保全協定を締結し、地域環境の維持に取り組んでいる。
3550,新潟県三条市に本社を構え、三条市塚野目(三条金属工業団地)に工場が所在する。自動車・建設機械・農業機械などのエンジン部分等の強度を必要とする重要部品の熱間精密鍛造を得意とし、ハガネ系・ステンレス系・ハイス系・チタン材料等の工具・刃物の製造や熱処理も得意としている。KBSKOBAYASHIブランドで工具を製造するほか、OEM生産も行っており、多種多様な製品を手がけている。
3550,新潟県燕市で藤田寅雄が1953年に農機具部品および農業用刃物の製造に着手し、1955年から包丁の製造を始めている。新潟県燕市（旧吉田町）に工場が所在する。鋼|ハガネ系材料とステンレス鋼|ステンレス系材料を複合した複合材刀身の包丁・刃物の製造を得意としており、業務用・家庭用包丁として「藤次郎」ブランドの包丁製造を行い、1980年には藤次郎口金包丁シリーズが、2000年にはTojiro-Pro和包丁シリーズがグッドデザイン賞を受賞している。OEM生産も行っており、多種な包丁を手がけている。包丁メーカーとして初めてのISO9001:2000、ISO14001の両認定取得をするほか、フランス料理文化センター(FFCC)の活動に参画し、レストランサービス、料理のコンクールなどのスポンサーを務めるなど食育をはじめとする、啓蒙活動を積極的に行っている。昨今では複合材包丁製造のノウハウを活かしダマスカス鋼包丁を製造し、ヨーロッパなど海外への輸出を行っており、海外での知名度も非常に高くなっている。2015年7月1日より、藤寅工業からブランドである「藤次郎」の銘を冠した藤次郎株式会社に社名変更を実施した。
3550,アルミ合金製はしご、脚立、作業台の製造販売を主体としている。はしごのかしめ構造の国際特許「アルフロジョイント」を保有しており、最長15mのはしごの製造技術を持つ。その他に室内温室、室外温室を主にした園芸用品の製造販売イベント用品の製造販売、トラック車装製品である導風板、サイドガードの製造販売も手がけている。標準規格製品の他、オーダーメイド製品の製作販売に強みを持つ。
3550,石川正弘により1958年に中標津町にて石川板金を開業する。当時は長尺屋根の板金工事を請け負っていた。その後石川板金（株）から建築金物工事部門を分離し、石川金属工業株式会社を設立（資本金1000万円）、事務所新築。1983年5月に石川金属工業株式会社を立ち上げその後、板金会社の枠を超え北海道内外の板金業へ波型の鉄板や金型を卸すメーカーへと成長を遂げる。
3550,''主な事業内容'''*道路標識、道路標示の製造・販売*道路標識の腐食診断を主とする非破壊検査岡山県では唯一の道路標識製造事業者であるため、岡山県内に設置されている道路標識はほとんどが同社製である。
3550,*本社所在地：〒110-8510東京都台東区東上野5-2-5　下谷ビル6階*創業1941年（昭和16年）*設立1947年（昭和22年）**1953年（昭和28年）12月25日株式会社下谷金属工業所から現社名に改名。**1963年（昭和38年）中華人民共和国の友好商社に指定。**1971年（昭和46年）日商岩井（現双日）と業務提携。**1987年（昭和62年）中華人民共和国山東省勝利油田勝利大橋に斜張橋ケーブル納入。**2001年（平成13年）中華人民共和国江蘇省常州市に「日本希達雅有限公司常州事務所」開設。
3550,主にアルミ製の門扉・フェンス等の開発・製造・販売を行っているが、アルミ製のボーダー枠材、支柱やFRP製の装飾美術柱、手すり柱等の多品種のエクステリア製品を開発・製造・販売を行っているため、装飾建材メーカーと称されることも多い。また、すべて国内生産を行い、多品種少量生産の高級品メーカーとしても知られている。1909年に初代の三上滝三郎（広島県福山市出身）が大阪市南区(大阪市)|南区瓦屋町で、転写マークや美術七宝マークを製造・販売する合名会社三上商店を創業したのが始まりである。その後、自転車やオートバイ、自動車のアルミ製マーク（エンブレム）を製造・販売した。1970年に2代目の三上雄太郎が、オリジナルデザインのアルミ製の装飾パネル（門扉・フェンス・面格子）を開発し、製造・販売を始めた。また、FRP製の装飾美術柱、手すり柱も開発した。2001年に3代目の三上康雄が、アルミ製のボーダーや枠材、支柱を開発した。Mセットとして、建築現場で簡単に取付けられるようにした。一部の製品はステンレスを用いるなどして、錆びない飾る製品を作っている。また、マーク（エンブレム）の塗装技術を活かして精密な塗装も行っている。2015年、原材料費の高騰や販売不振を理由として、エクステリア事業より撤退した。
3550,1948年（昭和23年）6月9日に、熱ポンプ工業株式会社として創立。1969年（昭和44年）に現社名となる。主に園芸用品、農業用を中心とした熱機器（ボイラー、業務用温風暖房装置などの製造）、住宅機器などを扱っている。1969年（昭和44年）に発売した泡洗浄式の簡易水洗式便所|簡易水洗便器「パールトイレ」は、水でなく泡状の洗浄液を用いる独自方式で、簡易水洗式便所での洗浄水増加問題を抑えられるメリットによって成功した。現在ではアサヒ衛陶と並んで、簡易水洗式便所の代表的メーカーにもなっており、一部の簡易水洗便器はアサヒ衛陶からOEM|OEM提供を受けている。
3550,ポケットナイフ製造メーカーとしてスタートし、日本初の国産安全剃刀|替刃カミソリを製造した。安全剃刀では国内トップのシェア（30%）を持つ。なかでも、使い捨てカミソリにおける国内シェアは50%であるhttp:tokai-tv.comstyleplus20100912index.phpスタイルプラス2010年9月12日放送。また家庭用品の販売も行なっており、家庭用包丁の国内シェアはトップである。海外では欧米限定発売のダマスカス包丁「旬」がヒットしている。この他眉ハサミやアイラッシュカーラー|ビューラー等の化粧用品小物の他、ツメキリ・クシのような衛生用品等、刃物をコアとした幅広い商品展開を行っている。また、ドイツの高級家庭用品ブランド「WMF」やアメリカのキッチン用品ブランド「Chef'n」等の輸入代理店も務めている。
3550,作業工具メーカーとして最初の商品は、「ボルトクリッパHAタイプ」とワイヤーロープをスリーブでかしめる圧着工具の「アームスエージャー」で輸出を主体としていたhttp:stainelec.com.audocARM_wrenches.pdfStainelecAustralia。その後ボルトクリッパについては本体部分で刃の調整を行うH.K.Porter社（現在はアメリカのCooperToolsに所属）が開発し（特許権{{USpatent|2910900}}は失効している）「BCタイプhttp:www.armsangyo.co.jparmpdfsboltcli-08_ja.pdfARMボルトクリッパカタログ」を追加している。この調節方式のボルトカッタは、その後、京都機械工具(KTC)http:ktc.jpcataloghtmlbp7-300~900.phpKTCボルトクリッパカタログ・ロブテックス(LOBTEX)http:www.lobtex.co.jpproductssagyobolt_clipindex.htmlLOBTEXボルトクリッパカタログも採用している。国内ホームセンターでは、ボルトクリッパBCタイプとスエージャーが普及している。
3550,圧着工具はマーベルの原点というべき製品である。1967年に'''マーベルが自社工場であるミノル工業'''を立ち上げたとき生産を開始したのが圧着工具である。ケーブルカッターは、発売当時に比べhttp:www.osakayamato.co.jpproductfelco.html三角切断法を更に改良して、太い電線を楽に切れるようにし、その上ケーブルの丸味をほとんど変化させないhttp:www.kouguya.comme.htmkouguya.comhttp:www.dourakukai.comF01_LIST_S.asp?SDC100&SCC020マーベルホームページ。モニター組織「道楽会」には2009年現在、日本全国で3万名の工事業者が登録しており、マーケットの現場情報を分析・加工して製品づくりとサービスの向上に役立てている。
3550,「メリー('''MERRY''')」と「ナイル('''nile''')」の2つのブランドについて。メリーブランドは作業工具に使用され、ペンチ・ニッパー・プライヤなどの作業工具に付けられる。特に、1977年に'''「刃に刃を送るためのラチェット歯を設けたラチェット方式のエンビカッタ」を世界で初めて開発、実用新案登録'''しているhttp:www.ipdl.inpit.go.jpTokujitutjbansaku.ipdl?N0000110IPDL特許・実用新案文献番号索引照会実用登録1377770。現在多くの工具メーカーから発売されているエンビカッタは、このラチェット歯（ギア）方式を採用している。その他カッター・レンチ・ワイヤーストリッパーなどの約80年の歴史と経験から生まれた独自の商品も数多く含まれている。ナイルブランドは空気工具に使用され、コンプレッサーからの圧縮空気を利用して、切断（エアーニッパー・エアーハサミ）、かしめ（エアーパンチャー）、穴抜き（パワープレス）ができる。その他に、（ワイヤーストリッパー）（電線カッター）（エアーベルダー）等がある。空気工具は、本体と刃部から構成されている。'''メリーブランドマークの由来'''は、昭和初期に'''舶来ペンチの主流だったアメリカのユーチカ'''(utica-tool)のマークhttp:home.comcast.net~alloy-artifactsutica-tool.html#linemansUticaNo.506InchLineman'sPliershttp:home.comcast.net~alloy-artifactstrademarks-and-logos.html#logo-3-Diamonds3-DiamondsUticaDropForge&Toolhttp:books.google.co.jpbooks?idgiQDAAAAMBAJ&pgRA2-PA291&lpgRA2-PA291&dqpopsci+cutting+pliers+utica-tool&sourcebl&otsNuZpUvjulE&sigcLyViKhThy-iu-yVvYX8uxP1UvU&hlja&eidFxPTu71JonPmAWw1NHcBg&saX&oibook_result&ctresult&resnum1&sqi2&ved0CCUQ6AEwAA#vonepage&q&ffalsePopularScience1949年10月を真似て菱を三つ横につなぎ並べたデザインとしたhttp:www.maedakiko.co.jpgaiyoupage.html前田機工株式会社「創業当時の取り扱い商品」。
3550,創業者である五十嵐末一郎は元々新潟県で初めて作業工具を手がけたペンチメーカーの工場長であったが、1940年に独立して新潟県三条市に五十嵐製作所として創業。師匠と同じ製品を造って迷惑は掛けられないとして、プライヤ類を手掛けるようになった。1958年に有限会社化、1983年に株式会社化し、五十嵐プライヤーと社名を変更した。namegaiyou{{Citeweb|author株式会社五十嵐プライヤー|date不明|urlhttp:www.ips-tool.co.jpgaiyou.html|title企業概要|accessdate2011年8月14日}}1988年、物を傷つけないようにとくわえ部を樹脂で覆ったプライヤが、社団法人日本DIY協会主催の「JAPANDIYHOMECENTERSHOW」における新商品アイディアコンクールで銅賞を受賞namegaiyou。以後、先端を樹脂で覆ったプライヤは、「ソフトタッチシリーズ」として同社の看板商品となった{{Citeweb|author株式会社日工|date不明|urlhttp:www.kougu-damashii.jpproduct-list298|title工具魂「世界の優秀工具五十嵐プライヤー」|accessdate2011年8月14日}}http:www.palge.comnewsh15diyikarashi20030807.htm越後ジャーナルニュース「2003年DIYショー」記事。他にも、先端を細く薄くして小さい物でもつかめるとともにカッタ部も取り付けた先細プライヤ「五十嵐プライヤー、先細プライヤーを発売。プライヤーとペンチの長所採用」、日刊工業新聞、1998年11月13日、12頁。、歯形の部分にゴムパットをつけるとともにウォーターポンププライヤーとして初めて切断機能を付けたゴムパット付きポンププライヤー「五十嵐プライヤー、ゴムパット付きポンププライヤーを発売」、日刊工業新聞、2001年9月5日、15頁。、装身具の手作りブームに対応して女性をターゲットにした作業工具「IPSクラフトツール」「五十嵐プライヤー、女性向けの作業工具を発売」、日刊工業新聞、2003年12月29日、9頁。などを開発してきた。このクラフトツール（ホビーツール）は、グリップに革を使用していることが特徴で内山社長がケルンの展示会出張時にホテルで革グリップの釣り具の載った本を見て、工具に取り入れるアイデアがひらめいた事から始まっている。造形作家の余合（よごう）ナオミも自身が講師を務めるNHK「おしゃれ工房」（2003年8月25日放送予定）で使いたいと申し入れたhttp:www.palge.comnewsh15diyikarashi20030807.htm越後ジャーナル「ニュース2003年DIYショー」記事http:www.naomiyogo.comtooltool.html余合ナオミホームページ。
3550,木材加工機用刃物製造を中心に工業用刃物製造・販売を行う企業。明治29年に名古屋で鍛冶業として創業。マキタ向け電気鉋刃の製造を手掛けたことを切っ掛けに大きく飛躍し、かつてのライバル企業東洋刃物、木村刃物製造等を大きく突き放し、業界トップに立った。代々娘婿が経営を引継ぐオーナー経営が続いている。そうした血縁関係の微妙さを反映し、筆頭株主・大口興産など株主上位には創業者渡邉家の女性陣が名を連ねている。
3550,{{節スタブ|1例と出典|date2017年8月}}川崎市上丸子山王町に会社を設立したことが社名の由来である。
3550,VICTORブランドの花園工具（株）は、「握りもの工具」と言われるペンチ・ニッパー・プライヤ・ラジオペンチ類が主力商品の電設工具メーカーで、各作業のシチュエーションにあった電気工事のプロ用切断工具を数多く揃えている。他にエアニッパー・圧着工具があり、近年は、VA線ストリッパーの発売、配管工具のエンビカッタ等の樹脂材料切断工具分野の開発に注力している。フジ矢株式会社のグループ企業である。
3550,機器をコンクリート等に固定する特殊ネジの最大手、多品種少量供給体制が特徴である。あと施工アンカー業界でトップシェアを誇る建設関連資材メーカーである。取付物に応じたあと施工アンカー、ファスナー、及びそれらの施工に必要なドリル等の開発・販売を行っている。自社開発のオールアンカーが有名。耐震補強、屋上断熱防水などの新工法の開発も行っている。1964年に三幸商事株式会社として設立され、1966年に千葉県流山市に工場（旧・三幸工業株式会社）を建設。1996年に、両社が合併し、現在の形となった。2005年にジャスダックへ株式を上場し、2015年に東京証券取引所市場第2部に市場変更した。
3550,"ublisherサンライズ工業株式会社|accessdate2016-09-11}}|主要子会社サンライズテクノbrサンライズ運輸倉庫br協和産業name\""rieti66\""{{Citeweb|urlhttp:www.rieti.go.jpjppublicationsdp06j061.pdf|author三本松進|title中小・ベンチャー企業のイノベーションと東アジア・グローバル経営|page66|formatPDF|publisher経済産業研究所|accessdate2016-09-11}}|外部リンクhttp:www.sunrise-grp.com}}'''サンライズ工業株式会社'''（さんらいずこうぎょう）は、兵庫県神崎郡市川町に本社を置く金属製品メーカーname\""overview\""name\""nikkan130606\""{{Citenews|urlhttp:www.nikkan.co.jpspacesview0015293|titleサンライズ工業、アジア事業見直し−ホース金具の統括持ち株会社設立|publisher日刊工業新聞|date2013-06-06|accessdate2016-09-11}}。"
3550,"''VESSEL'''ブランドで知られる工具メーカー。一般ホームセンターに多く出荷しているため、比較的安価であるが、コストパフォーマンスが良いことから、プロの中にも愛用者が多い。特に主力商品のドライバー(工具)|ドライバーは、日本産ドライバーのトップブランドで、日本国内シェア約60%を占める。1916年に創業者の田口儀之助（当時15歳）が田口鉄工所を創業し、ドライバーの生産を始める。1937年に、木柄貫通ドライバーを開発する。1950年に日本国産初のプラスドライバー、1952年に国産初の合成樹脂|樹脂（ユーライト）製柄ドライバー、1954年に射出成型プラスチック（アセテート樹脂）柄ドライバーを開発商品化している。1975年には、世界初の多色成形グリップによる「サンラインドライバー」を発売、国際商品となる。1984年に発売した「ボールグリップドライバー」は、大ヒットとなるname\""comzin2009-05\""「http:www.nttcom.co.jpteratera45pdfp17_18.pdf#search'プラスチック柄ドライバー最初'ニッポンロングセラー考」(2009年5月)『COMZINE』NTTコムウェア。。1987年よりスウェーデンに本社を置くQマティック社と提携しており、Qマティック社の工具を取り扱う一方で、同社の工具もQマティック社を通じて海外に販売されている。またフランスに駐在事務所、その他タイ王国|タイに生産工場を所有している。京都府福知山市と和歌山県橋本市に'''グリーンホームセンター'''というホームセンターも経営している。"
3550,"*「CAPTAINSTAG」のブランド名の由来はシカ|牡鹿(STAG)のリーダー(CAPTAIN)アウトドア用のバーベキューコンロや食器の販売から始まり、テントやシュラフ（寝袋）などへ展開を広げた。現在はサイクリング用品やカヌー用品までカバーするオールラウンドなアウトドアブランドとなっている。なお、三条市民球場の命名権|施設命名権を獲得し2014年4月1日から2017年3月31日まで'''三条パール金属スタジアム'''（さんじょうパールきんぞくスタジアム）となるname\""niigata-nippo.co.jp20140106\""{{Citenews|urlhttp:www.niigata-nippo.co.jpnewslocal20140106087653.html|archiveurlhttps:web.archive.orgweb20140106153721http:www.niigata-nippo.co.jpnewslocal20140106087653.html|title「三条パール金属スタジアム」に|newspaper新潟日報|date2014-01-06|accessdate2014-01-06|archivedate2014-01-06}}。"
3550,「'''FEATHER'''」ブランドで知られるカミソリ及び理美容関連製品の製造販売をおこなう。ブランド及び会社名の「フェザー」は「羽根で頬を撫でるような肌触り」を求めて英語のFeather（羽）に由来するものである。シェア及びウェートは業務用向けに強い。一般用カミソリも製造してはいるが国内シェアはシック・ジャパン|シックやジレット（プロクター・アンド・ギャンブル・ジャパン|P&Gジャパン）が圧倒的に強いことから、ホテルなど宿泊滞在用の簡易剃刀などに特化している。主に商品の大半を日本国内で生産しており、「'''日本製'''」をアピールしている。元々は刃物の生産地で知られる岐阜県関市で創業されたが、現在は大阪に本社を置いている。なお兄弟企業でありかつライバル企業である貝印とは、同じ地での創業だが、貝印は東京都千代田区に本社を置いている。なお、工場は岐阜県関市と同県美濃市の2カ所に所在する。
3550,1963年に日昭建具製作所として設立され、1984年に現社名に改称。アルミサッシの製造及び販売を主力とし全国展開しており、国内のサッシメーカーの老舗である。CMに登場するつがいのカエル、「ミチガエル」と「ヨミガエル」は同社のイメージキャラである。2018年5月より、本社を北海道札幌市に移転した（移転前は大阪府茨木市に本社があった。現在は大阪支店となっている）。
3550,"ジ|websitegooテレビ番組（関東版）|accessdate2018-09-23}}。|group\""†\""}}が楽器作りを志し、サクソフォーンを試作した{{R|company}}。セルマー、ヤマハと並ぶサクソフォンの世界3大メーカーの1つとして数えられている{{R|hakken}}{{R|ritti}}{{citeweb|formatPDF|urlhttp:www.chusho.meti.go.jpkeieisapoinmonozukuri300sha3kantou2014108.pdf|titleものづくり柳澤管楽器株式会社東京都板橋区|website中小企業庁TheSmallandMediumEnterpriseAgency|accessdate2018-09-23}}。"
3550,総合厨房メーカーの中で唯一、熱機器、冷機器を自社製造している。業界他社と比べて圧倒的多品種の製品を取り扱っており、他にも洗浄機器や、ベーカリー機器、家庭用システムキッチンなどの製造も行っている。ホテル、病院、レストラン、外食チェーンなど、多様な顧客に柔軟に対応できる体制を整えている。社内には厨房コンサルティング、プランニング（設計）、研究開発、製造、搬入・据付、アフターサービス（保守・メンテナンス）が存在し、厨房全体を一貫して施工することを得意とする。また物流子会社、輸入子会社、海外出店サポートも行って、フードビジネスをトータルでサポートする戦略をとっている。
3550,鍋・釜を中心とする調理器具の製造販売を行う企業。特に2.44気圧という高圧力を使用した、家庭用圧力鍋「活力なべ」は同社を代表する製品の一つであり、コマーシャル|テレビCMの他、雑誌での記事に加え、新聞広告のチラシ等でも広告展開がされている製品の一つとして知られる。近年ではローカロリーのヘルシー志向に際して、水や油を使わずに調理可能かつ、またオーブン機能も有した「オールパン」などがロングセラー商品となっている。元々は戦時中の物質難の最中に発足したこともあり、長きに渡って使われる製品の開発を目指していたことから、その精神が現在に至るまで同社に息づいている。創業当初は炊飯用の釜や日本陸軍向けの飯盒の製造が中心で、終戦後はガス炊飯器の製造を主に行っていたが、現在は健康志向の調理器具をメインとした商品の企画・販売を主に行っている。
3550,"ormatPDF|accessdate2018-06-09}}|発行済株式総数|売上高3562億400万円br（2018年3月期）name\""financial\""name\""fy2017account\""|営業利益180億3600万円br（2018年3月期）name\""financial\""name\""fy2017account\""|経常利益178億5200万円br（2018年3月期）name\""financial\""name\""fy2017account\""|純利益150億6200万円br（2018年3月期）name\""financial\""name\""fy2017account\""|純資産1609億1600万円br（2018年3月31日現在）name\""financial\""name\""fy2017account\""|総資産3141億1900万円br（2018年3月31日現在）name\""financial\""name\""fy2017account\""|従業員数12400名name\""companyoutline\""{{Citeweb|urlhttp:www.ykkap.co.jpcompanyjapaneseoutlineindex.asp|title会社概要-YKKAP株式会社|accessdate2018-06-09}}|決算期3月31日name\""companyoutline\""|主要株主YKK|YKK株式会社100%|主要子会社|関係する人物|外部リンクhttp:www.ykkap.co.jp|特記事項}}'''YKKAP株式会社'''（ワイケイケイエイピー、{{Lang-en-short|''YKKAPInc.''}}）は、アルミ建材メーカー。YKKグループで線ファスナー|ファスナー事業と並ぶ中核事業を担う。アルミサッシの国内シェアはLIXIL（トステム）に次いで第2位。社名の「'''AP'''」の部分は「'''A'''rchitectural'''P'''roducts」の略。"
3550,''株式会社MIEテクノ'''は、1907年に設立された琺瑯鉄器株式会社を源流とし、本社所在地である三重県桑名市の地場産業である鋳物業に端を発する企業である。創業時は日本のホーロー製品の草分け的会社として、広く海外にホーロー製品を輸出していたが、現在は主にステンレス鋼やチタンなどの特殊鋼を使った継手#管継手|管継手関連製品の製造に特化している。ホーローに関する設備は現在保有しておらず、ホーロー製品の製造販売は現在はしていない。当社グループ企業が製造する継手#管継手|管継手製品には“ＭＩＥ”の刻印があり、長い歴史の中で培った技術力によりブランド化されている。LNG|ＬＮＧ（液化天然ガス）・液体水素用継手#管継手|管継手や食品・医薬品工場向け継手#管継手|管継手など、高い品質を求められる継手#管継手|管継手製品も供給している。中国に生産拠点となる製造子会社を保有しており中国での製造及び中国国内向けの販売を通じて販路を拡大している。
3550,''株式会社MIEコーポレーション'''は、株式会社MIEテクノに対する2008年1月4日付け株式移転によって設立された純粋持株会社であり、ステンレス鋼やチタンなどの特殊鋼製継手#管継手|管継手・フランジ#管継手としてのフランジ|フランジの製造販売を主要事業とする企業グループを構成している。*国内グループ企業**株式会社MIEテクノ**株式会社MIEフォワード**株式会社中部マテリアルズ*海外グループ企業**上海桑江金属科技有限公司*その他関係企業**株式会社MIEインターナショナル（2012年2月29日に持分の90%をイシグロ株式会社へ譲渡）**星川高科貿易（上海）有限公司（株式会社MIEインターナショナルの100%子会社）
3550,ファイル:Logotrantixxii.jpg|サムネイル|150x150ピクセル|新日鐵住金TranTixxii長年寺社を中心とした金属瓦を開発。2006年に開発されたチタン成形瓦は、浅草寺に採用された{{Citenews|titleあなたは見分けられる？～実は浅草寺の“本瓦”はチタン製に変わっていた|newspaper日経ビジネスオンライン|date2008-06-09|urlhttps:business.nikkeibp.co.jparticlepba20080530160029?STsmart|accessdate2018-11-17}}。チタン素材メーカーである新日鐵住金と緊密に連携・開発しており、チタン変色現象に耐える対策を施チタン素材を使用している。同じチタン瓦でも複数の風合いを持たせるよう複数の色調の素材を調達。複数の色調の瓦をランダムに並べることで従来の粘土瓦同様の自然な風合いを表現する。（新日鐵住金TranTixxiiブランド）従来瓦からの大幅な軽量化による耐震特性、災害時に瓦が落下しても被害が軽微なチタン瓦の安全性を特徴とする。
3550,堀商店は、錠前と建具金物を中心に、独自性のある製品を開発し製造販売する西洋金物店である。1890年（明治23年）の創業当時は、欧米の錠前・建具金物・暖炉金物などの輸入販売を行っており、大正初めより、自社の錠前・建具金物・船舶金物などを製造販売するようになった。堀商店は、「安全性が高く堅牢なこと」「質感のある重厚なデザイン」であることを、製品開発における理念として一貫して守り続けている。また、伝統的建築物における錠前・金物の修理復元なども手掛け、伝統を守り続けている。
3550,車体骨格部品メーカー大手で、本田技研工業の持分法適用関連会社。2011年に菊池プレス工業と高尾金属工業が合併して誕生した。存続会社は菊池プレス工業。本田技研工業、トヨタ自動車、富士重工業、マツダ、日産自動車、BMWなど様々な自動車メーカーと取引を行っている。積極的に海外展開を進めており、海外売上高比率は77%程ある。JPX日経インデックス400採用銘柄。
3550,2007年6月1日に三協・立山ホールディングス株式会社の連結子会社である三協立山アルミ株式会社とSTプロダクツ株式会社から共同新設分割により'''三協マテリアル株式会社'''を設立。2010年6月1日に旧・三協アルミニウム工業株式会社の子会社だった富山合金株式会社と合併。旧富山合金は、アルミニウムビレット鋳造において、月産20000トンという単一工場では国内最大の生産能力を持つ。また、最先端の技術でハイクオリティと生産効率を両立し、常にトップの技術力で新合金の開発を実現しており、特に注力している非建材分野では多くの自動車・電気機器部品に採用されるなど数々の実績を持つ。この合併により、材料開発部門、ビレット鋳造部門も加えた製販一貫体制を強化した企業運営で高い専門性をもって幅広いニーズに応えられる体制を整えた。2012年6月1日にグループ再編に伴ってタテヤマアドバンス株式会社と共に三協立山アルミ株式会社に吸収合併され、三協立山株式会社に商号変更。併せて、社内カンパニー制の導入により、三協マテリアル社となった。
3550,主力製品は工業用ファスナーである。工業用ファスナーとは被服などに着用するファスナー（チャック）とは違い、ネジ|ねじやリベットを指す。その売り上げの割合は全体の約67%を占め、残りの22%はねじ締め機やロボットなどの産業用機械、11%は流量計、地盤調査装置、小物部品検査装置、マイクロバブル洗浄装置などである。ねじの製造からねじ締め機、さらには総合的な省力機械システムにいたるトータル戦略において評価が高い。ねじを製造する機械のほとんどは自社で製作している。そのためさまざまな用途や目的にあったねじを製造することが可能で、カメラ・眼鏡用の精密ねじをはじめ、その種類は数万種にのぼる。また、JIS規格にとらわれない大きさや形を持ったオーダーメイドのねじを製作することも可能である。産機部門は、日本で最初にSCARA型ロボットを製造販売した会社のひとつであり、ねじ締めに特化したロボット「ねじロボ」は産機事業部の主力製品。地盤強度測定機器なども製造する。全ての工場は綾部市内に所在するが、広い範囲に点在するため工場間の移動は主に自動車による。
3550,六角棒スパナとドライバー(工具)|ドライバー・ラチェットドライバーの''専門メーカー''である。国内外工具メーカーへのOEM供給も行っている。近年特許・実用新案権の出願件数及び登録が増えている。特徴のある商品として六角棒スパナの反復角度60度を半分の30度にしたユニークな「ピアスボールレンチ」があり、特許登録されているhttp:www.niigata-honmono.jpwisenew3.htmlピアスボールレンチ。プラスドライバーに新技術を開発し、1999年から「ネジにかみつくビスバイト」を発売しているhttp:www.niigata-honmono.jpwisenew.htmlビスフリーズ。
3550,三協アルミニウム工業（略称三協アルミ）はサッシなどを中心とした大型施設向け建材、家庭用建材及びエクステリア商品など、立山アルミニウム工業（略称立山アルミ）は住宅向け建材、ビル建材、商業施設向け商品、エクステリア商品などが主な取扱商品であった。競合する部分も多かったが、立山アルミは三協アルミほか大手各社と比較すると法人向けのシェアは低く（窓サッシのシェアは高い）、商業施設向けの建材、サインや什器類に力を入れる傾向にあった。三協アルミの創業者の竹平政太郎と立山アルミの創業者の竹平栄次は実の兄弟であり、ともに富山県高岡市に本社を置いたことから両社は文字通り兄弟会社と呼ぶべき間柄であった。弱点の相互補完などを目的として両社は2003年に経営統合を行い三協・立山ホールディングスを設立。なおその際に両社の製造部門をSTプロダクツとして分離（2008年に当社と合併）、さらに営業部門を2006年6月1日に統合し'''三協立山アルミ'''が発足した。2012年6月1日にグループ再編に伴ってマテリアル事業を手掛ける三協マテリアル株式会社と商業施設事業を手掛けるタテヤマアドバンス株式会社を吸収合併して現社名に商号変更し、同時に社内カンパニー制を導入。三協マテリアルとタテヤマアドバンスはそのまま社内カンパニーとして'''三協マテリアル社'''と'''タテヤマアドバンス社'''となったが、建材事業は前身会社の一つだった三協アルミニウム工業株式会社の略称を取り、'''三協アルミ社'''となった。同年12月1日に親会社だった三協・立山ホールディングス株式会社を吸収合併した。
3550,「'''TONE（トネ）'''」ブランドで工具を製造販売している。ブランド名のTONEは既存工具ブランドのNileを参考として同様に河川に因むもので、かつ英語として意味を持つ名前を利根川からとって命名されたものである。2013年に商号も「前田金属工業」からブランド名へと変更された。http:www.tonetool.co.jpcompanyprofile.html概要様々な工具を扱っており、中でもトルクレンチに強い。海外ブランド工具に比べ、知名度や一般での入手性が低い点もあるが、工作精度や梨地に拘った外見など全く見劣りする部分は無い{{要出典|date2017年2月}}。以前より{{いつ|date2017年2月}}継続してホームセンターへの営業活動に注力しており、入手性（品揃え）に関しては改善が図られている。当社の源流となる「前田軍治商店」は、後に工作機械を中心とした専門商社・山善を創業する山本猛夫(実業家)|山本猛夫が同社創業前に丁稚として入っていた店であり、当時のことは山本猛夫をモデルに描いた花登筺の小説『どてらい男』でも語られる。なお、作品中では当時の社名に似せた「前戸文治商店」として登場する。
3550,1718年（享保3年）創業者・吉年与右衛門が鍋・釜・農具などの製造を開始した。大阪では最も古い可鍛鋳鉄製の管継手メーカー。1944年（昭和19年）2月1日に法人へ改組。2017年（平成29年）7月14日、大阪地裁に民事再生法の適用を申請し経営破綻した。負債は2016年11月末時点で約55億円。共英製鋼が民事再生スポンサーとなり、事業再生支援に関する基本合意書を締結し{{Citeweb|urlhttp:www.jiji.comsparticle?k2017071401245&geco|title江戸中期創業の鋳物会社が破綻|publisher時事通信|date2017-07-14|accessdate2017-07-14}}、共英製鋼は2017年10月2日に、事業を譲受する受け皿会社として、河内長野興産株式会社を設立した。吉年が行っていた事業は、2018年（平成30年）2月1日付で河内長野興産へ譲渡され、同時に河内長野興産株式会社の商号を株式会社吉年（新社）へ変更http:www.yodoshi.co.jpproductlist140120180201461423.pdf株式会社吉年の事業譲受完了のお知らせ共英製鋼2018年2月1日。株式会社吉年（旧社）は、新社への事業譲渡の同日に、株式会社上原興産へ商号変更され、民事再生手続を継続しているhttps:www.houjin-bangou.nta.go.jphenkorireki-johoto.html?selHouzinNo8120101034043株式会社上原興産国税庁法人番号公表サイト。
3550,金物の産地である新潟県三条市に本拠を置くグレーチングメーカー。道路側溝用、集排水桝用、床板用、階段踏板用などの各種グレーチングの設計製作販売はもとより、それらの関連建材製品も取り扱う。近年、車椅子・自転車等の車輪のはまり込み、落ち込みを防止し、雨の日のスリップを低減できる新構造のユニバーサルデザイングレーチングが好評を得ている。
3550,1968年に平昭七(1932-2017)が設立した平鍛造株式会社と、後年に設立した金田建設株式会社、有限会社平物産とが2007年6月1日に合併し、現在の羽咋丸善株式会社(旧丸善石油(現在のコスモ石油)元売系のガソリンスタンド)となった。旧平鍛造の部門は特に羽咋丸善株式会社鍛造部と呼ばれている。尚、ガソリンスタンド部門は2007年11月1日に閉鎖している。平鍛造は鍛造ベアリング製品を1968年にはじめ、現在では大小軸受リングおよび一般リングを中心に超大型アルミの板フランジ、異型ステンレスのリングをローリング鍛造で生産している。主要顧客は、大手ベアリングメーカー4社をはじめ、主要建機、工作機械、プレス機械|プレス、重電機メーカー等である。現在、石川県羽咋市に本社工場と堀替工場、石川県羽咋郡志賀町に志賀第1工場と志賀機械工場を有する。2009年3月末で廃業予定であったが、休止状態である。同年4月30日には厚生労働省は同社が新卒の高校生ら10人の就職内定を取り消したと発表した。これは、急速な景気悪化を受け、採用内定を取り消す企業が相次いでおり、同省は同年1月、(1)2年連続で内定を取り消した、(2)同一年度に10人以上の内定を取り消した、など5項目に該当する企業名の公表を決めていた。内定取り消しで、企業名が公表されたのは石川県内で初であった。同省の発表によると、同社は、高校生8人、高専生1人、公共職業能力開発施設の学生1人の計10人の内定を3月3日付で取り消した。受注減が理由で、10人の雇用先の確保は出来なかったという。また、報道によると同社は経営者の意欲減退などで、4月から休業状態となっている、とも伝えている。2012年12月に本社隣接地と羽咋市次場町、宝達志水町敷浪のいずれも自社所有地で計約99000平方メートルに投資額約9億円で太陽光パネル計約10、000枚を設置し、太陽光発電事業を開始した。
3550,金沢市の箔屋四男と結婚して専業主婦をしていた浅野邦子（現・代表取締役会長）が、第一次オイルショック（1973年）後の不況下、家計を補うため起業した。当時の金沢箔業界は、屏風や仏壇、漆器の製造業者に箔のみを納める分業制が主流だった。最終製品も生産しようという箔一は地元で異端視されたが、東京などで開かれる物産展を通じて販路開拓と多角化を進めた。同社の金箔は東京スカイツリーや新東京国際空港|成田空港の内装にも採用された。結果的に金沢箔の用途・需要拡大とブランド向上に繋がったことが地元で評価され、金沢市産業功労賞（2017年）に選ばれるなどしている【MyStory】箔一会長・浅野邦子さん『日本経済新聞』朝刊2017年11月19日（NIKKEITheSTYLE）。
3550,下記に記載する「スーパーブラック」と呼ばれる電解発色を行っている。ステンレスの電解発色は他社では真似出来ず、同社の独自技術となっている。ほかに「アベルカラー」と呼ばれる色植ショットブラスト加工、電解研磨などの金属表面処理、ステンレス加工を行っている。
3550,長年大阪瓦斯|大阪ガスグループだったが、現在は風呂釜販売が中心のノーリツグループに属している。本社は大阪府大阪市此花区春日出南三丁目2番10号で、業界有数の大手企業である。1986年（昭和61年）、当時大阪ガスグループだった陽栄製作所（商標「ダンホット」、湯沸器、風呂釜主体）とターダ（旧：多田金属工業、ガスコンロ、オーブン主体）が合併して誕生した。新しい技術を取り入れることに対して積極的であり、特にターダ時代におけるガスコンロについてはビルトインコンロや両面焼きグリルなど、当時としては先駆けとなった機能が多い。2001年（平成13年）には製造部門を'''株式会社ハーマンプロ'''として分社化し、株式会社ハーマンは販売主体となったが、2011年（平成23年）に両社合併（製販一体化）により、株式会社ハーマンとして再出発した。社名のHarmanは造語であり、人（human）に、hard（設備）とharmony（調和）を合わせたものである。現在、ノーリツの給湯器と共にガスコンロをTOTO(企業)|TOTO、ノーリツ、大阪ガスへOEM供給している。
3550,ホッカングループには、容器事業を行う'''北海製罐株式会社'''、充填事業の'''株式会社日本キャンパック'''、機械製作事業の'''オーエスマシナリー株式会社'''がある。ホッカンHDは、それら3事業の本部機能を持ち、グループ企業相互の連携を図る持株会社である。なお、札幌市に本社を置く製海苔会社の株式会社ホッカンとの資本・人的関係は一切ない。
3550,工業用ファスナー（ネジ、ピン、ばね）の大手。住宅用が中心。中国子会社では自動車及び家電向けの部品も生産。製品の主な納入先は積水ハウス、パナホーム、大和ハウス、ミサワホーム等といった大手住宅メーカーが売上の多くを占めている。
3550,住宅の外構部に関する製品、および公園や公共施設における環境用資材などの製造・販売を行っている。
3550,1200台のヘッダーマシーンを配備し、月に数億ものパーツを生産している。携帯電話や携帯ゲーム機などに使用される直径2mm以下の微小なマイクロ圧造パーツにおいて約7割の国内シェアを持っている。見学者パンフレット資料より引用そのほかにもシャープペンシルの部品やファッション・住宅業界においても、姿・形を変えて使われている。
3550,この会社の主要製品は「エンボスロール」「プレシジョンロール」「リリースペーパー」。製造・販売をおこなっている。
3550,御簾・簾商として創業し、今次戦争まで続いたが昭和14年、当時政府七七禁令により廃業に追い込まれる。終戦後、1946年に事業を復活、1968年に本社を京都市内から亀岡市に移転、現在は80名以上のスタッフで運営している。
3550,2001年（平成13年）10月に、INAXと経営統合した。その際、（初代）トステム株式会社が株式会社INAXトステム・ホールディングス（現・LIXILグループ）に社名変更するとともに持株会社となり、そのもとで事業を行う同グループの中核企業として、新たに（2代目）トステム株式会社が設立された。また、2011年（平成23年）4月にグループ内の再編により、（2代目）トステムが存続会社となり、INAX、新日軽、東洋エクステリア、（初代）LIXILを合併するとともに、（2代目）LIXILに改称した。これにより、トステムという社名は姿を消し、LIXILのブランド名のひとつとして存続することとなった。
3550,同社はもともと東京瓦斯とトーメン（現・豊田通商）が共同出資して設立した、ガスター|関東ガス器具（ガスター）の石油ストーブ部門がルーツとなっている。設立当初からポット燃焼（石油に点火した後に空気を混ぜて燃焼させ、排気ガスを煙突で屋外に排気する）方式の石油暖房器具を専門としており、寒冷地|寒冷地域である北海道、および青森県|青森・岩手県|岩手・秋田県|秋田各県での販売シェアが高い。学校の教室や、公共施設などの大きめの部屋向けの、業務用のFF暖房機などを中心に製造している。三洋電機の石油暖房機撤退後は家庭用クラスでは唯一のロータリー式ファンヒーターの供給メーカーだったが、2017-2018シーズンを最後に撤退。2018-2019シーズンからは同業者であるトヨトミより同社のポット式燃焼バーナー（レーザーバーナー）の特許権の供給を受け、「'''ハイブリッドバーナー'''」の自社名称で製造している。
3550,2001年のトステムとINAXの経営統合により現在の体制となっている。会社分割により持株会社化しているため、法人格（登記上の前身）は旧トステムである。当社とは別にグループ内でLIXILの名を冠した株式会社LIXILが存在し、グループのマーケティング戦略を担当していた。同社は2011年4月1日に、トステム、INAX、新日軽、東洋エクステリアの各社と合併し、2代目'''株式会社LIXIL'''（法人格は存続会社となる2代目トステム株式会社）が発足した。
3550,"静岡県掛川市に本社を置き「会社概要」『http:www.koken-tool.co.jpinfo.htmlKo-kenToolstheweb-会社案内』山下工業研究所。、工具の製造を手掛けるメーカーであるname\""koguNoHon_2012_44\""『工具の本』2005-2010総集編、学研パブリッシング、2012年、44頁。。駆動工具専門メーカーとして、ソケットレンチやソケットを主力商品としている『工具の本』2005-2010総集編、学研パブリッシング、2012年、46頁。。また、アイテム数が非常に多く、215ミリメートルのソケットなどかなり特殊なものまでラインナップされている。ソケットレンチというニッチな市場において、世界的に高いシェアを占めている。"
3550,1950年に第二次世界大戦前より「京都機械工具」として日本海軍航空隊への工具の納入に携わっていた齋藤喜一{{sfn|高野倉|2012|p27}}・山崎宗次郎{{sfn|KTC|2000|p12-13}}・宇城正行{{sfn|高野倉|2012|p17}}の3名が独立し創業namehataraku{{sfn|KTC|2011|p30}}。トヨタ自動車の車載工具として採用されたことをきっかけに業界で確たる地位を築き、日本の上質工具の代名詞とも言われる{{sfn|KTC|2011|p30}}namehataraku。その後の日本の自動車産業の発展と同時に、KTCの業績も向上していった{{sfn|KTC|2011|p30}}。当時、通産省優良自動車部品A級認定と防衛庁銘柄指定も受けている{{sfn|KTC|2011|p31}}。日本を代表するハンドツールメーカーで、同社によればアイテム数・生産量ともに国内No.1を誇る{{sfn|KTC|2011|p30}}。'''KTC'''、'''ネプロス'''ブランドの工具や関連商品を製造・販売している{{sfn|KTC|2011|p30}}。'''京都ツール'''と略されることもあるが、一般的には同社の代表ブランド名であり略称の'''KTC'''が使われており、1950年代の製品にも「KYOTOK.T.C.」の刻印が見られる{{sfn|KTC|2011|p31}}。他国の老舗工具メーカーと比較すると歴史は浅いと言えるものであるがnametakanokura2007、製品の品質を維持するため、下請けを使わず、自社工場での一貫生産を行うなどし{{sfn|高野倉|2012|p175}}group*高野倉はこの合理化時代に一貫生産設備を維持し続けることを「京都職人の意地とプライドなのだろう」と評する。、鍛造|熱間鍛造技術は世界でもトップクラスと評され{{sfn|高野倉|2012|p176}}group*一般的には1200度程度の温度で行われるが、KTCでは950-1050度で行う。低温で熱間鍛造を行うと、形状は出にくいものの、表面は比較的美しく仕上がる。、日本のメーカーならではとも言える高い品質管理に定評があるnametakanokura2007。表面仕上げはシボ加工|梨地を基本としているが、NEPROSシリーズなどでは鏡面仕上げを採用namehataraku。既成の製品のほか、特注にも対応{{sfn|KTC|2011|p408}}。2013年現在は製品の幅を自転車用工具にまで広げているnamehataraku。またその高い技術力が評価され、2010年までに76ヶ国から見学者が訪れている{{sfn|高野倉|2012|p175}}。東京証券取引所第二部上場、証券コード5966。
3550,"自動車の懸架ばねで世界シェア第1位。その他エンジンや伝達系などの重要部品を製造している。精密部品分野にも進出し、特にハードディスクドライブの磁気ヘッド用サスペンションでも世界シェア第1位。商標（ブランド）名として「'''NHK'''」を使った組織は、日本放送協会より日本発条の方が早く1939年（昭和14年）である。日本放送協会がNHKの名称を使用開始したのは1946年（昭和21年）のことであるが、この際日本発条に許諾を求め、これを認め、現在もそれぞれが使用している。1989年（平成元年）制定のCIロゴにも使用されているhttps:job.rikunabi.com2018companyr827500066blogdetail1どうしてロゴにNHKが!?　リクナビ2018　2017年3月3日。かつてはテレビ神奈川製作の「新車情報」のスポンサーだったが、2005年10月からの後番組である「新車ファイルクルマのツボ」を経て、現在は「岡崎五朗のクルマでいこう!」のスポンサーになっている。同社の横浜事業所の最寄り駅である横浜シーサイドライン金沢シーサイドライン|金沢シーサイドラインの市大医学部駅においては、2010年4月に同社がネーミングライツを取得したことで、同駅には'''ニッパツ前'''の副名称が付けられている。2008年からは同社のイメージキャラクターとして、鉄人28号が登場している。'''ニッパツ28'''に掛けた、と言うことである。設立時は旧日商系列の企業だったがname\""日商\""http:www.sojitz.comhistoryjpcompanynissho日商-http:www.sojitz.comhistoryjp双日歴史館内のページ。、日商が岩井商店|岩井産業と合併して日商岩井が誕生したのがきっかけで最勝会グループの企業と接点を持つようになり最勝会に参加したhttp:www.sojitz.comhistoryjpcompanypost-42.php最勝会の設立-双日歴史館内のページ。。"
3550,鏡板製作の最大手である北海グループの構成企業であり、鏡板および鉄道車両の台車の側梁（フレーム）においては国内トップクラスのシェアを誇っているhttp:www.desknets.comneocasestudy1080導入事例紹介（北海製作所）desknet’sNEO。また特殊三次元プレス工法等の加工技術を活かして、パブリックアートや現代彫刻、モニュメントなどの金属造形物・建築装飾物の企画・製作・メンテナンスも行なっている。
3550,*工場**本社工場-愛知県名古屋市緑区**碧南工場-愛知県碧南市**三好工場-愛知県みよし市**藤岡工場-愛知県豊田市*技術センター-愛知県みよし市*海外**P.T.チュウハツ・インドネシア（インドネシア）
3550,東陽理化学研究所は非鉄金属の加工において世界トップレベル{{要出典|date2017年8月}}の技術力を持ち、国内外の多数の大手企業と取引を行う。主な業務は、建材板金（集合住宅用郵便受）や情報通信機器・光学機器などの筐体製造で、アルミニウムやチタニウム、マグネシウム、ステンレスといった素材の表面処理が最も得意であり、力を注いでいる。1990年代に京セラのコンタックスT2、G2を始めとした高級カメラにチタン製の外装が流行したが、その多くを手がけていたことでも知られる。アメリカ合衆国|米国アップル(企業)|アップルとの蜜月関係を築いている。筐体にチタニウムを採用したノートパソコンとして話題になったPowerBook|PowerBookG4は、同社によるものであった。これはアップルの役員がチタンボディのカメラを見かけたことがきっかけとなって始まった取り引きであった。斬新なデザインで注目を浴びた液晶一体型パソコンiMac|iMacG4の液晶と本体を繋ぐ可動アーム、デジタルオーディオプレーヤーの代名詞的存在であるiPodの裏側の鏡面加工されたステンレスカバーもかつては同社及び地元の磨き屋シンジケートと呼ばれる企業群による製造であった。また、携帯情報端末|PDAとして一世を風靡したPalmのPalmVの筐体もここで製造されたものである。
3550,ニッパー、ペンチ、プライヤなどはさみもの工具の専業で、多くの国内外有名総合メーカーにOEM供給し、その高品質から多くの外国メーカーで研究対象とされている。プライヤの品質においては、レース界の「チーム・ルマン」にラジエター修正工具「メタペン」が採用され、ドイツの'''クニペックス社'''と比較されるほどである。1924年に創業者の長谷川藤三郎が東大阪でペンチに出会い、初めて新潟に鍛造マシンのスプリングハンマーを持ち込んだ。当時、国内市場は先行する関西工具メーカーが強く、その為海外に販売市場を求めていった。現在も50%以上が輸出であり、タミヤブランドのプラモデル用ニッパータミヤ公式ガイドブックミニ四駆超速カスタム入門TMFLVer.　71ページ、76ページをはじめとして国内外の有名ブランドプライヤのOEMを手がけている。素材から仕上げ梱包までを自社工場で一貫生産をしている。生産設備は独自に工夫がされており、通常半日かかる鍛造金型の交換もカートリッジ方式により6分40秒で可能である。鍛造ハンマーは、焼く・打つ・抜くの3工程を一人で行なう。機械加工設備もニッパーの12工程の加工を一人で全て行なえる。刃物の熱処理は工程ごとに何度も行なわれ、刃先の仕上刃付けは全数手仕上げで行なわれる。これらの技術が高品質のカッターを生み、今では高価格のプロ用'''ネイルカッター'''の分野に進出している『工具の本』72頁から77頁。File:Sidecuttingpowerpliers.jpg|thumb|300px|right|パワーアップペンチPU-166KEIBAは、同業他社に比べ1945年頃と'''早くから工業デザインを取り入れた事でも有名'''である。東京美術学校(旧制)|東京美術学校図案科（現在の東京芸術大学）小杉二郎http:kotobank.jpword%E5%B0%8F%E6%9D%89%E4%BA%8C%E9%83%8Ekotobank（マツダ・R360クーペのデザインで知られる）とは、1982年グッドデザイン賞（Gマーク）「ワイヤーストリッパー・WS-006008005」と1982年グッドデザイン賞及び1996年ロングライフデザイン賞受賞の「スナップリングプライヤS-026」を開発。デザイナーの羽生道雄http:www.japandesign.ne.jpKUWASAWAJYUKUKOUZA98-1RENZOKUHANYUJapanDesignNetとは、1986年グッドデザイン賞「パワーアップニッパPU-266」1988年「パワーアップペンチPU-166」を開発している。自社デザインによる商品「ニューセラミックチップ付ピンセットTC-S01」で1986年グッドデザイン中小企業商品賞を、1994年「光ファイバーケーブルカッター」で中小企業庁長官特別賞を受賞している。他に1991年「エルゴニッパープラスチック用」1996年「ハイレベレージペンチケイバアルファ」なども自社デザインである。KEIBAのデザインは、『工具本来の機能を最優先した機能美』がデザインコンセプトである事が特徴である。デザインへのこだわりは商品だけにとどまらずカタログ・パッケージ・ポスターにも見て取る事が出来る『TOOLSNOW道具大全』107頁から109頁。
3550,"1939年（昭和14年）、大阪府に大阪コルク工業として設立。1950年、自動製缶機による食缶の製造事業に参入し、1953年（昭和28年）、現商号に変更http:www.ippancan.or.jphistoryindex_10.html#199.朝鮮戦争による特需と生産の回復全日本缶工業団体連合会2017年3月22日閲覧。1956年に清水工場を建設、1965年（昭和40年）10月には、八幡製鉄の関連会社九州製罐と合併し、業容を拡大http:www.ippancan.or.jphistoryindex_10.html#1910.高度経済成長と企業の近代化全日本缶工業団体連合会2017年3月22日閲覧。1969年には、世界初となるコーヒー飲料缶の商業生産・販売を開始した。2000年に開発した蓋ができる金属缶「ニューボトル缶」は、技術展覧会「キャネックス2000」で国内製缶メーカーで初となるグランプリを受賞したgroup\""広報\""http:www.daiwa-can.co.jpcompanyhistory.html大和製罐のあゆみ大和製罐2017年3月22日閲覧。2014年（平成26年）3月期にグループ会社の新日本工機が海外事業の損失や航空機関連の受注減を背景として約54億円の巨額損失を計上。2015年3月期には、約144億円の追加損失を計上するとともに、大和製罐本体も約867億円の当期純損失を出し、グループで1000億円を超える赤字となり、信用不安に繋がった。2016年3月期には最終利益を確保したものの、この間にタイ王国のYMPプレス&ダイがビジネスリハビリテーション（日本の裁判外紛争解決手続|ADRに相当）、新日本工機を台湾の友嘉実業集団に売却するなど、相次いで子会社の整理を行った『帝国ニュース』No.1441212頁「スコープ&フォーカス大和製罐一連のリストラ、ひとまず終了」帝国データバンク2017年1月13日。2014年に、「エバースマイル」を発売し、介護食事業に参入したhttps:www.shokuhin.net20161116ryutusouzai%E4%BB%8B%E8%AD%B7%E9%A3%9F%E3%80%8C%E3%82%A8%E3%83%90%E3%83%BC%E3%82%B9%E3%83%9E%E3%82%A4%E3%83%AB%E3%80%8D%E5%A5%BD%E8%AA%BF-%E9%A1%9E%E4%BC%BC%E5%93%81%E3%81%AA%E3%81%84-%E5%A4%A7%E5%92%8C%E8%A3%BD3043介護食「エバースマイル」好調-類似品ない-大和製食品新聞20161116。2017年（平成29年）4月20日に公正取引委員会から、缶詰用の「食品缶」の取引で東洋製缶や北海製缶と関係の弱い取引先との営業活動自粛などの談合をしたとして、独占禁止法違反容疑で立ち入り検査を受けたname\""asahi2017420\""{{Citenews|title食品缶取引で談合疑い公取委、大手3社に立ち入り|newspaper朝日新聞|date2017-04-20|author矢島大輔|publisher朝日新聞社|page夕刊11}}。"
3550,"1946年、転がり軸受ユニット生産専門メーカーとして小林保・小林百太郎兄弟の手で設立。1950年には工業機械用途を中心としてピローブロックを製造。そのほか宇宙産業やバイオケミカルなど幅広い分野への受注・製造を行っている。2017年、'''日本ピローブロック株式会社'''から現在の社名に変更した。同社オーナーの小林百太郎（2012年12月時点では名誉会長name\""sponichi\""{{Citeweb|date2012-12-03|urlhttp:www.sponichi.co.jpgamblenews20121203kijiK20121203004692040.html|title【JCダート】アワーズ小林オーナー、酒井での勝利に笑顔絶えず|language日本語|publisherスポーツニッポン|accessdate2013-03-09}}）は競走馬の馬主としても有名で、過去にはニホンピロウイナー、現在はニホンピロアワーズといった競馬の競走格付け|GI優勝馬を所有name\""sponichi\""している。その関係から2001年に関連会社として競走馬の管理を行う「有限会社ニホンピロ・レーシング」を設立した{{Citeweb|urlhttp:www.boreas.dti.ne.jp~npeijigoaisatu.html|titleご挨拶|workニホンピロ・オフィシャル・ウェブサイト|language日本語|publisherニホンピロ・レーシング|archivedate2008年5月1日|archiveurlhttps:web.archive.orgweb20080501112230http:www.boreas.dti.ne.jp~npeijigoaisatu.html|accessdate2013-03-09|deadlinkdate2017年10月}}。"
3550,"1909年、前身となる「木村鋼化工場」が木村延一と筒井保太郎により大阪市で操業しname\""kinken\""{{Citeweb|urlhttp:www.imr.tohoku.ac.jpmediafilespublicarchivekinken_story72.pdf|title本多先生大阪での足跡−後編|accessdate2019-04-04|formatPDF|work金研物語|publisher東北大学金属材料研究所}}。その後、1939年「株式会社東洋金属熱処理研究所」として創業東洋金属熱処理研究所からは、株式会社TONEZ（1938年設立）、東洋冶金工業株式会社（1953年設立）の2社が分社する形でそれぞれ別会社として設立。。"
3550,*1928年3月、梶山三兄弟により、壺三鑢製作所が設立され梶山貴瑞一が初代社長となる。*1954年11月、株式会社壺三鑢製作所改組。二代目社長に梶山隼史就任*1961年5月、中国製鋼株式会社と商号を変更する。*1964年12月、やすり部門を独立し壺三鈩株式会社が設立される。*1972年8月、呉鈩工業団地に新工場が落成する。*1992年3月、ツボサン株式会社に商号を変更する。*2001年3月23日http:www.jqa.jpcgi-bin06manage14_tourokudetail_j.cgi?reg_id439579財団法人日本品質保証機構登録事業者検索、日本のやすりメーカーとして初のISO9001認証を取得したhttp:www.tsubosan.co.jpcompanyindex.html会社概要：ヤスリ・切削工具のツボサン株式会社。*2007年6月、梶山重雄社長就任（三代目）
3550,モンキーレンチ、プライヤ|ロッキングプライヤ、レンチ|コンビネーションレンチ、スパナ、めがねレンチなどの工具を製造していた。特筆すべきオリジナル商品は、モンキーレンチにラチェット機構を付けた'''ラチェット式モンキーレンチ'''、商品名「'''オートレンチ'''」を1983年に開発している。また板金溶接等特殊作業用ロッキングプライヤは25種類のタイプがある。
3550,"1996年にばね|精密バネのメーカーであった加藤スプリング製作所（現アドバネクス）の子会社として株式会社ストロベリーコーポレーションを設立。住宅用金属ヒンジなどの開発を行っていたが、当時困難であった三菱電機製の日本における携帯電話#端末形状|フリップ型携帯電話用の金属ヒンジ開発に成功し携帯電話用金属ヒンジのシェアを築いたname\""itmedia2008102401\""http:plusd.itmedia.co.jpmobilearticles081020news005.htmlケータイの“開く”を支え、端末を新たな形へと導くヒンジ開発を-ストロベリーコーポレーション（12）-ITmedia2008年10月24日付。。その後折り畳み型、スライド型と技術を進歩させ、カメラ付き携帯電話が登場したことを契機に回転2軸ヒンジ型にも対応name\""itmedia2008102402\""http:plusd.itmedia.co.jpmobilearticles081020news005_2.htmlケータイの“開く”を支え、端末を新たな形へと導くヒンジ開発を-ストロベリーコーポレーション（22）-ITmedia2008年10月24日付。。平行2軸ヒンジの開発によって携帯電話の端末形状をよりスマートに薄くすることにも成功したname\""itmedia2008102402\""。2008年現在では日本における携帯電話#端末形状|スライド型携帯電話やノートパソコンの金属ヒンジ等も製造しており、世界的な携帯電話端末用ヒンジのシェアは50パーセント|%に及んでいたname\""itmedia2008102401\""。スマートフォンの台頭に伴い、主力の携帯電話用ヒンジは不採算品へ転落、会社も債務超過に陥る。親会社アドバネクスが支援に動き、完全子会社へ。2011年10月27日に上場廃止。2011年11月、新潟県長岡市へ本店移転。2012年2月1日付で、社名を「株式会社アドバネクスモーションデザイン」へと変更し、本社を東京都北区田端に移転。併せて四方工業株式会社系列の会社にノートパソコン向けヒンジユニット事業を分割承継したhttp:pdf.irpocket.comC5998oWM7igUnij6l.pdf株式会社ストロベリーコーポレーションのパソコン向けヒンジ事業に係る吸収分割契約の締結及び商号変更に関するお知らせ。2014年10月1日には事業を停止し、2015年9月18日に親会社のアドバネクスが当社の解散と特別清算申立てを決議http:pdf.irpocket.comC5998GvsAEDhMojR1.pdf連結子会社の解散および特別清算に関するお知らせ。そして2016年3月25日に法人格が消滅した。"
3550,橋梁建設で長大吊り橋を得手とし、システム建築、機械装置の設計製作、二足歩行ロボット開発、なども手掛ける。グローリー(企業)|グローリー埼玉工場に人型工業用ロボット「NEXTAGE」を納入して世界で初めて人と複数のロボットが組み立て作業を連携し、経済産業省のロボット大賞で次世代産業特別賞を受賞http:moriyama.comarchives4855これが21世紀の生産現場！　グローリー埼玉工場「NEXTAGE」スマートラインを見学　第５回ロボット大賞「次世代産業特別賞」受賞http:itpro.nikkeibp.co.jparticleCOLUMN20130513476361人と人型ロボットが一緒に働く、グローリーの埼玉工場に未来の職場を見た：ITpro2013年5月17日http:www.kobe-np.co.jpnewskeizai2012100005479976.shtml“従業員”は人型ロボット　グローリーの工場：神戸新聞2012年10月26日http:www.shimotsuke.co.jpnewstochigieconomicsnews20121024906518人型ロボットに特別賞　川田工業の事業部（芳賀）とグローリー：下野新聞2012年10月24日する。小型ヘリコプターのヘリポートを橋梁に設置して普及を企図するが有人機から無人機へ研究開発を移行し、制御技術を応用して二足歩行ロボットの研究を開始する。防衛省の依頼で無人航空機#無人偵察機|無人偵察機陸上自衛隊の装備品一覧#無人装備|JUXS-S1を製作http:kitnetblog.kitnet.jpkoizumi201412post-80.html#moreパラグライダーから無人飛行機へ-ジャーナリスト小泉成史の金沢工業大学インタビューし、日立製作所が納入した。グループに伊豆諸島のコミューター輸送を、東京愛らんどシャトルとしてヘリコプターで扱う東邦航空、調布飛行場から航空機で扱う新中央航空、などがある。
3550,"日本で初めてグレーチングを製造したメーカーであり、業界1位のシェアを誇るname\""post_899\""{{Citeweb|urlhttp:www.tv-tokyo.co.jpwbswazaaripost_899.html|title第２２４回　戦艦大和から蓋ダイクレ（広島・呉市）|publisherワールド・ビジネス・サテライト|date2010-02-15|accessdate2014-09-03}}。創業者の山本茂は元呉海軍工廠の職工name\""post_899\""。1951年（昭和26年）、アメリカ軍|米軍船|艦船に使われていたグレーチングを元に製造、1953年（昭和28年）に実用新案を取得し製造を開始した。1963年（昭和38年）当時工場や船舶の床材として使われていたグレーチングを道路側溝用として国内で初めて売りだし{{Citeweb|urlhttp:r25.yahoo.co.jpfushigireport?id20090918-90007654-r25|title第9回戦艦大和と側溝のフタを作った会社|publisherwebR25|date2009-09-18|accessdate2014-09-03}}、これにより業績を伸ばした。呉第二工場は、1905年（明治38年）に竣工された呉工廠の建物の一部であり、広島県建物百選に選ばれている。"
3550,てグループ企業として記載されている企業である。*株式会社レダグループホールディングス-グループ持株会社。*株式会社レダ-グループの中核事業会社。*株式会社創広-雑誌広告に特化した広告代理店。*株式会社ヴィヴァン・アンド・カンパニー-医療機器、美容健康器具、健康食品の販売。*株式会社カーチスホールディングス-東証二部上場。レダグループホールディングスが筆頭株主。レダ創業者でレダグループHD代表取締役会長の加畑雅之が取締役会長を、レダ代表取締役社長の大谷部啓一が社外取締役を兼務している{{citeweb|title会社概要|urlhttps:www.carchs-hd.comabout-us|publisher株式会社カーチスホールディングス|accessdate2019-05-07}}。**株式会社カーチス-中古車買取・販売業。カーチスHDの中核事業会社。**株式会社アガスタ-中古車輸出業。**株式会社タカトク-自動車部品販売業。
3550,"製箔メーカーである高岡製箔株式会社をバックボーン!--高岡製箔株式会社との資本・提携関係等が不明なので、出典元からそのまま「バックボーン」の表現を暫定的に用いています。適宜書き換えをお願いします--に持ち、金箔・銀箔製品などの企画・開発とその販売を手掛けるname\""press2006\""「http:www.hakuza.co.jppresscorp-2006.htmlプレスリリース」箔座株式会社、2015年3月23日閲覧。製造した金箔が中尊寺や清水寺、西本願寺といった寺院の修繕作業に用いられたこともあるname\""press2006\""。1976年（昭和31年）に設立された高岡商事株式会社を前身とし、2006年（平成16年）に箔座株式会社に改組される「http:www.hakuza.co.jpcompanyindex.html会社概要」箔座株式会社、2015年3月23日閲覧。"
3550,"|資本金70億円name\""概要\""|売上高120億円name\""概要\""|総資産|従業員数約420名name\""概要\""|決算期|主要株主|主要子会社株式会社豊臣リサイクルbr豊臣工業株式会社brトヨトミヨーロッパセールスB.V.|関係する人物|外部リンク{{Official}}{{Jaicon}}|特記事項}}'''株式会社トヨトミ'''（{{Lang-en-short|''TOYOTOMICO.LTD.''}}）は、日本の大手暖房|暖房器具・空気調和設備|空調機器メーカーである。本社は愛知県名古屋市瑞穂区。冬季放映のCMgroup\""注\""ノーマルなCMも放送されているが、中には社名と『'''とよとみ'''』違いである豊臣秀吉をモチーフにしたあらすじのラジオCMも放送されている。で有名な「トヨストーブ」で知られる。"
3550,1911年2月に愛知県名古屋市にて設立された'''「小林瓦斯電気器具製作所」'''（後に株式會社小林製作所と改称）を母体とする。当初はガス器具の生産を中心にしていたが、戦後はストーブ・レンジといった民生品にも製品を拡大し、1952年に「パロマ」の商標を採用して全国展開した。1964年に製造部門の'''「パロマ工業株式会社」'''と販売部門の'''「株式会社パロマ」'''を分離独立させた。拭き掃除が楽なガラストップコンロや、水を使わないでグリルが使える「こんがり亭」など独創的な商品が多い。現在も株式の過半数を創業家である小林一族が保有する典型的な同族経営企業である。パロマ（Paloma）はスペイン語でハトという意味であり、平和の象徴とされ、平和な豊かな暮らしを願った社名でもある。リンナイやノーリツと共に大手の一角である。1973年に北米に進出し、1988年に米国第1位の給湯器メーカー「リーム社」を買収した。現在、全米シェアは5割、セグメント別連結売上の8割は海外で占め、世界的なガス給湯器メーカーであるhttp:www.toonippo.co.jpnews_hyakkahyakka20060714_3.html東奥日報による企業概要紹介記事。2006年に28件のパロマ湯沸器死亡事故（死亡者は21人、重軽症者が19人）が発覚。経済産業省から2006年8月28日付けで回収命令が出されるとともに、会社幹部らの刑事訴追に発展した。2008年11月、パロマ・グループが事故の該当機器を点検することを決めた2006年7月14日にちなんで、毎年7月14日を「パロマ製品安全の日」とし、毎年7月を「パロマ製品安全月間」と定めた。期間中は、「製品安全自主行動計画」の読み合わせや講習会など、社員一人ひとりが消費者の安全を第一に考える意識を促す取り組みを実施している。従業員や消費者から収集した「ヒヤリ・ハット情報」に基づく改善提案など、「全社員で安全を追求する」企業体質づくりに取り組んでいる。さらに2009年1月に、消費者から広く意見を求めるための「消費者の皆様との意見交換会」を開催し、以降定期的に開催している。さらに2010年2月、パロマ・グループが企業活動を通じて得た利益の一部を社会に還元し、科学技術振興を支援することを目的とした「財団法人　パロマ環境技術開発財団」を設立した。同財団では、助成金支給事業の募集と協賛金寄付事業の2つの事業を計画し、実施している。1つ目の助成金支給事業では、ガス燃焼機器とそれに関連する安全技術、加工技術など科学技術の学術的研究を行う研究者に対して助成している。2つ目の協賛金寄付事業では、製品安全啓蒙セミナーなどを実施する団体に対して協賛金の寄付を行っている。創業100周年となった2011年2月1日に、製造子会社のパロマ工業と合併。特許権など知的財産権の継承の関係で、パロマ工業を存続会社としたが、社名は商標としても知られている「株式会社パロマ」へ変更した。合併の目的としては、製販一体化による「お客様品質」の向上、リスク情報の共有化による企業コンプライアンス|コンプライアンスの強化、および経営のスリム化と意思決定のスピードアップ、と言うことであった。2011年3月の東日本大震災の際に、震災発生から3日後の同年3月14日、東海地区での災害に備えて本社に備蓄している水や米、炊き出し用のガス炊飯器、非常食2000食に加え、全国の従業員から寄せられた毛布約400枚、タオル約2000枚などを4tトラック（パロマ実演車）に積み込み、仙台市の被災地に直接送り届けた。同時に、全国の従業員に応援を呼びかけ、被災地における給湯器などの復旧作業にあたるとともに、給湯器の部品を可能な限り回収して被災地へ送り届けた。さらに被災地ではガソリンの供給がストップしていたため、パロマ・グループが保有しているLPガス車を全国から集めて被災地へ運んだ。2013年2月に、社会貢献活動の一環として、名古屋第二赤十字病院に対して、手術支援ロボット「ダ・ヴィンチ」を寄贈した。同年8月に、同社清洲工場、大口工場に小学生を招いて工場見学会を実施したが、これ以降毎年の恒例行事として継続している。さらに、本社のある名古屋市瑞穂区の近隣の小学校や婦人会と共同して、防災訓練や炊き出し訓練を恒例で実施している。ナゴヤ球場や横浜スタジアム（以下ハマスタ）で、スポンサー活動としてバックネットなどに「パロマ給湯器」や「Paloma」のロゴを掲出していたことでも知られる。その後2005年を最後にハマスタでの掲出を一旦終了したが、2014年に、横浜ベイスターズの後身球団である横浜DeNAベイスターズとスポンサー契約してハマスタのバックネット裏へのロゴ掲出が復活、2015年から2017年まではヘルメットへのロゴの掲出も行っていた。2015年に、企業の透明性と社会性を高めるために社外取締役を3名に増員して社外監査役を招聘した。社外取締役にロサンゼルスオリンピック女子バレーボール銅メダリストで有名な三屋裕子氏や元ソニー役員、監査法人元理事長が名を連ねている。同年、名古屋市瑞穂区にある瑞穂運動公園の命名権（ネーミングライツ）を取得し「パロマ瑞穂スポーツパーク」とした他、同陸上競技場を「パロマ瑞穂スタジアム」とした。同スタジアムは、サッカーJリーグの名古屋グランパスエイト|名古屋グランパスのホームグラウンドである。2016年に、同スタジアムで開催される日本陸上選手権で使用されるハードルなど器具一式を寄附している。同年、東京メトロの駅ホームなどの看板100面に、広告を掲出。一般から募集した写真から選出した100枚をこの看板に掲出したことから、広く話題を呼んだ。グッドデザイン賞も多数受賞しており、2012年にテーブルコンロの「GRANDCHEF」、2013年にビルトインコンロ「crea」、2014年にビルトインコンロ「Faceis」、2015年にふろ給湯器リモコン「FELIMO」、2016年にビルトインコンロ「コンパクトキッチンシリーズ」において受賞している。業界における大手メーカーではあるが、2018年時点で非上場である。
3550,旧新日鉄グループの日鐵溶接工業と旧住友金属グループの住金溶接工業の両社の溶接部門が会社分割により統合し、2002年（平成14年）に発足した企業である。2008年（平成20年）に親会社の日鐵溶接工業を合併(企業)|吸収合併し、一方で2006年（平成18年）に住金溶接工業が解散した。製品は、溶接作業で使用される材料（溶接材料）と、溶接作業で用いられる産業機械の溶接機器が主体。溶接関連の製品ではないものの、金属管入り光ファイバーの製造も行う。製造拠点は、千葉（千葉県習志野市）・光（山口県光市）の2工場がある。本社は東京都江東区にあり、日本国内の8都市に支店を構える。
3550,1890年に4人兄弟により、アームストロング・ブラザーズTool社がシカゴ（イリノイ州）にて創立される。創業時は、自転車パーツを製造・供給していた。1909年に、鍛造によるスパナを製造する事に始まり、現在では、整備士用工具、配管用工具、切断工具等が主力となっている。現在はApexToolGroupの一員である。
3550,"ISO・JISにおける高精度硬さ検査の為にどの点を測定しても同じ数値が出る、3トンから10グラム以下の負荷に対応できる130種類の硬さ基準片を製造しており、事実上の世界基準となっているname\""chusho\""。また、ISO・JIS以外の各種工業的硬さ検査にも用いられ、国内シェアの95％を占めているname\""chusho\""。代表取締役の山本卓は硬さ国際会議(:en:InternationalMeasurementConfederation|IMEKO・TC5)の民間で唯一のメンバーである{{Citeweb|date2011-04-18|urlhttp:www.city.funabashi.chiba.jpkurashisangyou0001p013859.html|title株式会社山本科学工具研究社|work工場名鑑|publisher船橋市|language日本語|archiveurlhttp:archive.fo2013.04.23-071809http:www.city.funabashi.chiba.jpkurashisangyou0001p013859.html|archivedate2013-04-23|accessdate2019-05-27|deadlinkdate2019-05-27}}。"
3550,"*オリジナル技術「'''モーションデザインテック'''」は動きをデザインし、扉や蓋の開閉に快適で心地よい動作を提供しているname\"":1\""http:www.sugatsune.co.jpmotionconceptモーションデザインテックスガツネ工業〈産業機器用機構部品の総合メーカー〉。*オリジナルブランド「'''LAMP'''」の名前はスガツネ工業の「常」の字を崩すと「火に吊るす」という字になることから由来している。特に終戦直後の混乱期から、スガツネ工業の製品で僅かでも社会を明るくできたらとの願いを込めて使用するようになったhttp:digital-book.sugatsune.comiportalCatalogSearch.do?methodcatalogSearchByDefaultSettingCategories&volumeIDSGT00001&designIDARCHスガツネ工業-総合カタログ（家具金物・建築金物）No.200A-1巻p.930。*公式サイトは'''スガツネット'''と呼ばれ、取扱製品をはじめ、CAD・取説データ、施工例写真、動画、展示会情報、カタログ情報等、幅広い情報を発信している。特に技術情報製品情報(基礎知識・用語集)では金物をはじめとする製品の様々な知識を提供しているname\"":1\""。"
3550,創業者の立川孟美が1938年（昭和13年）に東京都台東区柳橋で有限会社「立川工業所」を創業。当初は布製及び木製ブラインドの製造・販売を開始するも、終戦後の1947年（昭和22年）に株式会社に改組後は木製及びジュラルミン製ブラインドに切り替えると共に生産を拡大。1971年（昭和46年）に発売された、インテリアブラインド「シルキー」のヒットで、ブラインド製品でトップシェアを築くと共に、現在に至る。一般的には、同社製品の取り扱い店で「タチカワブラインド」と片仮名表記が知られている他、商品の性格上、広義ではインテリア業界に属する。ブラインド最大手であり、アイテム数が多い。他には天窓、傾斜窓やロールスクリーンやラインドレープ、バーチカルブラインドなどのファブリック製品、アコーデオンカーテンなどの間仕切り、住宅用オーニング、カーテンレールなどを扱うが、採光、遮光という用途を持った商品に特化しているのが特徴である。
3550,石油ストーブや石油ファンヒーターなどの暖房器具をメインにエア・コンディショナー|エアコンや除湿機・加湿器を始めとする空調機器、また給湯器や温水器など住設機器の製造・販売を行っている。最近では自然冷媒ヒートポンプ式給湯機エコキュート事業にも力を入れており、世界で初めてエコキュートを販売するなどシェアを拡げつつある。同じく新潟県が本社のダイニチ工業とは創業地が同じ三条市であり、石油暖房機器分野でシェア争いを続けている。暖房機器のイメージが強いが、かつて冷蔵庫、電子レンジ、洗濯機、掃除機といった家電の製造販売もしていた時期がある。2005年3月をもって松下電器産業（現・パナソニック）が石油暖房機器製造から撤退したことに伴い、ナショナルショップ（現・パナソニックショップ）にもコロナ製石油暖房機器が供給されるようになった。
3550,業務用大型石油ストーブ、家庭用石油ファンヒーターの国内シェアトップであり、2013年以降は加湿器においても国内シェアトップである。家庭用石油ファンヒーターでは、大手家電メーカーが撤退したことによりシェアが上昇。加湿器、空気清浄機、焙煎機能付コーヒーメーカー、生ごみ乾燥処理機などの分野にも進出。海外製造品が多い加湿器やセラミックファンヒーターにおいても自社による国内製造を行っている。同じく新潟県が本社のコロナ(暖房器具)|コロナとは創業地が同じ三条市でライバル関係にあり、石油暖房機器分野でシェア争いを続けている。社名は「大日」に由来する。これは現会長が創業時に社名について悩んでいたところ、夢の中に大日如来が現れ、そこで世の中のためになる仕事をするようにというお告げを受けたこと、また、戦争で疲弊していた当時の日本を再び大きな日本へと甦らせたいということから、「大日」より「ダイニチ工業」と命名したhttp:www.dainichi-net.co.jpusefulvirtualqa.htm#yuraiダイニチ工業「工場見学QアンドA」。
3550,大手鋼|鉄鋼メーカーの新日鐵住金が全額出資する子会社である。鋼製ドラム缶の製造を主体に、非鋼性容器（コンテナ）の製造、液体充填機・ドラム缶製造設備などの機械類の設計・製造を行う。かつて東京証券取引所|東証2部に上場していたが、2007年に株式交換によって新日鉄の完全子会社となり、上場廃止になった。本社は東京都江東区亀戸一丁目にあり、大阪市と名古屋市に支店を構える。製造拠点は千葉工場（千葉県市原市）・相模原工場（神奈川県相模原市）・名古屋工場（愛知県東海市）・大阪工場（大阪府泉大津市）の4か所。
3550,ウェハー|半導体用ウェーハ生産の世界シェアは首位の信越化学工業（30%強）に肉薄し、世界シェア30%弱の2位(2017年12月現在)。
3550,1598年（慶長3年）創業の綿屋を前身とし、代々の当主が「綿屋半三郎」を襲名していたことが「綿半」の由来となっているhttp:watahan.co.jpholdingshistory.html綿半ホールディングス企業沿革。明治初期には金物店に転換し、その後も時代につれて事業の場を変えている。現在では小売・建設・貿易分野が主な事業となっている。
3550,リンナイという社名は、創設者の'''林'''兼吉と'''内'''藤秀次郎から一字を取ったもの。当初「ナイリン」だったが、語呂が悪かった為、「リンナイ」に変更した。名古屋瓦斯（現・東邦ガス）の社員だった二人が、スウェーデン製石油コンロを譲ってもらったのがきっかけとなり{{efn|中日新聞経済部編「時流の先へ中部財界ものがたり」p271}}、1920年（大正9年）9月に石油コンロ卸売業者「林内商会」として設立。国内では長らく「ガスとエレクトロニクス」というキャッチフレーズを用いてきた。なお、CMのサウンドロゴは国によって異なる。また、スポンサークレジットは長年“'''R'''の穴部分を紅い炎にした社紋”と、その下に「リンナイガス器具」であったが、2006年（平成18年）から「Rinnai」となった。また、製品は同じ愛知県に本社があるINAX（現LIXIL）にもOEM供給されている（給湯機器はINAX扱いの製品も一部Rinnaiブランドのまま販売される）。2006年（平成18年）に同じく愛知県内に本社のあるパロマ(企業)|パロマが起こした一連の湯沸器事故の不祥事で、リンナイにも風評被害が出るのではと言われていたが、パロマに対する消費者の嫌気（不買ムード）により給湯器部門（特に、小型瞬間湯沸器）でリンナイのシェアが延びた。また、旧松下電器産業（現パナソニック）が2007年（平成19年）4月にガス器具製造販売を撤退したことに伴い、リンナイ製品はパナソニックショップ（当時はナショナルショップ）にも供給されている。
3550,サンスターグループ創業者で自転車の販売業を営んでいた金田邦夫が、タイヤ用のゴム糊と、それを充填するチューブ(容器)|金属チューブを自ら製造したことが始まりであり、サンスター技研はグループの源流にあたる。1954年当時のサンスター歯磨から分離した当初は、極東化成が人造皮革|レザーとゴム糊、巴産業が自転車部品、太陽チューブ工業が金属容器の製造を行っていたが、その後合併を経て、現在のサンスター技研では主に車両用部品やコーキング|シーリング剤などを製造している。なおグループ創業時のサンスター自転車と共にあった自転車部品については、自動車部品への参入に伴い一時手を引いたが、近年は電動アシスト自転車のモーターユニットを開発し再参入している。サンスターと同じく商標としてペンギンを使用しており、かつては金属部品の刻印にも使用していたが、現在はシーリング剤のブランドとグループ内組織の名称に使用している。2005年よりグローバル展開を見据えてシンガポールに本拠地を移動し、日本は現地法人扱いとなった。
3550,山口県下関市に本社を置く住宅設備機器メーカー。主力製品として給湯器|ガス給湯器、給湯器|石油給湯器、エア・コンディショナー|ルームエアコン、温水暖房|ヒートポンプ式温水暖房などがある。その他にシステムバスやシステムキッチン、ソーラー関連機器の製造販売も行っている。近年は、「'''技術でエコを変えていく'''」をテーマに環境配慮型製品に注力している。グループ会社は親会社である同社と連結子会社4社、非連結子会社数社から構成されている。
