4050,2002年に北海道プラントサービスと苫小牧共同発電が合併してできた北海道電力の関連会社であるhttp:www.hpec.jpcompanyhistory.html北海道パワーエンジニアリング沿革。苫小牧共同発電は北海道電力と日本軽金属の合弁会社であった。
4050,当社は太平洋戦争中の1942年（昭和17年)に岡山県の要請により三菱重工業水島航空機製作所に工業用燃料を供給することを目的に東邦ガスによって設立された。現在は工業地帯と倉敷市南西部の一般住宅に工業用液化天然ガスや都市ガス等を供給。2008年（平成20年）8月から2009年（平成21年）5月にかけて都市ガスを天然ガスに順次転換。'''供給エリア'''*倉敷市**水島地域|水島地区**玉島地域|玉島地区**西阿知地区
4050,"簡易ガスは柴田町・白石市各3団地、岩沼市2団地の計8か所で、液化石油ガス|プロパンガスを供給している。都市ガスは、東北天然ガスのパイプライン輸送|パイプラインより減圧分岐した天然ガスを、名取市のなとりりんくうタウンに供給しているname\""gaiyo\""。"
4050,*本社所在地—福井県越前市家久町118-10-2*社長—竹中善一（敦賀ガス社長を兼務）*資本金—1億円*出資者—関西電力株式会社（85%）、敦賀ガス株式会社（10%）、田中建設株式会社（5%）**越前市が3000万円相当の株式を無償で譲り受ける*供給—約6200件
4050,供給するガスは天然ガス（13A）で、石油資源開発長岡鉱業所より受け入れている。2010年3月末現在、供給区域内の世帯数3788件に対し需要家のメーター件数は3379件で、約89%の普及率となっている。
4050,1960年7月に会社設立し、同年12月に事業を開始した。1996年には契約が5000戸を超えた。2012年12月現在では6248戸にまで契約数が増えている。その一方、供給区域以外でガスの供給をしていることが発覚し、2012年10月12日に経済産業省関東経済産業局資源エネルギー環境部から厳重注意を受けている{{PDFlink|http:www.kanto.meti.go.jpannaihododata20121012saitama_gas.pdf関東経済産業局資源エネルギー環境部ガス事業法違反に対する厳重注意について2012年10月12日}}。
4050,"1971年6月に設立され、太田市の一部および邑楽郡大泉町全域に、東京ガスおよび国際石油開発帝石よりパイプライン輸送|パイプラインを通じて卸供給を受けた都市ガス（13A）の供給を行う。2013年12月末時点の需要家数は12437（取付メーター数基準）name\""meti\""。2015年3月には、太田市が設立する特定規模電気事業者|新電力会社「おおた電力」に資本参加した（資本金500万円のうち、太田市300万円、太田都市ガス・V-Power各100万円）name\""bp\""{{Citenews|title地産地消を目指して太田市が電力会社設立|newspaper新・公民連携最前線日経BP|date2015-03-17|urlhttp:www.nikkeibp.co.jparticletk20150313439114|accessdate2016-06-19}}。同年11月には、家庭用・業務用低圧電力の販売に関し東京ガスと業務提携を結んだname\""tg\""{{Citepressrelease|title家庭用や業務用のお客さま向け低圧電力の販売に関する業務提携について|publisher東京ガス・太田都市ガス|date2015-11-24|urlhttp:www.tokyo-gas.co.jpPress20151124-02.html|accessdate2016-06-19}}。将来的には、太田市内の工業団地においてコジェネレーションの導入も計画しているname\""bp\""。"
4050,春日部市、越谷市、吉川市、さいたま市岩槻区、蓮田市、松伏町、宮代町、久喜市、加須市、茨城県五霞町において都市ガス事業を展開している。また埼玉県加須市と比企郡滑川町、栃木県下都賀郡壬生町などでプロパンガスの販売営業所を展開している。
4050,"{{Citeweb|urlhttp:www.ogakigas.co.jpkigyougaiyou.html|title会社概要|publisher大垣ガス株式会社|accessdate2015-11-17}}|代表者代表取締役社長上田元久name\""概要\""|資本金2億4207万円name\""概要\""|発行済株式総数|売上高約84億円name\""概要\""|営業利益|純利益|純資産|総資産|従業員数130名（パート等職員を含む）name\""概要\""|決算期|主要株主イビデン|イビデン（株）|主要子会社大垣ガスほのりん株式会社|外部リンクhttp:www.ogakigas.co.jp|特記事項}}'''大垣ガス株式会社'''（おおがきガス）は日本のガス事業者。岐阜県大垣市に本社を置く一般ガス事業者である。経営の理念として「信頼の炎」を掲げている。営業エリアは合併前の大垣市一円。シンボルカラーはオレンジとグリーン、イメージキャラクターは「'''ほのりん'''」。"
4050,"ublisher鹿島建設|accessdate2015-02-08}}name\""kajima2\""{{Citeweb|date2006-12|urlhttp:www.kajima.co.jpnewsdigestdec_2006tokushuindex-j.htm|title特集：まもなく完成，サミットウインドパワー鹿嶋発電所調達・建設・試運転|publisher鹿島建設|accessdate2015-02-08}}}}"
4050,2004年、東京瓦斯の関連会社である株式会社東京ガス横須賀パワーによって建設され、2006年から運転を開始したhttp:www.tokyo-gas.co.jpPress20060601-01.html東京ガスプレスリリース:株式会社東京ガス横須賀パワーが営業運転を開始。発電所の運転業務は東京発電に委託http:www.tgn.or.jptegbusinesst_trust.html東京発電火力発電事業しており、ガスタービンエンジン|ガスタービンと蒸気タービンを組み合わせたコンバインドサイクル発電|ガスタービンコンバインドサイクルによる火力発電を行い、発生電力を東京電力に供給している。
4050,}*発電方式：コンバインドサイクル発電方式;1号機:定格出力：27.7万kW:使用燃料：LNG:熱効率：57%（低位発熱量基準）:営業運転開始：2009年5月1日;2号機:定格出力：27.7万kW:使用燃料：LNG:熱効率：57%（低位発熱量基準）:営業運転開始：2009年4月1日;3号機:定格出力：27.75万kW:使用燃料：LNG:熱効率：57%（低位発熱量基準）:営業運転開始：2009年11月1日;4号機:定格出力：27.75万kW:使用燃料：LNG:熱効率：57%（低位発熱量基準）:営業運転開始：2009年10月1日
4050,*本社-愛媛県西宇和郡伊方町*事業-風力発電事業*資本金-2億円*株主-エコ・パワー（80%）・伊方町（20%）
4050,1942年（昭和17年）に、蒲田煉炭有限会社として創業（1973年にカマタ株式会社となる）。「レモンガス」の商標で、LPガスの小売、卸売などをおこなっている。現在の法人は、グループ内での再編により、カマタ株式会社（現・アクアクララレモンガスホールディングス株式会社）からLP事業を承継したシンカナ株式会社がレモンガス株式会社に商号（社名）変更したものである。社名の由来は、'''L'''pgas、'''E'''nergy、'''M'''edia、'''O'''pen、'''N'''etworkの頭文字を並べたところから。独自にLPガス24時間集中監視システムを構築している。事業所は東京都、埼玉県、神奈川県、静岡県に支店等がある。
4050,*風力発電設備-1500kW×34基、計51000kW*蓄電設備-ナトリウム・硫黄電池2000kW×17ユニット（常時15ユニット併入）:風力発電設備と蓄電設備を組み合わせることにより系統への出力を一定に保つとともに、深夜に蓄電した電力を日中に供給することが可能となる。*交流・直流変換設備-2000kW×17ユニット（常時15ユニット併入）*連系変圧器-一次電圧（系統側）154kV(60MVA)、二次電圧（風車側）22kV(60MVA)、三次電圧（蓄電池側）6.6kV(40MVA)二又風力発電所パンフレット（2009年12月、二又風力開発作成）
4050,"大分ソーラーパワーは、大分県大分市の別府湾岸に位置する大分臨海工業地帯の埋立地（6号地）に丸紅エネックス、昭和電工、日本触媒が所有する遊休地105haを借り受けて建設されたname\""godo20120915\""http:www2.oita-press.co.jplocalNews2012_134767015416.html国内有数のメガソーラー計画大分市東部大分合同新聞、2012年9月15日。2013年3月に着工し、2014年3月12日に商業運転を開始した。発電した電力は20年間にわたり九州電力に売電される。出力は82.02MWで、鹿児島七ツ島メガソーラー発電所の70MWを上回り、日本の太陽光発電所で2015年7月現在で最大。また、風力発電所の新出雲風力発電所の78MWをも上回り、再生可能エネルギーの発電施設としても日本最大であるhttp:www.itmedia.co.jpsmartjapanarticles140424news031.htmlスマートシティ：日本最大82MWのメガソーラーが大分で運転開始、売電収入は年間35億円にもスマートジャパン（ITmedia）、2014年4月24日。年間予想発電量は8700万kWhで、一般家庭約3万世帯分にあたる。二酸化炭素削減効果は年間約3.5万トン{{PDFlink|http:www.marubeni.co.jpnews2014release140423.pdf大分市でのメガソーラー稼動・竣工式開催の件}}丸紅株式会社、2014年4月23日。太陽光パネルはハンファグループのQセルズ製を約34万枚使用しているhttp:www.nikkan.co.jpnewsnkx1420140425hlak.html丸紅、大分のメガソーラーが稼働−年間発電量3万世帯分日刊工業新聞、2014年4月25日。2016年12月に丸紅により吸収合併されることが発表されており、2017年2月28日付で法人格は消滅する予定。なお、大分ソーラーパワーの事業に関しては大分メガソーラー一般社団法人が設立し、日本政策投資銀行が出資する大分メガソーラー合同会社に譲渡される予定となっている連結子会社の吸収合併（簡易合併・略式合併）および会社分割（簡易吸収分割）に関するお知らせ（丸紅株式会社、2016年12月26日）http:www.marubeni.co.jpnews2016release20161226.pdf。"
4050,|発行済株式総数|売上高|営業利益|経常利益|純利益|純資産|総資産|従業員数|支店舗数|決算期|主要株主|主要子会社|関係する人物|外部リンクhttp:www.ion-green.jp|特記事項}}'''イオングリーン電力株式会社'''（英語|英称：''IONGREENELECTRICITYCO.LTD.''）は、愛知県名古屋市に本社がある電力会社。
4050,持続可能な社会実現のため、環境エネルギーを背景にイノベーションを巻き起こし、多様性エネルギー創造企業のリーディングカンパニーを目指すベンチャー企業である。社名エナシティは、人々の消費や生きる活力（Energyエネルギーエナジー）と多様化（Diversityダイバーシティ）する社会を見据えることからの造語である。
4050,供給するガスは天然ガス（13A）で、東京瓦斯よりパイプライン輸送|パイプラインで受け入れている。供給区域は久喜市鷲宮地区および加須市花崎地区・大利根町|大利根地区で、供給先は2009年3月現在10458件。
4050,SBパワーはソフトバンクグループのSBエナジーや一般企業およびJEPXから電力調達を行い、販売委託先であるソフトバンクを通して、高圧電力の法人向け販売を開始。{{citeweb|urlhttp:www.itmedia.co.jpsmartjapanarticles140703news066.html|title電力と通信を組み合わせた小売、ソフトバンクグループが全国展開へ|publisherITmedia|date2014-7-3|accessdate2015-1-22}}2016年4月からの低圧電力の自由化に伴い、一般家庭向け販売も開始している。{{citeweb|urlhttp:www.asahi.comarticlesASG103631G10ULFA009.html?icomtop_6_04|titleソフトバンク、電力小売り参入へ　企業向けは今春にも|publisher朝日新聞デジタル|date2014-1-31|accessdate2015-1-22}}
4050,長崎県におけるLPガス販売では最大手namejarahttp:www.jara.or.jpreport20162016chopro_rc.html長崎に新しい実業団「チョープロ・ローイングクラブ」が発足-日本ボート協会。またガス以外にも太陽光発電の売電事業や住宅リフォーム事業などを手がけている。2016年には電力自由化に伴い、新たに子会社として「長崎地域電力」を設立し小売電気事業者|小売電気事業に参入している。また同年8月には、ソーラーフロンティアとの合弁会社である「長崎ソーラーエナジー」が手がけた「長崎空港隣接地メガソーラー」が運転を開始しているhttp:www.itmedia.co.jpsmartjapanarticles160819news024.html海に浮かぶ空港に太陽光発電所、1万世帯分の電力を海底ケーブルで-SmartJapan・2016年8月19日。スポーツ支援に積極的で、2010年からは同じ長崎県の日本プロサッカーリーグ|JリーグチームであるV・ファーレン長崎のスポンサーを務めているhttp:www.nagasaki-np.co.jpnewsv-varen20110301103201.shtmlチョープロと契約ジャパネット地域活動で支援-長崎新聞・2011年3月1日。2017年現在はユニフォーム背中スポンサーを務めるほか、かつてはチームの大株主の一社でもあり、2017年2月に同チームのV・ファーレン長崎#経営問題|経営問題が発覚した際には、当社の社長である荒木健治が一時会長を務めた。ただ同年3月にジャパネットたかたが同チームを100%子会社化する方針を発表したため、株式の買い取りに応じ株主から外れた。そのほか2016年には新たにボートチームとして「チョープロ・ローイングクラブ」を発足させたnamejara。
4050,前ガス(株)の熱量変更終了に伴う料金改定等について）|newspaper経済産業省東北経済産業局|date2009-06-26|urlhttp:www.tohoku.meti.go.jpgasjigyokaiteiaomori090626hirosaki.html|accessdate2016-06-13|archiveurlhttps:web.archive.orgweb20091111052608http:www.tohoku.meti.go.jpgasjigyokaiteiaomori090626hirosaki.html|archivedate2009年11月11日|deadlinkdate2017年10月}}|資本金8500万円namebhttps:disclosure.edinet-fsa.go.jpE01EWBLMainController.jsp?uji.verbW1E63010CXW1E6A010DSPSch&uji.beanee.bean.parent.EECommonSearchBean&TIDW1E63011&PIDW1E63010&SESSIONKEY1465806736086&lgKbn2&pkbn0&skbn0&dskb&dflg0&iflg0&preId1&row100&idx0&syoruiKanriNo&mulE04512&flson&cal1&eraH&yer&mon&pfs4E04512：弘前ガス株式会社　S1005W2F：半期報告書‐第60期（平成27年1月1日‐平成27年12月31日）-EDINET書類簡易検索結果namea|発行済株式総数|売上高|営業利益|純利益|純資産|総資産|従業員数|決算期|主要株主|主要子会社|関係する人物|外部リンクhttp:hg-group.co.jphg-group.co.jp|特記事項}}'''弘前ガス株式会社'''（ひろさきがす）とは青森県弘前市に本社を置き、同市内の一部をエリアとする一般都市ガス事業者。青森県都市ガス協会加盟6社のうちの1社である。
4050,"風力発電所の設置、運営に関する事業を展開する企業である。日立製作所の系列に属しており、茨城県日立市に本社を置くname\""goto20111125\""後藤隆行「掛川の風力『1万世帯分』——今秋、民間発電所が全面稼働」『http:www.chunichi.co.jparticleshizuoka20111125CK2011112502000152.html中日新聞:掛川の風力「1万世帯分」今秋、民間発電所が全面稼働:静岡(CHUNICHIWeb)』中日新聞社、2011年11月25日。。日本国内においては、青森県五所川原市の市浦風力発電所name\""hes20100402_001\""日立エンジニアリング・アンド・サービス・新神戸電機『http:www.hitachi-hes.comnewsdatanews20100402.pdf国内初出力変動緩和型風力発電所が運転開始——長寿命鉛蓄電池併設型大型風力発電所の完成』2010年4月2日、1頁。日立エンジニアリング・アンド・サービス・新神戸電機『http:www.hitachi-hes.comnewsdatanews20100402.pdf国内初出力変動緩和型風力発電所が運転開始——長寿命鉛蓄電池併設型大型風力発電所の完成』2010年4月2日、4頁。、千葉県銚子市のくろしお風力発電所name\""tomamae200903\""『http:www.town.tomamae.lg.jpsectionkikakushinkolg6iib00000006d7-attlg6iib00000006z8.pdf日本における風力発電設備・導入実績』2009年3月。、および、椎柴風力発電所name\""tomamae200903\""、静岡県掛川市の浜野風力発電所name\""goto20111125\""name\""shizuoka20111126\""「新エネルギーに期待——遠州掛川風力発電所——完工式典」『http:www.at-s.comnewsdetail100078853.html新エネルギーに期待遠州掛川風力発電所完工式典|静岡新聞』静岡新聞社・静岡放送、2011年11月26日。、および、遠州掛川風力発電所name\""goto20111125\""name\""shizuoka20111126\""、などの発電施設を稼動させている。"
4050,供給するガスは天然ガスで、水島コンビナートより、広島ガスとの共同出資で設立した瀬戸内パイプラインのパイプライン輸送|導管で受け入れている。
4050,"|代表者代表取締役会長細田勝夫br代表取締役社長加藤正幸name\""概要\""|資本金6750万円name\""概要\""|発行済株式総数|売上高|営業利益|経常利益|純利益|純資産|総資産|従業員数29名name\""概要\""|支店舗数|決算期|所有者|主要株主|主要部門|主要子会社|関係する人物|外部リンクhttp:www.seibugas.com|特記事項}}'''西武ガス株式会社'''（せいぶガス）は、埼玉県飯能市に本社を置く、日本の都市ガス、プロパンガスを主力とするエネルギー販売会社である。"
4050,当社は津山市の中心区域に都市ガス、津山市及び周辺地域に液化石油ガス（LPガス）の供給を行う企業である。*需要家数：9171個（取付メーター数、2009年12月末）*ガス販売量：2611千立方メートル|msup3sup（46MJmsup3sup、2009年1月～12月)
4050,"1960年（昭和35年）4月22日、東北電力株式会社と日本軽金属株式会社との共同出資により設立され、山形県・新潟県を流れる一級河川荒川(羽越)|荒川水系を水源とした水力発電事業を展開。当初は荒川本流に#岩船発電所|岩船発電所を、1978年（昭和53年）には支流の大石川に#大石発電所|大石発電所を建設し、合計最大出力2万2400ワット|キロワット、年間発生電力量約1億1300万キロワット時を東北電力および日本軽金属新潟工場、国土交通省大石ダム管理支所へ供給しているname\""company\""{{Citeweb|urlhttps:www.arasui.comservice.html|title事業案内|publisher荒川水力電気|accessdate2017-11-23}}name\""plantslist\""{{Citeweb|urlhttps:www.arasui.complantslist.html|title事業所と発電所|publisher荒川水力電気|accessdate2017-11-23}}。"
4050,"1966年3月、国の中央港湾審議会は酒田港開発と整備指針を盛り込んだ酒田臨海地域開発計画を決定した。これに基づき、1970年には酒田北港の建設が起工され、相前後し山形県によって港後背地に大規模臨海工業地帯の造成も開始された。1971年9月には造成地に住友軽金属工業が日本のアルミニウム製錬|アルミニウム製錬工場を新設し、アルミニウム圧延と精錬を一貫して手掛けていく方針を表明した『山形県史第7巻現代編下』p.232。1973年2月には住友グループにおける首脳の確執（世に言う長谷川周重#酒田戦争|酒田戦争）から設立が難航していた住軽アルミニウム工業（住軽アルミ）が田中角栄通産相の仲裁でようやく設立されたことを受け「企業城下町・物語8山形編大火の町酒田市民の悲嘆と住軽アルミの良心度秋元秀雄」『宝石』1977年5月号、アルミニウム製錬にあたっては大量の電気を必要とされるため、安価な電力を住軽アルミに供給することを目的に『山形県史第7巻現代編下』p.234、同年4月2日、東北電力と住軽アルミの共同出資によって酒田共同火力発電株式会社は設立された。しかし同年10月に勃発した第四次中東戦争の影響から、原油価格は大幅に引き上げられ、石油火力発電によって生まれる電力を原料とするアルミニウム製錬にとっては大幅なコスト高となることが想定された『山形県史第7巻現代編下』p.235。こうした中、1977年1月に住軽アルミは先行きも危ぶまれながら操業を始め、同年10月には酒田共同火力発電所も発電を開始した。1980年11月、創業以来赤字が続くが住軽アルミはその状況から脱する方策として、精錬コスト削減を図るため石炭火力による20万KW自家電力発電設備を建設する構想を打ち出した『山形県史第7巻現代編下』p.236。この石炭火力への転換構想は、翌年3月住軽アルミ、東北電力、酒田共同火力との間で合意が成立した。合意内容は、住軽アルミは自家電力発電計画を白紙撤回。その代りに酒田共同火力が石炭火力への転換を行い、35万KWの発電機2基を1982年3月から建設。1984年6月に1号機を完成させ、1985年5月までに全面的に石炭へ転換するとした『山形県史第7巻現代編下』p.237。だが、石炭火力への移行を試みたとしても依然としてアルミ地金は海外相場より割高であったため、住軽アルミの赤字体質からの脱却は成就されることなく、結局大幅な減産を経つつ全電解炉操業停止に至り、1982年5月31日に住軽アルミは解散。酒田工場の鋳造部門は残置され、新社である住軽アルミ鋳造として改編された。住軽アルミの撤退後、酒田共同火力は一般用売電を目的とした発電所として残存することとなり、燃料の石炭化も進み、1987年7月10日には東北電力の完全子会社とされた。発電された電力は全て東北電力に供給されている。2004年1月14日には、住友商事が酒田北港に設置した洋上風力発電|風力発電所であるサミットウインドパワー酒田発電所（現：JRE酒田風力発電所）{{nest|group\""注\""|2014年4月、サミットウインドパワーからジャパン・リニューアブル・エナジーの子会社である合同会社JRE酒田風力に風力発電設備が譲渡される{{citepress|titleジャパン・リニューアブル・エナジーが酒田風力発電事業を開始します|author|agency|publisherジャパン・リニューアブル・エナジー|date2014-4-15|urlhttp:www.jre.co.jppdfnews_20140415.pdf#search%27%E3%82%B5%E3%83%9F%E3%83%83%E3%83%88%E3%82%A6%E3%82%A4%E3%83%B3%E3%83%89%E3%83%91%E3%83%AF%E3%83%BC%E9%85%92%E7%94%B0%E7%99%BA%E9%9B%BB%E6%89%80%27|accessdate2017-9-19}}。}}が発電を開始し、酒田共同火力は同所の運転・保守管理業務を受託していた。"
4050,"革・組織図（札幌エネルギー供給公社）。札幌市は、北海道熱供給公社と札幌エネルギー供給公社の統合の意向をもっているname\""system\""{{PDFlink|http:www.city.sapporo.jpsomushusshi-dantaisystemh26documentsh26-09-2.pdf北海道熱供給公社}}（札幌市出資団体評価システム）。*北海道地域暖房株式会社-札幌市新札幌副都心|厚別・真駒内地区で地域熱供給事業を行う。"
4050,太平洋セメントが電力卸供給事業(IPP事業)として2003年1月に着工を開始。2005年4月1日に電源開発と共同事業化協定を締結し、電源開発と四国電力、太平洋セメントの3社が共同出資して設立した土佐発電株式会社が経営する発電所となり、同日に運転を開始したhttp:www.taiheiyo-cement.co.jpnewsnews030319.html糸魚川及び土佐IPPの共同事業化について太平洋セメントhttp:www.jpower.co.jpnews_releasenews050331-3.html土佐IPP事業についての営業譲受けおよび運転開始について電源開発。
4050,2000年の電力自由化に伴い、各施設に電力の小売販売を行っている。電力は工場が所有している発電設備の余剰分、すなわち余剰電力をメインに調達し販売している。今後、民間企業への電力提供を積極的に行っていく方針である。現在代理店方式により営業活動を行いシェアを広げている。
4050,南日本ガス。そのため、燃焼器具（ガス器具）については13A用のものが使用可能であるが、ガス警報器についてはLPG用を適切に使用する必要がある。
4050,日立製作所が100%出資する特別目的事業体|特別目的会社である。朝霞浄水場・三園浄水場常用発電設備等整備事業に係る電力、蒸気及び次亜塩素酸ナトリウム売却並びに発生土買入を主要事業としており、主たる委託者は東京都水道局である。
4050,東京都庁|東京都などが出資する第三セクター会社である。水再生センター等の下水道施設・下水道管路・資源化施設の維持管理及び施工管理、下水道に関する研究及び調査、下水道に関する研修等を主要事業としており、主たる委託者は東京都下水道局である。
4050,東京・埼玉・栃木・群馬・茨城・千葉・神奈川・山梨・静岡の1都8県でLPガスを供給している。神奈川県一部地域において都市ガス供給を行っている。また、埼玉県南部地域および東京都多摩地域の一部においても、関連会社・大東ガス株式会社（本社：埼玉県三芳町）による都市ガス供給を行っている。またこの会社は2016年の４月から電気の販売をしている。
4050,1925年（大正14年）10月に創業し、ナフサガスを1974年（昭和49年）8月まで供給。その後天然ガスに切り替えた。また、この会社のガスタンクは大きい方は織姫の絵が描かれており、小さいほうはサッカーボールが描かれている。
4050,2002年にサミットエナジー（住友商事100%出資子会社）と日本海水が共同出資して設立したサミット小名浜エスパワー株式会社が経営する発電所である。日本海水小名浜工場への電力および蒸気の供給ならびに特定規模電気事業者であるサミットエナジーへ小売電力を供給する蒸気供給併用型高効率発電設備として2004年10月に運転を開始した。
4050,大分県大分市、別府市、由布市地域への都市ガス供給を主要事業とし、供給戸数は82677件（2007年3月末現在）である。また、同地域内の住宅団地での簡易ガス事業や、液化石油ガス|プロパンガス事業も行っている。大分トリニータのクラブ・オフィシャル・サポーターになっている。
4050,洲本市の中心区域に都市ガスの供給を行う企業である。洲本市及び周辺地域への液化石油ガス（LPガス）の供給は関連会社の洲本液化ガス株式会社が行っている。!--*需要家数：個（取付メーター数、2009年12月末）*ガス販売量：m&sup3;（46MJm&sup3;、2009年1月～12月)--
4050,大阪市水道局が株式の100%を所有する株式会社で、大阪市水道局の監理団体。前身は'''財団法人大阪市水道事業サービス協会'''と'''財団法人大阪市水道技術協会'''で、2007年4月1日に大阪市水道技術協会が大阪市水道事業サービス協会に統合され、2008年7月1日に大阪市水道事業サービス協会から業務を引き継ぐ形で営業を開始した。水道メーターの検針・窓口対応・料金徴収業務などから、貯水槽|受水槽・高架水槽の検査業務、上水道施設の運転・維持管理業務、コンサルティングやセミナーの開催など上水道に関する幅広い業務を受託している。また自社で上水道に関するソフトウェア・システム開発も手がける。元々大阪市水道局の委託業務を随意契約で大阪市内の検針業務などを受託する会社であったが、2013年に大阪市は水道事業での随意契約を廃止し、一般競争入札を基本としたため、2013年度決算では赤字に転落した。しかし、2014年度以降は大阪広域水道企業団などの他の水道事業体からの受託業務を増やしたため、黒字に転換している。
4050,"島根県江津市松川町上河戸390番22号の江津拠点工業団地内に立地。エネ・ビジョン（豊田通商のグループ会社）の100％子会社「合同会社しまね森林発電」が管理・運営を行っている。2015年7月に稼動を開始。出力1万2700キロワットで年間発電量は一般家庭約2万3千世帯分に相当name\""gaiyo\""https:archive.is20151104225409http:www.sankei.comregionnews150608rgn1506080009-n1.html国内最大級の木質バイオマス発電所完成（2015年11月4日時点のインターネットアーカイブ|アーカイブ）-産経ニュース（2015年6月8日）、2015年11月2日閲覧。。木質バイオマス発電所としては国内最大級name\""gaiyo\""。発電した電力は中国電力に売電している。"
4050,オーストラリア、インドネシア、樺太|サハリンから年間171万トンのLNGを受け入れhttp:www.oitalng.co.jpbusinessacceptance.shtml大分エル・エヌ・ジー株式会社　事業のご案内受け入れ参照、気化してガスの状態でパイプライン輸送|パイプラインにより九州電力新大分発電所や大分瓦斯大分工場へ送出http:www.oitalng.co.jpbusinessacceptance.shtml大分エル・エヌ・ジー株式会社　事業のご案内供給先天然ガスの供給先参照するとともに、LNGの状態でタンクローリーにより大分瓦斯、出水ガス、日本瓦斯、西部ガスへの供給を行っている。
4050,"1915年（大正4年）2月18日に「下関瓦斯株式会社」として設立name\""mainichi-np-2015-2-19\""。その後、1929年（昭和4年）3月に防府瓦斯、1935年（昭和10年）7月に徳山瓦斯、1977年（昭和52年）12月に山口瓦斯、小野田瓦斯を合併し、現在の「山口合同ガス株式会社」となる。2014年（平成26年）4月に宇部市の部分（後述）が当社の供給エリアとなったため、山口県で唯一の都市ガス事業者となっている。バス事業者のサンデン交通とは経営者同士が親族であり、元国会議員の林義郎（サンデン交通会長）は子会社の西日本液化ガス（液化石油ガス|LPガス事業者）の会長を兼ねていた。ただし、相互にグループ会社とはなっていない。"
4050,2009年度の販売電力量は74億78百キロワットで電力会社|一般電気事業者10社中10位。一般家庭向けが39.5%、商業用その他が48.3%、大口産業用が12.2%であり、大口産業用の内訳として在日米軍基地向け9.4%となっている。供給地域は沖縄県内のみであり、日本の電力会社の中で最小。供給地域の小ささから設立当初は九州電力の一部門にしたほうが良いとの意見もあった出典:圓尾雅則著『電力・ガス』日経文庫、2006年。沖縄県における大手企業の一つであり、沖縄県が約5%の株式を保有する。沖縄電力の発電設備のほとんどは火力であり、重油価格の上昇の影響を受けやすい事業構造となっている。沖縄電力が発電に使用する石炭と天然ガスについては、特別措置で石油石炭税が全額免除されている沖縄振興特別措置法65条2項、租税特別措置法94条の4の3。沖縄電力に電気を供給する電源開発の発電所が使用する石炭についても同様である。日本で唯一、原子力発電所を持たない電力会社である。2009年（平成21年）に策定された中長期経営計画には、小型原子力発電の導入可能性の研究が挙げられているhttp:www.okiden.co.jpirmanagementmanagement.html経営方針・経営計画に掲載の「沖縄電力中長期経営計画の概要」の10ページ。2011年（平成23年）の福島第一原子力発電所事故の翌年に発行された「環境行動レポート」においても、原子力関連企業への出向や原子力に関する情報収集を行なっているとしているhttp:www.okiden.co.jpcorporateecoindex.html環境関連情報に掲載の「環境行動レポート2012」の33ページ。現在の同社のコーポレートスローガンは「'''地域とともに、地域のために'''」である。
4050,供給するガスは天然ガス（13A）で、東京ガスよりパイプライン輸送|パイプラインで受け入れている。供給区域は筑波研究学園都市を中心とするつくば市、およびみらい平駅周辺のつくばみらい市の各一部。供給先は工業用・公用他が各約4割、家庭用・商業用が各約1割となっている。
4050,"|代表者代表取締役社長山田登紀彦name\""概要\""|資本金76億円name\""概要\""|発行済株式総数|売上高|営業利益|経常利益|純利益|純資産|総資産|従業員数|決算期3月31日|主要株主中部電力|中部電力株式会社100%name\""概要\""|主要子会社|関係する人物|外部リンクhttp:www.cenergy.co.jp|特記事項}}'''株式会社シーエナジー'''（{{Lang-en-short|''CenergyCo.''}}）は、愛知県名古屋市東区(名古屋市)|東区に本社を置く中部電力グループのガス販売子会社。"
4050,空中風力発電機を用いて送電網のない僻地や大規模農園、採掘場、難民キャンプなどに送電する事を目的としており、アラスカ州で認可を受け商業化実証が行われている{{Citenews|titleテスラの申し子、夢を力に　米起業家に流れる独創性|newspaper日本経済新聞|date2014-04-02|urlhttps:www.nikkei.comarticleDGXNASDZ31006_R30C14A3X13000|accessdate2018-02-18}}。
4050,太陽光・バイオマス・風力・地熱などの再生可能エネルギー発電施設の開発・運営を専業とする発電事業会社。2000年5月に「株式会社リサイクルワン」として創業し、環境ビジネスとしてリサイクルに関するコンサルティング等のサービス事業を開始する。リサイクル事業から再生可能エネルギー事業にまで事業展開したことに伴い、2014年1月に「株式会社レノバ」（RENOVA：会社の理念であるReNewを意味する）に商号を変更。本店も渋谷区渋谷から千代田区大手町へと移転している。2012年より再生可能エネルギー事業に参入。2014年2月以降、茨城県潮来市にて14MW、千葉県富津市にて40MWhttp:www.zaikei.co.jpreleases187026株式会社レノバ　千葉県富津市における関東最大のメガソーラー発電所竣工式、静岡県菊川市にて2カ所合計で16.9MWhttp:plaza.rakuten.co.jpkingbirddiary201502190000レノバ、静岡県菊川市で合計約17MWのメガソーラー運転開始、大分県玖珠郡九重町にて25.4MWhttp:techon.nikkeibp.co.jparticleNEWS20150618423743レノバ、大分県九重町で25MWのメガソーラー、栃木県那須塩原市にて26.2MWレノバ、那須塩原市に25MWのhttp:techon.nikkeibp.co.jpatclnews15102600904?rtnocntメガソーラー、熊本県菊池郡大津町にて19.0MWhttp:techon.nikkeibp.co.jpatclnews16092304217レノバ、熊本県大津町で19MWのメガソーラー稼働、7カ所のメガソーラーが、また、秋田県秋田市にて20.0MWの木質100%のバイオマス発電所http:www.itmedia.co.jpsmartjapanarticles150407news032.html東北最大級のバイオマス発電が、他社との共同事業等により運転を開始している。現在建設中の案件としては、岩手県軽米町に2カ所（2019年に運転開始、合計128.8MW）、三重県四日市市（2019年に運転開始、21.6MW）、栃木県那須烏山市（2019年に運転開始、19.2MW）、岩手県軽米町（2021年に運転開始、40.8MW）のメガソーラー発電施設がある。また、今後の開発案件として、木質バイオマス発電を福岡県京都郡苅田町、宮城県仙台市、石巻市、静岡県御前崎市など計5カ所で計画中。日本最大級の洋上浮力発電（着床式）施設を秋田県由利本荘市沖に計画している。
4050,日本原子力発電は、1957年5月に、電気事業連合会|電力会社の社長会で、電力会社9社が出資して『原子力発電振興会社』を設立する案が打ち出されたのがその始めである。この時に電力会社9社は、原子力開発は民間主体で行うことを考えており、当時の原子力委員会|原子力委員会委員長であった正力松太郎はその方針を支持していた。一方、同年7月には、国が主体となって設立された電源開発が原子力開発を政府主体で行う意見書を発表し、真っ向から対立することとなった。さらに、当時の内閣府特命担当大臣（経済財政政策担当）|経済企画庁長官であった河野一郎が日本国政府|政府主導の開発方針を支持し、正力と対立することとなった。結局、正力が河野の意見を受け入れる形で、沖縄電力を除く電力会社9社80%、電源開発20%の出資によって、!--特殊法人である（特殊法人である根拠が示されていないのでコメントアウト）--日本原子力発電が設立された。
4050,"みなとみらい21熱供給株式会社）、'''MM21DHC'''）は、横浜市中区(横浜市)|中区に本社を置く地域熱供給会社。横浜みなとみらい21|みなとみらい中央地区のオフィスビル、商業施設、ホテル、コンベンションセンター、病院、マンション、地下鉄駅（みなとみらい線の駅）などに対して熱供給事業を行うname\""jigyo-enkaku\""http:www.mm21dhc.co.jpcompanyhistory.html企業情報：事業沿革（みなとみらい21熱供給株式会社）。"
4050,鹿島臨海工業地帯で工場を操業するAGCやクラレ、JSR、三菱ガス化学など神之池東部地区の南グループ16社が出資して設立した鹿島南共同発電株式会社が経営する発電所であり、各社への電力、蒸気及び純水の供給を行っている。2011年10月17日には、2012年4月から都市ガス（主成分は天然ガス）の使用が可能となることに伴い、既設3基の重油燃焼ボイラーを順次都市ガス燃焼ボイラーに改造することを発表したhttp:www.nankyo.co.jpnews_topics.htmlNews&Topipcs2011年10月17日。付近には、鹿島北共同発電鹿島北共同発電所の他、東京電力鹿島火力発電所がある。
4050,2008年（平成20年）4月1日に日本碍子|日本ガイシの水環境子会社であるNGK水環境システムズと、富士電機システムズの水環境子会社、富士電機水環境システムズが合併した合弁事業|合弁企業である。水処理分野においてNGK水環境システムズは機械設備、富士電機水環境システムズは電気設備のそれぞれで市場占有率の筆頭であったことから、当社は水処理専業で国内最大手となる。
4050,"|代表者代表取締役社長小池宜弘name\""概要\""|資本金1億20百万円name\""概要\""|発行済株式総数|売上高|営業利益|経常利益|純利益|純資産|総資産|従業員数|決算期|主要株主中部電力|中部電力株式会社80%br三菱商事|三菱商事株式会社20%name\""概要\""|主要子会社|関係する人物|外部リンクhttp:www.diapwr.co.jp|特記事項}}'''ダイヤモンドパワー株式会社'''（英語|英:DiamondPowerCorporation）は、中部電力グループの電気事業者（電力会社）。特定規模電気事業を営む特定規模電気事業者(PPS)で、東京電力・中部電力・関西電力の供給エリア内の特別高圧および大口高圧の需要家に電気を供給する。かつては三菱商事子会社で三菱グループに属していたが、2013年（平成25年）10月1日に中部電力が株式の80%を取得し子会社化した。なお、株式の残り20%は引き続き三菱商事が保有している{{Citeweb|date2013-08-07|urlhttp:www.chuden.co.jpcorporatepublicitypub_releasepress3225133_6926.html|titleダイヤモンドパワー株式会社の株式取得と発電事業会社の設立について|publisher中部電力株式会社|accessdate2013-08-07}}。"
4050,鹿島臨海工業地帯で工場を操業する三菱ケミカル|三菱ケミカル(旧三菱化学)や鹿島石油など12社が出資して設立した鹿島北共同発電株式会社が経営する発電所であり、各社への電力及び蒸気の供給を行っている。付近には、鹿島南共同発電鹿島発電所の他、東京電力鹿島火力発電所がある。
4050,東京都庁|東京都などが出資する第三セクター会社で、前身は'''水道総合サービス株式会社'''である。東京都水道局の出資比率は、51%であり東京都監理団体とされている。管路施設の管理、浄水施設の管理、水道に関するコンサルティング・調査、技術開発、水道資器材の管理・販売を主要事業としており、主たる委託者は東京都水道局である。近年では、給水装置業務委託や設計業務、工事監督を受託している。2014年|2019年（平成31年）3月18日|1月24日に株式会社ＰＵＣとの合併に向けた協議を開始した。
4050,かつては若松ガスグループ12社の中核企業で、会津財界の名門と数えられてきたが、傘下企業の手掛ける観光事業の不振が祟り、メインバンクである東邦銀行を中心に再建計画が練られた「グループ解体でどうなる。「会津武家屋敷」「日新館」の今後「借り入れ金49億円」の両施設はどこへ行く」『財界ふくしま』2005年6月号。最終的には昭和シェルグループに支援を求め{{citenews|titleガス事業の営業譲渡・譲受について|author|agency|publisher若松ガス株式会社若松ガス燃料機器株式会社昭和シェル石油株式会社|date2005-4-21|urlhttp:www.showa-shell.co.jppress_releasepr20050421.html|accessdate2014-1-11}}、旧社は清算|事業清算された。これにより会長、社長は退任した。
4050,"CDエナジーダイレクトは、中部電力と大阪ガスが50%ずつ出資して2018年（平成30年）4月に設立した会社である。2018年（平成30年）現在、首都圏(日本)|首都圏で電気と都市ガスの小売を行っており、電気は東京電力パワーグリッドの供給エリア（関東地方・山梨県全域・静岡県東部）の需要家を対象とし、都市ガスは東京ガスの供給エリアほか（茨城県日立市を除く）の需要家を対象とする。大手電力会社と大手ガス会社が連携して両社の供給エリア外の家庭用市場に進出した初の事例であるname\"":0\""{{Citenews|title2018年の重大ニュース|newspaperガスエネルギー新聞|date2018-12-24|urlhttps:www.gas-enenews.co.jpnews?actionview&id3089|page3}}。「自由化の進展を象徴する出来事」であるとして、都市ガス業界紙『ガスエネルギー新聞』は、2018年（平成30年）、CDエナジーダイレクトの設立を「ガス業界今年最大のニュースの一つ」と評したname\"":0\""。約300万件の契約獲得、2030年頃に首都圏で電気200億kWh、ガス約100万トンの販売を目指すname\"":1\""{{Citeweb|urlhttps:www.chuden.co.jpcorporatepublicitypub_releaseteirei3267206_21455.html|title2018年2月度定例記者会見勝野社長挨拶|accessdate2018-12-27|author中部電力株式会社|publisher中部電力株式会社}}。300万件は、東京電力エナジーパートナーが保有する契約の約1割に相当するname\"":3\""{{Citeweb|urlhttps:tech.nikkeibp.co.jpdmatclfeature15031400070030500047|title中部電と大ガスが狙う“全国掌握”:首都圏販売子会社設立にみるアライアンス絵巻|accessdate2018-12-27|author山根小雪|date2018-03-05|website日経エネルギーNext|publisher日経BP社}}。"
4050,戸ガス(株)の原料種変更に伴う料金原価の見直し等について)：経済産業省東北経済産業局2008年6月20日
4050,供給するガスは天然ガスで、国際石油開発帝石より、新潟県と東京方面とを結ぶ幹線パイプライン輸送|パイプラインから受け入れている。上田市のうち、旧丸子町にあたる地域は長野都市ガスの供給エリアであり、上田ガスでは供給を行っていない。
4050,太平洋戦争の日本敗戦後、連合国軍最高司令官総司令部|GHQの指示で作られた過度経済力集中排除法の指定を受け日本発送電が解体、地域電力会社に分割された。しかし、分割されたばかりの地域電力会社は資本的にも非常に貧弱で、復興のために必要となる電力を満足に供給できず、発電所新設の投資もままならない状態であったため、国内での電力需要の増加に対応して制定された電源開発促進法により、1952年9月16日に国の特殊会社として設立された（資本構成は66.69%を財務大臣、残りを9電力会社が出資）。電源開発の最初の大事業は佐久間ダムであるが、10年はかかるという工事をアメリカからの技術導入により3年で完成させた。この成功により、関西電力は黒部ダムの建設にゴーサインを出したという話もある{{要出典|date2014年6月}}。続けて“OTM”と呼ばれる奥只見ダム、田子倉ダム、御母衣ダムなど大規模なものを含む水力発電所を次々に建設。戦後復興を電力面から支える（なお、佐久間ダムの佐久間発電所は現在も年間発電量日本一の水力発電所であるなど、これらは現在でも国内最大級の規模を有する）。高度成長期、大きく伸びる電力需要に合わせて、財務を立て直した電力会社と共に供給力も大きくしていったが、電力会社間の連携不足や昼夜間の需要ギャップ拡大など、効率面が問題となってきた。これに対し電源開発は複数の電力会社が利用できる広域火力発電所、電力会社間の連系送電線や佐久間周波数変換所などの連系設備、長距離直流送電、大規模揚水発電所を建設。電力会社の補完的事業を行う。更に後、電力会社も十分な財務体質を有し、各社間で連系送電線やその他連系設備を建設していった。電源開発は当時斜陽化していた国内炭鉱産業支援のため、国内炭専用の火力発電所を建設したり（のち海外炭火力へと変更）、海水揚水発電所等の実証試験プラントや海外協力事業を積極的に行うなど、国策的性格が強い事業を行うようになった。1997年に特殊法人合理化の中で5ヵ年程度の準備期間を置いた後に民営化することで閣議決定され、2003年に電源開発促進法を廃止、2004年10月6日に東京証券取引所第1部に株式公開|上場し、電力会社および政府出資の民営化ファンドの保有株式の全てを売却した（初値は2795円）。また合わせて愛称を「でんぱつ」から「J-POWER（ジェイパワー）」に変更。現在では、日本国内に水力発電|水力、火力発電|火力合わせて60か所以上の発電所を有し、発電能力は一般電気事業者以外としては突出しており、一般電気事業者と比較しても四国電力などを抜き東北電力に匹敵する。特に石炭火力発電に関しては日本一の規模で、水力発電もトップクラス。送電・変電設備、電力会社間の連系送電線やその他連系設備も多数保有しており、特に北海道・本州間、本州・九州間を連系する送電網を有するのはJ-POWERのみである(以前は本州-四国間を保有するのもJ-POWERのみだったが、現在は4回線中3回線を保有）。なお、現在は原子力発電所を有していないが、青森県において大間原子力発電所を建設中である。風力発電についても東京臨海風力発電所など国内18地点を有しトップクラス（2011年3月末現在）。海外においてもポーランドでの事業に参画（ザヤツコボ風力発電所）するなど、積極的な展開を進めている。また、近年の電力自由化の流れに対応すべく事業を多角化（水道事業など）。併せて、これまで主にはアジア地域におけるコンサルティングを展開してきた海外事業も、近年は独立電力事業者|IPPへの積極投資（タイ王国|タイ・カエンコイ2発電所、アメリカ合衆国|アメリカ・テナスカフロンティア、エルウッド、グリーン・カントリーなど）、炭鉱開発（オーストラリア|豪州・クレアモント炭鉱など）などにより拡大しつつある。
4050,"福島県は原子力発電に頼らずとも、会津の豊富な水資源を源とした水力発電の能力で十分すぎる程の供給が可能との基本概念から、原子力発電の暴走を許容した社会の責任を次世代に引き継がせない理念のもと、福島県内の電力エネルギー需要を再生可能なエネルギーだけでまかなうことを可能にする体制を作り上げることを目的とし設立された。猪苗代湖や只見川・阿賀川水系で約500万キロワット(現在300万ワット|kW（キロワット）、県内必要電力150万kW)の発電力があり原発5基分の発電力に相当するため、福島県全域の使用電力を十分に賄えるとしている。水力を中心に太陽光発電、森林資源を利用した木質バイオマス発電、地熱発電、風力発電、山間の未開の水力、土地改良地内の灌漑用水を利用した小水力、雪の利用研究を促進促進することで会津から福島県全体へ、さらには日本全体のエネルギー供給の一翼を狙うとしているname\""aipower\""。同社の佐藤社長は9代（2016年現在で220年以上）続く会津の蔵元「大和川酒造店」の代表であり、自社の酒蔵「飯豊蔵」の屋根にも太陽光パネルを設置。「全国ご当地エネルギー協会」の代表幹事も務めるname\""news940\""{{Citeweb|urlhttp:communitypower.jpnews940|title会津電力株式会社について|date2014-06-23|accessdate2016-01-31|author佐藤彌右衛門|publisher全国ご当地エネルギー協会}}name\""nikkei\""{{Citenews|urlhttp:www.nikkei.comarticleDGXNASFK0300B_T00C14A7000000|title東電よさらば会津の造り酒屋が挑む電力自立|author滝順一|date2014-07-07|accessdate2016-01-31|newspaper日本経済新聞電子版|publisher日本経済新聞社}}。佐藤は、「福島で作られた電気の大半は首都圏(日本)|首都圏へ送られるのは原発とまったく同じ構図だ。」「（首都圏で利用される電力の）水力の水も、もとは福島という大自然のなかに降った雨や雪であり、それを取り戻せば電気を自給自足できる。」「福島が東京の『植民地』から抜け出すため、進むべき道が見えた。」と朝日新聞の取材で発言したname\""DA3S11707539\""{{Citenews|urlhttp:digital.asahi.comarticlesDA3S11707539.html|title（フロントランナー）会津電力社長・佐藤弥右衛門さん電気の自給で福島の自立を|newspaper朝日新聞デジタル|publisher朝日新聞社|date2015-04-18|accessdate2016-01-31}}。子会社に会津電力が市民出資の資金調達、運用を行うために出資、設立した特定目的会社としてアイパワーアセット株式会社があり、会津地域にて250kW1ヶ所、50kW20ヶ所の太陽光発電所事業を行っているname\""aipower\""。"
4050,岡山県内最大の都市ガス会社、供給地域は岡山県岡山市、倉敷市北東部、赤磐市、玉野市、総社市、都窪郡早島町の一部など。
4050,長野県の地方公営企業としては、1961年（昭和36年）4月1日に発足した。企業局発足以前に開始した公営の電気事業が起源となる。発足後は、電気事業のほかに有料道路などの公営事業を行ってきた。事業移管や公営事業の民営化などを経て、現在は電気事業と水道事業を行う公営企業である。
4050,*総出力には長期計画停止中、定期点検中の号機を含む。廃止された号機、建設中の号機は含まない。
4050,1911年（明治44年）3月、山形市における素封家らの出資により設立。初代社長には両羽銀行(現・山形銀行)頭取を務めた三浦権四郎(文助)が就任した山形銀行百年史編纂部会編『山形銀行百年史』山形銀行、1997年。。設立に参画した人物の係累らが大株主、役員として現在も名を連ねている『帝国データバンク会社年鑑東日本2010』帝国データバンク、2009年。。
4050,"都市ガス及び液化石油ガス|プロパンガス兼業の事業者である。都市ガスは創業当初は新日本製鐵釜石製鐵所より供給を受けたコークス炉ガスを原料としていたが、同製鉄所が高炉を停止した1988年からは6C、2004年からはプロパンガスを原料としたPA13Aにガス種を変更したname\""enkaku\""。2014年（平成26年）1月にはLNG受け入れのためのサテライト施設が完成し、同年2月から天然ガスを主原料とする13Aガスの供給を開始したname\""enkaku\""。"
4050,*設立：1995年（平成7年）4月4日*代表取締役社長：馬本英一*本社：東京都新宿区西新宿一丁目25番1号新宿センタービル51階
4050,JFEスチールと中国電力の共同出資により設立された企業である。JFEスチール西日本製鉄所（福山地区）構内にある福山共同発電所と、同社西日本製鉄所（倉敷地区）構内にある倉敷共同発電所において、同製鉄所で発生する副生ガス（高炉ガスなど）を燃料として火力発電を行い電気を供給している。
4050,秋葉区新津地区を拠点に、同区全域と江南区(新潟市)|江南区横越地区、五泉市、南蒲原郡田上町の一部を営業区域として、秋葉区新津地区、小須戸地区（田上町の一部を含む）22174件、江南区横越地区2663件、五泉市五泉地区、同市村松地区9272件の、計34109件へ都市ガスの供給を行っている。供給する都市ガスは、石油資源開発から仕入れた国産天然ガス（ガス種13A）が主で、それに輸入の液化天然ガス(LNG)を混合したものである。新潟市およびその近郊で当社の都市ガスが供給されているのは上記区域のみで、その他区域では北陸ガス、白根ガス、蒲原ガス、新発田ガスなど他社から供給が行われている。
4050,"画像:電力会社事業地域図.png|thumb|right|東北電力の営業区域（茶色に塗られた7県）東北6県と新潟県（以下、便宜上「'''東北7県'''」と記す）を事業地域とする電力会社である。商用電源周波数|電源周波数は'''50ヘルツ|Hz'''であるが、新潟県の佐渡市全域、糸魚川市と妙高市の一部の計3地域では、'''60Hz'''で供給している。このうち佐渡市は、市内にある同社の発電所（火力（内燃力発電）・水力）からの独自供給にて、また糸魚川市と妙高市の“60Hz地域”では、北陸電力や中部電力から電力融通を受けて管轄している。また新潟県湯沢町の一部は、東京電力から50Hzの電力融通を受けて管轄している。東京電力、関西電力、中部電力に次いで売上高が大きく、また、東京都より北に本社を置く企業の中では最大の企業である。そのため、「東北7県」の企業が加盟する東北経済連合会ではリーダーシップを執っている。同社の影響力によりつくられる「東北7県」という枠組みについては、「東北地方#定義域と名称」を参照。略称は「東北電」であるが、事業地域内では「電力」あるいは「電力さん」と略されることがしばしばである{{要出典|date2016年12月}}。東京電力|東電の'''テプコ（TEPCO）'''、関西電力|関電の'''ケプコ（KEPCO）'''、中部電力|中電がかつて利用していた'''セプコ（CEPCO）'''、また北海道電力がかつて利用していた'''ヘプコ（HEPCO）'''のように、'''東北エプコ（TOHOKU-EPCO）'''（ごくまれに'''トエプコ（TOEPCO）'''、または'''エネプコ（ENEPCO（EASTERNNORTH：東北＋EPCO））'''の場合も）と略されることもあるが一般的ではない{{要出典|date2016年12月}}。電気事業連合会加盟の他社がコーポレートアイデンティティ|CIを次々と導入するなか、現時点では従来のロゴタイプ（アルファベットの「T」と「D」（\""T\""ohoku\""D\""enryoku）を丸型に合わせたもの）・社名の字体を今も唯一使用している（ただし社用車の社名の字体は変更）。東北電力の「電」の字は「雨部|雨冠」の4本の点が2本の縦棒となっている。コーポレートスローガンは「'''より、そう、ちから'''」。（2015年10月に制定された）"
4050,登記上の商号は「北陸瓦斯」であるが、広報などでの対外表記は片仮名の「北陸ガス」を使用している。都市ガスの製造、供給、販売、ガス器具の販売、ガス工事、ガス設備の保全、液化石油ガス|LPGの販売、LPG機器の販売、住宅設備機器の販売などを手掛けている。新潟市中央区に本社を置き、中央区と長岡市と柏崎市に支社、三条市と長岡市の川口地区に事務所、北蒲原郡聖籠町の新潟港東港区（新潟東港）に工場を持つ。営業区域は新潟市（北区、東区、中央区、江南区（横越地区を除く）、西区（一部除く））、長岡市（長岡地区、越路地区、三島地区、与板地区、栃尾地区、川口地区）、三条市（三条地区）、加茂市、南蒲原郡田上町（一部を除く）、柏崎市、刈羽郡刈羽村の計5市1町1村で、新潟市254854件、長岡市84103件、三条市25575件、加茂市7989件、田上町1639件、柏崎市29245件、刈羽村1082件の計404487件（2018年4月1日現在）へ都市ガスを供給している。供給する都市ガスは天然ガス（ガス種13A）で、原料は新潟県内産と輸入の液化天然ガスを混合して使用している。社名は「北陸」を名乗るものの、前述のように事業地域は新潟県内のみであり、北陸地方の他県に事業地域は存在しない。なお新潟市西蒲区に本社を置き、同区と西区黒埼地区の一部、南区(新潟市)|南区月潟地区、燕市吉田地区と分水地区、弥彦村へ都市ガスを供給している蒲原ガス（登記上の表記は「蒲原瓦斯」）は、当社の連結子会社である。
4050,東京電力エナジーパートナーは、発電事業者から仕入れた電気を家庭、工場などの一般の需要家に販売する会社である。東京電力（東電）の分社化の際、東電から需要家との契約約2900万件を引き継いだため、日本最大の小売電気事業者である。かつての東電の供給区域であった関東地方に加えて、中部地方と関西地方の需要家向けにも営業活動を展開している。かつての東電とは異なり、自前の発電所や送電線は持っていない。発電事業者に発電料を支払って発電してもらい、一般送配電事業者（関東地方の場合、東京電力パワーグリッド）に託送料を支払って配電してもらうことにより、契約した需要家に電気を供給している。需要家への供給地点に設置された電力量計（スマートメーター）は、一般送配電事業者の所有であり、検針も一般送配電事業者が行っている。2017年（平成29年）7月、東京ガスの導管網を利用して家庭向けに都市ガスを供給する事業に参入したhttp:www.tepco.co.jpepnoticepressrelease20171421351_8662.htmlご家庭向け都市ガス料金プラン「とくとくガスプラン」の受付開始について（東京電力エナジーパートナープレスリリース、2017年5月9日）。
4050,"2011年（平成23年）4月4日設立。社名は同社が目指す「循環型社会|循環(loop)型社会」から。また、3つ並ぶアルファベットの「o」の字は、同社が主な事業とする太陽光発電・風力発電・水力発電の3種を示しているname\""outline\""。事業内容は*太陽光発電所システムの開発・販売・設置・工事・管理・メンテナンス*自社太陽光発電所の設置・管理*独立型太陽光発電システムと周辺機器のインターネット販売*自然エネルギーを使用した商品の企画・開発・販売*損害保険代理店事業*電力小売事業キャッチコピー#コーポレートスローガン|コーポレートスローガンは「自然エネルギーをあなたのそばに」。供給電気商品名は'''Looopでんき'''{{Citeweb|urlhttps:looop-denki.com|titleLooopでんき|publisherLooop|accessdate2016-07-06}}。"
4050,"昭和電工株式会社の子会社{{PDFlink|http:www.sdk.co.jpassetsfilesirlibrarypdf_financia108_all.pdf第108期有価証券報告書}}昭和電工株式会社で、石油コークス等を燃料に汽力発電を行い、昭和電工大分コンビナート構内の企業に電力や熱を供給しているhttps:www.ecologyexpress.jpcontentfreeCompanyENI-2016072703007.html鶴崎共同動力、石油コークス粉砕設備を更新、燃焼効率高める化学工業日報、2016年07月27日{{PDFlink|http:www.p.oita.jpuploadedlife286277_345618_misc.pdf大分県石油コンビナート等防災計画}}大分県石油コンビナート等防災本部、2016年7月。電気事業法の旧分類の日本の電力会社#卸供給事業者|卸供給事業者と類似した特定供給を行う事業者であるが、法律上は自家発電であって旧分類の卸供給事業者には区分されない室田武「http:hermes-ir.lib.hit-u.ac.jprshandle100869286卸電気事業の法制史と経済現況:1970～87年度の発電実績と売電単価の分析を含めて」一橋大学研究年報経済学研究31、p.81-192、1990年5月15日。2016年12月期の売上高は16766百万円で、大分県内の企業で29位に位置するname\""oita-press_20171006\""。"
4050,東京電力フュエル&パワー（東電FP）は、2016年（平成28年）4月の東京電力（東電）の会社分割によって実質的に発足した会社である。東電が1951年（昭和26年）5月の設立以来65年間にわたって手掛けてきた発電・送配電・小売電気事業のうち、燃料・火力発電事業のみを承継したのが東電FPである。東電FPの火力発電所で発生した電気は、小売電気事業者に卸売りしていた。東電と中部電力は、両社の燃料・火力発電事業を統合するため、2015年（平成27年）4月に合弁会社「JERA」を設立した。2019年（平成31年）4月、東電FPと中部電力の火力発電所が全てJERAに移管され、燃料・火力発電事業の統合が完成した。したがって、2019年（平成31年）4月以降、東電FPが所有する発電所はない。
4050,"。|代表者|資本金8000万円name\""概要\""|発行済株式総数|売上高|営業利益|経常利益|純利益2億0570万3000円（2018年12月31日時点）name\""fy\""https:kessan.laboneko.jpsettlements45031京和ガス株式会社第47期決算公告|純資産44億9427万9000円（2018年12月31日時点）name\""fy\""|総資産57億7086万円（2018年12月31日時点）name\""fy\""|従業員数|支店舗数|決算期|所有者|主要株主京葉ガス|京葉ガス株式会社|主要部門|主要子会社|関係する人物|外部リンクhttp:www.keiwagas.co.jp|特記事項}}'''京和ガス株式会社'''（けいわガス）とは、千葉県流山市に本社のある、都市ガスを主力とするエネルギー供給・販売企業を行う会社で、京葉ガスの子会社である。"
4050,都市ガス、LPガス、電力、それぞれの供給事業を行う。
4050,"電力自由化に伴い「新電力」として参入した、再生可能エネルギーを開発・販売する小売電気事業者である。エリア自体は関東地方のほぼ全般ではあるが、東急グループの電力会社であることから、東急沿線である東京都、神奈川県（横浜市、川崎市など）でのシェアが高く、2018年現在ではこれらの沿線エリアのおよそ1割が利用しているとされているname\""tohoku\""。同じ東急グループであるイッツ・コミュニケーションズやケーブルテレビ品川の各種ケーブルテレビサービスとのセットによる割引などでの販路を持っている。2018年9月現在での加入者数は、電気が約10万世帯、ガスが約1万人であるhttps:toyokeizai.netarticles-236835東急社長が語る田園都市線混雑解消の「秘策」。"
4050,発電所は、火力発電、原子力発電（伊方発電所）、再生可能エネルギー（水力発電・太陽光発電・風力発電）を組み合わせているhttps:www.yonden.co.jpenergyp_stationindex.html四国電力発電所情報（2019年2月17日閲覧）。。伊方原発はかつて、四国の電力供給の4割を担った。東日本大震災（2011年3月11日）に伴う福島第一原子力発電所事故を受けた安全規制の強化などで、四国電力は伊方原発の1号機に続き2号機も廃炉を決めたhttps:www.nikkei.comarticleDGXMZO28646880X20C18A3LA0000「伊方原発1基体制に2号機廃炉四国電、経済性で選別」日本経済新聞ニュースサイト（2018327）2019年2月17日閲覧。が、3号機は2019年2月時点で営業運転中である（2018年10月30日に再稼働）https:jp.reuters.comarticlefocus-ikata-idJPKCN1N701L焦点：日本の原発「静かな復活」、伊方再稼動に沸く期待と不安ロイター（2018年11月2日配信）2019年2月17日閲覧。。略称として「'''よんでん'''」もしくは「'''ヨンデン'''」を使用しているほか、対外的にはそのローマ字表記である「'''YONDEN'''」も使用している。現在のコーポレートスローガンは、「'''しあわせのチカラになりたい'''」。環境貢献のアピールスローガンは「低炭素DOING」。イメージマスコットキャラクターとして「あかりちゃん」を定めており、四国地域で長年にわたり親しまれている。コーポレートアイデンティティ|CIを導入しており、電力供給網の広がりを四国4県の配置に合わせてイメージしたシンボルマークを使用している。2000年（平成12年）12月からは直営でインターネットサービスプロバイダ事業「あかりネット」のサービスを開始。電気契約があれば無料で利用できたが、2008年2月28日より新規入会受付を停止し、2009年（平成21年）2月20日にサービスを終了した。サイト閲覧には強制的にフィルタリング(有害サイトアクセス制限)|フィルタリングがかかっており、子供にふさわしくないサイト、Googleなどのロボット型検索エンジン|サーチエンジン、大手インターネットサービスプロバイダ|ISPのサイト（日本電信電話|NTT本社や西日本電信電話|NTT西日本も含まれる）にアクセスすることはできなかった。
4050,営業地域は広島市周辺、旧呉瓦斯があった呉市周辺、旧尾道瓦斯があった三原市・尾道市周辺を営業エリアにしている。社章は、バルブハンドルを模した物である『広島ガス100年史』231ページ。ショールームとして、広島市中区南竹屋町に「ガストピアセンター」を、広島市佐伯区海老園二丁目に「ガストピア五日市」を設置している。また、マツダと共同開発した、ロータリーエンジンを使った、コジェネレーション|コジェネレーションシステム等も開発している。さらに、「広島瓦斯電軌学園」として設立された鈴峯女子短期大学の運営スタッフには、かつて広島電鉄と広島ガスからの人材が多くを占めていた。galleryファイル:広島ガスカストピア01.jpg|ガストピアセンターgallery{{-}}
4050,ork|publisher北海道ガス|date|accessdate2017-01-09|archiveurl|archivedate}}}}
4050,東京電力パワーグリッド（東電PG）は、送電線、変電所などの送配電網を維持・運用し、小売電気事業者のような事業者を相手に、送配電サービス（接続送電サービスなど）を提供する会社である。サービスを利用する事業者から受け取る託送料金が主な収入である。会社分割前の東京電力は、発電・送配電・小売供給の全てを1社に垂直統合した会社であった。2016年（平成28年）4月の会社分割により、発電・送配電・小売供給がそれぞれ別会社となり、そのうち送配電を担当するのが東電PGである。
4050,略称は'''九電'''（きゅうでん）で、グループにも社名に「九電」がつく企業が多いhttp:www.kyuden.co.jpcompany_outline_group_index.html九電グループ一覧（2018年2月27日閲覧）。福岡市中央区(福岡市)|中央区渡辺通(福岡市)|渡辺通にある本社ビルは地元では通称「'''電気ビル'''」と呼ばれている。九電は原子力発電も手掛けている。佐賀県の玄海原子力発電所3号機でのプルサーマル計画に向けて、2005年（平成17年）9月7日の経済産業省による原子炉設置変更許可、2006年（平成18年）3月26日の佐賀県及び・佐賀県玄海町の事前了解を経て、2009年（平成21年）11月5日より日本初のプルサーマル利用を実施した。
4050,九州電力と新日本製鐵（現・日本製鉄）の共同出資により設立された企業である。八幡製鐵所|日本製鉄八幡製鉄所構内にある戸畑共同発電所において、同製鐵所で発生する副生ガス（高炉ガスなど）および北九州エル・エヌ・ジーより供給される天然ガス#液化天然ガス|液化天然ガス(LNG)を燃料として火力発電を行い電気を供給している。
4050,JERAは、東京電力ホールディングス傘下の東京電力フュエル&パワー（東電FP）と、中部電力とが50%ずつ出資し、火力発電用燃料（天然ガス・石炭）の資源開発・調達・輸送から、火力発電所の建設・運営までを一貫して手掛ける会社である。2019年（平成31年）4月、東電FPと中部電力の火力発電所の承継により、JERAが日本国内に保有する火力発電所の出力の合計は、約6700万kW（建設中を含む）に達し、日本最大の発電事業者になった。
4050,画像:電力会社事業地域図.png|thumb|right|北陸電力の営業区域（青色に塗られた3県）北陸地方は中央高地|中部山岳地帯に接する地理条件によって水力発電開発が戦前から盛んであり、有力な地方電力会社が多く存在すると共に、電力の廉価な大量供給を行うことで地域内に電気精錬などの電力多消費型産業の発達を促してきた歴史がある。このため戦中戦後の電力統制下でも地方電力ブロックとしての独立的な地位を保ち、また1951年の電気事業再編時に際しても、北陸電力は他ブロックから独立した企業として成立し得た。戦後は庄川や黒部川に建設された従来の水力発電所の大半が関西電力に引き渡されたことから（日本電力が開発したためだが、神通川については宮川（本流のうち、高原川との合流点より上流）を除き、例外とされた）電力が著しく不足し、1950年代から1960年代にかけて神通川や常願寺川でのダム開発が行われ、1980年代までに水力発電|水力発電所が多数建設された。このため、水力発電のウエイトは比較的大きい傾向がある。その傍らで、電力の消費量も増加したため、火力発電所の開発も同時進行で進められ（1964年に完成した富山火力発電所1号機が自社初である）、有り余るほどの電力を確保することができた。1993年には自社初の原子力発電所を運用開始したが、かつては原子力発電を認めない姿勢をとっていたため、全国的には遅い導入となった。2001年および2004年には赤字を解消する目的で老朽化した火力発電所を廃止しており、富山火力発電所1～3号機、福井火力発電所1号機が廃止された。これらはすべて石油火力であり、特に福井火力発電所は大気汚染の原因としても問題視されていた。また、2006年には志賀原子力発電所2号機が完成し、地域内により廉価に供給する目的で関西電力や中部電力に売電し、収入としている。
4050,東京電力と八幡製鐵（現、日本製鉄）の折半出資により設立された。千葉県君津市の日本製鉄君津製鉄所内に、主として製鉄工程で生じる副生ガス（高炉ガス・コークス炉ガス）および重油を燃料とする火力発電所を有し、発電した電力の約半分は君津製鉄所の生産電力として使用され、残りの半分は東京電力の内房変電所へ供給している。
4050,企業等の省エネルギー支援サービス事業を行うほか、グループ会社で木質バイオマスや太陽光をエネルギー源とする発電事業を行っている。
4050,住友金属工業（現・日本製鉄）の鹿島臨海工業地帯進出に伴い、東京電力との共同出資により設立された企業である。日本製鉄鹿島製鉄所で発生する副生気体|ガス（高炉ガス、コークス炉ガス）と低硫黄重油を燃料として火力発電を行い、発生電力を供給している。
4050,"日本原燃株式会社（通称は'''原燃'''、英語表記は'''J'''apan'''N'''uclear'''F'''uel'''L'''imited'''JNFL'''）は、動力炉・核燃料開発事業団|旧動燃人形峠事業所のウラン濃縮と東海事業所の再処理工場|再処理の両パイロットプラントの実績を元に、商業利用を目的とした大型プラントの操業主体として電気事業連合会（電事連）所属各社（沖縄電力を除く）と日本原子力発電の出資により、1980年に'''日本原燃サービス'''株式会社として設立、その後、1992年に'''日本原燃産業'''株式会社と合併して現社名となった。当初は青森市に本社を置いたが、現本社は工場に隣接した青森県上北郡六ヶ所村にある。青森県に本社を置く最大の企業であり、資本金で比較すれば、資本金4000億円は2位のみちのく銀行の11.7倍である。2011年度末の総資産は2兆8311億円で、主な負債は再処理料金前受金6539億円、長期借入金8023億円と報告されているname\""GenNenSecRep\""日本原燃http:www.jnfl.co.jppublic_archive7-2.html「会社概況書」。社長は東京電力元執行役員原子力・立地業務部長の工藤健二http:www.jnfl.co.jppresspressj2014pr140630-1.html役員人事について日本原燃、2014年6月30日、会長は関西電力社長の八木誠(実業家)|八木誠東京電力社長の清水正孝は、2011年6月1日付で会長を、6月30日付で取締役を退任した。http:www.jnfl.co.jppresspressj2011pr110601-2.html役員人事について2011年6月1日、日本原燃株式会社の他、各電力会社や核関連法人、日立、三菱重工、東芝などから25人の取締役をむかえている。従業員数（就業員数）は2011年度末で2376人name\""GenNenSecRep\""で、本社458人、濃縮・埋設事業所373人、再処理事業所1442人の他、技術開発センター、青森本部、東京本部等に103人が就業していた。"
4050,"{{Citeweb|urlhttp:www.tepco.co.jpaboutcorporateinfooutlineindex-j.html|title事業概要会社情報東京電力ホールディングス|accessdate2016-07-03}}}}「一般電気事業者」group\""注\""http:www.houko.com0001S39170.HTM改正前の電気事業法条文（平25法074）まで第2条に定義されていた。であった'''東京電力株式会社'''が、電気事業法の一部改正group\""注\""「電気事業法等の一部を改正する等の法律（平成27年法律第47号）」による。によって、2016年（平成28年）4月1日から、家庭用電力の小売り全面自由化に対応するため、同年同日に持株会社体制へ移行して社名変更した、東京電力を継承した持株会社であるname\""事業概要\""{{Citeweb|urlhttp:www.tepco.co.jpaboutcorporateinfohistoryindex-j.html|title沿革会社情報東京電力ホールディングス|accessdate2016-07-05}}。略称は'''東電'''（とうでん）や'''東京電力HD'''（とうきょうでんりょくホールディングス）、または商号の英文表示name\""Article1ArticlesofIncorporation\""の頭文字から'''TEPCO'''（テプコ）が用いられている。東京証券取引所一部上場企業である。福島第一原子力発電所事故の復旧および損害賠償のために、日本国政府による公的資金が注入され、原子力損害賠償支援機構（現原子力損害賠償・廃炉等支援機構）が大株主となり、公的管理下においてname\""白書\""http:www.enecho.meti.go.jpaboutwhitepaper2012pdfwhitepaper2012pdf_1.pdf資源エネルギー庁『平成23年度エネルギーに関する年次報告(エネルギー白書2012)』第3章第5節「7．賠償の実績及び業務の改善」41-42頁、同機構委員長の下河辺和彦を「取締役会長」に迎えて、経営再建を目指すこととなった{{Citenews|urlhttp:www.nikkei.comarticleDGXNASFP19002_Z10C12A4000000|date2012-04-19|title下河辺・東電次期会長、弁護士仲間はこうみる「事業再生に手腕」「調整型の経営者に」|newspaper日本経済新聞電子版|publisher日本経済新聞社|accessdate2016-07-05}}。"
4050,*戦時統合で四国内のガス事業者を悉く合併したことに加え、三津浜町営ガスを前身とする松山市営ガス（後述）を譲り受けて以降、四国唯一の都市ガス事業者となっている。*今治市に置く本店のほかに、松山市に本社を置いており、営業本部や供給部門、情報システム部門は松山市に置かれるなど、事実上の複本社体制をとっている。*天然ガス化は大きく遅れをとり、2002年にようやく転換が始まった。2005年からは大阪ガスから専用内航船によるLNGの供給を受けつつhttp:www.nikkeibp.co.jparchives417417296.html大阪ガス、四国ガスと岡山ガスにLNG供給を開始NIKKEIBP2005年12月7日、2003年7月には今治市で転換し、2006年4月に香川県内、2007年8月には徳島市、2008年11月には高知市の転換が終了、2009年12月には松山地区(松山市・松前町)の転換が終了、2010年3月に宇和島市内の転換を終了したことにより、すべての供給地域で天然ガス転換を完了した。一酸化炭素を含む都市ガスを供給していた日本最後の事業者であったhttp:www.meti.go.jppress2010032500420100325004.html一酸化炭素を含む都市ガス供給の終了について経済産業省プレスリリース、2010年3月25日。*天然ガス転換前のガスグループは主に5Bで、他に7C（香川県）と6A（旧松山市営ガス供給区域は三津浜地区のみだった。）を供給していた。*CMキャラクターには東邦ガスのCMキャラクターである中村雅俊を起用（2005年6月～2007年3月）していたため、CM内容も中京地区で昨年2月～7月に放送された東邦ガスのCM（「ガスは、すごいことになっている。」登場編）と同じ内容を一部手直しして流していたCMの最後に登場する東邦ガスのロゴとナレーションは四国ガスグループのロゴとナレーションに差し替えている。。*2007年4月以降も東邦ガスと同様に、タレントのユースケ・サンタマリアや料理研究家の栗原はるみなどを起用したCMを、社名を差し替えた上で放映している。
4050,日本製鉄（旧住友金属工業）と関西電力の共同出資により設立された企業である。日本製鉄和歌山製鉄所で発生する副生気体|ガス（高炉ガス・コークス炉ガス）と重油を燃料として火力発電を行い、発生電力を供給している。
4050,1974年（昭和49年）2月25日、インドネシアから購入するLNGを受け入れ、貯蔵、気化、送出する事業を行なうことを目的として設立された。新小倉発電所と戸畑共同火力に、気化された天然ガスがパイプライン輸送|パイプラインで供給されているほか、新日鐵住金八幡製鐵所においては圧延用の加熱源として使用されている。また、西部ガスに都市ガス用として供給している。
4050,新日本製鐵（現・日本製鉄）の大分臨海工業地帯進出に伴い、新日鉄と九州電力の共同出資により設立された企業である。日本製鉄大分製鉄所構内にある大分共同発電所において、同製鐵所で発生する副生ガス（高炉ガスなど）を燃料として火力発電を行い電気を供給している。
4050,自社の発電所や契約発電所からの電力（大規模ガス火力発電やバイオマス発電等）と電力市場（JEPX）からの電力の双方を供給源とし、市場の変動や様々な環境変化の影響に対し金融工学の手法も駆使しつつリスク管理を徹底{{Citeweb|urlhttps:www.fhrc.jpdenryokumagazinedetails_92.html|title新電力第二位！F-Powerの金融工学による市場調達戦略とリスク管理｜新電力ビジネス　コンサルティングコンサルタント：船井総合研究所|accessdate2016.12.6|websitewww.fhrc.jp|publisher|languageja}}、安定的に電力を供給するビジネスモデルで成長。現在電力販売量で新電力1位である。
4050,略称として'''中電'''（ちゅうでん）や、'''中国電'''、あるいは同社のブランド名でもある'''EnerGia'''（エネルギア：ラテン語でエネルギーの意）が使われている。ただし'''中電'''と言うと、全国的には同社より規模の大きい中部電力の略称として用いられることがほとんどであり（ドメイン名「chuden.co.jp」も中部電力のもの）、中国地方の同社エリア以外では、中部電力と区別のために「中国電」と表記されるのが一般的である。br前述の事もあり、同社のインターネットでのドメイン名も「energia.co.jp」となっている。ブランドスローガンは「'''いいことプラス　EnerGia'''」。中国電力は山口県企業局|山口県営の電力事業などをもとに発足した経緯から、山口県庁|山口県が大株主となっている。かつては山口県庁#外郭団体|外郭団体である財団法人山口県振興財団を通じて13.72％の株式を保有する筆頭株主であったが、山口県の機構改革に伴う2012年3月末での同財団の解散に合わせて一部の株式を売却し、保有比率を下げている{{Citenews|urlhttps:www.nikkei.comarticleDGXNASJB02027_S2A200C1LC0000|title山口県財団、中国電1550万株を売却へ|newspaper日本経済新聞|date2012-02-03|accessdate2018-02-13}}。
4050,"金沢市企業局は、電気事業法で定める「日本の電力会社|卸供給事業者」として水力発電|水力発電所を有しており、日本の都道府県以外の地方公共団体としては唯一市営の発電事業を行っている。また、発電された電力は全量北陸電力に売電されている。2001年（平成13年）4月1日に下水道事業を統合し、現在は5事業を行う地方公営企業name\""mynavi\""{{Citeweb|urlhttps:news.mynavi.jparticle20181109-721436|titleアビーム、金沢市企業局のRPA試験導入プロジェクト|publisherマイナビニュース|date2018-11-09|accessdate2019-03-21}}である。2020年（令和2年）4月1日に福井市企業局の都市ガス事業が関西電力・北陸電力などが設立する新会社「福井都市ガス」へ譲渡されるため、北陸地方における公営の都市ガス事業者は金沢市企業局のみとなる{{Citeweb|urlhttps:www.nikkei.comarticleDGXMZO24933730R21C17A2LB0000|titleガス民営化20年4月にも福井市、検討委の答申受け|publisher日本経済新聞|date2017-12-22|accessdate2019-03-21}}。"
4050,"原電エンジニアリング株式会社は、平成27年7月1日、日本原子力発電株式会社の連結子会社である原電事業株式会社が原電ビジネスサービス株式会社、原電情報システム株式会社を吸収合併し、商号を変更name\""gnesc\""し設立された。主な事業は、発電所等の保守、放射線管理、発電所附帯施設の運営、情報処理システムの開発・保守http:www.japc.co.jpcompanygroup.html日本原子力発電株式会社関連会社事業概況である。"
4050,電源開発と三井造船（現三井E&Sホールディングス）が共同出資して設立した市原パワー株式会社が建設した発電所である。三井造船千葉事業所の敷地内で、特定規模電気事業者(PPS)向け電気供給事業として2003年3月に着工し、2004年10月1日に運転を開始した。2014年度に、関電エネルギーソリューションが市原パワーの全株式を買収し、完全子会社化した。
4050,・飛騨川流域一貫開発計画・有峰ダム|常願寺川有峰発電計画など）が治水・かんがい事業と組み合わせた河川総合開発事業となるに至った。こうしたことは配電地域への電力供給をより確固にさせることができるだけでなく、当該地域における経営基盤の強化にもつながるため、各電力会社は「宝の山」である未開発河川の発電用水利権を簡単に他社へ渡すことに対し強烈に抵抗したのである。特に問題になったのは只見川で、建設中の本名・上田発電所の水利権帰属を巡って東北電力と東京電力が争い、都合2年におよぶ法廷闘争に持ち込まれたほか国会でも問題となり、東北地方対関東地方・新潟県の対立にまで発展した。最終的に属地主義の例外として中部・北陸の河川における発電用水利権は一河川一社主義を適用するという中央委員会の「裁定」という形式で各電力会社は妥協した。その結果が下表の帰属状況であるが、同一水系であっても本流と支流で水利権の帰属が異なる水系（木曽川など）、同一河川であっても上流と下流で水利権の所在が異なる河川（黒部川など）、配電地域以外の電力会社が水利権を全て所有する河川（庄川など）など複雑な水利権帰属体系となった。信濃川水系では本流と支流、流域によって水利権を所有する電力会社が異なるという状態も発生した。こうした水利権の帰属は多少の変更こそあったものの、基本的には現在も変わっていない。こうした状況を例えると、中部地方を流れる木曽川本流の水は水力発電に限っていえば、流域である名古屋市を中心とする中京圏ではなく、流域外の大阪市など関西圏に電力を供給するために利用されているという状況が続いている。日本発送電が全国の発送電業務を一手に引受けていたことは、全国の電気産業労働者の労働条件を統一化しやすい条件となっており、総評を牽引する日本電気産業労働組合（電産）の結束力を生み出していたのである。日本発送電を分割された結果、9電力会社間に労働条件の格差が生まれて企業別の新たな組合の結成を促し、電産の闘争力が弱くなることになった河西宏祐『電産型賃金の世界』早稲田大学出版部1999年pp.10-11.。そして会社こそ分割されたが、9電力会社間の閨閥は解体されなかった広瀬隆『私物国家日本の黒幕の系図』光文社1997年系図13松永安左衛門と電力9社がつくりあげた閨閥。
4050,農業生産法人Greenish（グリニッシュ）と共同で耕作放棄地の復興作業を行い、主に耕作放棄地で農業をしながら太陽光発電を行っている。具体的には休耕田で紫にんにくを収穫するとともに、ソーラーパネルの下で鶏を放し飼いにして卵を生産したり、日陰を好むハーブやキノコを栽培し、加工する6次産業を行っている。
4050,"主な事業内容は#ガスの製造、供給および販売#液化天然ガス|LNGの供給および販売#電力の発電、供給および販売#ガス機器の販売#ガス工事の受注となっている。大阪ガスは企業競争力のベースを技術に求めており、研究開発は最も重要な企業差別化戦略の一つと考え、様々な新技術の研究開発、実用化に積極的に取り組んでいる。その中には「低輻射方式」（機器表面の熱を下げることで輻射熱を低減する方式。\""涼しいガス厨房シリーズ\""涼厨機器を二重構造にし、機器内側の空気の流れにより機器表面の熱を奪うことで輻射熱を低減）などがある。大阪財界を支える有力企業であり、大阪商工会議所の会頭を度々輩出しているhttp:www.osaka.cci.or.jpShoukaiRekishirekidai.html大阪商工会議所歴代会頭（2019年2月3日閲覧）。。りそなHDと親密関係にある。第二次世界大戦前は野村財閥の中核企業の一つだった。現在も本社ビル（大阪瓦斯ビルヂング、通称ガスビル。安井武雄の設計になる戦前期モダニズム建築の傑作として知られ、国登録有形文化財である。）の1階には、主力銀行でもあるりそな銀行の御堂筋支店がある。また同社は、旧大和銀行系列の企業集団に当たる大輪会にも加盟しているがhttp:izumisano-kyuryo.jpdairinkai大輪会（だいりんかい）とは-http:izumisano-kyuryo.jp泉佐野丘陵緑地公式サイト内のページ。、三和グループの社長会・三水会|三水会とその後身社長会である水曜会にも加盟している{{PDFlink|https:doors.doshisha.ac.jpduarrepositoryir1598117064050004.pdf六大企業集団の無機能化}}-同志社大学学術情報検索システム内のページ。筆者は経済学者の田中彰(経済学者)|田中彰。。但しみどり会には未加盟である。ガス供給のほか、電力の卸・小売事業も行っている。また、同業者の岡山ガス、四国ガス、大津市企業局、静岡ガス、日本瓦斯などへ天然ガスの卸売り大阪ガス姫路製造所から岡山ガス築港工場へ、両事業所間を結ぶパイプライン輸送|パイプラインや大型LNGタンクローリーを使用して天然ガスを卸している。http:www.otsu-kigyo.jphtmlmanabukungasg_t.html大津市企業局HPhttp:www.nikkeibp.co.jparchives417417296.htmlNIKKEIBP2005年12月7日大阪ガス、四国ガスと岡山ガスにLNG供給を開始{{リンク切れ|date2017年10月}}を行うほか、関西電力、沖縄電力へも発電向けの都市ガス供給を行っている。http:www.osakagas.co.jpcompanyirlibraryarpdf201616_07.pdfガス製造所：泉北製造所第1工場・第2工場（大阪府堺市・高石市、LNGタンク22基）、姫路製造所（姫路市、LNGタンク8基）発電事業はグループ会社を含め、合計、国内約181万kW、海外約120万kWの発電施設を持ち、卸・小売を行っている。2009年（平成21年）からは、泉北地区にIPP|卸売電力事業者の発電所としては国内最大級の110万kWの泉北天然ガス発電所を設置し、関西電力、中部電力などに卸売している。http:www.gas-enenews.co.jpnews200904--97.html『ガスエネルギー新聞』2009年4月他、同社は、2016年春からの電力自由化|電力小売自由化を視野に、丸紅などと共同で茨城県内で石炭火力発電所の新設を計画していたが、原子力発電所の再稼働などで採算が厳しくなるなどの理由で、2015年までに計画を断念したhttp:www.sankei.comeconomynews151220ecn1512200007-n1.html「大阪ガスが茨城の火力断念　原発再稼働で採算厳しく」『産経新聞』2015年12月20日。東南アジア（タイ王国、シンガポール、インドネシア）など日本国外にも進出しており、2030年度には利益の3割を海外事業で稼ぐことを目標としているhttps:www.sankei.compremiumnews181112prm1811120001-n1.html「国内は頭打ち大阪ガス、海外事業で3割稼ぐ会社に」産経新聞ニュース（2018年11月12日）2019年3月19日閲覧。。アメリカ合衆国では火力発電所の運営（ミシガン州およびコネティカット州、ペンシルベニア州）、LNG基地やシェールガス開発（テキサス州）に出資または参画している「大阪ガス、米国事業で攻勢シェール増産追い風に参画案件、採算見極めカギ」『日経産業新聞』2018年9月20日（環境・エネルギー・素材面）。https:mainichi.jparticles20190317ddm008020058000c【世界経済見て歩き】ペンシルベニア州フェアビュー発電所日米協業に地元期待大ガス、海外戦略の柱に『毎日新聞』朝刊2019年3月17日（経済面）2019年3月19日閲覧。。"
4050,太平洋戦争後、連合国軍占領下の日本|日本が占領下にあった1951年5月1日に設立された。松永安左エ門（電気事業再編成審議会委員長）が連合国軍最高司令官総司令部|GHQを説得し、国会(日本)|国会決議より効力が強いGHQポツダム政令を元に、戦時における企業統廃合などによって発足した関西配電と日本発送電を再編した（このため、現在も一部の年配者には関西電力を「関配（カンパイ）」と呼ぶ人もいる）。後述のとおり、戦前まで近畿地方を拠点に全国展開していた大同電力、宇治川電気、日本電力、東邦電力の流れを組み、資産を継承している関係上ただし、事業すべて継承しているわけではなく、東邦ガス、京福電気鉄道、ダイビルなど、同じ起源を持つ企業は他にも存在する。、近畿地方以外の発電所などの設備を多く持つ。発電能力と比べ、実際の発電所は原子力発電による比率が約55%となっている（他社からの買電、融通、揚水発電を除いた発電量における、設備別比重）。その一方、本来の電力供給エリア外である富山県の黒部川流域などに、最大出力30万kW超の大型の水力発電所も所有する。2001年以降、高経年で効率の低い小容量火力発電所の廃止を進めているhttp:www1.kepco.co.jppressre20031218-3j.html大阪発電所の廃止について2003年12月18日。春日出発電所、大阪発電所、高砂発電所など計7箇所の発電所が全廃されたほか、複数の発電設備が長期計画停止となり、2013年時点も停止中の火力発電所が存在する。これらはほとんどが石油火力である。!--ファイル:Kandennakanoshima.jpg|thumb|関西電力本店ビル(高さ195m)|right|300px--関西財界を構成する主要企業の一つである。関西電力の社長・会長はたびたび関西経済連合会会長に就任している。
4050,*各種高圧ガスの販売及びプラント建設*半導体製造用各種装置の開発・設計・製造・販売*流体制御用機器の開発・製造・販売*PA・FA用ソフトウェアの販売
