3100,熊本県や近県の一部の小中学校・高校、高専、専修学校の制服、水着のほか、官公庁の制服、スポーツウェア、企業ユニフォームなどの製造販売を行っている。
3100,1979年創業。ブランド名の“StudioD'Artisan”とは“職人工房”という意味。ブタのキャラクターとレプリカジーンズの先駆者として知られる。1980年代初頭、日本のジーンズマーケットはケミカルウォッシュなどの加工を施したジーンズが主流となっていった。そんな時代にも関わらず、本藍カセ染めのセルビッチデニム、打ち抜きリベット、バックシンチ等、ヴィンテージジーンズといわれるスタイルで勝負し続けてきたブランド。SD-D01は1986年のデビュー以来、ステュディオ・ダ・ルチザンが守り続けた不変のモデルである。また、シンボルキャラクターのブタがプリントされた、パロディものの衣類も製作している。
3100,前身会社は三菱財閥系の商社で生地貿易を行っていた「'''港商'''」(港商は1965年に解散)。戦後まもなくスカジャンを作り始めた会社で、ブランド'''テーラー東洋'''によるスカジャンは、1960年代当時、米軍PXへの納入シェア90%以上を占めたこともある。現在では、アメリカンカジュアルウェア全般の企画・製造を手広く展開しており、実在した旧ブランドの実名復刻も行っている。代表的なブランドとしては、'''シュガーケーン'''、'''バズリクソンズ'''、'''サンサーフ'''、'''ジョン・セバーソン'''、'''インディアンモーターサイクル'''などがある。代表取締役社長の小林亨一は、世界的なヴィンテージ・アロハシャツのコレクターであり、研究家としても知られている。
3100,事業としては、合成繊維、炭素繊維、アラミド繊維等の繊維織物の生産および加工販売をおこなう。この他にも、建材としても利用されるポリスチレンフォームの生産加工もおこなっている。また、東レの関連企業である。
3100,"主に漁業用を中心に各種網の製造をおこなうname\""製品\""同社公式サイト内のhttp:www.momoi.co.jp製品の記述を参照。。マルチフィラメントを中心としたモノから、モノフィラメント製のマグロ漁用の遠洋漁業向けまで、各種漁網を製造しているname\""製品\""。近年では農業の外敵ともなるシカやイノシシ、サルなどを農産物から守るための陸上用網にも分野を広げているname\""製品\""。創業当時から国内のみならず、海外へ向けても漁業用網を販売しており、その性能はつとに高く、海外の現地法人によりフィリピンやインドネシア、メキシコに工場、タイ王国|タイや香港に営業拠点を持つhttp:www.momoi.co.jp同じく同社公式サイト内の会社概要の記述を参照。。かつて1980年代から1990年代初頭にかけて、山陽新幹線の西日本旅客鉄道|JR相生駅(兵庫県)|相生駅の市街地沿いに、社名のみを記した広告|屋外広告を設置していたことがあるが、現在は撤去されており、現存しない。"
3100,アメリカンカジュアルのアパレル商品・ドッグウェア・ドッググッズ等の企画・製造から小売事業までを行う製造小売業である。2015年11月現在で、国内40店舗を展開。
3100,''ピエロ本舗'''のブランドで、京阪神地区を中心に飲食店向けの貸しおしぼりの製造・販売を行っている。また、飲食店・医療機関向けに資材の販売も行っている。
3100,創業当初から「技術の藤高」と高く評価され、1952年には横織タオルで特許を取得、1963年には今治で初めてタオルケットの生産を開始したhttp:www.toray-opt.co.jplycra_newsjapan02.htmlニッポン、繊維の底ヂカラ!Vol.2-東レ・オペロンテックス株式会社、2013年7月1日閲覧。。2005年には「五彩織り」を開発した。五彩織りは画期的なジャガード織物で、従来プリント以外では表現できなかった図柄を先染め特有の高級感とともに、多彩な表現を可能にしているhttp:www.sugowaza-ehime.comdetail03.php?id54愛媛ものづくり企業『すご技』データベース　株式会社藤高-愛媛ものづくり企業『すご技』データベース、2013年7月1日。五彩織りは高く評価されており2012年に第4回ものづくり日本大賞において同社の開発陣と協力会社社員が経済産業大臣賞を受賞しているhttp:www.select.jpnewsdetail.php?news_id305「第4回ものづくり日本大賞」今治タオルの藤高が経産大臣賞-月刊セレクト（2012年2月16日）、2013年7月1日閲覧。。
3100,「銀座亜紀枝刺子館」「大庄屋ざしき」「銀座亜紀枝の藍染めと刺し子の店」「銀座亜紀枝刺し子教室」を運営している。
3100,ボックス・バニーは、世界中の若い女性たちに東京発ガールズファッションの「Online直接購入、海外発送サービス」を提唱する企業である。目標は「もっと可愛く、もっと早く」ワールドワイドの女性たちにファッションを楽しんでいただく、としている。
3100,福岡県、近県の一部の小中学校・高校、高専、短大、少年合唱団の制服、水着を販売している。
3100,1985年8月にプリントTシャツの卸売を目的として創業される。「BABYDOLL」に王冠ロゴを付けたブランド商品を2002年から販売。また、自社のアパレル専門店「STARVATIONS」を展開している。
3100,石津謙介が大阪市南区で創業した企業である。ニュー・イングランド風のファッションを、アメリカ合衆国|アメリカ東海岸名門大学グループ「アイヴィー・リーグ|アイビーリーグ」にちなんで「アイビー」と呼んだが、このアイビー・ファッションをVANブランドとして打ち出し、急成長を遂げた。アイビーは、1960年代に東京・みゆき通りに集まる流行に敏感な若者、総称して「みゆき族」の間にも流行した。みゆき族の間では、ヴァンヂャケット社のブランド「VAN」の紙袋を持つことさえおしゃれであるとされ、「VAN」はその後、日本のファッションシーンの最先端を走り続けた。アイビーファッションの信望者の中では、神様的扱いのブランドであった。1970年代に至っても愛好者はいたようであり、また、1つのジャンルを形成していた。青山(東京都港区)|青山に本社ビルを構え、企業内クラブとしてアメリカンフットボールのチーム「VANGUARDS」を持つなど、当時時代の最先端を行く企業として若者の間の人気は高かった。
3100,子供服の製造型小売業|SPAを行っており、「BRANSHES（ブランシェス）」と「D'filant（ディフィラン）」を中心に、北は宮城県まで、南は熊本県まで全国広域に展開している。その間「ブランシェスミエル（BRANSHESMIEL）」というフォーマルブランドや「ブランリュード（BRANRUDE）」というジュニアターゲットブランドも含めて展開。2006年秋に「ブランドリニューアル」を果たし、当時の「ブランシェス」の特徴をより進化させた衣料5ブランド。小物1ブランドの計6ブランドに進化。そのうち、親子に特化したブランドディフィランより「ディフィラン」という名称のショップ展開も始めた。（現在はディフィランの名称だが、ブランシェスブランドを取り扱う。）2011年春にはこれまでのブランドで培った良さを取り込み、再び「ブランシェス」へ再編成された。イオングループの一員ではあるが、イズミやイトーヨーカ堂|イトーヨーカドーといったイオングループ外の総合スーパーや百貨店にも積極的に出店している。2010年春からは「Br（ビーアール）ショップ」を展開している。同ショップでは取扱サイズを80～120cmに絞り、靴などの雑貨類もそのサイズに準じられる。また、「ブランシェスクラブ」のポイントカードやお買物券の利用ができないうえに、「ブランシェス」で行われている催事やフェアなども実施されない。こちらは総合スーパー「イオン(店舗ブランド)|イオン」やイズミが運営する「ゆめタウン（山口県のゆめシティを含む）」に出店する程度である。
3100,1905年、祖父江利一郎が、名古屋市内で織り布と染物の工場を開業（会社では創業年としている）。1910年に、「合資会社御幸毛織工場」を設立。1918年に、株式会社に移行して、「御幸毛織株式会社」となる（会社では設立年としている）。2003年4月1日、商号（社名）を「御幸ホールディングス株式会社」に改め、その傘下として、会社分割により新たに設立した（新）御幸毛織株式会社と、そのアパレル事業の関連会社・ミユキ販売株式会社、株式会社ラン・クロージング（現ミユキソーイング株式会社）、並びに下着を製造するアングル・ミユキ株式会社（2012年にグループ離脱。同年7月2日よりアングル株式会社。）と、それらアパレル事業の販売部門を請け負う株式会社ミユキライフ、電子機器の製造販売を行うミユキエレックス株式会社（旧会社名　ボン電気㈱）、人材派遣（アウトソーシング）と不動産事業を展開する中京産業株式会社（後に御幸毛織へ合併）を置いていた。2009年9月1日に、繊維事業などで共同開発などの連携を強めるため、東洋紡との間で株式交換を行い、完全子会社となる。そのため、2009年8月26日付で上場廃止。2013年4月1日、持ち株会社制をやめ、御幸毛織株式会社を吸収合併し、社名を「御幸毛織株式会社」に変更した。また同日、子会社の株式会社ラン・クロージングもミユキソーイング株式会社へ社名変更した。
3100,ポリ塩化ビニルを用い、温熱性に優れた寝具・インナーウェアなどの販売をおこなう。元々は大阪府泉大津市にて創業した毛織物専門の紡績会社、岸部毛織の販売部門が分離して法人化したことにより出来た企業である。歌手の松崎しげるが歌うコマーシャルソング|CMソング『歌おう！日本』が同社の社歌になっていることで知られる一方で、寝具・肌着の販売以外にもトランクルームなどの事業のほか、同社の本社所在地近くに所在する「ケイエスビー弥生の里温泉」の経営などもおこなっている。1980年代から1990年代にかけて、テレビで頻繁にコマーシャルメッセージ|CMをおこなっていたことでも知られ、現在ではテレビCMこそ少なくなったが、阪神甲子園球場の外野スタンドに屋外広告を設置している他、関東地区でも東日本旅客鉄道|JR浜松町駅近郊にネオンサインを設置している。
3100,*代表取締役社長-後藤昇*設立-1948年*資本金-1億4250万円*従業員数-400名（2005年11月現在）
3100,"{{Citeweb|urlhttp:www.sotoh.co.jpcompany-nindex3.html|title概要・沿革|publisher株式会社ソトー|accessdate2016-06-10}}|代表者代表取締役社長高岡幸郎{{Citeweb|urlhttp:www.sotoh.co.jpcompany-nindex4.html|title組織図・役員|publisher株式会社ソトー|accessdate2016-06-10}}|資本金31億2419万円name\""EDINET\""{{Citeweb|urlhttps:disclosure.edinet-fsa.go.jpE01EWBLMainController.jsp?uji.verbW00Z1010initialize&uji.beanek.bean.EKW00Z1010Bean&TIDW00Z1010&PIDW1E63011&SESSIONKEY1465537321458&lgKbn2&pkbn0&skbn1&dskb&askb&dflg0&iflg0&preId1&mul%E3%82%BD%E3%83%88%E3%83%BC&flson&cal1&eraH&yer&mon&pfs4&row100&idx0&str&kbn1&flg&syoruiKanriNoS100570I|title有価証券報告書−第144期(平成26年4月1日−平成27年3月31日)|publisherEDINET|accessdate2016-06-10}}|発行済株式総数1393万3757株{{Citeweb|urlhttp:www.nikkei.commarketscompany?scode3571|title3571　ソトー|publisher日経会社情報|accessdate2016-06-10}}|売上高単体67億22百万円br連結114億08百万円br（2015年3月期）name\""EDINET\""|営業利益|純利益|純資産単体121億95百万円br連結160億89百万円br（2015年3月期）name\""EDINET\""|総資産単体141億78百万円br連結189億08百万円br（2015年3月期）name\""EDINET\""|従業員数単体365名、連結712名br（2015年3月31日現在）|決算期3月31日|主要株主ダイドーリミテッド|株式会社ダイドーリミテッド11.4%br大同生命保険|大同生命保険株式会社6.0%brトーア紡コーポレーション|株式会社トーア紡コーポレーション2.8%br（2015年3月31日現在）|主要子会社日本化繊株式会社100%br株式会社ソトージェイテック100%|関係する人物|外部リンクhttp:www.sotoh.co.jp|特記事項}}'''株式会社ソトー'''（{{Lang-en-short|''SOTOHCO.LTD.''}}）は、愛知県一宮市に本社を置く染色整理メーカーである。"
3100,1925年ローマにて創業。当初毛皮工房であった。1990年代に一時経営難に陥るが、プラダとLVMHの合弁会社に買収されて再建。その後、プラダが保有した全株式をLVMHが取得し、LVMHグループの一員となった。ブランドアイコンとして、縦縞のペカンやFを組み合わせたダブルFズッカ、文字盤にカラージュエリーを埋めこんだ美しい時計、クレイジーカラットがよく知られている。現在では、毛皮・バッグ・靴などのレザーグッズをはじめ、服飾、サングラス、宝飾品、時計など、広い分野をカバーしている。展開商品は女性向けのものが多数であったが、2000年代後半から男性向け商品についても展開を本格化させている。婦人服、ファー製品はシャネルと同じドイツ人のカール・ラガーフェルド（{{lang|de|KarlLagerfeld}}）、紳士服は創業家のシルヴィア・フェンディがデザインしている。
3100,1925年に瀧本合名会社として発足、1930年には同社の基幹ブランドとしてスクールタイガーを設立する。その後1948年に改組し、現在に至る。手塚治虫を起用したテレビCMを、長きにわたって放映していたことでも有名であり、「大志を抱いて、立派に成長して欲しい」とのことから、没後20年近く経つも、今なお日本漫画界の巨匠としてその名と功績を高く評価されている手塚を起用した。その他にも富田靖子らのアイドルも同社のCMに出演していたことがある。かつては一般公立中学・高校にも強かったが、少子化が進む昨今、他社と同様に基幹ブランドのスクールタイガーは縮小傾向にあり、かわってコシノヒロコやベネトンなど有名デザイナーを起用した製品の割合が多くなっている。
3100,"独自の技術力、提案力から生み出された独創的な商品及び、顧客の要望に応える安定した生産能力を持った刺しゅう会社として、注目を集めている。「ワラカット刺しゅう」などの独自技術の背景には、社長の苗代次郎が若い頃に縫製企業で培った、ミシンへの豊富な知識がある。あらゆるミシンの修理等で得た知識、経験を刺しゅう機へ応用することにより、独創的なアイデアを製品に落とし込んでいるname\""20080402nikkeibo\""。また、美希刺繍工芸の技術力は商品開発だけでなく、商品生産能力にも活かされている。他の企業であれば手作業で行わなければならない作業でも、美希刺繍工芸では刺しゅう機を活用することにより、量産体制を築いている。こうした技術は、他社が真似しようと思っても容易に実現できるものではないname\""20080402nikkeibo\""。パリ・コレクション|パリコレへの出展（1999年に初出展）で世界中から注目を集めているほか、ジャパン・クリエーション（日本国内最大の繊維見本市）、ジャパン・テキスタイル・コンテストでも注目を集めており、高い技術力によって世界で活躍する中小企業の一つといえるname\""20080402nikkeibo\""。"
3100,*2015年2月2日に創立した。*プレタポルテ（高級既製服）、オーダードレスの製造、販売を中心に活動。*ファッション、繊維、デザイン分野に特化した、マーケティングや経営課題解決の支援を行い、イベントやアートディレクションにおいて様々なプロジェクトを提供する。アパレル&テクノロジー、ウエアラブルなどの分野に展開を広げている。*日本のファッションデザイナーである糀泰佑と佐別當理恵子が企画している。
3100,タオル製品のOEM生産を手がける他、自社オリジナルタオル「白い和み」四国タオル工業組合の認定基準に合格した今治タオル。や「坂の上の雲」及びスポーツタオルの生産・販売を行なっている。この他、写真製版や染料による特殊タオルも手がける。
3100,元々は問屋などから注文を受けタオルハンカチのOEM生産を主力とするタオルメーカーだった。しかし、取引先の問屋が倒産し売掛金等が焦げ付き経営が悪化し2003年に民事再生法の適用を申請した。民事再生法申請後は、OEM路線から脱却し自社ブランドタオルを核とした事業展開を行い2007年には民事再生手続きを終了している。自社ブランドタオル「IKT」は、2002年にアメリカ合衆国|アメリカの織物品評会「ニューヨーク・ホームテキスタイルショー・2002年スプリング」で最優秀賞を受賞しており、当時の首相であった小泉純一郎が工場を視察し2003年の施政方針演説では社名は出されなかったものの紹介され話題となったhttp:www.kantei.go.jpjpkoizumispeech20030131sisei.html第156回国会における小泉内閣総理大臣施政方針演説-首相官邸、2003年1月31日（2012年4月13日閲覧）。。2002年からグリーン電力認証制度を活用して社内の電力100%を風力発電で補っており、同社のタオルは「風で織るタオル」というブランド名で呼ばれている。また、オーガニックコットンの活用や地元タオルメーカー7社で高度な排水処理設備を導入するなど環境配慮の姿勢が評価されている。
3100,|資本金40億円|発行済株式総数|売上高129億円（2016年度）|営業利益|経常利益|純利益|純資産|総資産|従業員数|支店舗数|決算期|主要株主ユニチカ（60%）br三菱ケミカル（40%）|主要子会社|関係する人物|外部リンクhttp:www.nippon-ester.co.jp{{jaicon}}|特記事項※2017年6月29日現在。}}ファイル:Unitika-Nippon-Ester-Okazaki-1.jpg|thumb|260px|ユニチカ岡崎事業所と同じ敷地内にある岡崎工場'''日本エステル株式会社'''（にっぽんエステル、英語|英文名称''NIPPON-ESTERCO.LTD.''）は、大阪府に本社を置く合成繊維メーカー。ユニチカと三菱化学（現・三菱ケミカル）の出資により設立され、ポリエステル繊維の製造を行う。アロマテラピー製品の製造を行う、東京都国分寺市の有限会社日本エステル社とは直接の関連はない。
3100,トラディショナル・スタイルのカジュアルブランド。マークのモチーフは、自由の女神像である。主にティーンエイジャーを対象としている基幹ブランドの「イーストボーイ」（イーストボーイ・スクールおよびイーストボーイ・ファッション）、母子のコーディネートを主体とするブランドの「イーストボーイコメット」、大きめのサイズを取り扱う「グリーンノート」の3ブランドで展開している。なお、{{要出典範囲|date2014年3月|「イーストボーイファミリー」では、男性|男子向け商品も取り扱われていたが、2007年末時点では休止している}}。自由の女神像のワンポイントが入ったニットカーディガンやスクールバッグ等は、女性|女子中高生の日本の学校制服|制服ブランドとして人気がある。校則の範囲内でそれぞれの指定制服にコーディネートできる「スクールライン」という新しいジャンルの開拓に一時期{{いつ|date2014年3月}}多くのメーカーが追随した{{要出典|date2014年3月}}。
3100,"ublisherテラボウ|accessdate2014-01-29}}name\""利吉\""{{kotobank|寺田利吉|2デジタル版日本人名大辞典+Plus}}、2014年1月29日閲覧。。1912年（大正元年）10月7日、大阪府泉南郡北掃守村大字春木（現在の岸和田市松風町10番地65号、岸和田市立春木中学校）に春木分工場を設立、社長自ら陣頭指揮を執り稼働させたが、1914年（大正3年）7月31日、火災で全焼しているname\""kishi42_35\""。しかし、即座に復興にとりかかり、同年12月1日には再稼働を実現しているname\""kishi42_35\""。1918年（大正7年）には、同社は日本統治時代の朝鮮|朝鮮（現在の大韓民国）に人材を求め、朝鮮人女性を多く雇用して工場労働者としたname\""図書館\""。1922年（大正11年）7月には、春木分工場の朝鮮人女性労働者による待遇改善を求める争議行為が起こり、翌8月には本社工場に勤務する日本人労働者による争議が発生しているname\""図書館\""。翌1923年（大正12年）7月23日には、和泉紡績を合併、この工場を同社の津工場としたがname\""kishi42_99\""、同年11月には、同社のみならず寺田紡績工廠、和泉紡績を含めた大規模な争議が起きているname\""図書館\""。昭和に入ってからも、1930年（昭和5年）5月3日、堺工場で、在日朝鮮人労働者と日本人労働者の共同闘争による大規模な争議が行われたが、1か月半後の6月13日には解決したname\""oohara\""{{Citeweb|urlhttp:oohara.mt.tama.hosei.ac.jpkhronika1926-301930_09.html|title岸和田紡績堺分工場争議|publisher法政大学大原社会問題研究所|accessdate2014-01-29}}。この詳細は#朝鮮人労働者と争議|後述する。1931年（昭和6年）11月23日、寺田財閥を創設した同社の初代社長・寺田甚与茂が死去、同年12月には甚与茂の長男・寺田甚吉（1897年-1976年）が二代目社長に就任したname\""図書館\""name\""kishi42_99\""name\""甚与茂\""。甚吉は、各工場の機械設備刷新を行い、老朽化した堺工場（1870年開業）の整理を断行、1933年（昭和8年）10月5日には休止、翌年3月31日には廃止、1939年（昭和14年）10月10日には他社に売却しているname\""kishi42_99\""name\""nichibo03\""。1934年（昭和9年）には、大阪市東区(大阪市)|東区瓦町2丁目55番地（現在の同市中央区(大阪市)|中央区瓦町2丁目1番1号）の三和ビルヂング内に営業所を開設、これに本店幹部を結集し、事業の効率化を図ったname\""図書館\""name\""nichibo03\""。同営業所は、1936年（昭和11年）4月に新築した同区北久太郎町3丁目38番地（現在の中央区久太郎町2丁目5番31号）の寺田ビルヂング内に移転しているname\""nichibo03\""。また、1932年（昭和7年）10月には、同社の倶楽部として自泉会館（現在の岸和田市立自泉会館）を建設・開館したname\""年表\""。1938年（昭和13年）3月には、専務取締役山田宗三が三代目社長に就任しているname\""kishi42_103\""。1940年（昭和15年）6月1日には、中華民国天津市（現在の中華人民共和国天津市）に天津工場を建設、操業開始したname\""kishi42_99\""。同工場の視察から交渉・建設を手がけた取締役の寺田栄吉（1902年-1993年）が、同年12月に四代目社長に就任したname\""nichibo03\""。その後、創立以来の黒字経営・高配当のまま、1941年（昭和16年）7月26日、大日本紡績と正式合併、解散したname\""nichibo03\""name\""kishi42_84\""name\""図書館\""。"
3100,*主にミリタリーウェアを取り扱うファッションブランドである。正式名称はTHEFEWMFG.CO.LIMITEDhttp:www.newzealandcorps.comcorp32914.htmlCompanyprofileofNewZealand。A-2フライトジャケット|A-2、G-1、B-3、B-6といったフライトジャケットを中心にレザージャケット等の製造販売を行っている。牛革、馬革、シープスキン、山羊革、ベルト革など世界9カ国から素材を集め、革の原皮からジッパー、裏地、付属に至るまで一切の妥協を排除し最高のモノ作りを目指して日々進化をしている南太平洋のニュージーランドのクライストチャーチから世界に発信しているフライトジャケットのブランドである。*平成27年3月9日に各特約店宛てにメールにてニュージーランド工場の操業を終了する旨の通達をし、ニュージーランド工場での14年間の歴史に幕をおろした。今後はニュージーランド以外での操業を予定しているhttp:gorillian.blog19.fc2.comblog-entry-1305.htmlTHEFEWファンの皆さまへ　-お知らせ-(高円寺GORILLA)。*マニラにて生産した2017-18モデルの新製品を発売し、生産を再開したhttps:twitter.comgorilla_kouenjistatus944451529569746944https:twitter.comgorilla_kouenjistatus945600768089952256。
3100,創業者の三宅敏彦が、1949年に大阪・船場にて創業して始まる。元来は生地の卸売を専業としていたが、1981年に20代の女性向けブランド「Pinky&Dianne」を誕生させたことを契機としてレディスアパレルに開眼し、その後「NATURALBEAUTY」派生ブランドとして、1996年に「NATURALBEAUTYBASIC」が誕生している。や「ビバユー|VIVAYOU」の他「JILLSTUART」などの有名ファッションブランドを抱えるまでに成長する。2007年に大阪本社のほか東京支社を東京本社に格上げし、2011年6月以降は東京スタイルと共同株式移転して、経営統合ならびに持株会社を設立する。2014年3月に事業再編しTSIホールディングスグループ内でディレクター事業を担当する企業となった。主軸のファッションブランドの他、海外ブランドのライセンスを中心に事業を展開している。
3100,同社の前身は縫製工場であり、かつてはハリウッドランチマーケット、45rpm、ヒステリックグラマーなどのOEMを行っていた『ヒストリー日本のジーンズ』P.46。特にジーンズの話題をとりあげられることが多く、ジーンズブランドと誤解されがちだが、実際には、ジーンズ以外のボトムス、ジャケットやシャツ、バンダナ、帽子、靴下等の小物、ペンダントやブーツなどの服飾品も扱っている。限定商品ではあるもののトランプや自転車、バナーなど冗談のようなものまである。代表取締役社長は平田俊清、同社のデザイナーである平田和宏は、その息子。
3100,アパレル商品等の企画・製造から小売事業までを行う製造小売業（SPA）である。2018年1月末における国内店舗数は368店舗(直営277店舗、FC91店舗）、2018年1月末における海外店舗数は9店舗（直営1店舗、FC8店舗）。百麗国際|BelleInternationalHoldingsLimited（百麗国際）との合弁会社が展開する中国小売事業の店舗数は227店舗。2018年現在は、15ブランドを抱える。「自分たちが欲しいもの」を徹底的にこだわり、2000年4月、渋谷109店にファッションブランド「MOUSSY」を展開（当時は、株式会社フェイクデリック）。シルエットが美しく見えるジーンズ等が爆発的に売れ、4年で100億円のブランドに急成長した。2016年11月、東京証券取引所市場第一部に上場。ファイル:SHEL'TTER.jpg|サムネイル|TheSHEL'TTERTOKYO表参道
3100,1961年に創業。旧社名は株式会社サンペックス。2014年9月1日に株式会社イストと合併し、株式会社サンペックスイストとなった。
3100,絹織物製造部門では、天然素材（絹糸）を活用し、日本の民族衣装である殿方衣装（和服|着物、袴、角帯、羽織等）から婦人衣装（着物、帯、羽織等）、風呂敷や和装小物になる織物を製造している。和小物製造販売及び、体験受入は本社併設の織絵夢人館（おりえんとかん）で行われる。
3100,{{Seealso|サンエー・インターナショナル#概要}}サンエー・インターナショナルの事業再編に伴い、同社の製造小売業|ストアSPA事業を分社化して発足した。
3100,染色から製織までの一貫生産体制出来る設備を持っており、有名ブランドなどのOEM生産を手がける他「GOLDPEARL（ゴールドパール）」などの名で自社ブランドのタオル生産・販売を行っている。2008年には特定非営利活動法人ダイアログ・イン・ザ・ダーク・ジャパンの協力を得て、健常者よりも鋭い嗅覚を持つ視覚障害者をモニターに「ダイアログ・イン・ザ・ダーク・タオル」を開発しグッドデザイン賞を受賞したhttp:www.g-mark.orgawarddescribe34982視覚障害者の優れた感性を活かした商品開発の取り組み-グッドデザイン賞、2013年7月9日閲覧。。
3100,1992年創業。帽子を中心に襟巻き|マフラー、イヤーマフなどのファッション雑貨を製造している。中国に帽子工場を置く、主に日本国内向けの帽子を生産している。主に国内外の有名ブランドのOEM生産が中心となっている。年間約120万個の帽子を製造し、日本国内の市場において大きいシェアを有している。中国製、日本製、イタリア製、台湾製などの帽子を扱っている。
3100,基幹ブランド「ALBIC（アルビック）」の業務用作業服を中心に、オフィス用の事務服、その他病院等の医療機関で使われる白衣などの製造販売をおこなう。特に女性用のオフィスウェアで、多数のブランドを持つのみならず、クライアント側が求めるオリジナルウェアの要望に対応できるような柔軟な姿勢を取っている点が強みである。
3100,織物卸業として生地を販売しながら、クライアントのニーズがカーテン・幕など製品に加工して納品することを要望され、徐々に製作可能な商材が増え、現在のようなディスプレイ事業・ノベルティ事業・OEM事業と分類するまでに至る。
3100,インテリア業界有数の大手メーカーとしてその名を知られる。カーペットのシェアでは、長年にわたって首位を独走しており、日本の国会議事堂の赤絨毯は同社の特注品である。インテリア部門ではカーペットやカーテンのほかに椅子張地、人工芝など、その他壁装材や袱紗や風呂敷など美術工芸品も扱っている。近年は自動車や公共交通（鉄道・バス・航空機・船舶）などの輸送機械向けの内装材のシェアを伸ばしている。高島屋とは長らくの間業務・資本面で提携関係にあり、筆頭株主になっている。
3100,フエルト|製紙用フエルト、シュープレス用ベルト、工業用フェルトの3事業を柱として展開する'''抄紙用具専門メーカー'''であり、製紙業|紙・パルプ業界に主要顧客を持つ。製紙用フエルトでは日本フエルト|日本フエルト（株）とシェアを二分する。　
3100,''日本フエルト'''は、下記の5事業を展開する'''抄紙用フエルト'''と'''工業用繊維製品'''の専業メーカーである。;事業内容*紙、パルプ、スレート用、その他工業用フエルトの製造、加工および販売*各種繊維製品の製造、加工および販売*工業用洗剤その他化学工業薬品の製造および販売*産業用ならびに公害防止用の機器、装置の製造および販売*不動産の運用および管理
3100,日本の繊維産業全体が衰勢にあるなかで2002年と2003年には赤字に陥ったものの、工場再編や生産効率向上などの事業改革、日本経済全体の回復基調、また得意とするポリエステル複合商品の需要拡大を受けて売上高・利益共に回復基調に転じている。加工技術に対しては日本国内外から高い評価を得ており、関係の深い東レの海外の合弁企業に対しても技術援助・協力を行っている。また主に笠松工場で手がけている裏地の加工においては全国シェア4割を誇る規模にある。
3100,*設立：1989年（平成元年）8月*本社所在地：岡山県岡山市南区(岡山市)|南区内尾*代表者：代表取締役神馬敏和*資本金：3000万円*企業コンセプト株式会社ジョアは、女性がいきいきとしてかがやく　ことをしごと服を通して支援します。
3100,オーダーメイド枕の整形外科枕の販売を行う会社オーダーメイド枕、オーダーメイドベッドおよび寝具・寝装の研究開発・製造販売・サポート・睡眠環境の改善のための情報提供・コンサルティング
3100,"するなど、再分離が進んだ。当時、足袋製造は利益が見込める事業であり、新規参入も相次いだが『鳴門足袋工業二百年史』202ページ。、1954年（昭和29年）にナイロン靴下が登場すると、足袋の利用は減少した。文楽足袋は1956年（昭和31年）には100万足以上を生産していたが、その後の数年で生産量は激減した『鳴門足袋工業二百年史』223-224230ページ。!--121万8550足(1956)→64万1000足(1961)--name\""something\""徳島市経済部商工労務課（企画）、アワード（編集）『起業を目指す人に贈るとくしま100人のサムシング』徳島市、2003年、091ページ。!--100万足(1955)→25万足(1960)同書はこの数値をもとに生産高が14になったと主張するが、統計年度の相違を考慮しても『鳴門足袋工業二百年史』の掲載値と相違が大きすぎる。ここでは具体的な数値への言及を避け、100万から激減したとだけ記すことにする。--。"
3100,デニム製品の企画・販売を行っていた'''株式会社コレクト'''と関連会社でデニム製品の製造・販売を行っていた'''有限会社藍布屋'''（らんぷや）が2014年に合併して設立。もとはデニム製品の企画やテキスタイルデザイナー|テキスタイル、藍染めを行う会社であったが、その後ジーンズを中心にしたカジュアル衣料の企画・製造・販売を手掛けるようになり、'''桃太郎ジーンズ'''のブランドを立ち上げる。桃太郎ジーンズを主体として事業を拡大させ、新ブランド'''JAPANBLUEJEANS'''を立ち上げる。日本国内のほか2017年までに海外25ヵ国で販売を行っている。自社の藍染工房で染色した糸を自作の手織り織機で製織した生地を使用した「本藍手染め手織りジーンズ」が有名。
3100,創業者の三宅熊五郎が1876年に現在の岡山県玉野市八浜で創業。足袋の製造を開始すると共に、1924年に帝国足袋株式会社に改組。1930年より学生服の製造を開始する。その後1955年には同社が製造する制服のブランド「トンボ」に制定。第一次ベビーブームの影響もあって、徐々に業績を拡大してゆく。同社の原動力の一つとして革新性とデザイン力に重点を置いていることが上げられる。特に学生服メーカーは1970年代以降、その多くが倒産してゆく中で、学生服メーカーとしてはいち早く1969年東京に商品企画室を置き、スポーツウェアなどの新たな分野へ移行してきた実績を持つ。1974年帝国興業株式会社からテイコク株式会社に社名変更、本社事務所も岡山市に移転した。大手学生服業4社であるトンボ（トンボ学生服）、明石被服興業|明石スクールユニフォームカンパニー（富士ヨット学生服）、瀧本（スクールタイガー学生服）、菅公学生服（カンコー学生服）のうちの1社に数えられる。全国各地の学生服・女子通学服を取り扱い、品質の高さにおいて評価を持っており、現在では同じく岡山市に本社を置く菅公学生服と共に二大メーカーとして高い知名度を誇っている。
3100,創業者の小杉五郎左衛門が1883年に函館市|函館で織物卸業を創業し、業績を伸ばして1903年に合名会社を発足する。1914年に本社を東京へ移し、1943年3月に株式会社(日本)|株式会社へ改組した。1970年代に「帝王」と称されるゴルファーのジャック・ニクラス|ジャック・ニクラウスと契約を結び、ニクラウスの愛称「ゴールデン・ベア」を刺繍したゴルフウェアを販売し、1985年にスポーツウェアブランドを販売した。アメリカ西海岸発のスポーツウェア「:en:Jantzen|ジャンセン」も浅井慎平がナレーションするコマーシャルメッセージ|テレビCMを制作して販売した。時代を先取りした社風で、1985年の日本|1985年1月に東京証券取引所市場第2部に上場したが、2000年以降は販売の主力であった日本の百貨店|百貨店などで業績が鈍り、2005年に投資会社ジェイ・ブリッジ傘下となる。2008年にサブプライムショックの余波を受け、2009年2月16日に破産手続開始決定を受けたhttp:www.nikkeibp.co.jparticlenews20090217132493「ゴールデンベア」の小杉産業が破産手続き、負債97億円nikkeiBPnet〈日経BPネット〉。3月に新設した受け皿会社に事業を継承して株式会社コスギとなる。現在はGoldenBear、ACROSSTHEVINTAGE、MarisaGrace、STORYブランドの4つの事業を展開している。○社是　社是は誠は無二の宝なり○挑戦　ダントツの服をつくり、お客様の期待を超えていく○経営理念　・企業は永遠でありたいと考えます。　・私達は、ファッションの製造販売を通じて、社会の幸福と発展に貢献するグットカンパニーになることを目指します。　・私達は、社員の幸福を追求し、同時にお客様の信頼に応え、すべての関係者との相互発展にむけて、たゆまぬ創造と努力を続けます。　　
3100,創業者の尾崎小太郎が、1940年に岡山にて'''マルオ被服'''として創業する。のちに1958年にジーンズの輸入ならびに受託生産を開始し、やがて自社でデニムを開発、国産ジーンズの先駆けをゆくメーカーとしてその名を知られている。社名のビッグジョンは創立者、尾崎小太郎の名前に由来するもの。これまでに「CANTON」などのジーンズの受託製造を行っていたが（後にラルフローレンジーンズの受託生産もしていた。）、オリジナルブランドのジーンズを発売するに至り、ブランド名を自分の名である「小太郎」をもじり、'''リトルジョン'''（「太郎」が日本でポピュラーな名前、「ジョン」はアメリカでポピュラーな名前ということによる）としたのだが、「リトル」では大きな商売はできないと判断。転じて「ビッグ」、そこから'''ビッグジョン'''の名が冠されることとなった。手作業によるジーンズ#ダメージ加工|古着加工の元祖日経スペシャルガイアの夜明け「http:www.tv-tokyo.co.jpgaiabacknumber3preview_20110823.html第480回」テレビ東京、2011年8月23日である。
3100,''ROMAN吉忠'''の通称で知られる、日本で最古参のアパレル総合メーカー。アパレルでは'''ニューロマン'''のブランドで婦人・紳士服を全国の専門店にて展開している。テキスタイルでは大手ファッションブランド・専門店向けのアパレルメーカー婦人服地などの企画製造販売を主に子会社の吉忠フロンティア（株）、吉忠京都ロマン（株）、吉忠東京ロマン（株）、（株）ニューロマンが行っている。各種マネキン・ボディなどの製造・販売（レンタル・リース）と百貨店の内装工事請負を子会社の吉忠マネキンが行っている。また、JR原宿駅に看板|ビルボードを設置していたこともある（山手線内回り側の竹下通りに近い側に存在した）。
3100,1970年6月1日に大阪府八尾市にて、『サンコースライドファスナー工業』を創業。金属ファスナーの加工を始める。その後1986年に台湾企業との提携工場を竣工。オリジナルブランドとして、『SKOファスナー』の生産開始。取扱品目はファスナーをはじめ縫製資材全般にわたる。日本国内においては線ファスナー|ファスナー業界第二位。
3100,2009年に株式会社リオ横山のアパレル事業およびリティール事業等を移管し設立。主にベビー服・子供服を手がけている。2012年（平成24年）5月1日には株式会社リオチェーンホールディングスと合併(企業)|合併し、株式会社リオグループホールディングスになった。なお、同時に社内カンパニー|カンパニー制を導入しており、旧リオ横山ホールディングスはリオ横山カンパニー、旧リオチェーンホールディングスはリオチェーンカンパニーとなっている。
3100,"繊維製品メーカーであり、主として不織布、ニット製品、生活用品、補強ネットなどの製造を手掛けているname\""kaishaGaiyo\""。1950年代より不織布の商品開発を開始し、同時期に参入した日本クロス工業、金星製紙、金井重要工業、富士帽子工業、日本フエルト工業、日本フエルト、辻富麻紡績などと並んで、日本の不織布業界の黎明期から存在する古参企業のひとつとして知られている「不織布について」『http:www.anna.gr.jpabout-cloth.php不織布について｜日本不織布協会ANNA　ALLNIPPONNONWOVENSASSOCIATION』日本不織布協会。。大原財閥の流れを汲み、倉敷紡績を中核とするクラボウグループの一角を占める「繊維」『http:www.kurabo.co.jpcompanygroup_company.htmlグループ企業一覧（国内グループ会社）｜企業情報｜クラボウホームページ』倉敷紡績。。かつては岡山県倉敷市に本社を置いていたが、いったん岡山県岡山市に移し、現在は大阪府大阪市に所在するname\""enkaku\""「沿革」『http:www.kurasen.co.jphtmlcompany.html倉敷繊維加工株式会社』倉敷繊維加工。。ただ、現在も岡山県に生産拠点が複数置かれており、倉敷市の倉敷工場や都窪郡早島町の早島工場が操業している「事業所紹介」『http:www.kurasen.co.jphtmljigyosyo.html倉敷繊維加工株式会社』倉敷繊維加工。。社章は、社名のローマ字の頭文字「K」と「S」とを図案化したものである。"
3100,「'''カンコー（菅公）学生服'''」のブランド名でその名を広く知られている、学校制服・学校体育衣料業界第1位のメーカーである。明石被服興業|明石スクールユニフォームカンパニー（富士ヨット学生服）、瀧本（スクールタイガー学生服）、トンボ(企業)|トンボ（トンボ学生服）とともに学生衣料製造の大手4社に数えられる。販売拠点は全国に60箇所。自社基幹工場は岡山県倉敷市児島地域|児島、鳥取県米子市、宮崎県都城市、鹿児島県志布志市の4箇所を基幹とし、各衛星工場群を有する。他に、上海市|上海にも自社工場を有する。創業は安政元年（1854年）で160年余りの歴史があり、スクールウェア、スポーツウェアなど各種衣料の製造販売を行っている。主力ブランドの「カンコー（菅公）学生服」は、学問の神様として親しまれている菅原道真|菅原道真公にちなんで名付けられた。ほかにも、JUNKOKOSHINOELLEMICHELKLEINReebokphitenなどのライセンスブランドの制服・体育衣料がある。(財)日本中学校体育連盟推薦企業、(財)全国高等学校体育連盟協賛企業。全国高等学校総合体育大会|インターハイ協賛企業。
3100,"福井県勝山市出身のファッションデザイナーの玉木新雌により、2006年に設立された。設立当初は、生地の生産だけを行っていたが、その後、糸染め、縫製、加工までの一貫した工程を自社で行い、特に1965年製のベルト式力織機で、玉木新雌自らが織り上げる「onlyoneshawl」は人気商品となり、現在はショールを中心に、シャツ、パンツ、バッグ、子供服なども製作。'''tamakiniime'''ブランドは、日本国内のみならず2017年3月現在で15か国、200店舗で販売されている。ショールは経済産業省の「ザ・ワンダー500」にも選定された。現在は、古いシャトル織機や糸染め機だけではなく、CADCAM、整経機、アレンジワインダー、無縫製で編める編み機である最新鋭の島精機製作所製ホールガーメントをそろえるLabをもち、Shop、飲食スペースを併設しているほか、本拠地である比延町をコットンの町にする計画を掲げ、耕作放棄地を利用してオーガニックコットンの栽培に取り組み全工程での純日本産化を目指す試みを行っているname\""sankei\""産経新聞平成25年3月11日（5面「ゆとり」）name\""Profile\""name\""hyogo\""http:www.hyogo-intercampus.ne.jpsugoistinterviewtamakiniimeすごいすと-播州織作家玉木新雌さんname\""kurashi\""http:kurashi-to-oshare.jpnews12641暮らしとおしゃれの編集室（主婦と生活社）西脇市の地場産業・播州織ブランド「tamakiniime」の新工房兼ショップがリニューアルオープンname\""p.hyogo\""https:web.p.hyogo.lg.jpgovernordocumentsg_kaiken20170123_06.pdf北播磨県民局-播州織メッセ！2017の開催。"
3100,"創業者の佐々木八十八が、1902年（明治35年）に大阪で衣料品の販売を手掛ける「佐々木商会」を設立。その後メリヤスを中心とした繊維商品の製造も手掛けるようになり、1923年（大正12年）から、その前の年にイギリスの皇太子エドワード8世(イギリス王)|エドワードが訪日した際の御召艦「レナウン_(巡洋戦艦)|レナウン」にあやかり、「レナウン」を商標に登録し用い始める。また、グループ内のダーバンも、供奉艦として「レナウン」に同行していたイギリス巡洋艦「{{仮リンク|ダーバン(軽巡洋艦)|labelダーバン|en|HMSDurban(D99)}}」からの命名である。1960年代より、若い女性向け衣料品メーカーとして人気を博した。NETテレビ（現:テレビ朝日）の『日曜洋画劇場』でCMを放送し、特に小林亜星作曲によるコマーシャルソング|CMソング「レナウン娘」と「イエイエ」で知られる。弘田三枝子歌唱による「ワンサカ娘」のプロモーションは、ポップなファッショナブルさと女性を全面的に押し出した内容で、日本で初めて日本国外のCM作品賞を受賞し「日本のCM製作レベルを国際級に押し上げた」と評されている。朱里エイコ歌唱による「イエイエ」はレコード化され、1968年8月までに1万5000枚を売り上げた全日本シーエム放送連盟|全日本CM協議会（編）、加藤秀俊（監修）『CM25年史』講談社、1979年、191頁。（『朝日新聞』1968年8月8日夕刊）。なお、これ以前にもザ・ピーナッツ歌唱の「レナウンの唄」と言うCMソングがあったが、「ワンサカ娘」発表と同時に同曲は使用されなくなった。1969年（昭和44年）より「アーノルド・パーマー(ブランド)|アーノルドパーマー」ブランドを日本に投入し、当初はヤング・レディース、続いてファミリー向けに商品展開を行い、1980年代まで基幹ブランドとなり同社の営業を支えた。「ダーバン」ブランドは1970年代にフランスの俳優アラン・ドロンをTVCMに起用し人気を博した。なおドロンの声によるサウンドロゴは「D'urbanc'estl'elegancedel'hommemoderne.（ダーバン、現代を支える男のエレガンス）」。1980年代には、CMのサウンドロゴに電子音を用いるという、現在でも画期的な試みをしたこともある。（1990年1月にロゴマークを一新していた）バブル景気|バブル崩壊後の1990年代までにはアパレルメーカーとしては世界最大の売上高岩崎剛幸「図解入門業界研究最新アパレル業界の動向とカラクリがよーくわかる本」154頁秀和システム、2012年を誇ったが、バブル期の物流施設に対する大規模投資負担に加え、製造型小売業|SPAの台頭や百貨店自体の低迷から、百貨店の平場売りを主体としていた販売手法は相対的にブランド力の低下を招き、またアーノルド・パーマーに続くブランド、特に若い女性向けのブランドが育たなかったことにより業績を大きく下げ苦境に陥った。1990年（平成2年）に買収したイギリス|英国の名門ブランド「アクアスキュータム」もその効果はなかなか上がらなかった。このため、バブル後の一時の業績不調から回復したダーバン(企業)|ダーバンとの連携などグループ内の再編、ブランドの見直しやてこ入れ、生産の国外移転や流通マネジメントの改善、テレビCMの打ち切り（ダーバンはのちに復活。レディースも「エンスウィート」が2011年3月に再開）などを迫られた。2004年（平成16年）3月に株式会社ダーバンとともに持株会社株式会社レナウンダーバンホールディングスを設立し、2006年（平成18年）3月1日には、レナウンダーバンホールディングスを存続会社とし、元・上場会社で非上場会社のレナウン（旧）とダーバンを吸収合併。社名を株式会社レナウン（新）とした。なお、レナウンは2008年（平成20年）10月15日に「アクアスキュータム」を展開する子会社の売却（国内販売は継続）、16の不採算ブランドの廃止、そして本社ビルの売却を含んだリストラ策を発表している。2010年（平成22年）5月24日、中華人民共和国山東省済寧市に本拠を置く繊維会社である山東如意科技集団有限公司group\""広報\""http:www.renown.comidcgroupsco_publicdocumentscocontent005424.pdf非上場の親会社等の決算に関するお知らせ　株式会社レナウン　平成23年6月15日との間で、資本業務提携契約を締結group\""広報\""http:www.renown.comnewscorporate-news2010002361.html資本業務提携、第三者割当による新株式発行及び基準日設定並びに主要株主である筆頭株主及びその他の関係会社の異動に関するお知らせレナウン・ニュースリリース2010年5月24日。同年7月29日開催の臨時株主総会での承認後、7月30日に、山東如意科技集団に対して約40億円の第三者割当増資を実施し、同社が投資ファンドのネオラインホールディングスを抜いて筆頭株主（41.18%出資）となったhttp:www.asahi.combusinessupdate0523TKY201005220346.htmlレナウン、中国企業の傘下に　数十億円出資受ける方針-朝日新聞2010年5月23日。現在、取締役のうち3名は、山東如意科技集団が指名する者である。レナウンは2013年（平成25年）4月、山東如意の親会社である済寧如意投資を引き受け先に第三者割当増資を実施し、約29億円の出資を受けることを発表したname\""nikkei201304\""レナウン山東如意の連結子会社に・ライセンス事業に軸・知名度低く中国で苦戦　『日本経済新聞』　平成25年4月13日企業総合面。これは発表の翌月に実施され、これに伴ってレナウンは山東如意グループの連結子会社となるname\""nikkei201304\""。2017年3月（平成29年）に親会社の山東如意グループが香港のYGM貿易（YGMトレーディング）から「アクアスキュータム」を買収し{{Citenews|urlhttps:www.reuters.comarticlebally-ma-shandongruyichinas-shandong-ruyi-expands-fashion-empire-with-bally-idUSL8N1PZ61T|titleChina'sShandongRuyiexpandsfashionempirewithBally|agencyロイター|date2018-02-09|accessdate2018-02-22}}、「アクアスキュータム」の国内商標権もレナウンが取得した{{Citenews|urlhttps:www.nikkei.comarticleDGXMZO25100000W7A221C1000000|titleレナウン、「アクアスキュータム」の国内商標権取得|agency日本経済新聞|date2017-12-26|accessdate2018-02-22}}。"
3100,"株式会社クラロンは1956(昭和31)年、田中善六と、その妻である須美子(現会長)が、メリヤス肌着の会社を社員ごと引き取り、福島県福島市で創立した。2016年で創業60年。1964年の1964年東京オリンピック|東京オリンピックを機に「これからはスポーツ衣料の時代になる」と、事業の中心を肌着からスポーツ衣料に移した。name\""毎日新聞\""https:mainichi.jparticles20161108ddlk07040102000c会社と地域、支え合って　福島　毎日新聞福島版2016年11月8日現在は東北や新潟、栃木、茨城などの幼稚園、小学校、中学校、高等学校、福祉施設など約1200の学校・施設に、運動着や介護衣料などを納めている。name\""ものづくりふくしまウェブ\""経営方針は「すべての人が望む健康づくりのため、スポーツウェア製造を通じ、社会に貢献できる会社を目指す。ユーザーの立場に立って研究開発に努めた製品を廉価に提供することによって、学校教育やスポーツの発展に寄与する」としている。name\""ものづくりふくしまウェブ\""創立当時の従業員は7名。そのうち3名は障がい者だった。1969年、中学校の教師から「知的障がいのある子を採用してくれないか」と依頼を受けname\""毎日新聞\""、数人を雇用した。現在(2016年3月末時点)の社員は134名、そのうち障がい者は36名いる。name\""田中須美子会長講演会\""https:www.youtube.comwatch?vHFGXtwT8N9o株式会社クラロン　田中須美子会長講演会-Youtube障害者雇用率は35.1%で、福島県内トップの実雇用率である。社員の定年は65歳としているが、希望すれば延長することができる。name\""kfb\""http:www.kfb.co.jptveconomy20150516008529.htmlふくしま経済ナビゲーション　第2回福島市・クラロン(2015年5月16日放送)福島放送。現在(2016年3月末時点)は60歳以上の従業員が20名に上る。最高齢は80歳の女性営業課長。管理職の半分以上を女性が占めているのも特長である。name\""あさがくナビ\""http:asahi.gakujo.ne.jpcommon_senseaki_angelroomdetailid1188“働く喜び”って何だろう？　Vol.29-あさがくナビ"
3100,"大阪・船場に本社を置く綿布問屋数社が、大鳥織布株式会社を大阪府堺市に設立したのが始まりである。長らく織布の製造販売を行い、旧式の質感の高いデニム生地を生産していた。主に滋賀県長浜市にあった工場で生産されていたが、2008年に操業を停止している。現在も繊維の仲介などは行っているが、会社の事業に占める繊維の比重は小さい。1990年にオリエントコーポレーション傘下に入り、クレジットカードの顧客獲得のプロモーションや、コインパーキングの運営に事業を拡大。2007年には金券ショップとして知られる甲南チケットを子会社化group\""注釈\""2018年6月、長野県を中心にラブホテル「AtoZ」の運営などを手がける富岡開発株式会社（本社・長野県松本市）に保有株式を譲渡。当社グループを離脱した。。2009年には日本ホテルファンド株式会社を子会社化（2010年に吸収合併）しファクタリング事業にも進出した。2011年にオリエントコーポレーションが株式公開買付けを実施し、94.9％の株式を取得。2012年にいわゆる二段階買収によりオリエントコーポレーションの完全子会社となった。その他、Yahoo!JAPANで、オークションサイトでのネットショップ「DiamondSilk」を運営してもいる。*本社・東京オフィス-東京都新宿区新宿一丁目36番14号　新宿御苑サイドビル8F*大阪オフィス-大阪府大阪市中央区(大阪市)|中央区本町三丁目5番7号御堂筋本町ビル9F"
3100,"衣料用素材などの染色加工大手name\"":0\""{{Citeweb|urlhttps:www.nikkei.comnkdcompanygaiyo?scode3580&ba1|title小松精練　企業概要|accessdate2018-01-29|publisher日本経済新聞}}であり、中東湾岸諸国の男性が着る「トーブ」「カンドゥーラ」向けポリエステル生地は約7割を生産しているname\"":1\""{{Citeweb|urlhttps:www.nikkei.comarticleDGKKZO17522830Z00C17A6LB0000|title中東民族衣装の生地(石川県能美市)　色合い多彩着心地よし|accessdate2018-01-29|publisher日本経済新聞}}。ロープ状の炭素繊維複合材「カボコーマ・ストランドロッド」など炭素繊維事業に力を入れているname\"":2\""{{Citeweb|urlhttps:www.nikkei.comarticleDGXLASJB01H3O_R00C17A8LB0000|title炭素繊維50億円事業に　小松精練、25年度メド　耐震補強に力|accessdate2018-01-29|publisher日本経済新聞}}。社名は「'''小松'''マテーレ」であるが、本社移転により、現在の本社所在地は能美市である。"
3100,1865年（慶応元年）に真田紐類の製造を開始、1932年（昭和7年）から被服製造業を開始する。戦後は子供の数が増えたこともあって学生服の需要が増加し、業績を拡大した。昭和40年代からテレビCMを積極的に展開し、尾崎商事（現・菅公学生服）のカンコー学生服に対抗して三田明・山口百恵・石野真子・中森明菜らその時々の人気アイドルをCMキャラクターとして起用した。またホーロー看板による広告も全国的に展開、地方では「富士ヨット学生服」の看板が残存していることがある。アパレル業界が挙って中国他海外へ生産拠点を移す中、明石被服は国内生産へのこだわりを貫いている。
3100,トレンドを敏感に取り入れた可愛くてセクシーなアイテムで、女の子たちの味方になるONとOFFのワードローブを提案。メインアイテムはカジュアルなトップス・ボトムスやオリジナル柄のワンピース等。リゾートテイストを軸にしつつ、自由な発想で新しい洋服や雑貨の企画を行っている。世界中で一人でも多くの女の子をHappyにできるブランドを目指す。アーティスト伊藤由奈とのコラボ企画や、優木まおみのテレビ番組での着用等でも注目を集めている。2010年現在、ネットショップ中心に販売中である。
3100,社名と同じ自社ブランドの「GOLDWIN」の他、ライセンスとして「エレッセ」、「ザ・ノース・フェイス」、「カンタベリー・オブ・ニュージーランド」「ヘリーハンセン」等の有力ブランドのスポーツウェア、スポーツ用品を製造販売している。総合スポーツ用品メーカーとしてはミズノ、アシックス、デサントに次ぐ4位の規模であるが、事業をアスレチック、アウトドア、アクティブの3本体制とし、競技スポーツの他にアウトドア製品が充実していることが特徴である。社名は、古代オリンピックの勝者を「ゴールド・ウイナー」と呼ぶことに由来し、競技者に栄冠がもたらされるようにとの願いが込められている。2007年6月、水着事業を自社ブランドに切り替えたミズノから「SPEEDO」ブランドを三井物産とともに実質譲り受け、製造・輸入・販売を開始。当初は「日本水泳連盟指定」の壁に阻まれたが、「レーザー・レーサー」によって一気に形勢を逆転した。また、かつてスズキ・エスクードとのタイアップでゴールドウインの名を冠した自動車を販売していたことで知られる。
3100,前身はフランスの一地方で始められたメリヤス工業で、1882年に創業された。フランスで最も古いスポーツブランドである。1948年から鶏のマークを付けることになった。鶏はフランスの国鳥であり、フランスに移住してきたガリア人の旗印でもあった（フランスサッカー協会、ラグビーフランス代表|フランスラグビー協会のエンブレムにも使用）。現在はサッカー、テニス、ゴルフ用のシューズやウェアを中心に、一般用のスニーカーやカジュアルウェア、アクセサリなどを製造している。スポーツ以外では看護師用のウェアやシューズも手がけている。ツール・ド・フランスにおいては1950年代から約40年にわたりリーダージャージのサプライヤーを務めていた。1990年代からは他のメーカーにサプライヤーの座を譲ったが、ツール・ド・フランス2012|2012年に復帰、アモリ・スポル・オルガニザシオン(ASO)主催のステージレースのすべてでリーダージャージを供給している。
3100,*ザ・リアルマッコイズ設立メンバー三名のうちのひとり志村昌洋が、1991年に'''フェローズ'''('''Pherrow's''')を設立した。「流行に左右されないモノ創り」、「10年、20年後にヴィンテージと呼ばれるモノ創り」をテーマとしたオリジナリティ溢れるアメカジブランドである。「LuckyPherrow」という架空の人物を想定し、彼のライフスタイルを提案するというコンセプトで誕生した。*当初は、主にヴィンテージスウェットやフライトジャケットの復刻をするブランドであったが、現在では、'''ストーミーブルー（ウエスタン、ワーク系）'''、'''シーシーマスターズ（ミリタリー系）'''、'''バンブルビー（モーター・サイクル系）'''、'''マヒマヒライダー（サーフ系）'''といった、テーマ別に数種類のブランドを展開し、多岐に亘るアメカン・カジュアルウェアを手掛けている。*近年ではそれら細分化したブランドをふたたびフェローズへと統合し、ブランドを統一化する一方で、値ごろ感のある価格を維持する為に積極的に中国で生産する方向性も見せ、ヴィンテージウェアのレプリカの範疇には止まらない展開も見せている。
3100,綿糸・テキスタイルの生産を行う企業である。特にニットではその名を知られていた。また子会社を通じて、セラミック製品の製造・販売及び不動産事業も手掛けている。かつて綿糸では、一時国内随一クラスの業績を誇ったこともあり、関西地区などを中心に多数生産拠点を置いていた。その後合成繊維への生産移行や合理化が遅れたことにより{{要出典|date2014年7月}}、その後本社工場を含めて、その殆どが閉鎖された。現在は1975年（昭和50年）に竣工した熊本県上益城郡に所在する熊本工場のみで製品が生産されている。ただし市川工場の跡地は太陽光発電用地に転用された。
3100,2003年に会社更生法を適用申請した都築紡績の繊維事業を2005年に継承した。2006年にカネボウの繊維素材事業を引き継いだ株式会社KBスピニングと経営統合し、「KBツヅキ株式会社」に商号を変更したhttp:www.chukei-news.co.jpnews20060928articles_827.php都築紡、カネボウ継承会社と統合-中部経済新聞（2006年9月28日）、2014年2月22日閲覧。。紡績事業などを手がける他、「TZタオル」というブランドタオルを製造しており、島根県出雲市の「出雲ブランド商品」に認定されている。タオルの原料である綿100％の糸は全てKBツヅキ出雲工場で製造され、ツヅキボウ今治（愛媛県今治市）での製品加工に至るまで国内での一貫生産体制がとられているhttp:www.izumo-brand.jpgoodsh24kb.htmlタオル製品　KBツヅキ株式会社-出雲市産業観光部商工労働課、2014年2月22日閲覧。。前身の都築紡績は1900年初頭創業の名古屋を代表する老舗企業で、日本の戦前戦後の興隆期に国策産業の紡績で財を築いたnamekawazuhttp:www.kawatu.co.jpnagoyakwfkwf192.html　都築紡績破綻『名古屋ビジネス情報』ニュースレター、川津商事、2003-11-30。紡績産業が衰退し始めたオイルショック以降積極的に不動産業への転換を図り、ホテルやゴルフ場なども経営していたが、2003年に東京地裁に会社更生法の手続きを申請したnamekawazunametsubakihttp:www.mmjp.or.jptubaki-golfnewsfailnews141-kameyama.html　千葉グリーンパーク・勝浦ＣＣ等、都築紡績が会社更生法を申請椿ゴルフ、平成17年6月30日。グループ企業10社を含めた総負債額は約3050億円にのぼったnametsubaki。長良川ホテルや川上貞奴別荘の萬松園も所有していた。
3100,創業者の辻本福松が、1882年に大阪・堺で足袋の製造販売をおこなう「丸福」を創業させる。しかし丸に福を入れただけの商標は、すでに他の業者が商標として登録していたこともあり、伊勢神宮|伊勢詣での際に福助人形を見つけたことから、これをもとに挿絵化、1900年に「福助印堺足袋」として商標登録をおこなう。またその間の1895年には足袋用のミシンを開発し、足袋の大量生産化を成功させる。辻本福松亡き後、後を任された辻本豊三郎は、販路を拡大すべく東京へ向かうが、当時東京では「足袋は手縫い」が常識となっていたため、販路の拡大に苦戦するも、徹底した売り込みを続けると共に、新聞への広告掲載や、看板・ポスターなどの設置に心血を注ぎ、やがて福助の名は全国に広がってゆく。パブリシティによって福助の知名度が上がることを知った辻本豊三郎は、1923年に博多、1928年には大阪・道頓堀、東京・浅草に巨大広告塔を設置。これを発端として、戦後サトウハチロー、三木鶏郎の手によるテレビやラジオでのCMソングなどによる宣伝につながってゆく。1930年代から靴下、下着、服飾衣料に進出を開始。また1950年代にはズック靴なども生産していたこともある。しかし足袋・靴下以外では、他の部門の業績に目立った伸びは見られず、1980年代には森英恵、三宅一生などのデザイナーズブランドを積極的に取り入れたが、言うほどの改善は見られなかったこともあり、次第に経営は傾斜化してゆく。2003年6月21日、民事再生法の申請に伴い、426億円もの負債を抱えて倒産する。同年10月1日に企業再生ファンド、MKSパートナーズにより設立された新会社へ、事業、商号、ブランドを含めた営業の一切を譲渡し、創業者・辻本一族は経営から退くことになった。変わって伊勢丹の名バイヤーとしてその名を知られる藤巻幸大|藤巻幸夫が社長に就任し、新たに経営基盤も東京へと移り、新生福助としてスタートを切ることになった。2007年5月17日、豊田通商との資本・業務提携により同社の持分法|持分法適用会社となった。2009年10月には豊田通商がMKSパートナーズの保有株式の全株を取得し連結子会社化した。倒産する前は三和グループのメンバーであり三和系企業で設立されたみどり会の会員企業だったがhttps:web.archive.orgweb20000510211428http:www.midorikai.co.jpmember.html2000年5月10日現在のみどり会のメンバー会社一覧、倒産・新会社への営業譲渡に伴いみどり会を退会した。因みに現在の東京証券取引所|東証一部に上場していた。
3100,どり会-インターネットアーカイブ内のページ。のちに法人化されたみどり会の会員企業であるhttp:www.midorikai.co.jpmember.html2017年10月16日現在のみどり会のメンバー会社一覧。}}'''イトキン株式会社'''（''ItokinCo.Ltd.''）は東京都渋谷区に本社を置く婦人服を中心とした衣料品の製造販売企業である。1950年創業。2016年よりインテグラル株式会社の傘下。
3100,*安永年間（1772～1780年）に初代福島美代吉が三田(東京都港区)|三田に装束仕立屋として創業。*嘉永二年（1849年）に新富町に移転し、現在に至る。*市川團十郎といった歌舞伎役者、また舞踊家、能役者、茶道家や演歌歌手などを顧客に持ち、既成品からオーダーメイドで採寸から仕上げまでを行う特別誂え品の足袋などを扱う。*5代目の福島福太郎が開発した、足を美しく見せる「新富形」という足袋が特長。
3100,小松原慶太郎、木村利太郎、大橋澤三郎らが大原家などの出資を受け、現在の岡山県倉敷市にて設立。大原家は当時、地元の大地主であり、初代社長に大原家から大原孝四郎が就任した。
3100,創業者の川西清兵衛により1896年（明治29年）に神戸市|神戸で創業される。創業当初からラシャやモスリンの製造にかけて、国内随一の生産量を誇ったことでも知られており、現在でも毛織物では国内トップクラスの実績を持つ。また1980年代以降からは、不動産事業が主力となっている。特に各公官庁や各種学校（幼稚園から高等学校まで）、鉄道会社などの制服・制服生地や、高級ホテル用白毛布などで有数の実績を持つ。戦前は大日本帝国海軍|日本海軍屈指の名戦闘機と称された紫電改を生んだことで知られる川西航空機を中心とした川西財閥の中核企業でもあった。2008年（平成20年）7月、毛織物メーカーから事業複合体への変革を進めるのに伴い「ニッケ」を通称社名とし、契約書類や許認可届を出す際には従来の正式社名を使用する。株式銘柄略称も「日毛」から「ニッケ」となった。
3100,創業者の吉原信之が、戦時下の1943年（昭和18年）に電気関係各種工業用品及び繊維製品の製造販売を目的として、東京都板橋区にて工作機械工具の修理加工、販売をおこなうべく同社を設立する{{citenews|title経済の死角　バーバリーに逃げられた!名門・三陽商会の「苦悩と決断」売り上げの半分を失う……会社は大丈夫なのか|author|agency週刊現代|publisher現代ビジネス|date2014-06-16|urlhttp:gendai.ismedia.jparticles-39553|accessdate2014-07-09}}。社名の由来は「三井」「三菱」など有力財閥の「三」と、創業者である吉原の父、「陽」に因んでつけられた。終戦直後の1945年（昭和20年）8月、板橋にあった本社工場を売却し、銀座に本社を移転。戦時中に使用された暗幕を元にレインコートの製造販売を開始するnamebis{{citenews|titleバーバリー、三陽と契約解除の裏|author|agency|publisherビジネスジャーナル|date2014-06-12|urlhttp:biz-journal.jp201406post_5103.html|accessdate2014-07-09}}。その後1949年（昭和24年）に第一通商（現在の三井物産）が企画した「全国エキスポートバザー」向けにレインコートの縫製を大量に受注したことで、レインコート製造販売の大手として、頭角を現す。1951年（昭和26年）には自社のレインコートを「サンヨーレインコート」として、商標登録をおこなう。これと時期を同じくして、全国各百貨店への営業も開始し、1953年（昭和28年）には松屋(百貨店)|銀座松屋が企画したコンクールで最優秀製品に選ばれた「ダスターコート」、その後1959年（昭和34年）には、当時映画館で上映されて話題を呼んでいたフランス映画「三月生まれ」で女優・ジャクリーヌ・ササールが着ていたコートを日本人向けにアレンジしたものを「ササールコート」と命名して売り出し、これがヒットしたことで、レインコートの製造販売から総合アパレルメーカーへと成長を遂げることになる。1965年（昭和40年）からは、英・バーバリー社製のコートの販売をおこなうようになると共に、1969年（昭和44年）以降はバーバリー他海外のコートメーカーとの技術提携により、各メーカーの製品の国内ライセンス生産へと移行するnamebis。またこれと共に、各世代をターゲットにしたファッションブランドの開発も積極的におこない、現在も女性向けブランド「EPOCA」や「FRAGILE」に代表される多数のファッションブランドを展開してきた{{citenews|title三陽商会、バーバリー販売終了へ15年夏に|author|agency|publisher共同通信|date2014-05-19|urlhttp:www.47news.jpCN201405CN2014051901002069.html|accessdate2014-05-24|archiveurlhttps:web.archive.orgweb20150108084935http:www.47news.jpCN201405CN2014051901002069.html|archivedate2015年1月8日|deadlinkdate2017年9月}}{{citenews|title三陽商会、「バーバリー」販売終了へ　売上高3割相当|author|agency|publisher日本経済新聞|date2014-05-19|urlhttp:www.nikkei.comarticleDGXNASDZ1907E_Z10C14A5000000|accessdate2014-05-24}}{{citenews|title三陽商会「バーバリー・ロンドン」の後継に「マッキントッシュロンドン」を指名|author|agency|publisherWWD.JAPAN.COM|date2014-05-19|urlhttp:www.wwdjapan.combusiness2014051900011948.html|accessdate2014-05-24}}。しかしバーバリー社とのライセンス契約を2015年（平成27年）6月30日で終了し{{citenews|titleバーバリー、三陽との契約終了へ　今後は独自販売|author|agency|publisher共同通信|date2015-6-29|urlhttp:www.47news.jpCN201506CN2015062901002174.html|accessdate2015-7-1}}、これにより日本におけるバーバリーの販売は英国本社が日本法人を通じて直営展開することとなった{{citenews|title三陽商会はなぜバーバリーを失ったのか屋台骨喪失の内幕と、激化する跡地争奪戦|author|agency|publisher東洋経済オンライン|date2014-05-22|urlhttp:toyokeizai.netarticles-38333|accessdate2014-05-24}}{{citenews|titleバーバリー、3年で日本の売上高4倍に　直営を拡大|author|agency|publisher日本経済新聞|date2014-05-21|urlhttp:www.nikkei.comarticleDGXNASDZ210GN_R20C14A5TI0000|accessdate2014-07-09}}。以後は「バーバリー・ロンドン」の後継ブランドとして、スコットランド発祥の防水コートの老舗として知られる衣料会社:en:Mackintosh|マッキントッシュ（2007年に八木通商が買収）http:www.dailymail.co.ukfemailarticle-1346783　ReturnoftheMackintosh:IconiclabelmakesreturnwithnewstoreopeningDailyMail13January2011と提携した「マッキントッシュ・ロンドン」を立ち上げ、約350の旧バーバリーの店舗のうち約260店を切り替えるとともに「三陽商会、英バーバリーとの契約が30日終了　後継事業育成急ぐ」『日本経済新聞電子版』2015年6月30日、若者向け婦人服「バーバリー・ブルーレーベル」、紳士服「バーバリー・ブラックレーベル」についても、新デザイナーを起用しそれぞれ後継ブランドとして「ブルーレーベル・クレストブリッジ」「ブラックレーベル・クレストブリッジ」に転換した「バーバリー契約切れの三陽商会、１５億円赤字の見通し」『朝日新聞デジタル』2016年6月25日。
3100,創業から今日まで、子供服・子供向け用品・ベビー用品の取り扱いを専業としている。ホッキョクグマ|シロクマの子供をイメージキャラクターにあしらっていることで知られ、また皇室御用達{{Citebook|和書|author松崎敏彌（監修）|editor天才工房|year2004|month02|title愛子さま「モノ」語りリトルプリンセスのお気に入り|publisher東邦出版|edition初版第1刷|isbn4-8094-0353-X|pages30-33}}として、日本の子供服の草分け的存在としての知名度も高い。全国各地の百貨店内にショールームを展開する。過去にはピーターラビットなどの多くの人気キャラクター製品を取り扱っていたが、現在はオリジナルブランドが中心となっている。
3100,*1975年に子供服をメインとするアパレルメーカーとして創業。2011年現在、日本国内に直営店46店舗を展開している。*2006年2月に玩具メーカー・トミー(企業)|トミーが買収を発表しhttp:www.takaratomy.co.jpreleasepdf_tomy06i2006_004.pdf子会社の異動（取得）に関するお知らせ、現在はオリジナル商品に加えトミーと同業のタカラ(玩具メーカー)|タカラが合併して同年3月1日に発足したタカラトミーの子会社として、同社やグループ企業・タツノコプロのキャラクターを活用した製品を開発していた。*2015年12月、タカラトミーがティンカーベルの全株式を売却した{{PDFlink|http:www.takaratomy.co.jpreleasepdfi160510_01.pdf平成28年3月期決算短信}}。*2016年に株式譲受により株式会社マルカの子会社となったhttp:www.jp-maruka.comcompany.htmlマルカ会社沿革より。現在は直営店28店舗、フランチャイズ店2店舗となっている。
3100,1958年の創業時においては、上野で試行的にメンズの水着等を販売していた。ブランド設立後、しばらくの間は石津謙介のヴァンヂャケット|ヴァンヂャケット(VAN)による'''アイビールック'''に対し、配色および柄に独自性を持たせたトラディショナルルックであった。この時期のロゴはVANと同系字体であり、アンチVANを標榜していた。また、VANに比べ、着る人の職業を選ばないという融通性のある路線を採った。その後、コンチネンタルルックに転向し、ロゴも蔦をイメージする独自のものに一新された。そして、ClassicalEleganceをテーマとして、リチャードアヴェドンによる、商品とは無関係のイメージ広告（CM)が話題になり、ヨーロピアンスタイルのブランドとして知名度を上げた。また、トータルコーディネートによる個性をセールスポイントにしていた1980年代のDCブランドブームへの方向性を開拓した。また、JUNやDOMONのロゴ入りＴシャツの流行は、ブランド名による広告宣伝効果を高めたため、国内のブランド志向の契機となった。この点については、DCブランドブーム以前の、いわゆる少数のデザイナーブランド(川久保玲，山本耀司，三宅一生，コシノジュンコ，松田光弘等)が、各自の独特なスタイリングで知名度を上げたこととは対照的であるが、このイメージ広告(CM)の手法はこれらデザイナーに少なからぬ影響を与えていたことは否定できない。なお、知名度に関しては、1970年代のテレビドラマ「太陽にほえろ!」において、「参考人が『ROPE』(ロープ)というロゴの入った紙袋を持っていた」という証言を元に聞き込みを行う成果がなく、実はロペの紙袋であったとの描写が挿入されたことがある。また、1980年代、4D-BOXという商品名のコンピュータグラフィックス|CGシステムを販売していた。JUN，DOMON，ROPEの知名度については、いずれも和風の姓や名または風景を連想させ、かつ、ローマ字読みもできるものであり、VANやDCブランド名など外国語によるものとは異なっていることが、社会学的な関心が持たれるところとなっている。
3100,ロリータ・ファッションの1ジャンルである「パンクロリータ」と言われる女性向けファッションブランド。昔のMAIDLANEREVUEやJaneMarpleと並ぶ元祖ロリィタブランドでもあり、ロリィタの発祥や源流を創ったとも言われている。今のロリィタとはタイプが少し違うが、ロリィタブランドの中では最も古いブランドとされる。レースやフリルのついたワンピースやキャミソール、ミニスカートなどが特徴。
3100,洲本市由良町出身の創業者である大原玉之助が1951年に大阪で「大阪合繊延縄株式会社」を設立。その後、兵庫県加東市(旧加東郡)天神で長さ45間の工場を買い取り、社名を「大阪合繊株式会社」に変更。当初はマルチフィラメント（千本以上のフィラメントを集積した糸）を手で撚って樹脂を塗る作業「張り撚り」から事業を開始したが、釣糸の素材が急速に本テグスからナイロン糸モノフィラメントに代わっていくのを機にナイロンモノフィラメントを紡糸し始める。その後は、釣糸の製造技術を基に産業用加工糸、ミシン糸からテニス、バドミントンのガットへと製造分野を拡げていく。1973年に社名を「株式会社ゴーセン」に変更登記。それまで牛腸などの天然素材が主流であったストリング市場において、パイオニアとして高品質なラケット用シンセティックガットを開発製造したことで、ストリング市場での高いシェアを誇っている。
3100,白髪染めヘアカラー「パオン」で知られるシュワルツコフヘンケル|山発産業の創業者として、また洋画家・佐伯祐三の絵画の蒐集家としても、その名を知られる山本発次郎が、1894年（明治27年）に、大阪にてメリヤスの製造卸をおこなう「山発商店」を開く。創業当初より、アサ|麻製の肌着・下着で定評を持つと共に、1953年（昭和28年）には同社の基幹ブランド「アサメリー」実際には、その後麻製の肌着は高騰化を招いたため、のちに原料が綿花|綿製に変わっている。の名で、販売を展開すると共に、関西を中心にその名を知られたが、1980年代中期以降、低価格による海外からの製品に流入により、採算が悪化。2002年（平成14年）に御幸毛織の傘下に入ると共に、社名をアングル・ミユキ株式会社に改名。また生産縮小に伴い、子会社工場の売却等を余儀なくされた。2012年（平成24年）より富士紡ホールディングスの傘下企業となり、再び社名をアングル株式会社に戻している。本場・大阪では老舗の下着・肌着メーカーとして知られており、かつては皇室から御愛顧を賜ったこともあるという。
3100,神戸市の中小アパレルメーカーである光商会（現:株式会社エンパイアー）の社員（当時）である畑崎廣敏と木口衛の2人が光商会を退社後1959年（昭和34年）に独立して創立、木口が社長、畑崎が専務となり（1972年からは畑崎が社長となり木口は会長に就任しこの体制が1995年まで続いた）二人三脚で大手アパレルメーカーに成長させた。神戸市にポートアイランドが誕生した際に現在のワールド本社ビル群を建設しポートアイランドに所在するファッションタウンの中核を形成したほか、ワールドからの寄附金20億円を基に神戸市が設置した多目的ホールであるワールド記念ホールを完成させるなど、地元神戸市の振興にも尽力している。多くのアパレルメーカーが1社1ブランドの経営戦略を取っているのとは対照的に、ワールドは創業以来多ブランド戦略を展開している。またブランドの広告や店舗設計に際して、ワールドという社名ではなくブランドのみを前面に出してプロモーションを行うのも創業以来の特徴である。この多ブランド戦略でワールドはカジュアルからフォーマルまでかつ幅広い年齢層を顧客とすることに成功している。2007年（平成19年）には当社単体で国内アパレルメーカー首位となる年間3000億円を超える売上高を達成した。ワールドのステートメント（一般企業の経営理念に相当）は、'''創造全力、価値共有。つねに、その上をめざして'''。
3100,"ormatPDF|publisher名古屋証券取引所|accessdate2015-03-16}}|代表者代表取締役社長瀧口陽夫name\""yuho\""|資本金1億円name\""yuho\""|発行済株式総数16579060株br（2017年3月現在）name\""yuho\""|売上高連結201億38百万円br（2017年3月期）name\""yuho\""|営業利益|経常利益|純利益|純資産連結450億87百万円br（2017年3月現在）name\""yuho\""|総資産連結571億81百万円br（2017年3月現在）name\""yuho\""|従業員数連結1352人（2017年3月現在）name\""yuho\""|支店舗数|決算期3月31日name\""yuho\""|会計監査人|所有者|主要株主株式会社洋大63.93%br（2017年3月現在）name\""yuho\""|主要部門|主要子会社|関係する人物|外部リンクhttp:www.maruhachi.co.jp|特記事項}}{{基礎情報会社|社名株式会社丸八真綿|英文社名MaruhachiMawataCo.Ltd.|ロゴ|種類株式会社|市場情報非上場|略称布団のマルハチ|国籍{{JPN}}|郵便番号222-0033|本社所在地横浜市港北区新横浜3-8-128F|設立1962年（昭和37年）10月|業種6100|法人番号2080401005209|事業内容クレジット事業・資産管理|代表者今村均（代表取締役社長）|資本金1億円|発行済株式総数|売上高|営業利益|純利益|純資産|総資産|従業員数|決算期|主要株主丸八ホールディングス|主要子会社#グループ会社|グループ会社参照|関係する人物岡本八二、岡本一八（創業者）|外部リンクhttp:www.maruhachi.co.jp|特記事項}}'''株式会社丸八ホールディングス'''（まるはちホールディングス、英語|英称:MaruhachiHoldingsCo.Ltd.）は神奈川県横浜市に本店を置く寝具・リビング用品事業を行う持株会社である。'''株式会社丸八真綿'''（まるはちまわた、英語|英称:MaruhachiMawataCo.Ltd.）は神奈川県横浜市に本店を置き関連子会社を統括する大手寝具メーカー、丸八真綿グループの中心会社。組織再編により株式会社丸八ホールディングスの子会社となる。通称として、'''布団のマルハチ'''などと呼ばれる。ロゴタイプでは「'''丸八眞綿'''」「'''maruhati'''」と表記している。"
3100,"1946年（昭和21年）、創業者の磯部徳三によりゴム布製品製造卸会社の'''磯部商店'''として創業name\""toyokeizai\""{{Citeweb|urlhttp:toyokeizai.netarticles-11915|date2012-12-04|title「介護」と言う言葉を生んだ発明魂フットマーク、アイデアが湧きだす仕組み（Think!新しいキャリアの教科書）|work東洋経済オンライン|publisher東洋経済新報社|language日本語|accessdate2013-06-14}}name\""tokyokosha\""{{Citeweb|author長岡宏昭|date2009-10-10|urlhttps:www.tokyo-kosha.or.jptopicskirarifiles0910kirari_37.pdf|titleシリーズ\""キラリ企業\""の現場から第37回介護でも家族でも使える便利でおしゃれな衣類を開発フットマーク株式会社|formatPDF|workアーガス21|publisher東京都中小企業振興公社|pages2-3|language日本語|accessdate2013-05-26}}。当初は幼児向けの布製おむつを主力にname\""nikkei20080708\""name\""asahi20070530\""name\""toyokeizai\""name\""nikkei20050930\""{{Citenews|newspaper日本経済新聞（地方経済面、東京）|date2005-09-30|page15|titleフットマーク（東京都墨田区）-「体の悩み」解消グッズ（拓く創造企業）|language日本語}}-日経テレコンにて2013年4月28日閲覧。name\""nikkei20081031\""{{Citenews|newspaper日経産業新聞|date2008-10-31|page21|titleフットマーク磯部成文氏-水泳帽で躍進、新商品続々（企業人）|language日本語}}-日経テレコンにて2013年4月28日閲覧。、草履袋やリュックサックname\""tokyokosha\""などを製造していた。当時のおむつは蒸れやすく夏に売れない問題があったほかname\""nikkei20050930\""、1970年代より製紙業|製紙メーカーによる紙おむつが主流になり始めたことをきっかけに業態転換を行うname\""asahi20070530\""name\""toyokeizai\""name\""nikkei20081031\""。「おむつと形が似ている」name\""asahi20070530\""「試しに頭に被ってみると丁度良いフィット感であった」name\""nikkei20050930\""という理由で、おむつの縫製技術や耐水技術を転用できる水泳帽の開発に着手name\""nikkei20080708\""name\""asahi20070530\""name\""toyokeizai\""name\""nikkei20050930\""name\""nikkei20081031\""。それまで日本国内では「水泳帽を被る」という習慣が一般的ではなかったがname\""toyokeizai\""、ちょうど小学校・中学校の体育の授業に水泳が導入される時期であった為name\""nikkei20080708\""name\""toyokeizai\""name\""nikkei20050930\""name\""nikkei20081031\""、学校に対して売り込みを実施name\""nikkei20081031\""。水泳帽を色別に分けたり、各色のマジックテープを貼ることによって各人を泳力別に分けることができる点が教師からの支持を集めたname\""toyokeizai\""name\""nikkei20050930\""。日本国内の水泳帽の市場占有率|シェアでは約5割を持つトップメーカーでありname\""nikkei20080708\""name\""asahi20070530\""name\""nikkei20050930\""name\""nikkei20081031\""name\""nikkei20120622\""{{Citenews|newspaper日経産業新聞|date2012-06-22|page17|title競泳水着の販売拡大、フットマーク、学校向け|language日本語}}-日経テレコンにて2013年4月28日閲覧。、学校用水着（スクール水着）でも最大手となっている{{Citenews|newspaper朝日新聞（朝刊、群馬全県、2地方）|date2012-05-16|page28|title盗撮防止水着、売上急増被害懸念の学校に人気桐生の企業が開発群馬県|language日本語}}-聞蔵IIビジュアルにて2013年4月28日閲覧。。また、アイドルの写真集などでも当スクール水着が採用されたことがある表紙で採用されている例として『スマイレージ②～あやかのん18歳の約束～』（ISBN978-4847045523）など。以降はタオルやバッグなどの水泳関連製品の他、高齢者や水泳を不得手とする人、介護を必要とする人向けの水泳用具事業へもシフトしておりname\""toyokeizai\""name\""nikkei20050930\""name\""nikkei20081031\""、一時期家庭向けの小型流水プールも販売していたこともあるname\""nikkei20081031\""。ビート板もフットマークが開発した物であると報じられているname\""toyokeizai\""。2012年（平成24年）からは今まで手薄であった競泳用水着の販売も強化しており、イタリアの水着メーカーJakedの製品のライセンス生産を行なっているほかname\""nikkei20120622\""、金藤理絵らがJakedエリートチームに所属している{{Citeweb|urlhttp:jaked.jpkaneto_plof.html|title金藤理絵（JakedEliteTeam）|workジャケッド日本オフィシャルサイト|publisherフットマークジャケッド|language日本語|accessdate2014-07-15}}。「フットマーク」の社名は、社長（当時）の磯部成文が学生時代より自分の持ち物には名前の代わりに足あとマークを描くほど「足型が好き」という理由によって1982年（昭和57年）に旧社名から変更されたものであるname\""nikkei20081031\""。フットマーク直営のECサイト「水着で元気工房うきうき屋」も運営しており、ここから購入が可能な他、Amazon.com、楽天からでも購入が可能となっている。"
3100,創業（1896年）から1974年まではフェルト製の中折れ帽の製造において日本を代表する企業であったが、中折れ帽事業の衰退に伴い、帽子の製造過程で培ったフェルト加工技術を生かし、フェルト製のペン先の製造を手掛けたhttp:www.e-kouryu.jphistoryslide.php?page3帝国製帽(テイボー)跡高竜街づくりの会。ペン先のシェアが国内では6割、世界では5割のグローバルトップニッチメーカーである『千年企業の大逆転』（文藝春秋2014年）p.133。近年は更なる企業発展を目指してペン先の事業で培った射出成型の技術を生かし、金属射出成型事業に進出している。また、ペン先の事業をコスメのアイライナー、医療用カテーテルなどの事業へと展開している。事業転換にうまく成功した100年以上の歴史を持つ老舗企業として、様々なメディアに取り上げられているhttp:www.tbs.co.jpgacchiriarchives200911083.html世界に誇れる「ペン先」-TBSがっちりマンデー!!・2009年11月8日。
3100,*本店（本社機能）テクノ・メディカル両事業部：東京都墨田区両国4丁目31-11*地方拠点：千葉県白井市・印西市*事業内容：フェルトペン先の製造※国内外の筆記用具メーカー及び化粧品OEM品メーカー向け*創業：明治25年12月12日*子会社：オーベクステクノロジーオーベクスメディカル天津奥貝斯技研有限公司（中華人民共和国|中国・天津市）
3100,"各種繊維品の染色加工、各種繊維製品の企画製造販売を中心に同製品の輸出入、電子制御機器・電子部品の設計製造および販売、倉庫業などを手がける。近年では多品種・小ロット生産の傾向に合わせ、同社が独自に開発した、企画から販売まで一貫しておこなう染色システム「ビスコテックス」name\""diamond\""{{Citeweb|urlhttps:diamond.jparticles-116062|title1677万色の生地を1ｍから、超多品種少量を可能にした染色技術「ビスコテックス（Viscotecs）」セーレン結川孝一、牧田博行|publisherダイヤモンド・オンライン|date2017-03-03|accessdate2019-03-17}}により、従来のファッション分野から広告資材、自動車内装資材などにも分野を拡大している。社名の由来は、創業当時の事業である「精練」からname\""diamond\""。染色などの生地加工が中心であったが、カネボウ(1887-2008)|カネボウの繊維事業を継承してKBセーレンを設立し、原糸製造にも参入している。"
3100,本社は東京都千代田区外神田（通称：秋葉原）。設立は1949年（昭和24年）、創業は栗原イネによって1879年（明治12年）と歴史のある総合繊維メーカーである。1918年に栗原紡織合名会社設立。1936年に栗原毛織株式会社を設立、稲沢市に毛織物製造の工場を建設する。1950年、ミリオンテックスを発売。東京証券取引所、名古屋証券取引所に上場。1953年に、小田原市に紡績部門の工場を建設。毛織物の米国輸出を開始。1989年に商号を大同毛織株式会社から株式会社ダイドーリミテッドに変更する。1996年に小田原工場を閉鎖し2000年に小田原工場の跡地にダイナシティを設立する。2002年に稲沢工場を閉鎖する。2008年に稲沢自動車学校を営業していた子会社の株式会社ダイドーアーバンスを全株譲渡http:www.daidoh-limited.compdf200820080204_04.pdf子会社の異動（株式譲渡）に関するお知らせ平成20年2月4日2016年12月10日閲覧。代表取締役副社長がオンワードホールディングスの出身であり持分法適用会社である。現在は、衣料製品や衣料原料のほかに、ショッピングモールなどといった不動産事業を扱う事業も行っている。近年は旧小田原工場跡地にダイナシティ(ショッピングセンター)|ダイナシティを運営して小田原の小売業界を牽引し、季節ごとに色々なイベントをウエストモールで行い、フリーダムコンサートと呼ぶクリスマスコンサートがメインイベントとなっている。特にオーケストラを使わない第九演奏会は定着し、商業だけでなく芸術文化にも力を入れている。
3100,生活雑貨から医療機器に至るまでさまざまであり、特にガーゼ（縫製）マスクにおいては国内でも多数のシェアを占める。'''現在の日本におけるマスク文化の発祥とされており'''、近年ではその企画力に着目した大手製薬会社へのOEM供給品が製品の大半を占めている。
3100,2010年6月30日に設立された中堅アパレル。会社名Incontro（インコントロ）は、イタリア語で出会いを意味し、ファッションを接点として出会い、集う企業体となることを理念とする。ファッション感度の高い層をターゲットとし、海外コレクションブランドを主体に全国のセレクトショップに卸売、直営店で販売する。ファイル:VivienneWestwoodAoyama.jpg|thumb|250px|ヴィヴィアン・ウエストウッド青山店（東京・青山(東京都港区)|青山）
3100,*女性向けの多彩なライフシーンに応えるべくタウンファッションを追求。次々と新しい国に日々視点を向け、都会的なアレンジを効かせて表現した個性服を生産。また、ニット製品を主体に徹底した独自のプリントとカラーのオリジナル化を研究し、同社のブランドテイストを明確化している。
3100,"国内不織布のトップメーカーであり、不織布の技術をベースに幅広い製品・事業領域で展開している。不織布業界で世界最大手name\""kaituke\""http:www.vilene.co.jpnewslistimgnewsp_n789.pdf#FTホールディングス株式会社による当社株券等に対する公開買付けに関する賛同及び当社普通株式の応募推奨のお知らせのフロイデンベルグが親会社。1960年、フロイデンベルグと大日本インキ製造（現・DIC(企業)|DIC）、東レの三社合弁で設立された。フロイデンベルグが不織布技術、大日本インキ製造が経営サポートと化学製品、東レが原料のファイバーを供給するという関係であったname\""kaituke\""。1970年、東京証券取引所第二部に上場。1984年には第一部に指定替えとなった。2009年に当時2位の大株主（議決権割合23.04%）であったDICが保有株式売却の意向を表明。2010年1月に自己株式公開買付けに応募する形で、DICは主要株主から外れ、以後はフロイデンベルグと東レが主要株主となったhttp:www.vilene.co.jpnewslistimgnewsp_n602.pdf#自己株式の取得及び自己株式の公開買付けに関するお知らせhttp:www.vilene.co.jpnewslistimgnewsp_n604.pdf#自己株式の公開買付けの結果及び取得終了並びに主要株主及び「その他の関係会社」の異動に関するお知らせ。2015年8月、日本バイリーンを株主比率フロイデンベルグ75%・東レ25%の非公開会社とすべく、FTホールディングス（フロイデンベルグが設立、設立後に東レも25%出資）による株式公開買付けが開始されname\""kaituke\""、同年9月にフロイデンベルグが親会社となったhttp:www.vilene.co.jpnewslistimgnewsp_n801.pdf#FTホールディングス株式会社による当社株券等に対する公開買付けの結果並びに親会社、その他の関係会社及び主要株主である筆頭株主の異動に関するお知らせ。"
3100,1948年（昭和23年）10月30日に資本金200万円で三幸産業株式会社が設立された。1948年（昭和23年）11月の現在の商号の三幸毛糸紡績株式会社に社名を変更した。三幸毛糸紡績の新川工場も設立された。1952年（昭和27年）10月に三重県四日市市北部の富田地域の西富田町に立地する富田精工株式会社を吸収合併して三幸毛糸紡績富田工場とした。1957年には春日井工場（不織布事業を展開）も完成。会社総鑑未上場企業上巻935頁上から19行目～21行目子会社にサンモールがある。労働組合はゼンセン同盟|ＵＡゼンセン同盟（日本労働組合総連合会|連合）である。高級モヘア糸の生産で有名な繊維メーカーである。http:www.fdc138.cominfotandf21pdf05-07_company_Sankoukeito.pdf#search'%E4%B8%89%E5%B9%B8%E6%AF%9B%E7%B3%B8%E7%B4%A1%E7%B8%BE'経営基盤のバランス化を目指して商材の多角化戦略を実施している。染め・織り・加工・縫製品をタイアップして最上級商品作りをグループで目標としている。
3100,"スポーツウェアの大手メーカーの1社であり、野球、ゴルフウェア、陸上競技用ウェア、サッカー用ウェア、競泳用水着、アルペンスキー用ウェアなどで有力なブランドを持つ。日本国内の他、中華人民共和国|中国・大韓民国|韓国、北アメリカに進出している。スポーツウェアの他、介護・医療分野の製品開発も進めている。伊藤忠商事の関連会社であるhttp:cdn.ullet.comedinetpdfS1004YNB.pdf#page12第91期(自平成26年4月1日至平成27年3月31日)有価証券報告書伊藤忠商事、2016年3月15日閲覧。かつて資本提携関係にあったところを経営難に陥ったため、同社が支援を要請したことによる。。企業スローガンは「DesignforSports」であり、「スポーツを通して人々の身体と心を豊かにし、健全なライフスタイルを創造すること」{{Citeweb|author|date|urlhttp:www.descente.co.jpcompanyaboutusabout.html|title企業スローガン|publisher'''デサント'''|accessdate2016-3-15}}を表している{{nest|group\""注\""|2001年から使用されていたスローガン「カラダ動くココロ動く」は、「海外でも通用するスローガンの必要性」{{Citeweb|author|date|urlhttps:www.descente.co.jpcompanyirsmeetingstockholder20100709.pdf#page6|title第53期(自平成21年4月1日至平成22年3月31日)報告書（株主の皆様へ）|publisher'''デサント'''|accessdate2016-3-15}}から2010年に現在のものに変更された。}}。!--現在の企業スローガン「カラダ動く、ココロ動く」は、王貞治の筆によるものである。……2010年よりスローガンは変更されている--第21回オリンピック冬季競技大会（2010バンクーバーオリンピック）の日本選手団公式スポーツウェアを手がけた{{Citeweb|author|date|urlhttp:www.joc.or.jpgamesolympicvancouverintroductionwear.html|title日本代表選手団オフィシャルスポーツウエア|publisher日本オリンピック委員会|accessdate2016-3-16}}。"
3100,"ate2015-03-31|accessdate2015-06-30|archiveurlhttp:web.archive.orgweb20150630193931http:www.mrc.co.jp:80companyindex.html|archivedate2015-06-30|deadlinkdate}}|発行済株式総数|売上高連結：5485億円（2016年3月期）name\""financial\""{{Citeweb|urlhttp:www.mrc.co.jp:80companyfinancial.html|publisher三菱レイヨン|title連結決算情報|date2016-03-31|accessdate2017-03-09|archiveurlhttp:web.archive.orgweb20170309000139http:www.mrc.co.jp:80companyfinancial.html|archivedate2017-03-09|deadlinkdate}}|営業利益連結：268億円（2016年3月期）name\""financial\""|経常利益連結：292億円（2016年3月期）name\""financial\""|純利益連結：158億円（2016年3月期）name\""financial\""|純資産連結：2439億円（2016年3月期）name\""financial\""|総資産連結：6343億円（2016年3月期）name\""financial\""|従業員数連結：9451名br（2017年3月31日現在）name\""outline\""|決算期3月31日|主要株主三菱ケミカルホールディングス100%|主要子会社ダイヤニトリックスbrLuciteInternationalGroupbrUMGABS|関係する人物|外部リンク|特記事項}}'''三菱レイヨン株式会社'''（みつびしレイヨン、''MITSUBISHIRAYONCO.LTD.''）は、東京都千代田区に本社を置いていた日本の大手合成繊維・合成樹脂メーカー。かつて存在した三菱グループの一員であり、三菱金曜会http:www.mitsubishi.comkinyokai三菱金曜会・三菱広報委員会http:www.mitsubishi.commpacj三菱広報委員会の会員企業であったhttp:www.mitsubishi.comkinyokaisyoukai.html三菱金曜会会員会社紹介http:www.mitsubishi.commpacjcompanies三菱広報委員会-会員会社紹介。メタクリル酸メチル樹脂（MMA樹脂・アクリル樹脂）世界首位、炭素繊維世界3位。社名の由来となったレーヨンのステープル（短繊維）は、1978年12月に生産を終了していた。2017年4月1日、親会社の三菱ケミカルホールディングスのもと、三菱化学および三菱樹脂と合併を行い、三菱ケミカルhttp:www.mitsubishichem-hd.co.jpsaiyo-new三菱ケミカルとして事業を行うこととなった。日本化学繊維協会元会員。"
3100,大輪会の会員企業であるhttp:izumisano-kyuryo.jpdairinkai大輪会（だいりんかい）とは-http:izumisano-kyuryo.jp泉佐野丘陵緑地公式サイト内のページ。。理念は「幅広い分野での積極的な事業展開と技術・開発・企画力のさらなる向上を通じて、ニュー・シキボウの確立をめざしていきます」。
3100,"宮崎商店綿布工場を先代社長の宮崎猛が譲り受け、タオル会社として創業したname\""gaiyo\""http:www.sdh.or.jparticle191p12.html四国電気保安協会　お客さま訪問-四国電気保安協会、2013年7月11日閲覧。。昭和30年代は輸出タオルの生産工場として保税工場の認定も受け生産を続けてきたが、日本経済の高度成長とともに輸出競争力を失ったため国内需要に転換し、現在は「藍」「オーガニックコットン」を中心にタオル、コットンマフラー、コットンバッグ等を生産販売しているname\""gaiyo\""。「タオルがイギリスから日本に輸入されたばかりの頃、タオルはモダンで高級な織物で襟巻きとして使用されていた」という記録からヒントを得て1999年には日本初のタオルマフラーを販売したhttp:allabout.co.jpgmgc197099使い出すと手放せない、「男のくびまき」-AllAbout（2009年09月27日）、2013年7月11日閲覧。。"
3100,主にパンティストッキング・靴下・下着を製造・販売している。その他不動産の販売・賃貸、介護用品の製造等の事業がある。製造は子会社に移管、中華人民共和国での生産にも移行している。2013年3月期の連結売上構成は繊維事業95.5%、不動産事業その他4.5%となっている。
3100,元々OEM製造に依存した事業展開をしていたが、今では「オリジナル・ブランドの直接販売」という新しいビジネス・モデルへの移行の道を選んでいる頼勝一・小川孔輔（2009）「環境配慮にこだわる価値創造～企業存続の危機からの脱却とオリジナル・ブランドへの挑戦～」『季刊マーケティングジャーナル』Vol.29、95頁、日本マーケティング学会。現社長が大学の落語研究会の先輩である春風亭昇太の昇進祝いに似顔絵入りタオルを送ったところ、評判が良く雑誌に取り上げられたことをきっかけに小売店との取引が生まれるようになった。デザインや素材などにこだわったオリジナルブランドタオルの開発を進めており、デザインの面では東京のデザイン会社「isso　ecco」と共同で、時代の流れやトレンド性に合わせた多彩なデザインの製品を開発している。
3100,創業者で現社長の木村皓一が、1971年（昭和46年）に大阪でベビー子供服の製造卸をおこなう「三起産業」を創業する。その後、1978年（昭和53年）に改組、現社名に改めると共に、三起から取ったブランド「'''MIKIHOUSE'''」（ミキハウス）を冠した子供服の製造型小売業|SPAで勢力を拡大し、海外にも多数出店をおこなう。主に子供服を中心としたアパレル事業がメインだが、グループ企業（10社）によりベビー総合プロデュース事業をはじめ、他にも出版・教育・外食事業などもおこなっている。2006年（平成18年）に東京海上キャピタルが40億円の第三者割当増資を引き受け、発行済み株式の約60%を保有する筆頭株主となった。2010年（平成22年）を目処に株式公開を目指す方針としたが、サブプライムショック以降の影響もあり、株式公開は見送られている。2013年4月22日、イギリス・ロンドン中心部にある老舗高級百貨店「ハロッズ」に日系アパレル企業として初出店したhttp:www.jiji.comjczc?k2013042013042200887&geco&relid21_2英ハロッズに「ミキハウス」日系アパレルで初出店（時事通信社201342223:26）。
3100,オーダーメイド紳士服の製造・販売を中心に、日本全国各地でチェーン店を展開している。創立以来長らく三井物産の資本参加を受け、大阪証券取引所にも上場していたが、2002年にグッドヒル（鳥取市）が経営権を取得、三井物産は保有株式を売却し撤退した。なお、グッドヒルの母体はかつてエフワンの協力工場であった「鳥取エフワン」であり、下請企業が元請を買収した形となる。その後、グッドヒルの完全子会社となり現在は非上場となっている。
3100,男性用肌着の大手企業。後に女性用へも進出。現社名であるシルバーオックスは、同社で扱われている紳士用肌着のブランド名でもあり、同ブランドは現在でも存在している。東京本社ビルの1階はショールームにもなっており、主に新ブランドの展開の場にもなっている。2001年（平成13年）に現社名に変更するまでは、「'''内外衣料製品'''」という社名で知られており、1980年代にはテレビ朝日系で放送されていた素人参加クイズ番組「クイズタイムショック」などの番組スポンサーをつとめていたこともある。また当時ブランドとして使われた「シルバーオックス」名義で、1972年にはABCテレビ|朝日放送制作、TBSテレビ|TBS系のテレビアニメ『ど根性ガエル』のスポンサーをつとめ、番組では当時同社が発売していた子供服「テケテケ」のCMを流した。グループサウンズ「オックス」のグループ名の由来となった会社でもある。現在は大阪本社だった場所は貸し事務所が、東京本社だった場所はポジティブドリームパーソンズに売却し、ザテンダーハウスが所有されている。
3100,1930年創業の老舗タオルメーカーの1つ。1989年に朝倉工場、1993年に中国の天津市に現地法人を設立してタオル生産を行うなどを事業を拡大。「朝シャン」タオルなどヒット商品もあって1997年12月期には売上高約42億円を計上したhttp:www.tsr-net.co.jpnewstsr20161006_01.html(株)ハートウエル：東京商工リサーチ-東京商工リサーチ、2016年10月8日閲覧。。競争激化による売上減少やそれに伴う中国の現地法人閉鎖などで経営が悪化。2016年10月6日に約23億円の負債を抱え民事再生法の適用を申請した。東京都の製造業「YWM」がスポンサーとなり、資金・経営管理両面での支援を受け、自社ブランドの直販ルートを拡大する予定https:www.ehime-np.co.jparticlenews201610071961ハートウエル再生法申請、負債約23億円　今治-愛媛新聞（2016年10月7日）、2016年10月8日閲覧。。
3100,http:www.azone-int.jpindex.php?sid102会社概要アゾンインターナショナル、2013年9月25日閲覧}}'''株式会社アゾンインターナショナル'''(AZONEINTERNATIONAL)は、神奈川県藤沢市に本社を置く、雑貨や玩具の輸入・製造・卸販売を行う会社である。人形やその衣装の製造・販売が特に知られている。
3100,"式会社鈴屋のウェブサイト、平成23年8月7日閲覧。かつては、三愛、鈴丹などとともに、婦人服専門店大手の一角にあった。特に1960年代から1970年代にかけては、日本のファッション界をリードする存在のひとつであったname\""nikkei970225\""。"
3100,*敷地{{citeweb|urlhttp:www.nico.or.jpsearchmanufacturekigyou_detail_new.php?org_id4841|titleやまだ織株式会社（ヤマダオリ）|publisherNICO（ニコ）公益財団法人にいがた産業創造機構|format|date|accessdate2015-02-04}}。**5440㎡*工場面積**3542㎡
3100,"1950年代に常見米八商店の商号から発展したTUNEMIは、中古ジーンズをアメリカ合衆国|アメリカから輸入し市場に提供していたが、1960年代に入り、日本で初めて独自の製法によりジーンズを製造・販売する。「EDWIN」というブランド名は、デニム(DENIM)の「D」と「E」を逆転し、「NIM」を180度反転し「WIN」として命名されたhttp:www.edwin.co.jpcompanyhistoryindex.htmlエドウインの歴史（公式ページ）。「江戸」が「勝つ」(WIN)という説は俗説であり、公式な情報は確認されていない。日本テレビ放送網|日本テレビ系『TVジョッキー|TVジョッキー日曜大行進』の人気コーナー「奇人変人大会」では毎回優勝者にエドウインのジーンズが贈呈された。また一時期はアメリカ・イタリアにも工場を設け、MADEINU.S.A.シリーズ及びMADEINITALYシリーズを生産していたがこれは数年で中止されている。所有する営業車のナンバーは、同社の代表的なブランドにちなんで「'''503'''」（'''ゴーマリソン'''）としており、車体色もデニムをイメージしたものにしている。最近では著名人とのコラボレーションジーンズでも有名であり、速水もこみちや土屋アンナらがデザインしたジーンズが販売されている。2012年8月、証券投資の失敗を隠すために不正経理を繰り返していた疑いがあることが報道された{{citenews|title投資の失敗で200億円の大穴ユニクロの激安ジーンズに敗れたエドウインの焦り|author|agency|publisherビジネスジャーナル|date2012-8-31|urlhttp:biz-journal.jp201208post_613.html|accessdate2014-2-11}}{{citenews|titleエドウイン、不正経理疑いで調査　証券投資の失敗を隠ぺいか|author|agency|publisher共同通信|date2010-8-24|urlhttp:www.47news.jpCN201208CN2012082401001559.html|accessdate2014-2-11}}。報道を受けて同社では第三者委員会の設置などによる調査・適切な対応を行うとコメントした{{citenews|titleエドウイン、不正経理の疑い解明へ第三者委|author|agency|publisher日本経済新聞|date2010-8-24|urlhttp:www.nikkei.comarticleDGXNASDD240HQ_U2A820C1TJ1000|accessdate2014-2-11}}。不正経理の表面化から4ヶ月後の12月24日、この日からエドウインはブラッド・ピットを5年ぶりに起用した「503」の宣伝広告を公開したが、主要金融機関からの借入金690億円の返済が滞り、銀行団に対して返済計画を策定していた真っ最中に、3億は下らない広告費用を費やしたことから、メガバンク幹部はいら立ちを隠せなかったという。経営者一族が野放図な金融取引を行っていたことが経営悪化の要因となったが、そうなった背景には当時の社長である常見修二がワシントン大学で金融工学を学んだ経験を持っていたことによって驕りを抱いていたこと、企業統治が欠けていたことが指摘されているname\""the3rd\""藤森徹『あの会社はこうして潰れた』日本経済新聞出版社、2017年4月10日初版、111-123頁、ISBN9784532263379。。2013年11月26日、事業再生実務家協会に対し事業再生裁判外紛争解決手続|ADR手続きの利用を申請。その後受理された{{citenews|titleエドウインが私的整理　ジーンズ大手、再建目指す|author|agency|publisher共同通信|date2013-11-27|urlhttp:www.47news.jpCN201311CN2013112701001692.html|accessdate2014-2-11}}{{citenews|titleエドウイン破綻で「ジーンズ業界」消滅5大ブランド中4つが経営破綻|author|agency|publisher日経ビジネスオンライン|date2013-12-4|urlhttp:business.nikkeibp.co.jparticlereport20131202256571?P1|accessdate2014-2-11}}{{citenews|title事業再生ADR申込の正式受理のお知らせ|author|agency|publisher株式会社エドウイン|date2013-12-16|urlhttp:news.edwin.co.jpnewsadr-1.html|accessdate2014-2-11}}。2014年3月10日、伊藤忠商事がスポンサー選定手続において、優先交渉権を獲得。エドウイン・ホールディングスの株式を100%取得し、スポンサー契約を締結したと発表した{{citenews|titleエドウイン再建、伊藤忠が支援へ|author|agency|publisher日本経済新聞|date2014-2-7|urlhttp:www.nikkei.comarticleDGXNASDD060VD_W4A200C1TJ0000|accessdate2014-3-18}}{{citenews|title伊藤忠がエドウイン支援正式発表　全株式を取得|author|agency|publisherWWDJAPAN.COM|date2014-3-11|urlhttp:www.wwdjapan.combusiness2014031100010632.html|accessdate2014-3-18}}{{citenews|titleエドウイングループとのスポンサー契約締結について|author|agency|publisher伊藤忠商事株式会社|date2014-3-11|urlhttp:www.itochu.co.jpjanews2014140311.html|accessdate2014-3-18}}。債権者とギリギリの交渉が続いた結果、最終的には12億6000万円以下の債権者は全額一括弁済とし、それ以上は伊藤忠をスポンサーとした債権放棄と超長期弁済との折衷案で金融債権者間との合意を見るようになったname\""the3rd\""。"
3100,"ナイロン・ポリエステル・ポリウレタンなど合成繊維の染色整理加工を手掛けるhttp:www.asakura-senpu.co.jpcompanypresident-greeting朝倉染布株式会社代表あいさつ2018年（平成30年）7月8日閲覧。http:www.asakura-senpu.co.jpblogworksennshokuseiri朝倉染布株式会社染色整理事業2018年（平成30年）7月8日閲覧。。桐生産地の染色整理業の最大手で、桐生市の有力企業の一つに数えられる『桐生の歴史』152頁桐生市における有力企業一覧。本社工場敷地は昭和通り(桐生市)|昭和通り（群馬県道・栃木県道67号桐生岩舟線）と中通り(桐生市)|中通りに面しているname\""profile\""。主力事業は水着などのスポーツウェアに用いられるストレッチ繊維の撥水・吸水速乾加工であるhttp:www.asakura-senpu.co.jpprocessing-technology朝倉染布株式会社加工技術2018年（平成30年）7月8日閲覧。。国内のレジャー用水着の需要が落ち込んでいるため、需要の増加が見込める医療・介護分野に参入し、心電図測定用の電極布を大日本住友製薬と共同で開発したhttp:www.nikkei.comarticleDGXNASFB1002S_Q1A210C1L51000朝倉染布、医療・介護用品に参入心電図測定用の布開発2011年（平成23年）2月11日日本経済新聞（日本経済新聞社）2018年（平成30年）7月8日閲覧。。"
3100,新日本製鐵（現・日本製鉄）と日本石油（現・JXTGエネルギー）は、各々独立にピッチ系炭素繊維の研究開発を行っていたが、1995年に共同出資にて日本グラファイトファイバーを設立した。設立時の出資比率はそれぞれ50%だったが、現在の株主は日鉄ケミカル&マテリアル（旧・新日鉄住金マテリアルズ、出資比率66.6%）とJXTGエネルギー（出資比率33.4%）となっている。
3100,ブロッコリー(企業)|ブロッコリー主催のコスプレダンスパーティー「コスパ」の企画・プロデュースを行っていた松永芳幸（現・代表取締役社長）らによって、1995年5月に株式会社コスチュームパラダイスとして創業。その後事業をコスプレ衣装だけでなく各種キャラクターコンテンツビジネス事業を展開するにあたり、1998年2月に商号を略称である「株式会社コスパ」に変更した。なおこの時点で、コスパの語源を「コンテンツ・コミュニケーション・パートナー（'''CO'''ntents'''CO'''mmunication'''S'''ervice'''PA'''rtner）の略」と定義付けた。製作・販売にあたって出版社等の版権所持者から正式なライセンス許諾を受けている。既製品の衣装を扱う他、注文者の体形や要望にあった形でオーダーメイドでの衣装製作も受け付けている。直営店舗が渋谷、秋葉原、名古屋市|名古屋、大阪市|大阪、福岡市|福岡、千葉市|千葉、仙台市|仙台にある。近年ではコスプレ衣装にとどまらず、ライセンス許諾を受けたキャラクターグッズやキャラクターをモチーフにしたアパレル商品の開発・販売を行っている他、関連企業の事業としてコスプレイベントを始めとする各種イベント等の主催や、キャラクターグッズのオンラインショッピングモール「ジー・ストア」、コスプレ系飲食店|コスプレメイド喫茶「CUREMAIDCAFE'」（2001年3月）、インターネットラジオ「音泉」、コミュニティサイト「BEWE」などの運営を行っている。
3100,1917年（大正6年）に滋賀県彦根市で'''近江絹綿株式会社'''として夏川熊次郎により創業される。当時は絹紡糸の半製品（ペニー）生産を中心としていた。同社の傘下企業として、アパレル部門を分離独立させたミカレディが存在することでも知られる。のちにミカレディは東京・銀座に本社を移すが、現在もミカレディの株式は全て同社の100%子会社であるオーミ・リアルエステートが保有している。兵庫県加古川市に工場がある他、ブラジルに綿糸を製造する子会社を有する。その他プリント基板の製造などもおこなっている。現在、繊維事業の売上が業績の83%を占める（2006年3月期：連結）。海外比率は2007年3月期で11.9%、その大半がラテンアメリカ|中南米（ブラジル・アルゼンチン）向けである。
3100,創業者の新川柳作が、1940年（昭和15年）に大阪で創業した、鞄の製造販売を行う「新川柳商店」が始まりである。かつては、サムソナイト|サムソナイト・コーポレーションとライセンス契約を結んで、同ブランドの製品を40年間にわたり製造・販売していた。現在はサムソナイト社完全出資子会社の「サムソナイトジャパン」が日本での販売を継承している。http:web.archive.orgweb20091213044506http:www.ace.jpcompanypress20041221_proteca.htmlサムソナイト契約終了のお知らせ。http:www.samsonite.co.jprepair_kokunai.htmlサムソナイトジャパン:カスタマーサポート（修理について）。エース自社ブランドとして、現在では、スーツケースの'''ProtecA'''（プロテカ）やビジネスバッグの'''ACEGENE'''（エースジーン）などを展開している。また、業界で初めてナイロン、人造皮革|合成皮革のデラクール素材のカバンを開発し、世に広めた。現代では広く使われる材料であるが、ナイロン素材のカバンがデビューした当時は、バッグの一大革命とも騒がれ、発色性と耐久性、ファッション性を兼ね備えたバッグとして愛されてきた。アルファベットの小文字の'''a'''を図案化したものが、社章として用いられている。過去には'''エースバッグ'''とも呼ばれていた。かつてのテレビコマーシャルメッセージ|CMでは「いい旅いっしょに、エースバッグ」のサウンドロゴが流れていた。1970年代には学生の間で、同社の「マジソンバッグ」が大流行した（マディソン・スクエア・ガーデン参照）。また過去には、朝日放送テレビ|朝日放送制作・テレビ朝日系列で放送中の『新婚さんいらっしゃい!』や関西テレビ放送制作・フジテレビジョン|フジテレビ系で放映されていた『三枝の愛ラブ!爆笑クリニック』など、桂三枝（現・桂文枝(6代目)|六代目桂文枝）が司会を務めた番組のスポンサーを担当したことでも知られている。アポロ計画でも使用されたゼロハリバートン社を買収し、同社の新製品であるポリカーボネート製スーツケースはエースの赤平工場（北海道赤平市）で生産されている。大輪会の会員企業であるhttp:izumisano-kyuryo.jpdairinkai大輪会（だいりんかい）とは-http:izumisano-kyuryo.jp泉佐野丘陵緑地公式サイト内のページ。。
3100,"ファイル:Katakuragumi.jpg|thumb|left|200px|片倉製糸紡績川岸製糸所ファイル:OzawaSilkMillcroppedKatakuraSeishiBosekiKabushikiGaishaSoritsu20nenKinenShashinchoFrame69.jpg|thumb|left|200px|片倉製糸紡績尾澤製糸所明治期から大正期にかけての日本の主力輸出品であった絹糸の製造を行い、片倉財閥を構築した老舗企業である。かつて操業していた富岡工場（富岡製糸場）は日本の工業近代化の貴重な遺産と、国際連合教育科学文化機関|UNESCOの世界文化遺産（富岡製糸場と絹産業遺産群）として知られる（2005年、富岡工場の建物等を地元の富岡市に寄贈）。1994年に伝統事業である蚕糸事業から撤退し、その後、不動産資産を活かしたショッピングセンター運営・不動産賃貸事業・小売事業の他、第二次世界大戦後に進出した自動車用部品製造、繊維製品の販売などを行っている。また肌着の「キヤロン」!--ヤは小さくしない--の発売元としても、その名を知られている。連結決算においては子会社のトーアエイヨーを介して製造販売する医薬品が主力となっており、蚕由来のビタミンB2製剤の技術に強みを持つ。その他、農業用機械、産業用機械の製造子会社や消防車製造子会社も持つ。東京・京橋(東京都中央区)|京橋にあった片倉ビル（旧本社ビル）は1922年に建築され、近くの明治屋ビルとともに由緒ある建物であったが、老朽化のため2009年12月より建替え工事が始まったgroup\""広報\""https:ssl4.eir-parts.netdoc3001tdnet61301800.pdf片倉工業本社ビル建替えの検討に関するお知らせ（2008年6月26日、PDF）。これに伴い2009年、本社を京橋から銀座一丁目に移転した（さらに現在は明石町に移転）。跡地には東京スクエアガーデンが建設された。"
3100,カジュアルウェアを中心とする大手衣料品メーカー。百貨店・スーパーマーケット|スーパーなどの大手流通店での取り扱いの他、ショッピングモール内やアウトレットモール内の直営店、自社ECサイトなどを運営している。中でもワニのトレードマーク|ワンポイントで知られる「CROCODILE」は同社の基幹ブランドとして、また50年以上の歴史を持つブランドとして、その名を広く知られている。「CROCODILE」はメンズ、レディース、更にリラックスサイズやスポーツテイストなど幅広いカテゴリーを展開をしており、また近年にはWEBに特化したブランド、「CITERA」や「Penfield」を新たにスタートさせ、アパレル業界の中では有数の歴史を持つ企業でもある。1986年に竣工した東京本社ビルは建築家の原広司が設計を担当しており、1990年に第1回村野藤吾賞を受賞している。
3100,化学繊維は19世紀より実用化されており、日本でも1918年（大正7年）に、秦逸三らの手により帝国人造絹絲（現・帝人）が誕生していた時代でもあった。そうした時代の到来に対応すべく、三井物産の出資により'''東洋レーヨン'''として、1926年（大正15年）に創業した。滋賀県大津市に滋賀事業場を開設し、生産を開始する。1951年（昭和26年）には米・デュポン社により開発された合成繊維、ナイロンの製造技術を導入し、1958年（昭和33年）には、帝人と共にポリエステル繊維「テトロン」（'''テ'''は帝人の「テ」、'''ト'''は東レの「ト」から来るもの）の生産を開始し、徐々に業績を上げてゆく。1964年（昭和39年）には、絹に似せたポリエステル繊維でつくられた、日本初の丸洗い可能な着物「シルック」を開発。同じくしてアクリル繊維の「トレロン」も開発する。トレロンは、当時セーターなどのニットウェアを洗濯機などで洗うと、縮んで着られなくなってしまうという不安を解消することに成功した。社名変更がなされた1970年（昭和45年）には、高級スエードに似せてつくられた人工皮革「エクセーヌ」（現在も高級感を持つ化学繊維の代表となっており、自動車用内装材としては「アルカンターラ(素材)|アルカンターラ」のブランド名で世界展開）、ラケット|テニスラケットなどに使用される炭素繊維「トレカ」、静電気の起こらない化学繊維「パレル」などを開発した。その後も1986年（昭和61年）には古舘伊知郎が出演したCMでも知られる家庭用浄水器「トレビーノ」（同社の開発した中空糸膜を利用）や、眼鏡のレンズクリーンシートとして知られる「トレシー」（同社製の極細繊維を利用）など、現在も化学技術を軸に様々な製品を開発し、世に送り出し続けている。各スポーツ大会へ積極的に協賛していることでも知られ、特に1973年（昭和48年）に初協賛して以来「東レシルックトーナメント」から今日まで協賛し続けている「東レパン・パシフィック・オープン・テニストーナメント」などで有名である。その他、バレーボール部の「東レ・アローズ」（男子・女子）や、ボート競技の「東レ滋賀ボート部」（滋賀事業場の所属）もある。現在同社の会長を務める榊原定征は2014年（平成26年）から2018年（平成30年）まで第4代日本経団連会長を務めており、また元副社長で現在特別顧問を務める飯島英胤は2006年（平成18年）から日韓経済協会第7代会長を務めている。2008年（平成20年）に国際連合|国連協会ニューヨーク本部から「ヒューマニタリアン賞」を受賞した。2008年（平成20年）のテーマは「環境・気候変動」で、ミレニアム・ゴールの＃7（MillenniumDevelopmentGoals;2015年（平成27年）までに達成すべき21世紀の国際社会の8つのゴール）「環境の持続可能性の確保」をテーマに捉えた賞であり、環境配慮型事業活動ならびにCSR活動（水処理・造水事業の展開、炭素繊維による温室効果ガス削減への貢献、省エネ、職場改善等）が気候変動や社会の持続的成長に貢献していると評価され、日本企業としては初めて国連協会ニューヨーク本部(TheUnitedNationsAssociationofNewYork)から「2008年ヒューマニタリアン賞(HumanitarianAward)」が贈られた。授賞式は2008年（平成20年）10月23日にニューヨークの国際連合本部ビル|国連本部で開催され、東レからは榊原定征代表取締役社長（当時）が代表して出席、三井グループの主要企業からも幹部が同席した。
3100,創業者で、米沢高等工業学校（山形大学工学部の前身）の講師でもあった秦逸三が久村清太と共に1915年（大正4年）に、当時閉鎖中であった山形県米沢市館山（現在は米沢市立第三中学校敷地）の米沢製糸場を買い取り、鈴木商店の子会社、東工業米沢人造絹糸製造所として設立される。当時は第一次世界大戦中で、ヨーロッパからレーヨンの輸入が少なくなっていたこともあり、創業と共に高い業績をあげた。1918年（大正7年）には株式会社に改組、帝国人造絹絲に社名を変更する。昭和に入ると、昭和金融恐慌|金融恐慌により、出資元であった鈴木商店は破綻・清算に追い込まれた。また山形の工場も1927年（昭和2年）に竣工した岩国市|岩国工場に比べて効率性で劣ったことなどから、閉鎖に追い込まれたhttp:www.city.yonezawa.yamagata.jp1770.html人繊工業発祥の地米沢市。これにより、創業の地・山形から当時の繊維業の本場でもあった大阪市|大阪・船場(大阪市)|船場に近い、大阪へ本社を移した。以降は、その後に竣工された三原市|三原工場、松山市|松山工場など西日本を中心に生産が行われるようになる。しかし太平洋戦争後、同社の主力であったレーヨンの需要は瞬く間に低下し、代わってアメリカ合衆国|米国デュポン社からナイロンの製造技術を得た東洋レーヨン（現・東レ）の激しい巻き返しに遭い、一時は倒産寸前にまで陥ってしまった。その後、大蔵大臣を務めた経験があり、鈴木商店出身でもある大屋晋三が社長に就くと、1958年（昭和33年）にはイギリス|英国ICI社からポリエステル（東レとの共同商標「テトロン」）製造の技術を導入。これが見事に成功をおさめ、息を吹き返した。以後、帝人は東レと同じく化学繊維メーカーとして繊維業界での地位を確立させることになる。また、1957年（昭和32年）に米国ニューヨークと西ドイツのデュッセルドルフへ駐在員を赴任させたのを皮切りに、1960年代前半までに欧州、アフリカ、中近東、アジアの計10都市に事務所を開設している。さらに大屋の発案で、1961年（昭和36年）からは専務取締役（財務担当）と取締役（技術担当）をニューヨークに、常務取締役（化学担当）をデュッセルドルフにそれぞれ駐在させるなど、首脳レベルの役員を海外駐在させるという当時としては異例の態勢で海外展開に取り組んでいる。1970年代、大屋により設立された「未来事業部」により、50以上の新規事業が立ち上がったが、1973年（昭和48年）の第一次石油危機により、この拡大政策は頓挫する。やがて繊維不況とも相俟って、以降、帝人は厳しい経営環境に晒されることになる。医薬医療事業や炭素繊維等の高機能繊維の成長により、2000年度から2006年度にかけて7期連続の営業増益を記録するなど、1990年代後半からは堅調な業績が続いている。2010年代においては、市場規模が大きい自動車部品事業に力を入れており、欧米で現地法人設立やM&Aを展開しているhttps:www.nikkei.comarticleDGXMZO34452170S8A820C1TJ2000「帝人、欧州で車用外装材料の加工会社買収約50億円」日本経済新聞ニュースサイト（2018年8月22日）2018年10月9日閲覧。。ゼネラルモーターズ|GM製トラックへの炭素繊維複合材料の採用https:www.bloomberg.co.jpnewsarticles2018-03-05P53SLK6KLVRA01帝人：米ＧＭのトラックに炭素繊維採用−成形時間短縮し大量生産可能Bloomberg2018年3月5日、樹脂製の自動車用フロント窓の開発https:www.sankei.comwestnews180913wst1809130048-n1.htmlガラスの２００倍割れにくい「樹脂製窓」のスポーツＥＶ開発…京大発ベンチャー「ＧＬＭ」と帝人、世界初目指す産経新聞2018年9月13日などが報じられている。大屋が四半世紀近くも社長に在任したこともあって、一時は社長の任期を定款で制限したこともあったが、新会社法への移行に伴うコーポレートガバナンスの確立でこの規定は削除された。{{seealso|大屋晋三#後継経営者の事業整理・社長の任期制限の設定}}2018年度で、ポリアミド|アラミド繊維・炭素繊維等のマテリアル事業が売上高の76%・営業利益の48%を、独・ベーリンガーインゲルハイム社との合弁に端を発する医薬品等のヘルスケア事業が売上高の17%・営業利益の44%を占めているhttps:www.teijin.co.jpirlibrarypresentation_materialspdfpm_1809.pdf事業概況ならびに中期経営計画概要帝人2018年9月。
3100,"|営業利益|経常利益|純利益2億7700万円（2019年02月28日時点）name\""fy\""https:kessan.laboneko.jpsettlements100504チャコット株式会社第28期決算公告|純資産|総資産73億0300万円（2019年02月28日時点）name\""fy\""|従業員数634人|関係する人物土屋誠（創業者）|外部リンクhttp:www.chacott-jp.comj|特記事項}}'''チャコット株式会社'''は、日本のバレエ・ダンス用品企業。オンワード樫山|株式会社オンワード樫山グループ傘下。日本スポーツダンス振興会会員。国内の各種バレエ公演で協賛企業としてスポンサー活動を行っている。チャコットという企業名称は創業者の土屋誠（ツチヤマコト）の「マ」を抜いたもの。1987年の:en:FreedofLondon|フリード・オブ・ロンドン買収は土屋の以前からの夢であり、彼がチャコットを創業したときからの憧れのバレエ用品会社であった。"
3100,東京・名古屋・大阪・札幌・九州を中心とした主要都市でパターンオーダースーツ専門店「麻布テーラー」を展開。もともとは1918年に大阪で創業し、老舗の紳士服メーカーとして知られたメルボ紳士服の系列会社であったが、親会社のメルボ紳士服による、質を重視した高級感を前面に打ち出した経営戦略が失敗したことや、青山商事・はるやま商事といった後発企業に押されて経営が悪化したことなどから、2001年11月12日に民事再生法を適用し、現在は業績を回復。「麻布テーラー」は都内を中心に全国28店舗で展開している。麻布テーラーはスポーツ界においてもオフィシャルスーツとして採用するチームも多く、過去にはWBC日本代表、現在は北海道日本ハムファイターズや浦和レッドダイヤモンズ（2011年7月から）などが採用している。
3100,2001年2月設立。同年3月に二子玉川に「unenanacool」一号店を開店。現在は東北から九州まで「unenanacool」「LuncH」を数十店舗展開し、パンティー|ショーツ、ブラジャーなどの女性用下着を中心に販売している。社名はフランス語で「ちょっとかっこいい女の子」という意味。機能については「寄せて上げる」のような矯正的要素よりも、さわり心地や快適さを重要視している。ブラジャーは、一般的なワイヤー入りブラジャーと圧迫感の少ないノンワイヤーブラジャーの2種類を販売している。デザインにおいても、レース(手芸)|レースなどの装飾物を使わないシンプルな形とカラフルな色使いで、セクシーさや大人っぽさではなく可愛らしさに焦点を合わせている。また、オリジナルの小型アップリケを二百七十種類以上販売しており、それを購買客の希望に従いその場でショーツやブラジャーにプレス機で接着するサービスのほか、冬期には腹巻を量り売りにするなど独自のサービスを行っている。「LuncH」は2006年に「unenanacool」から派生したブランドであり、公園の中で食べるランチのような心地よさを追求したいという理念からその名前がついた。男女兼用、下着と外出着兼用というボーダーレスの発想をコンセプトにしている。ブランドイメージに関しては、「unenanacool」の商品や店内の壁面、広告などには渡邉良重による少女や動物をモチーフとしたイラストを起用しており、「可愛らしさ」を演出している。「LuncH」では蜂と蜂の巣のイラストが使われている。
3100,藤倉航装は、国防と人命の安全確保・救難を目的とする人体用パラシュート|落下傘（パラシュート）をはじめ、各種救命装備品を作り続けてきた日本で唯一のメーカーである。製品が原因となる事故を一件たりとも起こすことなく今日に至っている。資本的にはフジクラを頂点とするフジクラグループの一員で、藤倉コンポジットとは兄弟会社である。
