株式会社日本ブレイク工業,[[建設業]]の中でも特に地味と言われる解体業のイメージアップのために、様々な独自活動をしていることで知られ、後述の社歌作成の他、オリジナルの[[ふりかけ]]「ガラの素」を製作し、関係者や解体現場の周辺住民にご挨拶品として配布していたという。「ガラの素」はかつては[[永谷園]]に開発・製造を依頼しており、その後[[駿河屋海苔店]]が製造していた。かつては解体工事部門の他にカッター工事部門があり（元々静的解体を行うためのコンクリート削孔工事が由来）、[[耐震補強]]工事、[[アースアンカー工法アンカー]]工事等の杭頭処理、[[ダイヤモンドカッター]]を主とした[[コンクリート]][[カッター]]施工をはじめとする建設業許可（とび・土工・コンクリート業）も持っていた。[[2006年]]（平成18年）に子会社である「[[有限会社]]スキル」を設立、カッター工事部門を独立させている。現在スキルは[[建設業]]の他、日本ブレイク工業関係の企画・販売や、後述の社員タレントのマネジメントを行う[[芸能事務所]]を主たる業務としている。[[2009年]]（平成21年）6月、日本ブレイク工業のWebサイトにアクセスできない状況となっていることが発覚。「倒産危機では」と騒がれるが、一部メディアがそれを否定するコメントを得て報じた。しかし、社歌等の管理をしていた子会社社長と、その経理担当の社員だった母親の親子により、[[横領]]がなされていたことによって事業継続が困難となる。横領が発覚した[[2009年]]（平成21年）1月以降に全社員を解雇。被害額は3年間で5億円とされ、民事と刑事告訴を視野に入れて検討していることが明らかになった&lt;ref&gt;{{Citeweburlhttp://www.zakzak.co.jp/gei/200906/g2009062501_all.htmltitleあの「日本ブレイク工業」が本当に“解体”危機publisher[[ZAKZAK]]accessdate2009-6-25archiveurlhttps://web.archive.org/web/20090626125746/http://www.zakzak.co.jp/gei/200906/g2009062501_all.htmlarchivedate2009年6月26日deadlinkdate2017年10月}}&lt;/ref&gt;。なお、[[埼玉県]][[朝霞市]]に「有限会社日本ブレイク工業」&lt;ref&gt;[http://www.houjin-bangou.nta.go.jp/henkorireki-johoto.html?selHouzinNo5030002059093]&lt;/ref&gt;があり、東京都狛江市の総合解体業「株式会社ブレイク」が2009年3月に設立されているが、両社とも当社との関係は不明である。
住友林業株式会社,元々は[[別子銅山]]の公害対策の植林事業から派生して創業した企業である。[[住友グループ住友グループ広報委員会]]にも参加している。[[木]]を中心に、川上から川下に至るまでの事業を展開している点に特徴がある。川上の山林事業では、日本の国土の900分の1(46444ha)に達する山林を保有して林業を営んでおり&lt;ref&gt;別子フォレスタハウス掲示物&lt;/ref&gt;、国内有数の土地所有者でもある。川中の木材・建材流通事業と川下の木造注文住宅事業では、それぞれ国内首位の売上高を誇る。[[住友グループ]]で競合している[[住友不動産]]とは一定の距離を置いている。
積水ハウス株式会社,2012年度の販売戸数45098戸で国内第1位（内訳:[[鉄骨]]1万1945戸、[[木造]]4246戸、[[集合住宅]]2万8907戸）、売上高は1兆223億円で[[大和ハウス工業]][[株式会社]](以下、[[大和ハウス]])に次ぐ第2位。輸送コストが[[北海道]]などに比べると割高なことを理由として、[[沖縄県]]では販売されていない。[[子会社]]には[[積和不動産]]や[[積水ハウスリフォーム]]などがある。社団法人[[プレハブ建築協会]]に加盟。[[みどり会]]・[[三水会]]の会員企業であり[[三和グループ]]に属している&lt;ref&gt;[http://www.midorikai.co.jp/member.htmlメンバー会社一覧-みどり会]&lt;/ref&gt;&lt;ref&gt;[https://doors.doshisha.ac.jp/duar/repository/ir/15981/17064050004.pdf六大企業集団の無機能化]-[[同志社大学]]学術情報検索システム内にある[[PortableDocumentFormatPDFファイル]]。筆者は経済学者の田中彰。&lt;/ref&gt;と同時に[[大輪会]]の会員企業である&lt;ref&gt;[http://izumisano-kyuryo.jp/dairinkai/大輪会（だいりんかい）とは]-[http://izumisano-kyuryo.jp/泉佐野丘陵緑地公式サイト]内のページ。&lt;/ref&gt;。同社のコーポレートメッセージは2013年5月現在「'''SLOW&amp;SMARTゆっくり生きてゆく、住まいの先進技術'''」（ただしテレビ朝日の提供読みは「'''SLOW&amp;SMART、積水ハウス'''」と読む）。また広告では「'''家に帰れば、積水ハウス。'''」も使用されている。[[2001年]]より「5本の樹」計画として自生種・在来種の植栽を進めており、2013年4月現在累計植栽本数が900万本を突破した。積水ハウスのエクステリア事業の売上高は587億円(2013年1月期)であり、国内最大の造園会社である。[[2008年]]に国際事業部を設置し海外事業へ参入した。[[2009年]]のオーストラリアでの住宅事業参入を皮切りに、「シンコ・ランチ」プロジェクトにて米国への居住用不動産事業への参入も果たしている。また[[2012年]]には中国・瀋陽に鉄骨住宅生産工場が完成し、操業を開始した。日本の本格的な工業化住宅生産工場が中国に進出したのはこれが初めてである。2008年6月24日に[[環境省]]が[[エコファースト]]企業として認定。販売する全ての新築戸建住宅からの生活時の二酸化炭素排出量を1990年比で6%削減すること、次世代省エネ基準以前に施工した約50万戸の住宅の省エネリフォームを推進すること、太陽光発電や燃料電池の導入による二酸化炭素オフ住宅を推進することなどが約束された。2013年4月26日に[[グランフロント大阪]]「ナレッジキャピタル」内に、SUMUFUMULABをオープン。同時に[[ダイアログ・イン・ザ・ダーク]]との共創プログラム「対話のある家」を設置。2014年6月16日に本社のある[[梅田スカイビル]]を中心とする[[新梅田シティ]]が[[内閣総理大臣賞]]を受賞。この[[内閣総理大臣賞]]は公益財団法人都市緑化機構が主催する「緑の都市賞」の最上位である&lt;ref&gt;[http://www.zaikei.co.jp/article/20141016/218259.html　積水ハウスが新梅田シティの緑地で「内閣総理大臣賞」財経新聞]、2014年10月16日。&lt;/ref&gt;。
ミサワホーム株式会社,アメリカにおけるホンダの歴史は、[[1959年]]、ロサンゼルスに販売会社・アメリカンホンダモーター（AmericanHondaMotor）が設立されたことに始まる。小型バイク、[[ホンダ・スーパーカブスーパーカブ]]を始めとする二輪車の販売で成功したホンダは、[[1973年]]の[[オイルショック第一次石油危機]]に際して、低[[燃費]]の[[小型自動車小型車]]・[[ホンダ・シビックシビック]]によりアメリカ自動車[[市場]]への進出に成功した。[[1982年]]には[[オハイオ州]][[メアリーズビル(オハイオ州)メアリーズビル]]の自社工場において、乗用車・[[ホンダ・アコードアコード]]の生産を開始したが、これは、日本の自動車会社として初めてのアメリカ現地生産であった&lt;ref&gt;{{CitenewstitleHondaCelebratesFourDecadesofAccorddate2016-06-30urlhttps://ohio.honda.com/article/honda-celebrates-four-decades-of-accordpublisherHondaofAmericaMfg.Inc.}}&lt;/ref&gt;。[[大衆車]]の販売で成功したホンダは、より上級の自動車市場への進出を計画、[[1985年]]には、アメリカ現地での研究所として、[[ホンダR&amp;Dアメリカ]]社の技術開発センターが、オハイオ州に完成した。翌[[1986年]]にアキュラが開業、全米60店舗の[[自動車ディーラーディーラー]]を通して、スポーティーカー（現在でいう[[スポーツコンパクト]]）の[[ホンダ・インテグラインテグラ]]と、[[フラッグシップ]]の[[ホンダ・レジェンドレジェンド]]の販売が開始された&lt;ref&gt;{{CitepressreleasetitleAcura25thAnniversaryTimelinepublisherHondaNorthAmericadate2011-03-29urlhttp://hondanews.com/releases/acura-25th-anniversary-timeline}}&lt;/ref&gt;。これは、[[日本]]の自動車会社による高級車ブランド設立の第一例であり、[[トヨタ自動車]]の[[レクサス]]や、[[日産自動車]]の[[インフィニティ(日産自動車)インフィニティ]]（いずれも[[1989年]]に開業）に先立つものであった。開業初年には、早くも自動車ブランド別の[[顧客満足]]度調査において第1位を獲得し、アメリカでの高評価が定着した。アキュラブランドの販売は、[[カナダ]]でも1986年から開始された。同地においては独立したディーラー網の展開はなく、ホンダブランドの下での併売となっている。[[1990年]]には、[[ホンダ・NSXNSX]]が発売された。[[1991年]]に[[香港]]、[[2004年]][[11月30日]]に[[メキシコ]]、[[2006年]][[9月27日]]に[[中華人民共和国]]（[[マカオ]]などを除く）、2014年にロシア市場へも進出し、ブラジルにも進出する計画が発表されるなど、レクサスやインフィニティに比べて遅れていた世界展開が進んでいる&lt;refname&quot;russia&quot;&gt;{{Citenewstitleホンダ、ロシアでアキュラ展開へ　日本の高級車出そろうnewspaperMSN産経ニュースurlhttp://sankei.jp.msn.com/economy/business/080905/biz0809051920013-n1.htmdate2008-09-05archiveurlhttps://web.archive.org/web/20081003013249/http://sankei.jp.msn.com/economy/business/080905/biz0809051920013-n1.htmarchivedate2008-10-03}}&lt;/ref&gt;。一方で、あえてアキュラブランドを導入しない地域もある。日本もそのひとつである。(経緯は後述)レジェンドがホンダブランド車として販売されることに関しては'''ホンダの知名度は高いが、アキュラは皆無である'''ことが一因であることが[[ホンダ]]社長のコメントから伺える。
清水建設株式会社,[[スーパーゼネコン]]5社（清水建設、[[大林組]]、[[鹿島建設]]、[[大成建設]]、[[竹中工務店]]）の一角。民間の建築工事に強みがある。受注活動では、大手他社と異なり採算度外視の大型工事をさけ、中小の物件の受注にも積極的である。得意分野は、[[建築]]では[[医療機関]]、[[土木]]では[[天然ガスLNG]]タンクの施工であるといわれている。さらに、歴史的な経緯から、伝統的な[[社寺建築]]にも豊富な実績を有している。伝統的な建築儀式である手斧始め（ちょうなはじめ）を仕事はじめの1月4日に本社で執り行っている。[[建設業]]で手斧始めを受け継いでいるのは、清水建設と[[金剛組]](大阪)だけである。創業家である清水家の現在の当主は、[[清水満昭]]で、[[清水地所]]社長、清水建設取締役を務めている。三金会の会員企業であり[[第一勧銀グループ]]に属している&lt;ref&gt;[https://doors.doshisha.ac.jp/duar/repository/ir/15981/17064050004.pdf六大企業集団の無機能化]-[[同志社大学]]学術情報検索システム内にある[[PortableDocumentFormatPDFファイル]]。筆者は経済学者の田中彰。&lt;/ref&gt;。同社のコーポレートメッセージは「'''子どもたちに誇れるしごとを。'''」（日本語）「'''Today'sWorkTomorrow'sHeritage'''」（英語）である。
佐藤工業株式会社,最初は読み切り作品として『[[月刊少年ガンガン]]』増刊号の『[[フレッシュガンガン]]』に掲載された。それが好評であったため、『[[月刊少年ガンガン]]』で連載が開始された。[[2000年]]10月号から掲載誌を『[[月刊Gファンタジー]]』へと変更。その際に『TWINSIGNALA-ナンバーズ抹殺計画』へと改題している。全123話、単行本全19巻、文庫版全11巻。文庫版は朝日ソノラマから出版。また、外伝として『[[月刊ガンガンWING]]』に連載された『呪われし電脳神（MOIRA）TWINSIGNAL外伝』（[[エニックス]]（現:[[スクウェア・エニックス]]）刊）がある。こちらは単行本全2巻。[[大清水さち]]の本格デビュー作。最新型の[[人造人間ヒューマンフォームロボット]]（以下、HFR）シグナルを中心とした物語。初期はロボットと人との触れあいをギャグタッチで描いていたが、徐々に路線を変更、中期から後期にかけては、人間社会の視点から見たロボット論、更には人型ロボットの存在の是非までを描いた。また1996年には[[OVA]]化もされた。
五洋建設株式会社,歌垣の風習は、日本の他に、中国南部からベトナム、インドシナ半島、フィリピンやインドネシアにも存在する。このことから、古代日本の文化は、東南アジアから中国南部にかけての地域と、一体の文化圏を築いていたという見方もある。現代の中国南部および[[東南アジア]]北部で見られる歌垣を概観すると、[[祝祭日]]（多くの場合、播種前の春先）の夜に10代半ばから20代の男女が集会し、衆人環視のもとに男性と女性が一対一で互いに求愛歌を掛け合いながら恋愛関係になる{{sfn下川2011pp22-48}}、といった類型が多い。このように、歌垣は未婚男女の求婚の場という性格が強く、また、集団での成年式に起源すると考えられている。歌垣での歌謡は、多くの場合、固定的な[[旋律]]と定型的な[[歌詞]]を持ち、三・五・七などの[[音数律]]に従う。歌い手は、これらの約束事を守りながら即興でうたう技量と教養を必要とし、なおかつ相手の気を惹かなければならない。歌謡の内容は求愛歌だけにとどまらず、[[創世神話]]歌、収穫歌、豊作[[労働歌]]、[[葬送歌]]などがある。歌垣の習俗は、[[焼畑農業焼畑耕作]]民にも[[稲作水稲耕作]]民にも見られるが、特に山岳焼畑地帯で顕著であり、もとは山岳地帯の焼畑耕作民の文化だったと考えられている。
日鉄テックスエンジ株式会社,
勝村建設株式会社,[[1947年]]2月設立、[[1961年]]10月[[東京証券取引所]]に上場（株価コード1817）、[[2005年]]9月に民事再生手続開始の申立てを決議、[[2005年]]10月30日をもって上場廃止。2006年7月18日に[[夢真ホールディングス]]（株価コード2362、ヘラクレス）が勝村建設をスポンサードし、完全子会社化した。しかし、夢真ホールディングスはわずか8か月後の2007年3月末日に勝村建設の全株を売却すると発表し、同日にさくらグローバルマネジメント（非上場、ファンド事業）に売却した。勝村建設は新体制を発表し、代表取締役に元HSBCのMDである山田一二が就任し、建設に金融（ファンド）を取り入れた新たな試みが始まった。2007年9月、さくらグローバルマネージメントは、米国ファンドのD.B.Zwirnに勝村建設の株式100％を売却した。D.B.Zファンドは51億ドル以上の運用をおこなっている世界的規模のファンド。
千代田化工建設株式会社,石油精製、石油化学、[[天然ガス]]液化などの大規模プラントの設計、調達、建設一括請負（Engineering、Procurement、Constructionの頭文字をとってEPCと称する）業務で国内外に多くの実績を持つ。[[日揮]]、[[東洋エンジニアリング]]と併せて「[[エンジニアリング御三家]]」と呼ばれる。当初は独立色が強かったが、[[バブル崩壊]]後に一度経営が傾き、長らくの間三菱グループや[[アメリカ合衆国米]][[ケロッグ・ブラウン・アンド・ルート]](KBR)社の支援を受けて再建、再び民族系のエンジニアリング会社となり現在に至る。（この関係から実質、[[三菱グループ]]の一員扱いとなっている）。
東京都地下鉄建設株式会社,[[都営地下鉄大江戸線]]環状部の早期建設及び早期開業を主な目的として、[[1988年]]（[[昭和]]63年）[[7月28日]]に設立された。[[1993年]]（[[平成]]5年）[[3月]]には、[[東京都交通局日暮里・舎人ライナー日暮里・舎人ライナー]]の建設も事業目的に追加された。[[東京都]]が[[資本金]]の3分の2に当たる20億円を出資している他、累計で2千億円以上の貸し付けを行っている。また、役職員の大多数が、東京都からの派遣か、東京都の退職者である。かつて[[運輸省]]の[[天下り]]先であった。*役職員数：54人**役員数：10人***常勤役員：3人（すべて都退職者）***非常勤役員：7人（うち都派遣者4人）**従業員数：44人（うち都派遣者38人・都退職者3人）
木村建設株式会社,茶に関する最古の典籍であり、[[760年]]前後に撰述されたものと考えられている。ここで取扱っている茶は、[[団茶]]であり、現代日本で飲用されている[[煎茶]]や[[抹茶]]ではない。その内容には、単なる喫茶法を超え、[[茶道]]に至る精神性を垣間見ることができる。
株式会社ピーエス三菱,元々は、東日本重工業（現・[[三菱重工業]]）七尾造船所を源流とし、[[日本]]で初めて[[プレストレスト・コンクリート]]の建設を専門に扱っていた建設会社の「ピー・エス（旧ピー・エス・コンクリート）」（[[1952年]]設立）と、三菱グループで唯一の[[ゼネコン]]であった「三菱建設」（[[1960年]]設立）であったが、ピーエスの[[橋梁]]や[[空港]]などの公共施設建設、並びに三菱の工場、[[病院]]・医療施設、マンション、工場倉庫などのそれぞれの得意分野を絡ませた総合ゼネコンを目指す観点から[[2002年]]（[[平成]]14年）[[10月1日]]に、ピーエスを存続会社とした新会社として発足した。上記の経緯もあり、ゼネコンではあるが[[2016年]]（平成28年）現在もなお橋梁をはじめとするプレストレスト・コンクリート（PC）関連の受注が多い。三菱金曜会&lt;ref&gt;[http://www.mitsubishi.com/kinyokai/三菱金曜会]&lt;/ref&gt;及び三菱広報委員会&lt;ref&gt;[http://www.mitsubishi.com/mpac/j/三菱広報委員会]&lt;/ref&gt;の会員企業である&lt;ref&gt;[http://www.mitsubishi.com/kinyokai/syoukai.html三菱金曜会会員会社紹介]&lt;/ref&gt;&lt;ref&gt;[http://www.mitsubishi.com/mpac/j/companies/三菱広報委員会-会員会社紹介]&lt;/ref&gt;。
株式会社土屋ホーム,[[外断熱外断熱工法]]の住宅を専門に、北海道・[[東北地方東北]]・[[首都圏(日本)首都圏]]・[[北陸地方北陸]]・[[甲信地方甲信]]を中心に注文住宅の販売・施工を行っている。
京急建設株式会社,[[東京都]]と[[神奈川県]]において京急沿線を中心に、建設、土木、軌道事業を行っている。[[ISO9001]]・[[ISO14001]]を取得している。
京王建設株式会社,建築・土木・鉄道等の設計・工事を手がけると共に、建設用資材・機器・機械装置の賃貸・販売や不動産の売買・賃貸・仲介斡旋、不動産の管理等も執り行っている。
カブトデコム株式会社,かつて[[バブル景気]]期に大規模な[[リゾート]]開発を行う不動産グループ企業の親会社として名を馳せた。バブル期には[[北海道拓殖銀行]]から積極的な支援を受け事業を進めたが、[[バブル崩壊]]に伴い1000億円超ともいわれる多額の[[不良債権]]を抱えた。この不良債権は1997年の北海道拓殖銀行の経営破綻の一因となっている。バブル崩壊後も事業を継続していたが、2008年の事業報告書によると売上高は1200万円、一方、未処理損失額は約4000億円にのぼっていた。[[2013年]][[2月28日]]に臨時株主総会が開かれ、会社解散を決議した&lt;refname&quot;tdb&quot;/&gt;&lt;ref&gt;{{citenewstitleカブトデコム、株主総会で解散決議　負債5061億円authoragencynewspaper日本経済新聞date2013-2-28urlhttp://www.nikkei.com/article/DGXNASFS2802R_Y3A220C1EE8000/accessdate2013-11-19}}&lt;/ref&gt;&lt;ref&gt;{{citenewstitle「バブルの象徴」幕引き、カブトデコム解散　参加株主は十数人authoragencynewspaper日本経済新聞date2013-3-1urlhttp://www.nikkei.com/article/DGXNASFC2800G_Y3A220C1L41000/accessdate2013-11-19}}&lt;/ref&gt;。同年4月25日、[[札幌地方裁判所]]より特別清算開始決定を受けた&lt;ref&gt;[http://www.tdb.co.jp/tosan/syosai/3773.html元・建設、不動産業【続報】カブトデコム株式会社特別清算開始決定受ける]帝国データバンク2013年4月30日{{リンク切れdate2013年11月}}&lt;/ref&gt;&lt;ref&gt;{{citenewstitleカブトデコム、特別清算の開始決定authoragencynewspaper日本経済新聞date2013-4-30urlhttp://www.nikkei.com/article/DGXNASDD3005C_Q3A430C1TJ1000/accessdate2013-11-19}}&lt;/ref&gt;。
株式会社日立プラントテクノロジー,姫路市都心に近い[[手柄山]]に開設された総合公園である。[[1942年]]（昭和17年）に9.2[[ヘクタール]]の公園として開設&lt;refname&quot;shisei13&quot;&gt;{{Citeweburlhttp://www.city.himeji.lg.jp/var/rev0/0075/1571/13-kensetsu.pdftitle建設formatPDFwork市政の概要平成27年版publisher姫路市accessdate2015-09-27}}&lt;/ref&gt;。[[1966年]]（昭和41年）に開催された[[姫路大博覧会]]の跡地を姫路市が整備し現在に至る。総面積38.17ヘクタールで、その規模は姫路市において[[姫路公園]]（面積68.1ヘクタール）に次ぐ&lt;refname&quot;shisei13&quot;/&gt;&lt;refname&quot;shisei9&quot;&gt;{{Citeweburlhttp://www.city.himeji.lg.jp/var/rev0/0075/1567/9-kankou.pdftitle観光交流formatPDFwork市政の概要平成27年版publisher姫路市accessdate2015-09-27}}&lt;/ref&gt;。公園内には、既存の[[太平洋戦全国戦災都市空爆死没者慰霊塔]]（1956年〈昭和31年〉竣工）および[[姫路市立姫路球場姫路球場]]（1959年〈昭和34年〉竣工）に加えて、博覧会以後に建設された回転展望台・[[姫路市平和資料館平和資料館]]・[[姫路市立水族館水族館]]・[[手柄山温室植物園温室植物園]]・[[兵庫県立武道館武道館]]・[[姫路市文化センター文化センター]]（[[コンサートホール]]）・[[ひめじ手柄山遊園手柄山遊園]]・市民プール・中央体育館・陸上競技場などの大型公共施設が数多く立地する。[[1998年]]（平成10年）、国土交通省から「[[手づくり郷土賞]]」を受賞した&lt;ref&gt;[http://www.mlit.go.jp/sogoseisaku/region/tedukuri/pdf/Part13_H10/h10-23.pdf手柄山中央公園]&lt;/ref&gt;。
東洋熱工業株式会社,*設立[[1937年]]（昭和12年）[[8月25日]]*代表者代表取締役社長芝一治*資本金10億1000万円*本社所在地[[東京都]][[中央区(東京都)中央区]]京橋2丁目
株式会社シーテック,
太洋基礎工業株式会社,祭式において唱えられるヤジュス（yajus「祭詞」）を収録したもの。yajurとはyajusの音便である。祭式において行作を担当するアドヴァリユ祭官（adhvaryu）によって護持されてきた。ヤジュスとは、祭式の効力が現れる事を祈って、神格や祭具、供物などに一定の行作と共に呼びかける言葉で、多くは散文で書かれている。祭式の作法や供物の献呈方法など祭式の実務が詠まれている。成立年代は、紀元前800年を中心とする数百年間と推定されている。伝承によれば、かつては86あるいは101の流派に分かれて伝承されていたというが、現存するのはこのうちの数種である。
木村建設工業株式会社,八咫鏡そのものを祀るというより、八咫鏡を[[天照大神天照大御神]]の[[御霊代]]として祀るといった方が正しい。かつては[[内侍]]が管理したため'''内侍所'''（ないしどころ）とも称され、威所・尊所・恐所・畏所などともいった。現在は[[宮中三殿]]の中央が賢所とされる。なお、「かしこどころ」で神鏡そのものを、「けんしょ」で宮中三殿そのものを指すことがある。
株式会社きんでん,[[1944年]]（昭和19年）8月に'''近畿電気工事株式会社'''（略称は近電工）として設立。[[電気工作物電気設備]]・[[計装計装設備]]・情報通信設備・[[空調]]衛生設備・内装設備・[[土木工学土木]]設備などの事業を営む総合設備工事会社。[[1990年]]（平成2年）4月に現在の社名である'''株式会社きんでん'''に変更。配電工事取扱高は日本最大。関西電力からの受注割合は相対的に低く2割弱。[[1969年]]（昭和44年）2月に[[大阪証券取引所大証]]1部、[[1970年]]（昭和45年）3月には[[東京証券取引所東証]]1部に上場。作業車などに使われている[[コーポレートカラー]]はサーモンピンク（[[肌色]]）である。1950年代からは海外事業へも参入し、その実績は現在では世界90ヵ国に及んでいる。[[大輪会]]の会員企業である&lt;ref&gt;[http://izumisano-kyuryo.jp/dairinkai/大輪会（だいりんかい）とは]-[http://izumisano-kyuryo.jp/泉佐野丘陵緑地公式サイト]内のページ。&lt;/ref&gt;。
大林道路株式会社,*主催-北びわ湖大花火大会実行委員会（[[社団法人]]彦根観光協会内）*開催月日-毎年[[8月1日]]*開催時間-19：30〜20：30*開催場所-[[彦根港]][[松原水泳場]]沖*打ち上げ数-　10000発&lt;ref&gt;彦根観光ガイドhttp://www.hikoneshi.com/jp/event/articles/c/hanabi&lt;/ref&gt;
株式会社ヤマウラ,闇の暗殺組織「手鎖人」の殺し屋として戦いの日々を送っていた女・おりん。それは将軍家を守る為の戦いと信じて疑わなかったが、組織の頭領・植村道悦が秘かに幕府転覆の野望を抱いている事を知ってしまう。さらに死んだと聞かされていた娘が生きていたことも知ったおりんは、闇の組織からの逃亡者となった。組織や幕府からの追っ手と戦いながら、真実を捜し求める旅に出るおりん。非情の刺客たちに「手鎖（てぐさり）御免!!」の声と共に、必殺の手鎖が飛ぶ。'''「闇の鎖、また一つ切りました…」'''
三国屋建設株式会社,毎週1回、5分の[[ミニ番組]]で、[[日本テレビ小鳩文化事業団愛の小鳩事業団（現:日本テレビ小鳩文化事業団）]]の協力により、[[手話通訳]]も行われていた。[[民間放送民放]]テレビ局がまだ2局しかない時代から放送されており、放送初期は『都民ニュース』というタイトルで放送していた。カラー放送は遅く[[1972年]][[1月9日]]から開始した。1995年、東京都に初の民放都域UHF局[[東京メトロポリタンテレビジョン]]（MXテレビ）が開局したことから、同局以外の広報番組を縮小することとなり、1998年3月28日をもって終了した。
株式会社サンハウジング,耐震構造に強く耐震住宅を得意としている。経営信条は'''「清く、正しく、美しく」'''。
日本電設工業株式会社,[[1942年]]（[[昭和]]17年）[[12月15日]]、[[鉄道省]]の電気工事指定業者121社と電気機器・電線等の指定製造業者15社の共同出資の下、[[鉄道省]]の鉄道電気工事を独占的に請負う会社として、「鉄道電気工業株式会社」が設立された。[[1949年]]（昭和24年）7月、[[日本国有鉄道国鉄]]の鉄道電気工事の発注が[[一般競争入札]]となったことを機に、一般電気工事分野に進出し、会社名を現在の「日本電設工業株式会社」に変更した。事業領域を「鉄道電気工事」「一般電気工事」「情報通信工事」の3部門に分けている。売上高別に見ると、鉄道電気工事が一番多く、全体の5割以上を占めている。&lt;ref&gt;http://www.densetsuko.co.jp/jobs/about/data.html&lt;/ref&gt;鉄道電気工事部門ではリーディングカンパニーとして、[[在来線]]・[[新幹線]]だけではなく、[[地下鉄]]、[[新交通システム]]まで幅広い領域の事業を全国展開している。人材育成を目的として、千葉県柏市に「中央学園」という研修施設を所有している。また、「NDK技術学園」という名称の認定職業訓練校が併設されており、自社だけでなく協力会社、同業他社の社員も受け入れ、業界全体の技術・技能の向上にも努めている。&lt;ref&gt;http://www.ken-walker.com/contents/monthly/11093001.php&lt;/ref&gt;
株式会社日本ハウスホールディングス,設立時の会社名は'''東日本ハウス株式会社'''（ひがしにほんハウス）。社名は「[[東日本]]」だが、[[西日本]]にも営業網を広げていた（最南端は[[鹿児島県]]）。2015年5月1日付で現社名となり、ブランド名は『'''日本ハウスHD'''』で展開する。2002年、代表取締役に成田和幸が就任。グループ多角化経営を整理、本業回帰路線に変更。注文住宅事業、企画型提案住宅事業、[[リフォーム]]事業、[[マンション]]販売事業を事業主軸とする。2013年11月に東京証券取引所2部への市場変更、2014年4月に東京証券取引所1部へ指定替えを果たす。
株式会社トーエネック,穴のあいたページをめくることで、鮮やかな色面の中から隠れていた乗物が次々と現れる、[[かたぬき絵本]]（一種のしかけ絵本）である。高い芸術性とポピュラリティを両立したファーストブックとして評価されている。いしかわは、この絵本を完成させるのに、構想7年・制作5年もの時間をかけたという。鮮やかな青の表紙が印象的なブックデザインも、いしかわ自身の手によるもの。シリーズ作品として、「[[どうぶついろいろかくれんぼ]]」、「たのしいおもちゃかくれんぼ」、「おきがえいろいろかくれんぼ」、「くだものいろいろかくれんぼ」、「どうぶつもようでかくれんぼ」、「やさいいろいろかくれんぼ」があり、シリーズ全体では160万部を超える大ヒット作となっている。2007年2月、読み聞かせ会でも大人気の「[[どうぶついろいろかくれんぼ]]」、「のりものいろいろかくれんぼ」が、大型絵本（サイズ38cm×38cm）として出版される。2007年、「かくれんぼ」かたぬき絵本シリーズ4冊が、韓国の出版社DaekyoPublishingから翻訳出版される。2008年、「かくれんぼ」かたぬき絵本シリーズ4冊が、フランスの出版社EditionsMilanから翻訳出版される（Osontlesanimaux?・Osontlesvhicules?・Osontlesjouets?・Osontleshabits?/MilanJeunesse）。同年、中国語版が二十一世紀出版から出版される。2009年、『くだものいろいろかくれんぼ』『どうぶつもようでかくれんぼ』が韓国の出版社Kyowonから翻訳出版される。2012年、『くだものいろいろかくれんぼ』『どうぶつもようでかくれんぼ』が、台湾の出版社・小魯と中国の出版社・二十一世紀出版からそれぞれ翻訳出版される。
シンクレイヤ株式会社,[[File:Asurain249thcaveofMogaoCaves.jpgthumb敦煌莫高窟第249窟の阿修羅。6世紀。右上に風神、左上に雷神。]]「阿修羅」は{{lang-sa-shortasura}}（アスラ）の[[音写]]であり、阿須羅、阿素羅、阿素洛、阿須倫、阿須論&lt;refname&quot;総合仏教大辞典1988-13&quot;/&gt;、阿蘇羅&lt;refname&quot;天部の仏像事典&quot;/&gt;などとも書く。[[漢訳]]は非天、不端正&lt;refname&quot;総合仏教大辞典1988-13&quot;/&gt;。阿修羅は、古代[[インド]]の[[アスラ]]が仏教に取り入れられたものである&lt;refname&quot;天部の仏像事典&quot;/&gt;。仏教以前においては位置付けに変遷があり（[[#仏教以前の位置付け後述]]）、仏教内でも位置付けに諸説がある（[[#仏教における位置付け後述]]）。阿修羅の住む世界を阿修羅道（'''修羅道'''）といい、[[衆生]]がその[[業]]の結果として[[輪廻]]転生する6種の世界である[[六道]]のうちの一つである&lt;refname&quot;コトバンク六道&quot;&gt;{{Citeweburlhttps://kotobank.jp/word/%E5%85%AD%E9%81%93-152669title六道(ろくどう)とは-コトバンクpublisher朝日新聞社accessdate2017-10-26}}&lt;/ref&gt;&lt;refname&quot;コトバンク阿修羅道&quot;&gt;{{Citeweburlhttps://kotobank.jp/word/%E9%98%BF%E4%BF%AE%E7%BE%85%E9%81%93-424714title阿修羅道(あしゅらどう)とは-コトバンクpublisher朝日新聞社accessdate2017-10-26}}&lt;/ref&gt;（[[#阿修羅道（修羅道）]]を参照）。阿修羅に関する逸話は、仏教の諸[[経]]の中に多くあり、[[帝釈天]]と戦うことがよく記されている&lt;refname&quot;総合仏教大辞典1988-13&quot;/&gt;。そこから、修羅場、修羅の巷、修羅の戦などの熟語ができた&lt;refname&quot;総合仏教大辞典1988-13&quot;/&gt;。
ジェイアール東海建設株式会社,[[1906年]]（明治39年）に[[横須賀海軍工廠]][[職員]]の診療を目的として開設。[[第二次世界大戦]]後、職域病院から一般市民に開放し、[[横須賀市]]、[[三浦半島]]における中核病院として数々の名称変更を重ね、現在に至る。[[2004年]][[3月31日]]付で[[地域医療支援病院]]としての承認を受け、紹介診療を中心に行う。基本的にかかりつけ医からの[[診療情報提供書紹介状]]が必要。[[2011年]][[3月23日]]、[[神奈川DMAT指定病院]]に指定。東日本大震災においては、神奈川県知事より病院協会を通じて被災地内の避難所への派遣依頼があり、[[2011年]][[3月16日]]より福島県相馬郡新地町で救護活動などを行う&lt;ref&gt;{{Citeweburlhttp://www.ykh.gr.jp/oshirase/report201104/title東日本大震災医療救護班の派遣報告accessdate2011-06-03publisher横須賀共済病院archiveurlhttp://web.archive.org/web/20110521000745/http://www.ykh.gr.jp/oshirase/report201104/index.htmlarchivedate2011-05-21deadlinkdate2018-12-20}}&lt;/ref&gt;。
平和奥田株式会社,住所：〒630-8799[[奈良県]][[奈良市]]大宮町5-3-3
シード平和株式会社,[[アパート]]、中小規模の[[マンション]]の設計施工、販売、賃貸事業を中心事業としている。
鹿島建設株式会社,「[[ゼネコンスーパーゼネコン]]」とも称される、[[ゼネコン]]大手五社（鹿島建設、[[大林組]]、[[清水建設]]、[[大成建設]]、[[竹中工務店]]）の一つである。[[超高層ビル]]事業を得意とし、蓄積された高度な技術とノウハウ、業界随一の技術研究所を有している。[[東京駅]]の八重洲口再開発や丸の内駅舎保存・復原工事（2012年10月1日完成）、[[秋葉原]]地区などの開発事業や海外でのプロジェクトにも実績が豊富である。一方で社員が[[あっせん利得処罰法]]違反で逮捕されるなど、数々の談合事件にも関与しており、その後の建設業者に少なからず影響を与えている。コーポレートスローガンは「'''100年をつくる会社'''」である。
ライト工業株式会社,かつて植物誌は[[本書籍]]にされたが新しいものは[[CD-ROM]]や[[ウェブサイト]]でも出版されている。植物誌で包括する地域の分類は、[[地理学]]による定義によるものおよび[[政治]]上の理由によるもののいずれもありうる。植物誌はその地域の植物を網羅したものであるから、その地域の人間にとっては、その地域の植物を[[同定]]するための手びきとなる。そのため、その手助けとなる[[検索表]]が付属することがよくある。往々にしてそれは二者択一式のもので、繰り返し植物を調査しながら選択肢のいずれがその植物に適合しているかを決定することを利用者に迫るものである。
ユーミーコーポレーション株式会社,*所在：〒890-0008[[鹿児島県]][[鹿児島市]]伊敷1-6-12*設立：1963年（昭和38年）6月*資本金：48000000円*代表取締役：弓場昭大
日特建設株式会社,元々は[[雨竜第1ダム雨竜第一ダム]]（[[北海道]][[雨竜郡]][[幌加内町]]）建設時の基礎部の岩塊処理技術研究に端を発しており、このことから地質調査と基礎土木工事を一体施工できる強みを持ち、[[ダム]]をはじめとする基礎工事の実績が多い。近年は、[[ライト工業]]等と並び、道路等の法面などの斜面対策工事の実績を多く持つ。商号の「日特」は、旧社名の「日本特殊土木工業」にちなむ。なお、創業時の社名は「八千代地下工業」で、本社所在地も[[北海道]][[札幌市]]であった（[[1957年]]（[[昭和]]32年）に東京に移転）。
千歳電気工業株式会社,1976年に[[世田谷区]][[用賀]]に笹本健次&lt;refgroup&quot;注&quot;&gt;現・株式会社ACJマガジンズ代表取締役社長&lt;/ref&gt;により企画室ネコとして創業。1992年の同区弦巻への移転を機に現社名に社名変更、1999年に[[目黒区]][[碑文谷]]&lt;refgroup&quot;注&quot;&gt;[[東京都道318号環状七号線環七通り]]沿い[[東急バス]]「平町」停留所前。2018年現在、建物は[[キュラーズ]]目黒・都立大学店となっている（[https://www.quraz.com/tokyo/toritsudai.aspx]）。&lt;/ref&gt;に移転、2011年5月より目黒区[[下目黒]]に拠点を置く。2010年11月に[[カルチュア・コンビニエンス・クラブ]]傘下となり、中西一雄&lt;refgroup&quot;注&quot;&gt;[[カルチュア・コンビニエンス・クラブ]]取締役、TSUTAYA代表取締役&lt;/ref&gt;が代表取締役社長に就任&lt;ref&gt;{{citeweburlhttps://www.bunkanews.jp/news/news.php?id10176titleネコ・パブリッシングの新社長に中西氏publisher文化通信社accessdate2017-12-17}}&lt;/ref&gt;。2015年4月[[徳間書店]]と共同出資で出版営業専門会社株式会社C-パブリッシングサービスを設立&lt;ref&gt;{{citeweburlhttp://www.shinbunka.co.jp/news2015/04/150406-04.htmtitle徳間書店とネコ・パブリッシング、共同出資会社を設立publisher新文化通信社accessdate2017-12-17}}&lt;/ref&gt;。2018年に本社を品川区上大崎（[[目黒駅]]前）の目黒セントラルスクエアへ移転&lt;ref&gt;{{citeweburlhttp://www.neko.co.jp/companytitle会社案内NEKOPUBLISHINGaccessdate2018-06-10}}&lt;/ref&gt;。
鈴縫工業株式会社,多く成分や結合などを名称の根拠とするプラスチックにおいて、[[アイオノマー樹脂]]と並び液晶ポリマーは特異な名づけ方がされたものと言え、時に常態が液状だとの誤解を生むことがある。サーモトロピック型以外の液晶ポリマーとして、リオトロピック型（溶液型）液晶があり、これを含んで[[液晶高分子]]を呼称される。ただし、リオトロピック液晶は成型材料では無いため本項では触れない。
日本電通株式会社,[[山中温泉]]街から、概ね動橋川に沿って北上し、[[片山津温泉]]を経て、[[北陸自動車道]][[片山津インターチェンジ片山津IC]]近くを結ぶ路線である。起点から北上し、加賀市[[山中温泉]]街を抜ける。白鷺大橋詰交差点で東に折れ、[[大聖寺川]]に架かる白鷺大橋を渡り、[[四十九院トンネル]]（1436m・石川県道では最長）をぬける。その後、[[動橋川]]に沿って北上し、[[石川県道11号小松山中線]]と[[国道8号]]を渡った後、動橋町で西に折れる。動橋町中心部を抜け、[[西日本旅客鉄道JR]][[北陸本線]]を高架で渡り、北陸本線に沿って、さらに西へ進む。作見町交差点で北におれ、ときわ台に登り、[[片山津温泉]]西部の丘陵地を越えて、潮津北交差点を経て、源平橋交差点で西に折れる。（なお、[[石川県道150号動橋山代線]]の終点、片山津本町交差点から北上し、片山津温泉街を経て、潮津北交差点に至る旧道もある。）源平橋交差点から、新堀川右岸を進むと終点の汐見橋交差点に至る。終点で接続する[[石川県道20号小松加賀線]]を東に1kmほど進むと、[[北陸自動車道]][[片山津インターチェンジ片山津IC]]に繋がる。
株式会社中電工,会社設立は、[[1944年]]（[[昭和]]19年）。[[1990年]]（[[平成]]2年）に中国電気工事株式会社から現在の社名に変更。営業網は、[[中国地方中国]]5県を中心に[[東京]]本部、[[大阪]]本部、[[名古屋]]支社、[[四国]]支社、[[九州]]支社、[[沖縄県沖縄]]営業所などがある。全国151の事業場を拠点として企業活動を展開している。なお廃止した事業場としては、[[苫小牧市苫小牧]]、[[仙台市仙台]]、[[つくば市筑波]]、[[金沢市金沢]]、[[滋賀県滋賀]]、[[高知市高知]]などがある。技術本部と営業本部、電力本部の3本部体制。[[1990年]]（[[平成]]2年）創設の[[陸上競技]]部は、[[元旦]]に[[群馬県]][[前橋市]]で行われる[[全日本実業団対抗駅伝競走大会全日本実業団対抗駅伝大会]]（ニューイヤー駅伝）に、1995年より連続出場を果たしている。[[農業]]への取り組みに向けた子会社「合同会社あぐりこるWEST」を設立。[[島根県]][[浜田市]]で農園を運営。
株式会社インターライズ,[[東京都]]、[[千葉県]]、[[神奈川県]]などの地域で[[住宅]]の[[内装]]の[[リフォーム]]や不動産業をしている。
美樹工業株式会社,*本社所在地:兵庫県姫路市東延末二丁目50番地*神戸支店:兵庫県神戸市中央区*大阪支店:大阪府大阪市中央区*建設業許可:国土交通大臣（土木一式工事・建築一式工事・管工事・舗装工事・電気工事・水道施設工事・とび・土工工事・造園工事）*一級建築設計事務所登録*宅地建物取引業登録*産業廃棄物処理業（収集運搬業）*各市町村上下水道局公認
古河総合設備株式会社,[[分娩]]後五日以内の牛の[[初乳]]は「[[乳及び乳製品の成分規格等に関する省令]]（通称「乳等省令」）別表ニの（一）の（2）1」によって[[ヒト]]への食品利用が制限されており、出荷&lt;ref&gt;牛の初乳については、人の健康に与える影響等についての情報が十分得られていない（平成14年5月8日付文書(厚生労働省)）&lt;/ref&gt;ができない。この出荷できない初乳を有効利用するために[[酪農]]家の間で作られている&lt;ref&gt;「百姓貴族」{{要ページ番号date2019-5}};2012(2)荒川弘&lt;/ref&gt;。市販されている[[生乳]]、[[牛乳牛乳（種類別牛乳）]]、[[牛乳無調整牛乳]]、[[牛乳特別牛乳]]などでも作ることができるが、凝固に必要な[[たんぱく質]]などの成分が初乳より薄く、生産性が低い。しかし初乳の出荷には制限があるため、一般に牛乳豆腐という名で市販されている食品は、生乳を主原料として[[酢]]などの凝固剤で固めて作られている。日本では大豆で出来た豆腐と同等に扱われ同様の調理法で食べられるが、[[ウシ牛]]の乳を凝固させた食品であるため、正確には[[チーズ]]の種類に含まれる。特に後述の[[酸]]で固める製法は[[カッテージチーズ]]の製法と類似しており、明確な区別がない。このため、牛乳豆腐を紹介する文章などでは牛乳豆腐（カッテージチーズ）と表記されることもある。
近藤産興株式会社,[[イラン]]の[[外交政策]]は[[1979年]]の[[イラン革命イラン・イスラーム革命]]以降、[[アーヤトッラー・ホメイニー]]体制のもと、欧米との関係を中心に[[モハンマド・レザー・シャー]]期のそれから劇的に変化した。しかし革命後の初期は理念的・強硬な外交政策が追求されたものの、[[イラン・イラク戦争]]を経て、現実的・合理的な外交政策がとられるようになっている。ただし時にスローガンに基づく理念的な面が政策に影響することもある。2000年前後からイランは近隣諸国、特に[[サウジアラビア]]との関係改善において大きな進展を見せた。イランの地域における目標は、西南アジアにおいて地域大国と[[シーア派]]の大国としてリーダーシップを確立し、かつ[[アメリカ合衆国]]などの軍事力外部勢力のプレゼンスを削減し、[[イスラエル]]以外の諸外国と互恵友好の通商的関係を構築し、[[開発途上国]]と[[非同盟運動非同盟諸国]]との関係を強化することにある。上記のような基本方針はあるものの、観念と現実の両極のあいだに揺れるイランの政策のため、二国間関係においては混乱・矛盾が生じていることも多い&lt;ref&gt;HaidarJ.I.2015.&quot;[http://www.parisschoolofeconomics.eu/docs/haidar-jamal-ibrahim/sanctions.pdfSanctionsandExportsDeflection:EvidencefromIran]&quot;ParisSchoolofEconomicsUniversityofParis1PantheonSorbonneMimeo&lt;/ref&gt;。
サンワコムシスエンジニアリング株式会社,
株式会社トーシス新潟,全国の[[チンドン屋チンドンマン]]が[[コンクール]]では、各チーム趣向を凝らした演技で[[優勝]]を争い競い合うと供に、[[中心市街地]]に繰り出しチンドンを披露し市民を楽しませる。
岩田地崎建設株式会社,{{右&lt;gallerywidths&quot;160px&quot;heights&quot;120px&quot;perrow&quot;2&quot;style&quot;font-size:small&quot;&gt;File:SakuranomiyaBridgein201504.JPG東から望むFile:Sakuranomiya-Bridge_in_front_of_Osaka-Castle_at_Twilight.jpg夕景File:Sakuranomiya_Bridge_in_201510_001.JPGライトアップFile:Sakuranomiya-Bashi_Bridge_in_201411.JPG秋の桜宮橋&lt;/gallery&gt;}}桜宮橋が西行き3車線、新桜宮橋が東行き3車線となっている。あわせて計画幅員40[[メートルm]]であり、歩道は上下線ともに8.25mずつ確保されている。
ウッディアイ株式会社,いずれも結成当時についての記述である。*第16回統一地方選挙で当選した無所属系新人議員で構成されている。*平均年齢36歳の若手会派。*武井俊輔以外は自民党籍を持ったままの結成となった。*宮崎県議会では自由民主党、[[社会民主党(日本1996-)社会民主党]]宮崎県議団に次ぐ第3勢力。*県議会の既成会派とは違い、独特な役職名を持つ。*[[東国原英夫]]知事の県政改革や宮崎変革に賛同しているが「東国原与党」ではない。
矢作建設工業株式会社,売上高778億円の中堅ゼネコン。だが、営業利益率は5.2%と同業他社を大きく凌駕している（3%前後が一般的）&lt;refname&quot;20080516nokkeibo&quot;&gt;「公共事業をやめて強くなったゼネコン　矢作建設工業の“耐震”経営」『日経ビジネスオンライン』日経BP社、2008年5月16日付配信&lt;/ref&gt;。[[2003年]]にいち早く公共工事からの脱却を図り、主力であるマンション建設に加えて、不動産開発、耐震工事などに経営の軸足を移した。その結果、売上高は[[2004年]]の931億円から減少したものの、利益率は上昇している&lt;refname&quot;20080516nokkeibo&quot;/&gt;。マンション建設では、[[競争入札]]を避けて特命受注を増やす路線をとった。ただし、特命受注を取るためには顧客に魅力的な商品を提案することが求められる。そこで、矢作建設工業は設計部門のを人員増などで増強し、提案力を高めた。この結果、相談件数は増え、顧客からも''「設計部隊が強い。スーパーゼネコンにも劣っていない」（三井不動産中部支店の吉原誠副支店長）''&lt;refname&quot;20080516nokkeibo&quot;/&gt;より引用など、高い評価を受けるに至った&lt;refname&quot;20080516nokkeibo&quot;/&gt;。不動産開発では、子会社の矢作地所が[[リソラ大府ショッピングテラスリソラ大府]]や[[ソラト太田川]]などの商業施設の分野に進出。売り上げを伸ばすとともに、利益率の上昇に一役買う状況となっている&lt;refname&quot;20080516nokkeibo&quot;/&gt;。耐震工事では、[[ピタコラム]]を販売。順調に売り上げを伸ばしている&lt;refname&quot;20080516nokkeibo&quot;/&gt;。また、[[名古屋鉄道]]のグループ企業である関係から鉄道土木にも実績があり、最近では[[愛知高速交通東部丘陵線リニモ]]の軌道建設を請け負った。
株式会社サンワハウス,丸子鉄道が[[1925年]]8月1日に[[大屋駅大屋]]-[[上田東駅上田東]]間を開通（同線全通）させた折に、'''ホ200形'''201・202の2両を[[日本車輌製造]]に発注・新造し導入した。全長15m級3扉木造車体の4軸ボギー車で、先行して導入された[[丸子鉄道ホ100形電車ホ100形電車]]と異なり落成当初から[[連結器#自動連結器自動連結器]]を装着していた。集電方式は新造当時から[[集電装置パンタグラフ]]集電であった。側窓は上部に明かり窓を装着するという特徴のあるもので、本形式は丸子鉄道の看板車両として扱われ、丸子鉄道発行の絵葉書には本形式が登場するものがあった。
井上工業株式会社,*校区-稚内市沼川・曲淵・川西・川南・開進・樺岡・豊別・上声問・天興・曙地区*学級数-小学校　5　中学校　2*生徒数-小学校　27　中学校　12（2011年4月1日現在）*本務教員数-15*本務職員数-4*校長-大島　朗*学校給食-あり（自校給食）*[[僻地教育へき地学校]]指定級-3級
ルーデン・ホールディングス株式会社,新築マンションの室内コーティングの総合施工会社。既設の水回りなどライフケアへ業容拡大。主力は新築マンションの内装施工・マンション内装リフォーム、元々は住宅内装リフォーム。不動産開発、健康食品・美容品の販売などで多角化。創業社長の福岡浩二が辞任し[[クレアスライフ菱和ライフクリエイト]]出身の梅田定男を迎えるも三週間で交代。現在の[[代表取締役]][[社長]]は西岡孝。株主無視とも取れる資本政策で、一時400万円（分割併合調整）以上した株価は2010年2月22日現在5千円を下回る。2008年5月28日に取締役の福岡浩二（元社長・創業者）が行った不明朗な出金5億円のうち未回収分2億円の返還を求め、2008年6月18日同氏を'''告訴'''したと正式発表。民事損害賠償請求訴訟については2012年7月23日に会社勝訴の判決があり確定。
北海電気工事株式会社,従来型の銀行にくらべ、店舗や自前の[[現金自動預け払い機ATM]]が少なく、[[預金通帳]]も発行しないため、人件費や店舗運営コストがかからない分、預金金利が高く、手数料は安いところが多い。従来の銀行と同じように、商品に定期預金があり金利は従来の銀行より高めである。他に[[外貨預金]]や[[投資信託]]、[[ローン]]などを取り扱うところや、金融商品仲介（[[証券]]・[[保険]]）まで行うところがある。また[[振込]]においては従来の銀行とは異なるサービスを提供しているところもある。
株式会社土屋ツーバイホーム,"ハムファスト・ギャムジーは、[[ホビット]]族の庭師にして[[ホビット村]]では[[根菜]]特に[[ジャガイモ]]栽培の権威として知られている。元々は[[ビルボ・バギンズ]]の元で働いていたが、『指輪物語』の時点では既に引退し、仕事を末の息子であるサムに譲っている。住所は[[ホビット庄]]西四が一の庄・ホビット村の袋枝路3番地だったが、[[サルマン]]がホビット庄を手中に収めた際には、住み慣れた我が家を追い出されるという災難にも遭ったようだ。フルネームは「ハムファスト・ギャムジー」だが、愛称としては「ハム・ギャムジー」が通り名として使われる。ほかには「親方（{{EnMaster}}）」とも。末息子のサムには「とっつぁん（{{EnGaffer}}）」と呼ばれ敬われている。[[職人]]気質で口よりも拳固が出る性質らしく、しばしばサムは自分を鼓舞する際に「とっつぁんに殴られる」と表現する。また、息子を立派な庭師にするためしごいた際に、結構色々な悪態をついたらしく、これまたサムの口癖ともなっている。快活な[[高齢者年寄り]]にありがちなこととして、隠居した作中現在では、時々酒場に出かけて昔話に花を咲かせることもあるが、もっぱらビルボ旦那が如何に「できたお人」であったかを誉めそやす内容であるらしい。これが元で粉屋のサンディマン（[[テド・サンディマン]]の父親）と口喧嘩の応酬になったこともある。妻（サムの母）は子善家のベルだが、作中ではその姿が描かれていないことから、既に死別したか離縁したらしいが詳しいことは不明。ホビット庄ではその牧歌的な社会から園芸・農業の技能は尊重されており、庭師の社会的地位もそれなりに高い。このため老骨に知恵の染みたハムファスト親方として、地域社会では一目置かれている様子も伺える。作中で息子のサムは、様々な勲を誇る英雄たちを含む[[指輪の仲間]]と行動を共にし、主の[[フロド・バギンズ]]と共に、[[一つの指輪]]を葬る最も困難な最後の道程を歩んだが、その節々に彼ハムファスト・ギャムジーの薫陶によると思われる困難に打ち勝つ勇気と粘り強さを見せており、サムがいなければフロドもこの困難な道程を終えることができなかったであろう点で、あるいは[[中つ国]]の危機を救った英雄を育て上げた陰の功労者と呼べるのかもしれない。ちなみに[[指輪の幽鬼]]の一人である[[ハムール]]に対しては、知らなかったとはいえ毅然と対峙、「バギンズ」に対して質問した態度が失礼だとして、癇癪を起こしている。{{DEFAULTSORT:きやむしいはむふあうすと}}[[Category:ホビット]][[fr:ListedeHobbitsdelaTerreduMilieu#FamilleGamegie(etanctres)]][[pl:Listahobbitwrdziemia#Hamfast]]</text><sha1>prhwz24ybys1817mzu7vmvpvvjcgarv</sha1></revision></page><page><title>長辻通</title><ns>0</ns><id>1100401</id><revision><id>59717118</id><parentid>54105629</parentid><timestamp>2016-05-14T04:32:28Z</timestamp><contributor><username>MO1974</username><id>1092797</id></contributor><comment>リンクの追加</comment><model>wikitext</model><format>text/x-wiki</format><textxml:space""preserve"">'''長辻通'''（ながつじどおり）は、[[京都市内の通り]]の一つ。南は[[三条通]]から北は[[一条通]]まで至る。三条通との交差点は[[渡月橋]]北詰、一条通との交差点は[[清凉寺]]（嵯峨釈迦堂）仁王門前にあたり、通りは京都の景勝地の一つ[[嵐山]]の中心部を貫く。観光利用による交通量が人、車両ともに多い。渡月橋から[[天龍寺]]あたりが最も人通りが多い。[[三条通]]と[[丸太町通]]（新丸太町通）の区間では、近年、秋の観光シーズンに車両の北行一方通行の規制を行う交通[[社会実験]]が行われ、その結果2010年3月からは通年で土曜・休日に行われるようになった。丸太町通以北は車も人も減り、清凉寺（嵯峨釈迦堂）の仁王門に突き当たるまでまっすぐな道が続いている。嵯峨釈迦堂前から西へ進むと[[二尊院]]があり、そこから北へ向かう道は鳥居本を経て愛宕山（[[愛宕神社]]）へと続いており、愛宕街道とも呼ばれる。南は、渡月橋を渡り[[嵯峨街道]]となり[[桂川(淀川水系)桂川]]右岸を南に進む。"
南海辰村建設株式会社,高層鉄筋コンクリート造構法システムや南海辰村建設[[免震]]構法などの独自の技術を有する。また、[[外断熱工法]]に力を注いでいる。岸和田発祥のゼネコンで岩出建設、才門建設とともに泉州名産である玉葱を評してタマネギ[[JV]]と呼ばれていた。*本社:[[大阪市]][[浪速区]][[難波中]]3丁目5番19号(南海浪速ビル)*東京支店:[[東京都]][[中央区(東京都)中央区]]銀座5丁目15番1号(南海東京ビル)*和歌山営業所:[[和歌山市]]東蔵前丁3番地の6(南海和歌山ビル)*横浜営業所:[[横浜市]][[中区(横浜市)中区]][[尾上町(横浜市)尾上町]]3丁目39(尾上町ビル)
戸田建設株式会社,建築を主体事業とする[[三菱東京UFJ銀行三菱UFJ系]]の企業。歴史的建造物など[[太平洋戦争戦前]]から[[官公庁]]関連や[[大学]]関連に数多くの実績を持ち、特に医療・福祉関連施設を多く手掛けている&lt;ref&gt;公式サイトの実績紹介でも「医療・福祉施設」が先頭に表示されている&lt;/ref&gt;。同じく土木を主体とする、準大手ゼネコンの[[西松建設]]（[[みずほグループみずほ系]]）と技術提携を結んでいる。もっとも大きな特徴として堅実経営が挙げられ、ゼネコン屈指の強固な財務体質を備える。自己資本比率35.8%と、業界トップレベルの安定性を持ち、有利子負債を上回る預金を持っており、事実上の稀有な無借金ゼネコンでもある。こういった良好な財務体質から、[[R&amp;I]]（[[格付け投資情報センター]]）等の格付けにおいて、大手ゼネコンに並ぶA-に位置づけられるなど、社会的な信用・評価は高い。[[バブル崩壊]]の折にもその堅実経営により金融支援を受けていないことから、[[三井住友建設]]や[[長谷工コーポレーション]]等の金融支援を受けた準大手Bゼネコンと区別され、[[西松建設]]や[[前田建設工業]]等とともに準大手Aに分類されている。他の特徴として、*平均勤続年数が21.9年（2008年3月時点）であり、全産業中10位、業界2位と上位に位する。（「働きやすい会社2008」（日本経済新聞社）による）*一級建築士を保有する社員数が約1200人（2008年3月時点）であり、全社員の約30%（建築社員の約40%）と、業界トップクラスの水準。等があげられる。
日成ビルド工業株式会社,ダッソーは主に軍用機の開発・生産を行っているメーカーであり、民間機の経験は少なかった。[[1950年代]]から軍用機開発の経験を活かし、民間ビジネスジェット機の開発を開始した。こうして最初に開発されたのが双発ビジネスジェット機'''ファルコン20'''で、[[1963年]]に初飛行し、同機に惚れ込んだ[[チャールズ・リンドバーグ]]がコンサルタントを務めていた[[パンアメリカン航空]]から大量受注された。ファルコン20の成功を受け、1970年にはやや小規模なサイズの'''ファルコン10'''、1976年にはエンジンを三発にし大型化した'''ファルコン50'''も開発され、世界を代表するビジネスジェットシリーズの1つとなった。現在に至るまでのシリーズ類型生産数は1000機を超えており、[[日本航空]]の訓練機や[[ソニー]]の社用機などの民間のビジネス機としてのみならず、[[フランス海軍]]や[[アメリカ沿岸警備隊]]、[[海上保安庁]]などの軍・政府機関でも用いられている。ラインナップとしては、大企業あるいは政府機関向けの販売を狙った大型上級機だけで構成されており、販売機数を稼げる小型機をラインナップしていないのが特徴である。また、多くのビジネスジェット機が双発機となる中、現在でも洋上飛行時の[[三発機三発エンジン]]の優位性を認めており、双発と三発の両モデルを提供している。
株式会社テスコ,エスカーは、[[氷河衰退]]（退氷）時に形成される地形である。氷河を形成している[[氷]]の中には、それが流れてくる過程で岩盤から削り出した砂礫（[[ティル(地学)ティル]]）が多量に含まれている。このティルが氷河が後退する時に残される（堆積する）ことによってできる地形としては、他に[[モレーン]]や[[氷堆丘]]などが挙げられるが、このエスカーもそんな地形の1種である。したがって、モレーンや氷堆丘などと同様に、エスカーも主に砂礫（ティル）によって形成されている。エスカーのサイズは様々であり、周囲よりも5[[メートルm]]-50m程度高く、幅は10m-200m程度、長さは500m-50000m（50[[キロメートルkm]]）程度の範囲にあるものが一般的とされる。ただし、中には途中途切れる場所こそあれ、長さ500kmに及ぶ長大なエスカーも存在する。エスカーの形状は、ちょうど河川に作られる人工の[[堤防]]のように、側面は急峻な斜面であるのに対し、頂部は平坦になっている。エスカーの形成され方は、主に2通りあると考えられている。1つは、後退中の氷河の前方にできる氷河の氷が融解した水の流れに沿って形成される場合。もう1つは、同じく後退中の氷河の下の氷に囲まれたトンネル（氷河底）に、やはり氷河の氷が融解した水が流れる場所に形成される場合である。いずれにしても、これら氷河が溶けつつある時にできる水流によってエスカーは形成される。典型的なエスカーは[[北ヨーロッパヨーロッパ北部]]や[[カナダ]]など、かつて氷河が広範に存在していた場所にしばしば見られる。
前田道路株式会社,[[アスファルト]]舗装業の株式会社高野建設が、[[ゼネコン]]準大手の前田建設工業と提携し、前田道路に社名変更した。現在は発行株式の約20%を前田建設が保有している。道路業界では[[NIPPO]]（旧・日本鋪道、のちNIPPOコーポレーション）に次ぐ第2位。
沖ウィンテック株式会社,*橋長-950.0[[メートルm]]*橋梁形式-*道路幅-*歩道幅-[[新神宮橋]]開通後も使用されている。潮来側から鹿嶋市街へ行く際は、こちらを利用した方が便利である。
菱中建設株式会社,
株式会社エイムクリエイツ,35歳で夭折した日本画家[[三橋節子]]の[[個人美術館]]。草木を描いた初期の作品から「花折峠」「小女郎が池」「三井の晩鐘」「鬼子母神」など近江琵琶湖に伝わる民話を描いた後期の大作まで一堂に展示する。ほか、愛用品や家族との写真等も展示し、節子の生涯を紹介する。芸術作品制作スペースの「'''長等創作展示館'''」を併設している。
中外炉工業株式会社,1991年9月に[[三井E&amp;Sホールディングス三井造船]]によって建造され、[[南海フェリー]]が運航する[[徳島小松島港]]と[[関西国際空港]]（泉州港）・[[大阪港]]（[[天保山]]）を結ぶ南海徳島シャトルラインで使用されたが、[[明石海峡大橋]]開通などの影響により、2000年3月1日に同航路が廃止となったため、係船されていた。2000年9月に[[瀬戸内海汽船]]が購入し、その運航のためグループ会社の共同出資で設立したソレイユエクスプレス有限会社へ売却。2000年12月より[[広島港]]・[[呉港]]と[[別府港]]の間でチャーター便の運航を開始。2001年7月より定期便となり、のちに[[柳井港]]と[[松山港]]を寄港先に加えた。しかし[[原油価格]]上昇に伴う燃料費の高騰などにより採算性が悪化したことから、2005年1月末日を以て運航休止となった。その後、[[台湾]]へ売却され、[[澎湖諸島]]の[[馬公馬公港]]と[[嘉義]]の布袋港を結ぶ航路に就航している。当初の船名は'''明日之星'''であったが、座礁事故を起こしたため'''今一之星'''に改められている。
菱機工業株式会社,[[講談社]]「BELOVEブライダル」→（休刊に伴い）「[[BELOVE]]」に連載されていた。[[院内学級]]における教師と生徒とのストーリーである。2015年、[[青泉社]]『ありがとうの涙（ミステリーサラ2015年9月号増刊）』に再録された。{{節スタブ}}
株式会社アルス製作所,*設立：[[1950年]]（昭和25年）[[5月16日]]*本社：〒773-0007徳島県小松島市金磯町8-90
株式会社SYSKEN,{{出典の明記section1date2009年3月}}[[哲学]]用語として矛盾する二つの[[命題]]をいう。概念自体は[[古代ギリシア]]の[[ギリシア哲学]]の[[エレア派]]に見られた。
株式会社ソルコム,テーマは「'''心の処方箋'''」。[[声]]を心の処方箋とみたてている。&lt;br/&gt;それぞれの心のケアの分野別にCDがリリースされ、励ましたり、時には叱ったり等の囁きがそれぞれの研究員ごと、或いは研究員合同で収録されている。「声には、心へ直接効用を与えることができる力がある」と方針を掲げ、視聴者の心に元気、安らぎ、癒し、温もりなどを与えることを目的に製作されている。
株式会社アスト技建,外観は中型の[[路線バス]]用車体に近いが、車体上部の幅を詰めるために、側面窓全体または窓の上半分を内側に大きく傾けた外観が特徴。地方の[[山岳路線]]で、幅も狭く高さも低い[[トンネル]]を通行するためにこのような車両が使用された。[[三角形三角]]と呼ばれていたが、実際の車体断面は[[六角形]]である。[[高度経済成長高度成長期]]に地方の道路が整備されるに従い、淘汰された。近似の断面を持つ車両として、バスではないものの[[都営地下鉄大江戸線]]の車両（[[東京都交通局12-000形電車12-000形]]）が挙げられる。
株式会社川口技研,*[[1946年]]に「納口建具店」として創業し、[[1961年]]に株式化。[[1966年]]に現在の社名となる。発明協会の発明奨励賞、[[日刊工業新聞社]]賞、[[グッドデザイン賞]]など数々の賞を受賞している。川口市の本社のほか、[[大阪府]][[吹田市]]に支店を、[[福島県]][[相馬市]]に工場を持つ。*[[2005年]]より、環境イメージキャラクターとして「[[まめうしシリーズまめうし]]」を採用している。
株式会社一条工務店,[[木造軸組工法]]や2×6工法による建築を得意とし、自社オリジナルの標準仕様設備や住宅性能を追求しているのが特徴。設立当初より、「地震に強い家づくり」をモットーとしていたため、[[東京大学]]との各種実大建物実験など産学協同にて住宅の耐震性、耐久性について早くから追求してきた。「広告より実物を見る方がその良さがわかる」という理念に基づき、テレビや新聞の広告をあまり行わず、住宅展示場での宣伝に力を入れている。近年は、業界トップクラスの高気密・高断熱仕様の「夢の家」「i-cube」「i-smart」の販売・普及に努めており、「環境大臣表彰」、「[[省エネ大賞]]」、「ハウス・オブ・ザ・イヤー・イン・エレクトリック2007」などの環境・省エネに関する賞も数多く受賞している。[[2010年]]（平成22年）より、オリジナル[[太陽光発電]]システム「夢発電システム」の販売を開始。建築時の搭載費用のかからない独自の「発電払いシステム」（初期支出0円、太陽光での発電返済、返済後は発電量のすべてが使える）を採用。一層の住宅の省エネ性、環境貢献性の向上を図る。このシステムは、[[2011年]]（平成23年）の[[グッドデザイン賞]]で、全業界初となる「ビジネスモデル・デザイン」部門を受賞している。[[2012年]]6月に、浜松市の沿岸部約17.5キロに[[津波]]対策の[http://www.city.hamamatsu.shizuoka.jp/kiki/disaster/bouchoutei/index.html[防潮堤]]を整備するための建設資金300億円を静岡県に寄付することを発表した&lt;ref&gt;[http://www.asahi.com/national/update/0612/TKY201206120004.html「防潮堤つくって」静岡県に300億円寄付　一条工務店]（朝日新聞2012年6月12日付）{{webarchiveurlhttps://web.archive.org/web/20130323085218/http://www.asahi.com/national/update/0612/TKY201206120004.htmldate2013年3月23日}}&lt;/ref&gt;&lt;ref&gt;[http://www.j-cast.com/2012/06/12135387.html浜松市防潮堤に300億円ポンと寄付　「一条工務店」とは?]（[[ジェイ・キャストJ-castニュース]]、2012年6月11日更新）&lt;/ref&gt;。初年度に100億、工事の進展に合わせて残りの200億を寄付する予定。
旭コムテク株式会社,[[コンピュータ]]と[[コンピュータネットワークネットワーク]]の融合を機軸に事業展開をしている情報通信設備会社で、システム提案、販売から設計、施工、保守や運用に至るまで、ワンストップサービスでサポートをする総合エレクトロニクス技術商社である。また、[[インターネットプロバイダ]]や[[クラウドコンピューティング]]などのサービスを提供するブランド「'''ShareLine'''」がある。
株式会社さとうベネック,
梅林建設株式会社,売上高で大分県第2位のゼネコンである。大分に本社を置くとともに、東京に本部を置き、東京、大阪、広島、福岡、熊本、宮崎、鹿児島に支店を、高松、北九州、長崎、沖縄に営業所を有する。主要な施工実績には、建築で[[大分県庁舎]]、[[OASISひろば21]]、[[大分農業文化公園]]管理・研修棟、[[大分県立病院]]、[[鹿児島県護国神社]]、土木で[[耶馬溪ダム]]、[[大分自動車道]][[大分インターチェンジ大分IC]]、同[[九重インターチェンジ九重IC]]などがある。
ダイダン株式会社,[[2008年]]に完成した[[NFL]]の[[インディアナポリス・コルツ]]の本拠地である。当初は「インディアナ・スタジアム」と名付けられる予定だったが、[[:en:LucasOilルーカス・オイル]]が[[命名権]]を取得した。同スタジアムの収容人数は63000名で、[[スーパーボウル]]開催の基準に満たしており、[[2012年]]に[[第46回スーパーボウル]]が同地で開催された。（[[ニューヨーク・ジャイアンツ]]が[[ニューイングランド・ペイトリオッツ]]を下し、4度目のスーパーボウル優勝を決めた。MVPは[[イーライ・マニング]]が受賞。）また、[[2010年]]には[[NCAA男子バスケットボールトーナメント]]のファイナルフォーが行われ、2015年と2021年の開催も決定している。2008年以降はバンド・オブ・アメリカと[[ドラムコー]]の大会が行われる。毎年2月にはNFLのドラフト候補生を集めた[[NFLスカウティングコンバインスカウティングコンバイン]]が開催されることでも知られている。
長田組土木株式会社,[[1905年]]創業。県内では[[早野組]]に次ぐ規模といわれてきており、[[東京都]]と[[長野県]]にも事務所がある。[[毎日新聞]]によると山梨県が発注した公共工事の受注高は[[2003年]]が5位、[[2004年]]が4位、[[2005年]]が3位と常に上位に位置しており、落札率も約77%（2005年実績）と高い位置にあった。日本の建設業は[[オイルショック]]以来[[公共事業]]が抑制され、山梨県でも建設需要の低迷により「冬の時代」を迎えており、近年は[[三位一体の改革]]により県の発注工事も減少している。県内の建築業者は異業種への転換を図り長田組も住宅建設に着手していたが、業績が悪化したことに加え[[2006年]]には[[公正取引委員会]]から課徴金を受けたことにより資金繰りも悪化し、[[2006年]]の受注高は13位と急激に落ち込んでいた。さらに竣工した遊戯施設の運営会社が直後に倒産し、回収困難になったことがとどめとなり、主要金融機関と再建計画を詰めていたが債務超過となってしまったため[[2008年]][[2月23日]]に[[東京地方裁判所]]に[[民事再生法]]の適用を申請した。2008年[[4月3日]]、長野県に本社を置く新津組と業務提携を結び、同年[[9月23日]]には再建計画の認可を受けた。減資や事務所移転を行ない、[[2011年]]5月に再生手続きを終結している。2014年4月15日、[[国土交通省]]は、警視庁から暴力団関係企業との通報を受けたとして、同省発注の公共工事から排除すると通知した。2014年4月25日、[[東日本高速道路株式会社]]から警視庁の「東日本高速道路株式会社、中日本高速道路株式会社及び西日本高速道路株式会社が行う公共工事からの[[暴力団]]関係企業等の排除に関する合意書」に基づく排除要請を受けたため排除を受けた。2014年5月9日、[[鉄道建設・運輸施設整備支援機構]]（JRTT)から、「警視庁から、上記の長田組土木株式会社について、同社の役員等が、指定暴力団住吉会傘下組織組員であると知りながら、同法人を、談合において不正な利益を図るために利用したとして独立行政法人鉄道建設・運輸施設整備支援機構が行う公共事業等からの排除要請があった」として同機構発注の公共工事から排除すると通知した。
旭化成ホームズ株式会社,[[岡山県]]では、[[川上郡(岡山県)川上郡]][[備中町]]（現・[[高梁市]]）に袖切り地蔵と呼ばれる自然石があり、ここで転んだときにはちぎった袖を供えないと祟りに遭うという&lt;ref&gt;{{Citewebauthor佐上静夫urlhttp://www.nichibun.ac.jp/YoukaiCard/0310132.shtmltitle岡山民俗（百号刊行記念特集）袖もぎ信仰についてwork[[怪異・妖怪伝承データベース]]publisher[[国際日本文化研究センター]]accessdate2008-3-28}}&lt;/ref&gt;。岡山県[[勝田郡]]の袖もぎ地蔵は、転んだ者の袖をもぎ取るという&lt;refname&quot;okayama&quot;&gt;{{Citewebauthor佐上静夫urlhttp://www.nichibun.ac.jp/YoukaiCard/0310133.shtmltitle岡山民俗（百号刊行記念特集）袖もぎ信仰についてwork怪異・妖怪伝承データベースaccessdate2008-3-28}}&lt;/ref&gt;。ある者がここを通ったとき、石臼が転がって来たので避けようとして転んだところ、袖がなくなっており、翌朝には地蔵の前に石臼などなかったため、狐の仕業などといわれたという&lt;refname&quot;okayama&quot;/&gt;。[[兵庫県]][[佐用郡]]では薬師の辻堂で転ぶと、片袖をちぎらないと死ぬとまでいわれている&lt;refname&quot;goi&quot;/&gt;。また[[兵庫県]][[姫路市]]にも石棺に地蔵が彫られた袖もぎ地蔵があり、[[道祖神賽の神]]、境界の神としての性格を持つという意見もある&lt;refname&quot;hyougoken&quot;&gt;{{Citebook和書author西谷勝也title伝説の兵庫県year2000publisher[[神戸新聞社神戸新聞総合出版センター]]isbn978-4-343-00099-6pages129-131頁}}&lt;/ref&gt;。近くの姫路市別所町福井にも、弁慶と娘との恋物語にまつわる袖もぎ地蔵などの伝説がある&lt;refname&quot;hyougoken&quot;/&gt;。同様に兵庫県に伝わる話では、2人の娘が僧侶を巡って嫉妬したが、後にそれを恥じて剃髪して尼になり福泊の養泉寺に入寺し、後に池に身を投げ自殺し、その2人を埋めて祀ったのが袖もぎ地蔵という。どんな願いでも1つだけ叶えるといい、歯の痛みをとってくれるともいう&lt;refname&quot;hyougoken&quot;/&gt;。また、樹木の名になったものもあり、[[土佐国]]一宮の仁王門の1町ほど西の路上の袖掛松は、その傍らで転倒すると着衣の片袖をもいでかけることからその名があるという。[[大和国大和]][[吉野郡]]白銀村大字西新子（現・[[五條市]]西吉野町西新子）の袖もぎ坂にも同様の言い伝えがある（「郷土研究」2巻702ページ）。[[三河国三河]][[宝飯郡]]豊川町[[三明寺]]の後の坂を、袖きり坂といい、同じ言い伝えがあり、これを敢えてしないと3日の間に死ぬという。土地によってはあらかじめ袖を用意して手向けるものもあって、そこには何か袖を求めるものが暗示され、これを袖神、袖とり神、袖もぎさんなどといい、一種の道の神と考えられる。[[徳島県]]ではこれを祀る祠があり、転倒しなくても、そこを通る際には袖を供えるという&lt;refname&quot;goi&quot;/&gt;。供える物は必ずしも袖とは限らず、[[香川県]][[三豊郡]]（現・[[三豊市]]）では袖モジキといって、旅人はこれに木の枝を折って手向けたという&lt;refname&quot;goi&quot;/&gt;。[[ファイル:Ninomiya-Sodekiri-jizo_2009-11.jpgrightthumb160px[[神奈川県]][[二宮町]]の袖切り地蔵]][[東日本]]にも同様の信仰が見られ、[[千葉県]][[成田市]]の旧[[成田街道]]には袖切坂という坂、[[静岡県]][[浜松市]]都田町には袖切橋という橋があり、これらでも転んだときには災厄に遭わないよう、袖を切り捨てなければならないとされる&lt;refname&quot;goi&quot;/&gt;。[[神奈川県]][[二宮町]]の[[川勾神社]]入口にある袖切り地蔵は、かつて付近の道で子供が転んだ際、袖が切れても怪我がなくて良かったと、今後も怪我がないよう、切れた袖を供えたことが名の由来といわれる&lt;ref&gt;{{Citeweburlhttp://shonan-ninomiya-kankou.com/map-rekisi2.html#㉀title袖切り地蔵さんwork[http://shonan-ninomiya-kankou.com/index.html湘南にのみや観光ガイド]publisher[[二宮町]]観光協会accessdate2009-11-21}}&lt;/ref&gt;。民俗学者・[[折口信夫]]によれば、日本の古代民俗において、行路山野に倒れた死人の屍はこれに行き触れた場合には祓をして過ぎた。死霊を畏れたのである。その方法は歌に依った一方で、着衣を脱いで屍に蔽ったとみられ、その風習が後に形式化して袖だけを手向ける。その伝承が後には道の神の信仰とも結びついた（「古代研究」）。袖神または袖もぎさんは死霊の神格化で、坂または路でつまづき倒れることが、やがてその神の存在を判じる動機となったという。死霊信仰とも繋がり、地獄の[[三途の川]]の[[奪衣婆]]に袖を渡し川を渡りやすくする意味合いで、死者の死衣の袖を切り取る風習が伝えられている地方もある&lt;refname&quot;tokoro&quot;/&gt;。死人の魂を袖に入れると、その人は生き返ると伝えられている地方もある&lt;refname&quot;tokoro&quot;/&gt;。
有限会社つまりぬきにじゅうよん,[[1951年]]（昭和26年）に社会党は[[サンフランシスコ講和条約]]を巡って、講和条約賛成派の[[社会党右派]]と講和条約反対派の[[社会党左派]]に分裂した。その後、[[保守]][[政権]]による「[[逆コース]]」や[[憲法改正論議改憲]]に対抗するために、『[[護憲]]と反安保』を掲げ[[アメリカ軍米軍]]への基地提供（しだいに基地拡張）や[[再軍備]]に対する反対運動を推進した社会党左派が選挙ごとに議席をのばす一方、「再軍備問題」に党内の対立があって明確な主張を訴えることは出来なかった社会党右派が選挙での議席が伸び悩んでいた。社会党で社会党左派の優位となり、[[保守政党]]が統一されていない政局では、社会党右派と再統一すれば社会党が政権を担当できると両派の利害が一致し、社会党再統一となった。再統一によって社会党が[[衆議院]]で158議席を持つ大[[政党]]となった。[[1957年]]（昭和32年）には[[労働者農民党]]も社会党に合流し、[[1948年]]（昭和23年）以来の社会党系勢力分裂の局面はひとまず解消した。
株式会社ペンタくん,法人格としては、旧丸石自転車の製造子会社として[[滋賀県]]に設立された「滋賀丸石自転車工業」にルーツを持つ。その後丸石自転車の経営破綻に伴い、[[2004年]]に[[サンライズ・テクノロジー]]の支援のもとに同社の営業譲渡を受け、社名を「丸石サイクル」に変更した（詳細は[[丸石サイクル]]を参照）。[[2006年]]に丸石サイクルの自転車事業を中国企業が買収することになり、一時は法人格だけが残った状態となるが、当時サンライズ・テクノロジーと関係の深かったロータス投資事業組合が経営に関与しており経営危機に陥っていた[[ペイントハウス]]から塗装事業の営業譲渡を受けることで&lt;refnamesunrise&gt;[http://ke.kabupro.jp/tsp/20061101/1b010cf0_20061101.pdf子会社の事業一部の譲受けに関するお知らせ]-サンライズ・テクノロジー2006年11月1日&lt;/ref&gt;、住宅リフォーム事業を主体とした企業として再出発し、現在に至っている。現社名の「ペンタくん」は、かつてペイントハウスが使っていたマスコットキャラクターの名前に由来しており&lt;refnamesunrise/&gt;、キャラ自体も引き続き同社HP等で使用されている。
松本建工株式会社,2005年（平成17年）より[[ロシア]]・[[ハバロフスク]]の中学校、2006年より、[[大連市大連]]の第19中学校と指定校交流をしている&lt;ref&gt;{{citeweburlhttp://www.atv.jp/studio/index.cgi?p37titleスタジオ見学publisher[[青森テレビ]]date2006-07-19accessdate2012-05-04}}&lt;/ref&gt;&lt;ref&gt;{{citeweburlhttp://www.pref.aomori.lg.jp/soshiki/kkokusai/kokusaikeizai/files/22-2-25-4-201.pdftitle青森市…大連市(中華人民共和国・遼寧省)DalianLiaoningPeople’sRepublicofChinapublisher青森県formatPDFdateaccessdate2012-05-04}}&lt;/ref&gt;。
保安工業株式会社,古馬牝馬限定の重賞競走として[[2008年]]に新設されBG3に格付けされたが、2010年は特別競走に格下げされた。このため、ばんえい競馬で6歳以上の牝馬が出走可能な牝馬限定重賞は再び「[[ヒロインズカップ]]」のみとなった。[[ダスキン]]オビヒロが冠協賛しており、「ダスキンオビヒロ賞　カーネーションカップ」として施行している。
豊栄建設株式会社,[[1978年]]の設立当初は大手ハウスメーカーの下請けとして施工を行っていたが、後に自社建設に転向。1996年に企画住宅『チャレンジ999』、2002年に自由設計をうたった『チャレンジ999フリープラン』を発表。札幌圏を中心に営業展開している。[[2011年]]には、グループ会社の株式会社アリビオが[[LIXIL住宅研究所株式会社LIXIL住宅研究所]]アイフルホームカンパニーと[[フランチャイズ]]契約を締結し、アイフルホームサッポロ中央店をオープンさせた。これによりアイフルホームは北海道初出店を果たした&lt;ref&gt;[http://www.all-eyefulhomenavi.com/alivio/sapporochuou/index.htmlアイフルホーム札幌中央店/北海道で注文住宅の新築一戸建てを考える方へアイフルホームナビ]&lt;/ref&gt;。[[2017年]]には、[[ワールドホールディングス]]の100%子会社となる&lt;refname&quot;wh16&quot;/&gt;。
三晃金属工業株式会社,[[金属]]製の屋根材・壁材を製造・販売するメーカーと、それらに関する工事を[[設計]]し[[請負請負う]]建設会社を兼ねる企業である。[[本社]]は[[東京都]][[港区(東京都)港区]][[芝浦]]四丁目。深谷（[[埼玉県]][[深谷市]]）・長田野（[[京都府]][[福知山市]]）・滋賀（[[滋賀県]][[東近江市]]）・江別（[[北海道]][[江別市]]）の4製作所を製造拠点とし、日本国内の7都市に[[支店]]を構える。[[東京証券取引所]]第一部（東証一部）と[[大阪証券取引所]]第一部（大証一部）に[[株式]]を[[株式公開上場]]する。筆頭[[株主]]は、材料の供給元でもある鉄鋼メーカーの[[新日本製鐵]]（新日鉄）と[[日新製鋼]]の2社で、どちらも約16%の株式を保有し、三晃金属工業を[[持分法]]適用会社としている。この2社に次ぐ株主は、2社が共同で出資する鉄鋼[[商社]]の[http://www.np-nippan.co.jp/index.html日本鐵板]である。
ミサワホーム中国株式会社,[[1971年]]（[[昭和]]46年）[[3月25日]]、[[山口県]][[徳山市]]に設立された、[[ミサワホーム]]の販売代理店である。その後[[本社]]を[[1993年]]（[[平成]]5年）に[[広島市]]に、[[2010年]]（平成22年）には[[岡山市]]に移転している。[[岡山県]]・[[広島県]]・[[山口県]]・[[鳥取県]]・[[島根県]]の[[中国地方]]5県を販売エリアとし、ミサワホームの木質[[プレハブ]]住宅およびニュー[[セラミック]]住宅の販売・設計・施工、[[アパート]]・[[マンション]]・[[ビル]]・店舗等の一般建築の販売・設計・施工、[[不動産]]関連事業、[[インテリア]]・[[エクステリア]]・増改築等の住宅関連製品の販売・設計・施工（ホームイング事業）を行っている。[[連結子会社]]として、ミサワ中国建設株式会社を傘下に収める。
サーラ住宅株式会社,&lt;!--体重--&gt;カイウサギの中では小型のウサギで、体重は約0.8-1.2kgである&lt;refname&quot;ウサギ改訂2p51&quot;&gt;『[[#長坂(2006)ウサギ改訂2]]』（p51）より。&lt;/ref&gt;。生物学上の分類となるアナウサギの中では、極端に耳が短く体も小型で、仔ウサギのような外見が特徴。ネザーランド・ドワーフは、ペットやラビットショー出展目的で飼われている。[[アメリカ合衆国アメリカ]]のウサギの[[ブリーダー]]・クラブの『スタンダード・パーフェクション』（[[プロポーション]]の規定）によると、理想体重は907g、最大1134gまでとされる。しかし、これに当てはまらなくともウサギとしては何ら問題はない&lt;ref&gt;『[[#大野(2004)ザ・ウサギ]]』（p8）より。&lt;/ref&gt;。この種類のウサギは小さいため、一般的に毛皮や食肉用途に用いられることはない。他の品種より小さいが活発な品種で、他のウサギ同様、動き回るのに十分なスペースを必要とする。
犬飼建設株式会社,[[1987年]]開校。[[佐伯市]]の[[郊外]]にある。[[生徒]]数は約300人。[[校舎]]はコの字形で、[[グラウンド]]の[[面積]]は市内の[[中学校]]の中でもトップクラス。また、[[時計台]]のある学校としても有名。
新三平建設株式会社,天保年間（1830年代）に創業された三河の材木商が前身。以来、個人営業の時代を経て、昭和18年5月に株式会社三平興業を設立、法人組織に改組した。その後建築分野に進出するなど事業を拡大、昭和60年11月建築部門を分離し、三平建設株式会社として設立された。首都圏を営業地盤とし、中層マンション、戸建てなど民間住宅を主体に事務所、ホテル、学校、工場倉庫などにも実績を残し、平成3年10月に店頭登録し、ピーク時の年間売上高は800億円を超えていた。しかし、米国のサブプライムローン問題に端を発する世界的な金融不安の影響を受け、主力顧客のマンションデベロッパーの相次ぐ経営破綻により資金繰りが悪化、2008年7月24日に東京地裁に民事再生法の申請を申し立てるに至った。その後、[[ライト工業]]と[[ストライク(企業)ストライク]]が設立した新生三平ファンド1号匿名組合がスポンサー企業として支援をすることが決定し、新設された新三平建設に事業譲渡され、現在に至っている。
世紀東急工業株式会社,[[道路]]の施工・舗装を主業務としている。その他の関係会社である[[東急建設]]とはお互いに業務を補完しあう関係にある。
大野建設株式会社,明治40年に当時[[大工]]だった大野福次郎が創業し、その後息子の大野島蔵が継承した。昭和41年、株式会社に改組。平成19年に創業100年を迎えた。現在の社長は、三代目となる大野年司。小規模な[[リフォーム]]から木造注文住宅、鉄骨造、鉄筋コンクリート造などの大型建築工事まで手掛ける。平成10年に「建設省建設大臣顕彰」を受賞している。
株式会社高松コンストラクショングループ,[[2008年]]5月、当時の高松建設の本業部門と一部の不動産部門を休眠会社であった「株式会社日本内装」へ移管させて、高松建設を持株会社化することが決定された。その後、日本内装は「高松建設株式会社」、旧高松建設は「高松コンストラクショングループ」へと[[商号]]が変更され、2008年10月より「高松建設グループ」は「高松コンストラクショングループ」へと移行する格好となった。
株式会社ダイセキ環境ソリューション,[[産業廃棄物]]処理大手[[ダイセキ]]の[[連結子会社]]で[[土壌汚染]]の調査から浄化処理までを一貫して行っている。また、親会社のダイセキが廃油や[[汚泥]]の中間処理を行っているのに対し、ダイセキ環境ソリューションでは、廃[[蛍光管]]や廃[[乾電池]]など[[水銀]]を中心とした中間処理および収集運搬なども行っている。
株式会社ヒノキヤグループ,桧家住宅は、黒須新治郎（現代表取締役会長）が起業した会社（当初は株式会社東日本ニューハウス。2003年に株式会社桧家住宅に商号変更）であり、木造注文住宅の設計、施工、販売を主業とする。起業のきっかけには、黒須が20年余りに渡り住宅業界で働く中で持った業界体質への不満があるという&lt;refname&quot;20090526nikkeibo&quot;&gt;「63歳で株式上場。遅咲きの経営者が「ぼらない会社」で住宅業界に反旗翻す桧家住宅会長（注文住宅メーカー）黒須新治郎」&lt;/ref&gt;。桧家住宅の特色としては、規模により坪単価が変わることが挙げられる。通常、注文住宅は坪単価が一定であり、住宅の建坪が変わっても単価は変わらない。しかし、黒須は:「建材費は建坪に比例しない。建坪が大きいほど坪当たりの建材量が少なくすむ」&lt;refname&quot;20090526nikkeibo&quot;/&gt;として、建坪によって坪単価が変わる価格を設定した&lt;refname&quot;20090526nikkeibo&quot;/&gt;。また、提供する住宅の耐久性にもこだわっているという。20-30年で建て替える必要がないよう、通常よりも太い柱を使う等、頑丈な構造で施工する。それでいて、価格は大手住宅メーカーよりも安いという。価格の安さは大手住宅メーカーが[[工務店]]を間に挟んで[[大工]]等へ発注するのに対し、桧家住宅は工務店を介さず直接発注することも要因となっている&lt;refname&quot;20090526nikkeibo&quot;/&gt;。平成21年3月より[[EM菌]]を擁護する出口俊一を取締役として迎え&lt;ref&gt;[http://www.hinokiya-group.jp/profile/outline.htmlヒノキヤグループ企業概要]&lt;/ref&gt;、また女流棋士の[[中村桃子(将棋)中村桃子]]がパート社員として勤務している。
株式会社TATERU,NHK総合ではそれまでの3年、生活経済情報番組として『[[家計診断おすすめ悠々ライフ]]』、企業トップへのインタビューを中心とした『[[経済羅針盤]]』と、2本立てで放送した。この番組ではそれらを一つにまとめ、総合型の経済情報番組として展開する。なお、放送時間は、統合により若干減る。2010年度番組編成で、3月20日で終了し、「[[Bizスポ]]」（[[23時のNHK]][[帯番組]]）に統合・移動した。
太平建設工業株式会社,関西を中心に[[マンション]]から[[住宅一戸建て住宅]]、各種学校・医療施設などの建築設計他[[リフォーム]]事業など、あらゆる建築事業を手掛ける。元々は[[公団住宅]]のメンテナンスから出発したこともあり、リフォーム分野で強みを持つ。また建築物の老朽化に対し、同社独自の総合施工サービスプラン「DrH.E.A.R.Tシステム」を有している。現在は関西地区限定ながら、[[朝日放送テレビ朝日放送]]の関西ローカル枠で放送されている「[[NEWSゆう]]」のスポンサーをつとめており、[[原田伸郎]]を起用したCMを放映している。[[サンテレビジョンサンテレビ]]（「[[サンテレビボックス席]]」など）でもよくCMが流れている。
シーエヌ建設株式会社,[[1949年]]（[[昭和]]24年）2月に会社設立。主にJR東海の[[在来線]]・[[新幹線]]の[[軌道(鉄道)軌道]]工事や[[土木工学土木]]・[[建築]]工事など行っている。
辻寅建設株式会社,辻寅次郎が個人経営の工務店を創業したのが始まり。社名の由来は創業者名の頭二文字から名付けられた。公共施設・商業施設の建設・住宅建築が主力であるが、道路・土木工事も併営している。かつてはナショナル住宅（現[[パナソニックホームズ]]）の代理店を営業していたが、現在は自社ブランドのサンクリエートシリーズのマンション建設にシフトしている。
日本乾溜工業株式会社,主に道路における防護柵、[[標識]]の製造、設置工事や[[保存食]]や[[マスク]]などの[[防災用品]]の販売なども行っている。経営理念に基づき、毎月、本社周辺で[[ボランティア]]清掃活動を行っており、「交通事故防止コンクール」では5年連続で表彰されている。
株式会社ラクシー,1985年に東京都中野区で創業。塗装・内装工事を主力業務にしていた。1990年に千葉県松戸市[[松戸]]に移転・法人化した後は総合建築物の修繕業務を志向するようになった。1998年までは主に修繕工事専業の株式会社アズマの千葉営業所として下請け工事を行っていた。ラクシーの社名はこのときつけられたもので、社長の口癖「楽勝、楽勝」をもじったものである&lt;ref&gt;『日刊建設工業新聞』2010年4月16日付3面。&lt;/ref&gt;。2005年には改修工事の進捗状況を発注者にネットで報告するサービスを開始&lt;ref&gt;「リフォーム工事ネットで進行確認ラクシー、現場の写真配信』『日経産業新聞』2005年（平成17年）8月12日付9面。&lt;/ref&gt;、2010年にはこれをブログ形式に対応させるなど&lt;ref&gt;『日刊工業新聞』2010年3月11日付12面。&lt;/ref&gt;&lt;ref&gt;『日刊建設工業新聞』2010年4月5日付3面。&lt;/ref&gt;、特徴的なサービスを打ち出していたが、2014年に[[YKKAP]]に買収され同社の子会社となった&lt;ref&gt;{{Citepressreleasetitleマンションリフォームビジネスの成長に向けて事業基盤を構築株式会社ラクシーの株式取得（子会社化）に関するお知らせpublisherYKKAP株式会社date2014-10-01urlhttp://www.ykkap.co.jp/company/japanese/news/2014/20141001.html}}&lt;/ref&gt;&lt;ref&gt;{{CitepressreleasetitleＹＫＫＡＰ株式会社との資本業務提携（子会社化）に関するお知らせpublisher株式会社ラクシーdate2014-10-02urlhttp://www.ruxy.co.jp/wordpress/wp-content/uploads/2014/10/20141002お知らせ.pdf}}&lt;/ref&gt;&lt;ref&gt;「マンション修繕会社買収YKKAP」『日本経済新聞』2014年（平成26年）10月2日付朝刊12面。&lt;/ref&gt;。新築マンション建設・中古住宅をリフォームした物件の販売も併営している。
ミサワホーム東海株式会社,[[1969年]]（[[昭和]]44年）[[3月17日]]に設立。[[2003年]]（[[平成]]15年）[[8月1日]]には、ミサワホーム東海、[[ミサワホーム]]、[[ミサワ東洋]]、[[東京ミサワホーム]]の4社で[[持株会社共同持株会社]]ミサワホームホールディングス（現・ミサワホーム）を設立し同社の傘下となった。[[2016年]]（平成28年）[[4月1日]]には親会社のミサワホームに吸収合併された&lt;ref&gt;{{Citewebdate2015-11-26urlhttp://v4.eir-parts.net/v4Contents/View.aspx?cattdnet&amp;sid1307185title完全子会社であるミサワホーム東海株式会社の吸収合併に関するお知らせformatPDFpublisherミサワホーム株式会社accessdate2016-11-27}}&lt;/ref&gt;&lt;ref&gt;{{Citeweburlhttp://www.misawa.co.jp/corporate/about/enkaku.htmltitle沿革publisherミサワホーム株式会社accessdate2016-11-27}}&lt;/ref&gt;。
イビデングリーンテック株式会社,高等女学校令は従来、[[中学校令]]（明治19年勅令第15号）14条&lt;ref&gt;[http://www.mext.go.jp/b_menu/hakusho/html/hpbz198102/hpbz198102_2_061.html中学校令中改正追加ノ件（明治24年勅令第243号）]による改正後の中学校令。このとき、学校制度に関する規定のうちに「高等女学校」の名称がはじめてあらわれた。もっとも改正令公布当時にはすでに「高等女学校」としては[[東京女子高等師範学校東京女子師範学校]]附属高等女学校（現・[[お茶の水女子大学附属中学校]]・[[お茶の水女子大学附属高等学校]]）があり、ほかにも女子に対して中等教育を行う公私立の教育機関は存在した。&lt;/ref&gt;および高等女学校規程（明治28年文部省令第1号）&lt;ref&gt;[http://www.mext.go.jp/b_menu/hakusho/html/hpbz198102/hpbz198102_2_063.html高等女学校規程（明治28年文部省令第1号）]、[http://www.mext.go.jp/b_menu/hakusho/html/hpbz198102/hpbz198102_2_064.html高等女学校規程ニ関スル説明]。&lt;/ref&gt;に基づく[[尋常中学校]]の一種として設置された[[高等女学校]]について新たに独立した勅令を定めて、その内容を充実拡大させたものである。
菅原木工,「[[宮大工]]」の技を生かして数々の住宅も手掛けている。また、菅原木工前代表である菅原武美は「宮大工」としての技を評価され、岩手県の卓越技能者、「現代の名工」として菅原木工に多大なる功績をもたらした。{{Clear}}
九鉄工業株式会社,創業時の経緯から[[鉄道]]関係の工事を得意としており、土木工事が全売り上げの52.9%（[[2006年]]）を占めている。特に関わりの深い[[九州旅客鉄道]]（JR九州）は、同社の筆頭[[株主]]であり、公共工事とJR発注の工事で全体の76.9%（2006年）を占める。鉄道建設および[[保線]]をはじめとするメンテナンス事業に強みを持ち、[[土木]]、[[建築]]、[[線路(鉄道)線路]]、[[安全]]の4つの部門を事業の柱としている。
暁飯島工業株式会社,ゼオライトは[[成分]]に含まれている[[水]]とアルミノケイ酸塩骨格との結びつきが弱いため、[[加熱]]すると容易に水を脱離して[[沸騰]]しているように見え、このことから[[ギリシャ語]]の{{Langelzeo}}（沸騰する）と{{Langellithos}}（[[石]]）を合わせて名付けられた。[[1756年]]、[[スウェーデン]]の[[鉱物学者]]Cronstedtが[[アイスランド]]にて[[火山岩]]の調査中に発見し、命名したとされる&lt;ref&gt;[http://sinsei-zeolite.co.jp/zeolight/index.html天然ゼオライトとは？]&lt;/ref&gt;&lt;ref&gt;{{citejournalfirstR.M.lastBerrercoauthorstitleZeolitesandClayMineralsasSorbentsandMolecularSievesjournalAcademicPressvolumepages1year1978doi}}&lt;/ref&gt;。ゼオライトは微細なものも含めると、[[火成岩]]、[[堆積岩]]、[[変成岩]]の全てにおいて非常に多様な[[岩石]]に含まれている。産出地は沸石水として[[結晶]]の中に水がたくさん含まれていることからわかるように、水に富んでいる環境であることが多い。また、概してゼオライトは100℃程度の比較的低温の[[熱水]]から晶出する。そのような地質環境が実現する主な場所としては、[[溶岩]]と水が相互作用する場所（[[温泉]]地帯、[[枕状溶岩]]など）や、[[ペグマタイト鉱床]]での末期の生成物、さらには岩石の隙間に[[地下水]]が浸入する場所、などが挙げられる。特に溶岩と水が相互作用する場所では、大きな[[晶洞]]が生じやすく、良質で美しい鉱物標本を多産することがある（[[インド]]中部の[[デカン高原]]など）。日本も[[北海道]]、[[東北地方]]、[[北関東]]、[[中国地方]]などで豊富に産出され、特に[[島根県]]などが主な産地である&lt;ref&gt;[http://www.astec-tokyo.co.jp/reference/zeolite.htmlゼオライトとは]&lt;/ref&gt;。
首都高技術株式会社,[[大千軒岳]]登山道入口のアクセス道路となっているが、上ノ国町側は災害による通年通行止、松前町側も冬季は通行止となる。
株式会社E・C・R,本業は[[携帯電話]]の通信基地局の設置で[[NTTドコモ]]などの基地局を請け負う。一方で'''自産自消'''を合い言葉にした農業体験プロジェクトが有名である。
株式会社フソウ,"[[1915年]]に開発され、[[フランス陸軍]]の標準手榴弾として採用された。初期モデルはシンプルな打撃式信管で、使用時はキャップを外し、硬いものに叩きつけて撃発・投擲する方式であった。[[1916年]]からは[[ミルズ型手榴弾]]を参考とした改良が行われ、[[ばねスプリング]]の力を用いたフライオフレバー（ネズミ捕り）式の撃発装置に安全ピン・安全レバーが採用されると共に、[[銃用雷管]]が使用されるようになった。このフライオフレバー式は後に改良された物も含めて広く普及し、現在でも[[アメリカ軍]]などの手榴弾の点火方法として使用されている。F1手榴弾の完成後は[[アメリカ合衆国]]や[[フィンランド]]などの国々に輸出され、特にアメリカではこのF1手榴弾を参考に[[マークI手榴弾]]及び[[マークII手榴弾]]を開発している。また、[[ロシア]]では、[[1918年]]から[[1922年]]に起こった[[ロシア内戦]]においてフランスから譲渡されたものが白軍によって使用され、[[ソビエト連邦]]では後に[[F1手榴弾同名の手榴弾]]として国産も行っている。[[Category:手榴弾えふわんしゆりゆうたん]][[Category:フランス陸軍の小火器えふわんしゆりゆうたん]]</text><sha1>gpzemc3aud8z0scb1kr244u87b3mpqg</sha1></revision></page><page><title>マリオ・ボラッティ</title><ns>0</ns><id>1982088</id><revision><id>67323266</id><parentid>67233304</parentid><timestamp>2018-02-11T08:05:00Z</timestamp><contributor><username>CallTenderas</username><id>169753</id></contributor><minor/><comment>sty</comment><model>wikitext</model><format>text/x-wiki</format><textxml:space""preserve"">{{サッカー選手名前マリオ・ボラッティ本名マリオ・アリエル・ボラッティ&lt;br/&gt;MarioArielBolatti愛称カタカナ表記アルファベット表記MarioBOLATTI原語名原語表記国{{ARG}}&lt;br/&gt;{{ITA}}誕生日{{生年月日と年齢1985217}}出身地{{仮リンクラ・パラesLaPara}}身長190cm体重82kg所属チーム名{{FlagiconARG}}{{仮リンクCAボカ・ウニドスenBocaUnidos}}ポジション[[ミッドフィールダーMF]](DMF)背番号5利き足右足ユース年11996-2003ユースクラブ1{{FlagiconARG}}[[CAベルグラーノベルグラーノ]]年12003-2007クラブ1{{FlagiconARG}}[[CAベルグラーノベルグラーノ]]出場186得点11年22007-2009クラブ2{{FlagiconPRT}}[[FCポルトポルト]]出場215得点20年32009クラブ3→{{FlagiconARG}}[[CAウラカンウラカン]](loan)出場336得点35年42010-2011クラブ4{{FlagiconITA}}[[ACFフィオレンティーナフィオレンティーナ]]出場422得点40年52011-2015クラブ5{{FlagiconBRA}}[[SCインテルナシオナルインテルナシオナウ]]出場530得点51年62013クラブ6→{{FlagiconARG}}[[ラシン・クラブ]](loan)出場616得点60年72014-2015クラブ7→{{FlagiconBRA}}[[ボタフォゴFRボタフォゴ]](loan)出場78得点71年82015-2017クラブ8{{FlagiconARG}}[[CAベルグラーノベルグラーノ]]出場831得点85年92017-クラブ9{{FlagiconARG}}[[CAボカ・ウニドスボカ・ウニドス]]出場90得点90クラブ成績更新日2017年10月1日代表年12009-代表1{{ARGf}}代表出場112代表得点11代表成績更新日2014年6月10日}}'''マリオ・アリエル・ボラッティ'''（{{esMarioArielBolatti}}[[1985年]][[2月17日]]-）は、[[アルゼンチン]]・[[コルドバ州]][[ラ・パラ]]出身の[[サッカーアルゼンチン代表同国代表]][[サッカー選手]]。[[CAボカ・ウニドス]]所属。ポジションは[[ミッドフィールダー]]。"
株式会社永大,創設者は[[初見良昭]]。初見は、「蒙古の虎」と呼ばれ武術の達人だった[[高松寿嗣]]に師事し、15年間の修行を経て[[1958年]]（昭和33年）に九流派を受け継いだ。その後1970年代に[[千葉県]][[野田市]]で武神館を起こした。今では世界50か国に道場が存在し、多くの門下生がいる。なお、各地に開かれている道場のうち、野田市の本部道場以外は、五段以上で士道師と宗家に正式に認められている者が、各々で責任を持って開いているものである。基本的に他の支部道場との直接的な関係はない。武神館の武術は実戦的であり、門人には世界各国の軍人や警察関係者も多い。多くの武器を用いた練習も行っている。普通は古流武術では教えない対拳銃用の技や拳銃を用いた場合の技も仮想敵対処として教えているため、一般市民が銃を持つ日本以外の文化圏の国でも護身術としても人気がある。
株式会社アキュラホーム,*起点：栃木県日光市森友（森友交差点、[[国道119号]]交点）*終点：栃木県日光市板橋（板橋交差点）*延長：4.8km*車線数：[[暫定2車線]]（完成4車線）*車線幅員：3.25m
北斗株式会社（ホクトCAD）,125ccクラス決勝レースは、ウェットから徐々にドライに変わっていく路面状況&lt;ref&gt;ただしウェットレースは宣言されなかったため、記録上はドライ扱い&lt;/ref&gt;の中、トップを走行していたポイントリーダーの[[アルバロ・バウティスタ]]がファイナルラップにマシントラブルでスローダウンし、代わって前年度の王者[[トーマス・ルティ]]がトップに立ちシーズン初優勝を果たした。2位には[[ミカ・カリオ]]、3位に[[ファブリツィオ・ライ]]と続いた。バウティスタも何とか走りきって4位でフィニッシュし、ランキングトップの座を維持した&lt;ref&gt;http://www.motogp.com/ja/news/2006/Thomas+Luthi+Return+of+the+champion&lt;/ref&gt;。250ccクラス決勝は自身クラス初となるポールポジションを獲得した&lt;ref&gt;http://www.motogp.com/ja/news/2006/Dovizioso+takes+maiden+pole+in+Le+Mans&lt;/ref&gt;[[アンドレア・ドヴィツィオーゾ]]と、チームメイトの[[高橋裕紀]]のマッチレースとなった。最後は高橋が0.098秒差でドヴィツィオーゾを抑えきり、フル参戦2シーズン目にしてグランプリ初優勝を遂げた。3位には兄の[[青山博一博一]]とのバトルを制したルーキーの[[青山周平(オートレース選手)青山周平]]が入って初表彰台を獲得、ホンダ勢が表彰台を独占した&lt;ref&gt;http://www.motogp.com/ja/news/2006/Takahashi+takes+250cc+victory+as+Dovizioso+suffers+heartbreak&lt;/ref&gt;。MotoGPクラス決勝はウェットレースが宣言されたが、すぐに路面は乾いてほぼドライコンディションの中おこなわれた。序盤にトップに立った[[バレンティーノ・ロッシ]]は21周目にマシントラブルでリタイヤ、代わって[[ダニ・ペドロサ]]がトップとなったが、[[マルコ・メランドリ]]が終盤に速さを見せてペドロサをオーバーテイク、シーズン2勝目を挙げた。この結果ポイントランキングでは[[ニッキー・ヘイデン]]がトップを維持、4ポイント差でメランドリと[[ロリス・カピロッシカピロッシ]]が追う形となった。ここまで苦戦が続く前年度王者のロッシはヘイデンから43ポイント差のランキング8位に甘んじていた&lt;ref&gt;http://www.motogp.com/ja/news/2006/Melandri+takes+victory+in+breathtaking+Alice+Grand+Prix+of+France&lt;/ref&gt;。{{-}}
山創建設株式会社,神奈川県久良岐郡北部の村。現在の[[神奈川県]][[横浜市]][[中区(横浜市)中区]]の東部にあたる。
中設エンジ株式会社,大手総合商社[[伊藤忠商事]]と[[名古屋鉄道]]の[[合弁事業合弁会社]]で[[1968年]]（[[昭和]]43年）[[9月6日]]に設立。オフィスビル、ホテル、マンションや工場、病院などの建築設備や産業設備の企画・設計・施工などを行う。[[2013年]]（平成25年）には名鉄グループの[[豊橋鉄道]]の遊休地約8290坪に[[日本の太陽光発電所メガソーラー]]「新城メガソーラープロジェクト」を建設し、同年[[8月8日]]から運転を開始した&lt;ref&gt;{{Citewebdateurlhttp://www.ce-kk.co.jp/pdf/shinshiro_megasolar.pdftitle新城メガソーラープロジェクトformatPDFpublisher中央設備エンジニアリング株式会社accessdate2013-08-09}}&lt;/ref&gt;。また、この発電所で発電された電力は、20年にわたり[[中部電力]]に売電される&lt;ref&gt;{{Citewebdate2013-03urlhttp://www.ce-kk.co.jp/pdf/topics20130229.pdftitle新城メガソーラープロジェクト（太陽光発電所）を建設formatPDFpublisher中央設備エンジニアリング株式会社accessdate2013-08-09}}&lt;/ref&gt;。
ハイフラックス,2005年、シンガポール政府から受注したアジア最大級の脱塩処理施設の稼動により、シンガポールの水の供給の35%を賄っている&lt;refname&quot;Milestone&quot;&gt;{{citeweburlhttp://www.hyflux.com/abt_milestones.htmltitleCompanyMilestoneaccessdate2010-10-10publisherハイフラックス}}&lt;/ref&gt;。水深50メートルから純度の高い海水を汲み上げて水処理プラントに供給する。2015年現在、同国初の水再生設備と2基の[[海水淡水化]]設備（SWRO、seawaterreverseosmosis）を持つ&lt;ref&gt;http://www.hyflux.com/about-us/who-we-are/&lt;/ref&gt;。近年は水処理事業の収益が減少傾向にあり、シンガポールでは[[ゴミ処理施設]]と水力を組み合わせた発電設備の建設も手がけている&lt;ref&gt;http://www.hyflux.com/solutions/hyflux-energy/&lt;/ref&gt;。ハイフラックスの海外事業展開として、海外400箇所で展開されている&lt;ref&gt;{{citeweburlhttp://www.hyflux.com/abt_presence.htmltitleGlobalPresenceaccessdate2010-10-10publisherハイフラックス}}&lt;/ref&gt;。その中でも大規模なのが、[[2004年]]の[[中華人民共和国]]・[[天津市]]における中国初の脱塩処理施設事業&lt;refname&quot;Milestone&quot;/&gt;、[[2006年]]の[[インド]]への事業進出&lt;refname&quot;Milestone&quot;/&gt;、[[2008年]]の[[アルジェリア]]における脱塩処理施設事業&lt;refname&quot;Milestone&quot;/&gt;である。
株式会社INA新建築研究所,『[[スペースインベーダー]]』（[[タイトー]]）、『[[ギャラクシアン]]』（[[ナムコ]]、後の[[バンダイナムコゲームス]]）同様に、画面上部の敵キャラクターを画面下部の[[カブトムシ]]型の自機を左右に移動させ全て撃ち落とすことが目的となる。敵は画面最下部に配置されたトーチカに相当するブロックを持ち去ろうと降下してくる。このブロックにより&quot;END&quot;の文字を完成させられるとゲームオーバーとなる。また前述2作同様自機のストックが無くなってもゲームオーバーとなる。コナミは本作の発売以前にも『[[スペースウォー(レジャック)スペースウォー]]』や『[[カミカゼ(レジャック)カミカゼ]]』などの開発も手掛けていた[[レジャック]]からの発売だったためか、1989年に発売されたCD『こなみ・すぺしゃる・みゅーじっく千両箱』のDISC3「コナミ・ゲームサウンド・ヒストリー1980-1985」においては本作が最初に紹介されている作品となっている。
多賀建設株式会社,[[Kinect]]を使用し、全身を使ってさまざまな[[洋楽]]のメジャータイトルで踊るダンスゲームである。&lt;br/&gt;ダンスはプロの振付師により作られており、初級者から上級者まで踊りが習得できるように、三段階にレベル分けされている。&lt;br/&gt;ディスクには海外版と同じく全32曲を収録。2011年[[5月24日]]からはXboxLiveにて体験版も配信されている。&lt;br/&gt;また日本語版では、初回限定版のみ追加ダウンロードコンテンツの無料ダウンロードコードが封入された&lt;ref&gt;{{Citewebdate2011-05-26urlhttp://www.famitsu.com/news/201105/26044112.htmltitle『『DanceCentral』の初回特典シークレットDLCはジャネット・ジャクソンの“Control”だったaccessdate2011-05-26}}&lt;/ref&gt;。2011年10月27日には続編の『[[DanceCentral2]]』が発売。邦楽から唯一、[[EXILE]]の楽曲である&quot;IWishForYou&quot;が収録されている。
長電建設株式会社,''ながでんハウス'''・'''BESS長野'''・'''セルコホーム長野中央'''の3ブランドで[[住宅]]建設・[[分譲]]を取り扱うほか、公共[[建築]]・[[土木]]・[[電設]]工事なども請け負う。鉄道系の建設会社らしく、[[鉄道]]の[[軌道]]・[[架線]]工事なども行う。[[善光寺下駅]]前にある本社ビルの上層階は、女性専用[[マンション]]「コリーヌ善光寺下」として賃貸されている。
株式会社佐藤渡辺,
株式会社帯金造園,[[山下智久]]が米国の著名な国道「[[国道66号線(アメリカ合衆国)ルート66]]」を自身の誕生年と同じ[[1985年]]製の米国車「[[シボレーシボレーC20]]」に乗りながら[[シカゴ]]から[[サンタモニカ]]まで3755キロを走破する一人旅に密着する。山下にとってドラマ以外の初レギュラー番組。収録は2011年11月3日から11月18日まで行われ、約3ヶ月に渡って放送された。放送終了から3か月後の2012年7月より山下と同じジャニーズ事務所所属の[[北山宏光]]（[[Kis-My-Ft2]]）による『[[J'JKis-My-Ft2北山宏光ひとりぼっちインド横断バックパックの旅]]』が開始され、9月まで3カ月にわたって継続された。
トヨタウッドユーホーム株式会社,元は、宇都宮産業開発株式会社として設立し、[[1988年]]からは株式会社ユーエスケー（USK）、[[1998年]]には[[トヨタ自動車]]と業務提携することにより、社名をトヨタウッドユーホーム株式会社へと変更した。[[2002年]]にはトヨタ自動車の[[子会社完全子会社]]となった。[[栃木サッカークラブ]]のスポンサーでもある。また過去に、新聞の休刊日には、住宅の宣伝を兼ね、テレビ欄が印刷された「'''休刊日新聞'''」という新聞を発行し（発行元は[[下野新聞]]）、住宅街やアパートなどに配布していた。
斎久工業株式会社,[[運慶]]や[[慶派]]を連想させる造仏を行ったことや、所属仏師に'''慶'''の字を名に用いる者が多いことなどから、慶派の傍流と考えられる。
株式会社ジェイアール西日本ビルト,{{節stub}}
株式会社ネクスコ・メンテナンス新潟,[[2008年]]（[[平成]]20年）[[3月28日]]設立。[[日本道路公団]]時代に、いわゆる「ファミリー企業」と言われた維持管理会社である新潟ロードメンテナンスと関越ロードメンテナンスを母体として設立された、高速道路の維持修繕会社である。主に日本道路公団時代における北陸支社の新潟県区間の全域を担当している。冬期の高速道路上の除雪作業、路面のポットホール（舗装上にできる小径の穴）の補修等に代表される道路構造物の維持補修作業を業務の主体としている。その他、SA・PAの清掃、高速道路内外の樹木雑草の伐採選定管理や高速道路構造物の維持補修を行っている。ヘルメット等は親会社であるネクスコ東日本とデザインを統一しているが、親会社はロゴマークでは「NEXCO東日本」と記載しているがネクスコ・メンテナンス新潟を含むグループ会社は「NEXCO東日本グループ」と記載してある。;事業所*新潟事業所-[[日本海東北自動車道]][[新潟亀田インターチェンジ]]内*長岡事業所-[[関越自動車道]][[長岡インターチェンジ]]内*上越事業所-[[北陸自動車道]][[上越インターチェンジ]]内*湯沢事業所-関越自動車道[[湯沢インターチェンジ(新潟県)湯沢インターチェンジ]]内、[[小出インターチェンジ]]内
株式会社ニシケン,*[[1960年]]-「西日本建設資材株式会社」として、建設機械リース、建築資材販売を目的として設立。*[[1961年]]-福岡市に第1号の営業所を設置した。以後[[福岡県]]・[[佐賀県]]・[[大分県]]・[[長崎県]]等北部九州地方を中心に事業を展開。*[[1978年]]-初代社名に由来する「株式会社西建」に社名変更。*[[1992年]]-九州地方以外で初めて[[広島県]]に営業所を開設。*[[1998年]]-株式会社セイユー（[[西友]]とは別法人）と合併。*[[1999年]]-事業多角化を目指し、まず[[福祉]]事業を展開。*[[2001年]]-社名を漢字の「株式会社西建」からカタカナの「株式会社ニシケン」（現社名）に再変更。以後、[[印刷]]、[[環境]]、[[ペット]]、[[アグリビジネスアグリ]]など事業拡大。*[[2010年]]-全国展開を進めていくにあたり、[[東大阪市]]、[[西宮市]]、[[東京都]][[港区(東京都)港区]]等に営業所を開設。*[[2011年]]-エレクトロニクス事業に進出。
今岡工業株式会社,広義では、[[乗馬]]中における礼節である'''馬上礼'''（ばじょうれい）なども路頭礼に含まれるが、馬上礼に関しては律令の[[儀制令]]（在路相偶条）やそれを受けた『[[延喜式]]』弾正式（27・28条）の規定によってその原則が確立されていた。「路頭礼」に関して問題になったのはもっぱら[[牛車]]に乗車中に他者と遭遇した際の礼法のことであり、[[公家]]社会において「路頭礼」と言えば[[牛車]]における[[作法]]のことを指した。日本において貴人が牛車に乗る風習が広まったのは、[[平安時代]]（[[9世紀]]後半から[[10世紀]]前半）に入ってからのことであり、それ以前に制定された[[大宝律令]]や[[養老律令]]、諸格式などには牛車乗車時の作法に関する規定が存在しなかった。わずかに[[藤原道長]]政権下で制定された[[長保元年令]]において[[蔵人]]や[[殿上人]]などの一部例外を除いた六位以下の者が牛車に乗車することを禁じた規定があるのみで、牛車での往来時の路頭礼に関しては[[先例]]・[[慣習]]に依拠するか、『[[西宮記]]』『[[江家次第]]』『[[法曹至要抄]]』などに記された作法（ただし、その内容は先例・[[慣習]]に依拠している）に従うしかなかった。だが、先例・慣習という曖昧な根拠にした路頭礼は、その解釈を巡ってしばしば衝突の原因となった。[[藤原頼長]]が[[平信兼]]を[[解官]]した事件や[[松殿基房藤原基房]]と[[平重盛]]の間の[[殿下乗合事件]]なども、その一因として路頭礼を巡るトラブルの要素があったとされている。[[鎌倉時代]]後期、[[亀山天皇]]の下で編纂された『[[弘安礼節]]』の中でこれまでの先例・慣習が整理されて、路頭礼の標準化・公定化が図られた。例えば、牛車同士がすれ違った場合、当事者間の身分格差の大きさに従って下位の者が扣車（停車して道を譲る）・税駕（牛を牛車から外す）・下車・蹲踞・平伏（蹲踞と平伏は下車した上で行う）など、相手に対する[[礼]]を示す行動を採ることが求められた（例えば、すれ違った相手が[[親王]]・[[摂家摂関]]であった場合、[[中納言]]以上であれば扣車のみであるが、五位の[[地下人地下]][[諸大夫]]であれば下車平伏をする必要があった）。だが、[[官位]]制度の中で序列を図ると言う原則を取りながら、[[家格]]などによる斟酌という曖昧な要素が規定に取り込まれたために、トラブルを完全に排除することができなかった。更に[[室町幕府]]成立以後、官位は低いものの実質的な地位はそれよりも高い[[武家]]（武家の官位は[[征夷大将軍将軍]]を別格とすれば、[[管領]]をはじめほとんどが四位以下で中には無位無官の者もいた）が京都に常駐するようになると、『弘安礼節』による路頭礼も形骸化せざるを得なかった（地方出身が多い[[武士]]は公家社会の路頭礼について知らない、もしくは無視していたため。その極端な例が後者の処刑にまで発展した[[光厳天皇光厳上皇]]と[[土岐頼遠]]のトラブルである）。更に公家社会の経済的な困窮から[[宮家]]や[[摂家摂関家]]ですら牛車を用いることができなくなっていった&lt;ref&gt;桃崎、2010年、P280-288・306-309・315-317&lt;/ref&gt;。また、武家社会の間でも路頭礼があったと考えられている。武家社会の路頭礼における標準化・公定化の動きは確認することはできないが、[[室町時代]]後期（[[15世紀]]後半）『[[鎌倉年中行事]]』や『[[御供古実]]』などの武家故実書の中には路頭礼の存在を示した記述がある。もっとも、組織形態も身分秩序も公家社会とは異なる武家社会の路頭礼は、独自の発展をとげていった。例えば、武家社会では牛車が用いられることはなかった（[[鎌倉殿]]・[[室町将軍室町殿]]の参内は例外）ため、牛車の路頭礼が見られない代わりに、武家同士における馬上礼が路頭礼の中核を占め、また武家で用いられることが多かった[[輿]]に関する路頭礼があった。
日鉄オフショアコンストラクション株式会社,大手鉄鋼メーカー日本製鉄傘下の建設業者・日鉄エンジニアリングが出資する企業である。日鉄エンジニアリングが行う[[海底油田海底石油]]・[[天然ガス]]生産施設（[[石油プラットフォームプラットフォーム]]や海底[[パイプライン輸送パイプライン]]）の建設工事を行う建設業者。
ダイオーエンジニアリング株式会社,環境エンジニアリング事業では、[[リサイクル]]設備や装置の製造、大気浄化や水質浄化設備の建設を行い、2011年には、40年にわたる環境関連整備の技術開発が認められ「愛媛県認定優良循環型事業所」に選ばれた&lt;ref&gt;[http://www.pref.ehime.jp/h15700/4731/kigyou/k_2306.html愛媛県庁ホームページ3R企業愛媛県認定優良循環型事業所平成23年]閲覧&lt;/ref&gt;。電子機器事業部では、光センサー式枚数計や磁気・[[ICカード]]検査装置等の開発から制作・販売までを行っており、2012年7月には、微弱な電波を使用して鶏卵パックの中身を検査する「鶏卵中身有無検査装置」の開発を行い、特許を取得している&lt;ref&gt;[http://www.keimei.ne.jp/article/20120725p1.html鶏鳴新聞]2012年7月25日発行&lt;/ref&gt;。2013年4月1日、同社の大株主であり大王製紙の連結子会社であるダイオーメンテナンス株式会社を吸収合併、メンテナンス事業部とした。
株式会社アイネックス,株式会社アイネックスは、外装事業部、ハウジングNext事業部、エコマテリアル事業部の3事業部からなり、それぞれ新築戸建住宅の外装工事、既存建築物の[[リフォーム]]・リニューアル工事、現場発泡型吹付[[ウレタン]]をはじめとする各種[[断熱]]工事、[[太陽光発電]]システムの設置工事などを行なっている。また、ハウジングNext事業部は本社と所在が異なる。1998年（平成10年）に現・代表取締役の早坂宣則が“早坂建装”として創設し、主に[[新築]][[戸建]][[住宅]]の外壁工事（窯業サイディング工事）を請け負っていた。2002年（平成14年）に“早坂建装”から“有限会社建装工業”に法人化。2007年（平成19年）には[[屋根]]工事や[[雨樋]]工事など、サイディング以外の工種も積極的に請け負うようになり、建装工業株式会社として[[組織]]変更を行なっている。2012年(平成24年)4月に本社を移転し、“株式会社アイネックス”に社名変更。「&quot;InEx&quot;」の名称は「&quot;InteriorandExterior&quot;」「&quot;IndustryNext&quot;」「&quot;IdeaNext&quot;」の、それぞれの文字を綴ったものである。キャッチコピーは「家づくりの”+1（プラスワン）”に。」
セコムアルファ株式会社,過去の翻訳資産を有効活用し、翻訳品質を向上させるために開発されたツール。&lt;br&gt;大量の辞書と対訳集を一気に検索する辞書用例検索[[対訳君]]と組み合わせて使うことができる。対訳データは、[[PDF]]、[[Excel]]、[[Word]]などの[[フォーマット]]で保存されているドキュメントファイルから、原文と訳文を読み込んで、一文一文の対訳として[[文アライメントアライメント]]することにより作成することができる。この対訳データを[[TRADOS]]の翻訳メモリにインポート可能な[[TMX]]ファイルやその他ツールで利用可能な[[TSV]]形式に書き出すことができる。また、専門用語や規定用語などを予め登録しておくことで、それらの用語が正しく使用されているかをチェックする「用語チェック」機能もある。&lt;br&gt;さらに、数字・略語・記号・単位が正しく対訳で使用されているかどうかをチェックする「基本チェック」機能もある。
株式会社ビーアールホールディングス,虎ノ門ヒルズの47階-52階および37階、1階に入居する&lt;refname&quot;luxuryhotel&quot;&gt;[http://luxuryhotel.jp/130920-andaz-tokyo-hotel-roppongi-studio.html【アンダーズ東京詳細まとめ】六本木「アンダーズスタジオ」に行ってきた]-LuxuryHotel.JP・[[2013年]][[9月22日]]&lt;/ref&gt;。ブランド名の「アンダーズ」は[[ヒンディー語]]で「パーソナルスタイル」を意味する言葉で、同ブランドのホテルとしては12番目の開業となる&lt;refname&quot;fp130916&quot;&gt;[http://www.fashion-press.net/news/7963ハイアットの高級デザインホテル「アンダーズ東京」が2014年夏に日本初上陸]-FASHIONPRESS・2013年[[9月16日]]&lt;/ref&gt;。運営は[[森ビル]]グループの森ビルホスピタリティコーポレーション。同社はグランドハイアット東京の運営会社でもあるため、同ホテルとは兄弟関係になる&lt;ref&gt;[http://www.mori.co.jp/company/press/release/2012/12/20121213140000002549.htmlハイアットの革新的なブランド「アンダーズ」が日本初進出環状二号線III街区のホテルが「アンダーズ東京」に決定]-森ビル・[[2012年]][[12月13日]]&lt;/ref&gt;。森ビルでは当ホテルを「虎ノ門ヒルズの考え方を凝縮した存在」と捉えているという&lt;ref&gt;[http://trendy.nikkeibp.co.jp/article/column/20131205/1053925/?STlife&amp;P3森ビルが虎ノ門ヒルズに新ホテル「アンダーズ」を導入する狙いは?（3/3）]-日経トレンディネット・2013年[[12月5日]]&lt;/ref&gt;。正式オープンに先立ち、[[2013年]][[9月6日]][[六本木ヒルズ]]内に「アンダーズスタジオ」を開設し、各種先行イベントを行っていた&lt;ref&gt;[http://www.hoteresweb.com/news/2013/09/0906-02.htmlハイアット「アンダーズ東京」のプレオープニングスペースが9/6オープン]-HOTERESWEB・2013年[[9月6日]]&lt;/ref&gt;。[[東京国際空港羽田空港]]、[[成田国際空港成田空港]]を結ぶ[[東京空港交通リムジンバス]]も当ホテルに発着する。
株式会社谷脇組,専門は、政治思想史・政治学。研究テーマは、思想研究として近代社会契約説、自治の思想、補完性原理、コミュニティ論、社会的実践として、市民自治、市民参加・協働のまちづくり。[[千葉テレビ放送千葉テレビ]]『[[NEWSチバNEWSチバ930]]』に、コメンテーターとして出演中。&lt;refname&quot;sekiya&quot;&gt;[http://www.noborusekiya.com/lectures.html「関谷昇出演情報」より&lt;/ref&gt;。千葉県を中心として全国各地で市民自治関連の講演を行っている。&lt;ref&gt;[http://www.city.ueda.nagano.jp/hp/seiki/0020/20130429150159208.html上田市役所-過去の「まちづくり講演会」]&lt;/ref&gt;&lt;ref&gt;[http://www.city.nagareyama.chiba.jp/life/38/12589/001780.html新たなまちづくりに関するシンポジウムを開催流山市上田市役所-過去の「まちづくり講演会」]&lt;/ref&gt;。
株式会社タケダ造園,[[File:Artus2.jpgthumbアーサー王像&lt;br&gt;（[[アルブレヒト・デューラー]]作、[[ペーター・ヴィッシャー]]鋳造、[[1480年]]頃、[[インスブルック]]宮廷内教会）&lt;ref&gt;{{HarvnbBarber1986p141}}&lt;/ref&gt;]]中世の歴史書や[[騎士道物語ロマンス]]では、アーサー王は[[6世紀]]初めにローマン・ケルトのブリトン人を率いて[[アングロサクソン人サクソン人]]の侵攻を撃退した人物とされる。一般に[[アーサー王物語]]として知られるものはそのほとんどが民間伝承や創作によるものであり、アーサー王が本当に実在したかについては2017年時点でも歴史家が議論を続けている&lt;ref&gt;{{HarvnbHigham2002pp1137}}hasasummaryofthedebateonthispoint.&lt;/ref&gt;。彼の史実性を証明する記述は『[[カンブリア年代記]]（AnnalesCambriae）』、『[[ブリトン人の歴史]]（HistoriaBrittonum）』、および[[ギルダス]]著『[[ギルダス#ブリトン人の没落ブリタニアの略奪と征服]]（DeExcidioetConquestuBritanniae）』に断片的に残されている。また、アーサーという名前は『[[ア・ゴドディン]]（YGododdin）』などの初期の中世ウェールズ詩にも見られる&lt;ref&gt;{{HarvnbCharles-Edwards1991p15}};{{HarvnbSims-Williams1991}}.''YGododdin''cannotbedatedprecisely:itdescribes6th-centuryeventsandcontains9th-or10th-centuryspellingbutthesurvivingcopyis13th-century.&lt;/ref&gt;。伝説上の王としてのアーサー王は、[[12世紀]]の[[ジェフリー・オブ・モンマス]]による歴史書『[[ブリタニア列王史]]（HistoriaeRegumBritanniae）』が人気を博したことにより国を越えて広まった&lt;ref&gt;{{HarvnbThorpe1966}}butseealso{{HarvnbLoomis1956}}&lt;/ref&gt;。ジェフリー以前の[[ウェールズ]]や[[ブルターニュ]]の伝承にもアーサー王に関するものが存在するが、それらの中では超自然的な存在や人間からブリタニアを守る屈強な戦士として、あるいはウェールズ人のあの世である[[アンヌン]]（Annwn）に関係を持つ魔法的な人物として描かれている&lt;ref&gt;See{{HarvnbPadel1994}};{{HarvnbSims-Williams1991}};{{HarvnbGreen2007b}};and{{HarvnbRoberts1991a}}&lt;/ref&gt;。[[1138年]]に『列王史』を書き上げたとされるジェフリーがこれらをどれほど利用したか、利用したとしてその割合は彼自身が創作した部分より多かったかなどについては詳しくわかっていない。アーサー王伝説は作品によって登場人物、出来事、テーマがかなり異なるため、原典となる作品が存在しない。ただし、ジェフリーの『列王史』が後の作品群の出発点になったことは確かである。ジェフリーの描くアーサーは、サクソン人を撃退し、[[ブリテン島ブリテン]]、[[アイルランド]]、[[アイスランド]]、[[ノルウェー]]、[[ガリア]]（現在の[[フランス]]）にまたがる大帝国を建設した人物となっている。アーサーの父[[ユーサー・ペンドラゴン]]、魔法使い[[マーリン]]、王妃[[グィネヴィア]]、[[エクスカリバー]]、[[ティンタジェル城]]、[[モルドレッドモードレッド]]との最終決戦（[[カムランの戦い]]）、アーサー王の死と[[アヴァロン]]への船出といった、現在のアーサー王物語になくてはならない要素やエピソードの多くがジェフリーの『列王史』の時点ですでに登場している。12世紀のフランスの詩人[[クレティアン・ド・トロワ]]はこれらにさらに[[ランスロット]]と[[聖杯]]を追加し、アーサー王物語を中世[[騎士道物語]]の題材の一つとして定着させた。ただし、フランスのロマンスでは、アーサー王よりも円卓の騎士を始めとするほかの登場人物に話の中心が移っていることが多かった。アーサー王物語は中世にひろく流行したが、その後数世紀のうちに廃れてしまった。しかし、[[19世紀]]に人気が復活し、[[21世紀]]の今でも[[文学]]としてのみならず、[[演劇]]、[[映画]]、[[テレビドラマ]]、[[漫画]]、[[ビデオゲーム]]など多くのメディアで生き続けている。
豊通ファシリティーズ株式会社,[[File:ObservatoryinMongasaki.jpgthumb展望台より見える[[もんじゅ]]]][[File:EsplanadeinMongasaki.jpgthumb門ヶ崎の遊歩道と白木漁港]]門ヶ崎は、日本海に突き出た[[花崗岩]]特有の[[方状節理]]で形成された断崖[[絶壁]]で、海側から見ると左右に張り出した高さ約30mの巨大な門柱のように見える岩と[[海食洞]]からなっている&lt;refname&quot;組成&quot;&gt;{{文化遺産オンライン206404門ヶ崎}}&lt;/ref&gt;&lt;ref&gt;{{Citewebauthoryearurlhttp://www.erc.pref.fukui.jp/gbank/tokusei/d0025a.htmltitle福井県のすぐれた自然データベース「敦賀市門ヶ崎の海食地形・節理」publisher福井県自然保護課accessdate2016-02-13}}&lt;/ref&gt;。展望台からは通常岩陰になり夕日が海に沈むところを見られないが、夏至前後の数日間だけ海に沈むところをみられる。&lt;refname&quot;若狭路かんたんナビ&quot;&gt;{{Citewebauthoryearurlhttp://www.wakasaji-navi.com/sp/flower_detail.php?xid1696title若狭路かんたんナビ「門ヶ崎の夕日（白木）」publisher一般社団法人若狭湾観光連盟accessdate2016-02-13}}&lt;/ref&gt;周辺にあるクロマツ林は本県の海岸付近に広く帯状に見られるが、そのほとんどは防風・防潮林として植林されたものである。しかしここのクロマツ林は植林されたものではなく、風衝断崖地に成立した土地的極相と考えられる。&lt;ref&gt;{{Citewebauthoryearurlhttp://www.erc.pref.fukui.jp/gbank/tokusei/d0004f.htmltitle福井県のすぐれた自然データベース「門ヶ崎のクロマツ林」publisher福井県自然保護課accessdate2016-02-13}}&lt;/ref&gt;
株式会社ランテック,*建築物の基礎となる鉄筋工事を専門に鉄筋の加工、施工を行っている。*鉄筋加工、鉄筋工事のほかに施工図の作成や、鉄筋の販売、建築・リフォームも手がけている。
株式会社岐阜造園,造園専業では日本で唯一の[[上場企業]]&lt;ref&gt;https://www.nikkei.com/article/DGXKZO08666170R21C16A0DTA001/&lt;/ref&gt;。1級造園施工管理技士20名、1級造園技能士5名&lt;refname&quot;company&quot;&gt;[http://www.gifu-zohen.co.jp/company/index.html岐阜造園│会社概要]&lt;/ref&gt;が在籍する造園会社。公園や駅など不特定多数の人が訪れるパブリックスペースの緑化工事（ランドスケープ）や個人住宅の庭園・外構工事（ガーデンエクステリア）などを行う。&lt;refname&quot;ichi&quot;/&gt;屋上緑化、壁面緑化&lt;ref&gt;2007年11月16日建通新聞中部版&lt;/ref&gt;、屋内緑化&lt;ref&gt;2015年7月3日岐阜新聞朝刊&lt;/ref&gt;などを施工するほか、CSR活動として「企業との協働による森林づくり」活動に注力する&lt;ref&gt;2016年3月30日岐阜新聞朝刊&lt;/ref&gt;。
三和電気土木工事株式会社,日本に初めて電灯が普及した黎明期に重電機器メーカー川北電気企業社の電気工事部門として設立された。川北電気土木工事株式会社が元でその後三和電気土木工事と改称された。&lt;ref&gt;電気工事業史研究会編著『物語　電気工事業発達史』電気工事業協議会　1992年　113頁&lt;/ref&gt;川北電気企業社は1930年（昭和5年）の世界恐慌で倒産するが、扇風機製造部門は生き残り現在の[[パナソニックエコシステムズ]]となる。電気工事会社の[[老舗]]で独立系として東京より西で展開している。
日本基礎技術株式会社,1953年11月、大阪市北区[[松ケ枝町(大阪市)松ケ枝町]]に日本グラウト工業[[株式会社]]が設立。日本各地に支店が開設され、1985年4月に[[新技術開発]]株式会社と合併、日本基礎技術株式会社に商号変更&lt;ref&gt;「日本グラウトと新技術開発、企業基盤強化へ4月1日に合併。」.『[[日本経済新聞]]』.1985年2月9日付朝刊、6面。&lt;/ref&gt;。日本グラウト工業の創業者は農林省（現在の[[農林水産省]]）出身で、会社の設立当時は米の増産に伴うため池の地盤改良の為のグラウト（薬液投入）工事を行っていた。現在でもため池のグラウト工事の技術を利用したダムのグラウト工事が当社の主要事業の一つとなっている&lt;ref&gt;「日本基礎技術——ダム工事、技術に磨き、新堀削機で都市部も強化（収益源を探る）」.『[[日経金融新聞]]』.1993年4月19日付朝刊、17面。&lt;/ref&gt;。1988年11月に[[大阪証券取引所]]市場第2部に株式を上場&lt;ref&gt;「日本基礎技術——ダム地盤など改良が中心（新規上場株の横顔）」.『日本経済新聞』.1988年11月11日付朝刊、17面。&lt;/ref&gt;。1993年10月に[[東京証券取引所]]市場第2部に株式を上場。1995年9月に東京証券取引所および大阪証券取引所市場第1部に昇格&lt;ref&gt;[http://www.jafec.co.jp/corporation/history.php　沿革]　2017/1/23閲覧&lt;/ref&gt;&lt;ref&gt;「住友電設など3銘柄大証1部に昇格へ」.『[[産経新聞]]（大阪）』.1995年8月19日付朝刊、経済面。&lt;/ref&gt;。
太平洋エンジニアリング株式会社,太平洋セメントグループのエンジニアリング系子会社である、小野田エンジニアリング株式会社、株式会社アサノテック及び秩父エンジニアリング株式会社の3社が[[2000年]]（平成12年）[[10月1日]]に3社対等の立場で合併し発足した。