大鵬薬品工業株式会社,[[1963年]]（[[昭和]]38年）6月、大塚グループと、[[日本]]主要[[卸業]]者49社の出資により設立された。開発系の医薬[[ベンチャー]]として知られており、「フトラフール」、「ユーエフティ」、「ティーエスワン」などの医家向けの[[抗がん剤]]においてトップシェアを誇っている。このほか、「チオビタドリンク」や「[[ソルマック]]」などの一般向けのヘルスケア品の製造・販売も行っている。[[セロハンテープ]]で知られる[[ニチバン]]の要請により資本参加し、現在法人で[[筆頭株主]]である。また、[[1974年]]に経営破綻した[[近江兄弟社]]の再建を成功させている。
大塚製薬株式会社,微分方程式は通常多くの解を持ち、しばしば解集合を制限する[[境界条件]]を付加して考える。[[常微分方程式]]の場合にはそれぞれの解が幾つかの[[媒介変数パラメータ]]の値によって特徴付けられるような族を解に持っているが、偏微分方程式については、パラメータは関数値をとると考えるほうが有用である（砕けた言い方をすれば、これは解の集合がとても大きいということである）。このことは、ひどく過剰決定的な方程式系でない限りかなり一般に正しい。偏微分方程式は、[[自然科学]]の分野で流体や[[重力場]]、[[電磁場]]といった[[場]]に関する自然現象を記述することにしばしば用いられる。これらの場というものは例えば、[[フライトシミュレーション]]や[[コンピュータグラフィックス]]、あるいは天気予報などといったものを扱うために重要な役割を果たす道具である。また、[[一般相対性理論]]や[[量子力学]]の基本的な方程式も偏微分方程式である。また、[[経済学]]においても重要な概念であり、特に金融工学において多用される。
エスエス製薬株式会社,*現在はOTC（市販向け）医薬品の製造販売に特化した企業である。*かつて行っていた[[処方箋医薬品医療用医薬品]]事業は、[[2005年]][[4月1日]]に撤退（[[久光製薬]]に譲渡）した。*社名のエスエスとはS&amp;Sであり、Science&amp;Societypharmaceuticalの略で、創業者である[[白井正助(初代)白井正助]]のイニシャル（'''S'''hosuke'''S'''hirai）の意味もある。*[[1952年]]以来、現在まで[[ウサギ]]のマーク（[[1998年]]1月1日にリニューアル）で広く知られる。*マスコットキャラクターはウサギの「'''ピョンちゃん'''」で[[因幡の白兎]]がモデルである。かつては薬局の店頭に、電動遊具なども設置されていた。*[[香港]]では、「白虎隊」として知られている。現在の[[キャッチコピー]]は「'''人にいいこと。'''」&lt;ref&gt;[[2011年]][[4月3日]]放送開始の『ホンネ日和』（[[CBCテレビCBC]]）での筆頭提供による提供読みで使われている。&lt;/ref&gt;であるが、[[1980年代]]から[[1990年代]]にかけては「'''ヒト・夢・健康'''」が使われていた。
アサヒフードアンドヘルスケア株式会社,*[[1992年]]3月、[[アサヒビール]]株式会社（旧法人）の食品事業部を分社化、「アサヒビール食品株式会社」設立。*[[1994年]][[3月14日]]、アサヒビールの医薬品事業部を分社化、「'''アサヒビール薬品株式会社'''」設立。*[[1995年]]1月、アサヒビール薬品がアサヒビール漢方製薬株式会社（株式会社千葉実母散の営業権を継承し設立された株式会社千葉漢方医薬研究所が起源）と順興薬品工業株式会社（アサヒビールの子会社）を吸収合併。*[[2002年]]3月、アサヒビール薬品が、株式会社ポーラ化粧品本舗（現[[ポーラ(企業)ポーラ]]）の食品部門子会社「ポーラフーズ株式会社」の全株式を取得し完全子会社化。「[[ミンティア]]」などポーラフーズが発売していた全商品の権利を獲得。*2002年[[7月1日]]、アサヒビール薬品を存続会社としてアサヒビール食品と合併、「'''アサヒフードアンドヘルスケア株式会社'''」に商号変更。*[[2003年]][[1月1日]]、ポーラフーズを吸収合併し、ポーラフーズ全商品の権利を直接保有。*[[2008年]]9月、株式会社サンウェルを吸収合併。*[[2010年]]1月、アサヒビールグループの統一コーポレートスローガン「'''その感動を、わかちあう。'''」を制定。アサヒビール・アサヒ飲料・アサヒフードアンドヘルスケアの3社でこのスローガンを使用する。*[[2011年]]7月、親会社のアサヒビール株式会社（旧法人）が[[持株会社]]移行により「'''[[アサヒグループホールディングス]]株式会社'''」に商号を変更し、アサヒフードアンドヘルスケアは同社の事業子会社となる。*[[2015年]]7月、グループ内の食品事業再編に際し、グループ会社の[[和光堂]]株式会社及び[[天野実業]]株式会社との共同[[株式移転]]により、アサヒグループホールディングスが同社の完全子会社として「'''アサヒグループ食品株式会社'''」を設立。*[[2016年]]1月、グループ内の食品事業再編に伴い、営業・[[マーケティング]]・研究開発・SCM・管理などの各部門を吸収分割によりアサヒグループ食品株式会社に移管し、同社傘下の製造部門における子会社となる。*[[2017年]]7月1日、和光堂株式会社及び天野実業株式会社とともにアサヒグループ食品株式会社に吸収合併&lt;ref&gt;{{Citepressreleasetitleアサヒグループ食品製造3社吸収合併のお知らせpublisherdate2017-04-03urlhttp://www.asahi-gf.co.jp/company/newsrelease/2017/0403/accessdate2017-05-27}}&lt;/ref&gt;。なお、一時期アサヒビールの出資子会社だった[[鳥居薬品]]とは、製品や販売・流通上の関係は一切無かった。
三共株式会社,イートン・カレッジの生徒は13歳から18歳までの少年約1300人ほど（1学年あたり250人ほど）で、学費は年34000[[ポンド(通貨)ポンド]]に達する。そのうち試験によって、1学年で14人ほどだけが、学費の10%をまかなう[[奨学金]]を受け「王の学徒（[[:en:King'sScholarKing'sScholar]]）」、一般には「カレッジャー」と呼ばれ、「'''カレッジ'''」に住む事ができる。これは元来、学校が[[ヘンリー6世(イングランド王)イングランド王ヘンリー6世]]の創設によるもので、当時は1学年14人、全校で70人で、全員が王によって学費を保障されていたことにちなむ。残りの生徒は「'''ハウス'''」に住み、「オピダンズ（Oppidans）」と呼ばれる（オピダンズとは「町の子」の意味。[[ラテン語]]の「町（[[オッピドゥム]]、Oppidum）」にちなみ、かつて70人から徐々に増えていった分の生徒はイートンの対岸のウィンザーの町の下宿から通っていたことによる。後にマナーの教育を徹底させるためハウスという寮に入れることになった）。多くのハウスがあり、それらはハウスに生徒とともに住んでいる教師（寮長）のイニシャルをとって呼ばれている。イートン・カレッジは、イギリスの各界指導層を構成している[[OB]]（alumni）たちの存在で有名であり、また独自の用語や伝統が数多く残されていることでも知られる。特に黒の[[燕尾服]]、チョッキ、ファルスカラー、ピンストライプのズボンにタイという制服は今も変わらず異彩を放っている。現在の制服は[[ジョージ3世(イギリス王)ジョージ3世]]の葬儀の際に喪服として着られ、そのまま定着したものである。また、校内で属する集団（Popと呼ばれる指導的立場の生徒集団、SixthFormSelectと呼ばれる成績優秀者集団など）によってチョッキのボタンやズボンなど細部が異なっているので、どういう集団の一員かが一目で分かる。「王の学徒」は黒いガウンを着ることが要求される。ほかに特徴的な伝統は、イートン・ウォール・ゲーム([[:en:Etonwallgameen]])（[[サッカー]]と[[ラグビー]]が混ざったような球技）とイートン・フィールド・ゲーム([[:en:Etonfieldgameen]])（サッカーに似た球技）という二つの[[球技]]である。
協和発酵キリン株式会社,1937年に[[宝ホールディングス寳酒造]]・[[オエノンホールディングス合同酒精]]・大日本酒類醸造の共同出資によって設立された「協和化学研究所」を淵源としている。当時は軍事用として[[アセトン]]・[[ブタノール]]や[[イソオクタン]]の必要性が高まっており、[[アルコール発酵]]の応用でアセトン・ブタノールやイソオクタンの[[微生物]][[発酵]]による合成を研究することが主目的であった。1944年には製造プラントの稼動に漕ぎ着けたが、[[眠り病(発酵)眠り病]]などの[[異常発酵]]の解決に手間取り、実際に量産体制を整えたのは終戦後の1948年にまでずれ込んだ。その後戦時中の被害からの企業再整備に伴い、1949年に現在の会社を設立。[[加藤辨三郎]]が初代社長に就任し、発酵技術を基盤として[[ペニシリン]]や[[ストレプトマイシン]]などの医薬品製造や[[焼酎]]をはじめとした醸造業として再出発した。1955年には[[合成清酒]]「利久」の醸造元だった利久発酵工業（理化学興業（株）、理研酒工業）を、1960年には「ダイヤ焼酎」などの醸造元だった日本酒類（大日本酒類醸造の後身）をそれぞれ吸収合併して酒類事業を拡大させる一方で、飼料や食品添加物、化学品への製造・販売にも進出した。2000年以降は事業再編を精力的に行った。2002年9月に酒類部門を[[アサヒビール]]と合弁・分社化した「[[アサヒ協和酒類製造]]」に移行し、なお且つ酒類製造子会社であった'''サントネージュワイン'''（山梨県）、ほか2社の所有株式全てをアサヒビールへ譲渡。その後、2005年にアサヒビールとの合弁を解消し、現在はアサヒビールの子会社の[[ニッカウヰスキー]]が協和酵工業が製造発売していた[[焼酎]]（大五郎、かのか、玄海）・[[ワイン]]の製造を引き継いでいる（アサヒ協和酒類製造は2006年1月1日付けでニッカウヰスキーと合併した）。[[フリーズドライ]][[スープ]]の「本格派・たまごスープ」などで知られる[[食品]]・[[調味料]]事業については、2005年4月1日に「協和発酵フーズ」として分社。その後、キリンビールグループとの経営統合により、2009年4月1日にキリンフードテック（旧・武田キリン食品）と統合し、[[MCフードスペシャリティーズキリン協和フーズ（現、MCフードスペシャリティーズ）]]が発足した。化学品部門は、化学品製造子会社である協和油化（1966年設立）と2004年に統合し、協和発酵ケミカル（現、[[KHネオケム]]）となった。2007年10月、キリングループとの戦略的提携（キリン傘下入り）を発表。まず[[キリンホールディングス]]が友好的[[株式公開買付けTOB]]によって協和酵工業株式28.49%を取得。そして[[2008年]]4月1日、協和酵工業がキリングループの医薬品事業会社である[[キリンファーマ]]を株式交換により完全子会社化。キリンホールディングスの株式保有比率は50.10%となり、同社の連結子会社となった。協和酵工業・キリンファーマ両社は、2008年10月1日に協和酵工業を存続会社として合併し'''協和発酵キリン株式会社'''となった。創立70周年を迎える2019年7月1日に'''協和キリン株式会社'''に社名を変更する予定。現在は、医療用医薬品が連結売上高の約75%（2012年）を占め、医薬品メーカーとなっている。また連結売上高の約23%（2012年）を占めるバイオケミカル事業では、各種の[[アミノ酸]]の発酵生産において[[味の素]]社と双璧である。うまみ調味料として用いられる[[グルタミン酸ナトリウム]]においては[[味の素]]社に先んじて世界で初めてその発酵技術を確立した実績がある。旧・協和酵工業は[[第一勧銀グループ]]だが、傘下入りしたキリングループは[[三菱グループ]]に属するため、協和発酵キリンは[[第一勧業銀行第一勧銀]]（現：[[みずほ銀行]]）色と[[三菱財閥三菱]]色を併せ持つ企業であるといえる。[[2017年]]現在協和発酵キリンは第一勧銀グループの社長会である三金会に加盟している&lt;ref&gt;「六大社長会の加盟企業秘2017年版バージョン」『週刊ダイヤモンド』2017年7月29日号、32-33頁。&lt;/ref&gt;。男子卓球部は協和発酵時代より[[日本卓球リーグ]]総合優勝4度を誇る名門として知られる。防府工場には[[2002年]]まで[[協和発酵硬式野球部硬式野球部]]があり、[[都市対抗野球大会都市対抗野球]]にも何度も出場していた（[[1975年]]の第46回大会、[[1991年]]の第62回大会、[[2002年]]の第73回大会に出場）。主なOBには[[津田恒実]]（[[広島東洋カープ広島]]）・[[上本達之]]（[[埼玉西武ライオンズ西武]]）などがいる。
久光製薬株式会社,創業者の[[久光仁平]]が1847年（[[弘化]]4年）に同社の前身となる「小松屋」を創業。当時は「奇神丹」などの丸薬を製造していた。仁平が1877年（[[明治]]10年）の秋に死去すると、長男の[[久光與市]]（与市）が家督を継いだとされ、その後は與市の三男である[[中冨三郎]]が家督を継いだ。久光兄弟合名会社時代の[[1934年]]（昭和9年）に今日まで同社の主力製品となる「サロンパス」を発売&lt;refname&quot;saganp2014612&quot;/&gt;。これがロングセラーとなったことで同社の基礎を固めると共に、[[1965年]]（昭和40年）に現社名に改称する。その後も「'''エアーサロンパス'''」、「'''サロンシップ'''」、「'''サロンパス-ハイ'''」などの製品を次々と送り出す一方で、「'''モーラス'''」/「'''モーラステープ'''」ほか、医療機関用（[[処方箋医薬品]]）消炎剤にも進出しており、2005年（平成17年）には[[エスエス製薬]]の医療用医薬品事業を譲受する。エスエス製薬の医療用医薬品は湿布薬などの外用消炎鎮痛薬が主流で、当社の得意分野を譲受したともいえる。製品開発・生産については佐賀県鳥栖市に所在する本社（その他[[栃木県]][[宇都宮市]]にも工場が存在する）でおこなわれているが、営業、宣伝、マーケティングなどその他一連の業務については、[[東京都]][[千代田区]]に所在する東京本社でおこなわれている。[[社章]]（丸囲みで「小」）は小松屋の[[紋章]]である。
第一製薬株式会社,学校側の徹底的な[[管理教育]]に押さえつけられた生徒たちと、新任教師・平井晋作（[[南こうせつ]]）の交流を描く。管理教育とイジメが問題化した時期だったこともあり、それらの問題をテーマの中心に据えていた。生徒たちの登場シーンは、花瓶の水をイジメ対象の生徒の襟口から流し込むシーンであり、学校内の陰湿な「いじめ」を扱った学校ドラマの嚆矢といえる。理科担当である平井の口癖は「[[変態]]」で、おたまじゃくしが蛙に変態するように、生徒も大きく成長してほしい、との主旨で利用している。このことから、番組内でのあだ名は「変態先生」または「変態」だった。番組のオープニングは生徒たちの卒業アルバムの一言コメント集を背景としており、ほとんどの生徒の「中学の思い出」は「変態（先生）が来たこと」としている。国語担当の赤石（[[萩原流行]]）が徹底した管理教育側の教員、生徒の恐怖の対象として存在し、全編を通して平井と教育理念でぶつかり合いを見せていた。最終回の最後の場面においても、「教育とは力です。生徒をグイグイと引っ張っていく力です」と平井に言い放っており、最終的に対立は解消しないまま終了した。このドラマは、視聴者が溜飲を下げるような形で管理教育側の敗北する様を描くことや、正面からの管理教育批判は行わず、実際の教育現場の現状を描き、管理教育に対する是非の判断は視聴者に委ねる作りになっていた。この作品をもって、『[[3年B組金八先生]]』第1シリーズから続く、中学校を舞台にしたTBSのドラマは一旦終了した。
キッセイ薬品工業株式会社,[[1946年]]（昭和21年）[[8月9日]]、'''株式会社橘生化学研究所'''（たちばなせいかがくけんきゅうじょ）として創業。重点領域を泌尿器、腎・透析領域およびアンメットメディカルニーズとし、医療機関向け医薬品を主とする製薬メーカーである。キャッチフレーズは『'''{{smaller明日の健康を見つめる}}キッセイ薬品'''』で、[[#テレビ提供番組・CMテレビCM]]などに使用されている。なお近年では、ヘルスケア事業部を中心に、たんぱく質を調整した炊飯用・[[無洗米]]「キッセイゆめシリーズ」を発売し、介護・高齢者を対象とした治療用特殊食品事業にも参入している。
メルク・アンド・カンパニー,アメリカを本拠とする世界的な[[医薬品製薬企業]]であり、世界140カ国以上で事業を展開している。[[2011年]]の売上高は480億[[アメリカ合衆国ドルドル]]。従業員数は約86000名（2011年12月現在）。株式が[[ダウ平均株価]]の構成銘柄に選ばれている。1990年代までは医薬品業での世界売上高が断続的にトップであったが、2000年代は[[M&amp;A]]による業界の再編に伴って[[サノフィ・アベンティス]]、[[ファイザー]]、[[グラクソ・スミスクライン]]などに抜かれた。しかし米国メルクは[[2009年]][[11月]]に米同業大手の[[シェリング・プラウ]]を買収、売り上げ規模においては[[ファイザー]]に次ぐ世界2位に復している。
第一三共株式会社,創刊当時、日本ではインターネットの商用化が始まったばかりであったため、インターネットを普及させることを目的として創刊。創刊時のコンセプトイメージは「[[月刊アスキー]]」のようなパソコン総合雑誌で、「日本のインターネットの父」とも呼ばれる[[村井純]]のアドバイスを元に、内容は実用的な情報が7割、啓蒙的な内容が2割、社会的な話題が1割という配分にしていた&lt;refname&quot;Reboot171012&quot;&gt;井芹昌信「[https://internet.watch.impress.co.jp/docs/imreboot/column/1085573.html【iNTERNETmagazineReboot】「インターネットマガジン」創刊時秘話]」」『INTERNETWatch』、株式会社インプレス、2017年10月12日&lt;/ref&gt;。インターネット接続に必要なソフトウェアを収録したCD-ROMを毎号付録にしていた。その後、インターネット普及に従い、編集方針を「一般の人たちがインターネットを活用するために必要な情報を提供する」というものに転換。2003年には、インターネット普及のための役割は十分達成したとして、3月号から誌名に「2ndSTAGE」という副題を付加して「'''iNTERNETmagazine2ndSTAGE'''」と名乗り、誌面刷新した。ビジュアル重視で、技術的知識が少ないエンドユーザーでも読みやすい記事が特徴。また、日本のインターネットサービスプロバイダのバックボーン・相互接続先をまとめた「商用ネットワークサービスプロバイダー接続マップ」（1995年6月号〜2001年の10月号）、[[ダイヤルアップ接続]]でのつながりやすさを調べる「回線話中度調査」、ダイヤルアップ接続のアクセスポイント一覧「日本のアクセスポイントマップ」、インターネットサービスプロバイダサービス一覧、レンタルサーバ一覧や、アダルトサイトの運営戦略からSEOを学ぶ特集等、個性的な企画も多かった。2005年3月には、創刊当初の目的をまっとうできたとして誌面刷新し、誌名から副題がはずされた。また編集方針を「新しいインターネット関連技術と、それによるビジネス変革の動向を伝える」というものに転換し、注目の技術やインターネットビジネスのトレンド・展望を中心とした硬派な内容となった。なお誌面刷新にあたり、編集長・編集部員も一新され、記事は原則的に記名記事となった。また付録のCD-ROMもやめ、かつ大幅ページ減となったため、製本方式が無線とじから針金とじに変更された。
日本新薬株式会社,『アフタヌーン』誌で一時期行われていた新人賞「ギャグパラ大賞」第2回大賞の受賞、掲載（[[1999年]]5月号）がきっかけとなり、連載開始（連載前の同年7月号には『ハトのおよめさんR（リターンズ）』を読み切りで掲載）。簡略化されたかわいらしいフォルムの動物たちが頓珍漢かつユーモラスな言動を繰り広げるという内容で、[[下ネタ]]や時事ネタが多く取り扱われる。主人公・ハトのヨメのしばしば脈絡なく繰り出される罵詈雑言や、必殺の「ハトビーム」のインパクトが魅力。キャラクターごとにセリフのフォントが異なっているのが、本作品の特徴でもある。また、単行本の3巻以降に目次がないことも特徴の1つである。[[2011年]]に[[日本テレビ放送網日本テレビ]]の深夜帯で放送されるオムニバスアニメ番組『[[ユルアニ?]]』の中でFLASHアニメが放送された。
中森製薬株式会社,*企業名中森製薬株式会社*沿革**[[1836年]]（天保7年）創業**[[1947年]]（昭和22年）設立*代表者代表取締役社長中森敏雄*本社所在地宮崎県宮崎市佐土原町東上那珂17880-35宮崎テクノリサーチパーク内
日医工株式会社,ジェネリック医薬品（後発医薬品）を主力とし、シェアでは[[沢井製薬]]に次いで日本国内2位、売上では、[[2008年]]に[[帝國製薬]]から後発医薬品子会社のテイコクメディックスを譲受することで、沢井製薬を上回り国内トップとなった。なお、テイコクメディックスを含む3社は後の合併により日医工ファーマとなったが、2012年6月に同社を吸収合併した。また、OTC医薬品（[[一般用医薬品]]）も扱っており、[[日本たばこ産業]]（JT）と[[吉富製薬]]（現:[[田辺三菱製薬]]）の合弁会社だった「ライフィックス」の事業を引き継ぎ、[[2002年]]より扱いを始めた。それにより、いままでライフィックス社の扱いだった製品（風邪薬・エザック/胃腸薬・日医工A2胃腸薬（旧・「ライフィックス胃腸薬」）/ドリンク&amp;ビタミン剤・ベッセン）が日医工に移管、同社の製品となって発売されたが、2007年7月に[[新新薬品工業]]へ事業譲渡された。
デンカ生研株式会社,中川西中学校は、[[港北ニュータウン]]中川地区開発に当たり、当地に開校を求める住民の希望を受け&lt;refname&quot;machinokoe&quot;&gt;itot／マチノコエ／[http://itot.jp/interview/101大人数だからこそできる体験を子どもたちに]（2017年7月12日閲覧）&lt;/ref&gt;、[[1990年]]（平成2年）に開校した&lt;refname&quot;学校紹介&quot;&gt;中川西中学校サイト／[http://www.edu.city.yokohama.lg.jp/school/jhs/nakagawanishi/index.cfm/1042html学校紹介]（2017年7月12日閲覧）&lt;/ref&gt;。生徒数が千人を超える&lt;ref&gt;2017年4月1日現在1009人（1学年8学級、2、3学年9学級。&lt;/ref&gt;&lt;refname&quot;学校紹介&quot;/&gt;、横浜市内でも有数の大規模校である&lt;refname&quot;産経特別支援教室&quot;&gt;産経ニュース／2017年1月17日／[http://www.sankei.com/region/news/170117/rgn1701170047-n1.html横浜の市立中、不登校児を学校で受け入れる「特別支援教室」で効果]（2017年7月12日閲覧）&lt;/ref&gt;&lt;refname&quot;machinokoe&quot;/&gt;。[[2016年]]（平成28年）に、保護者や地域住民等が学校運営に参画する学校運営協議会&lt;ref&gt;横浜市サイト／横浜市教育委員会／小中学校教育／[http://www.city.yokohama.lg.jp/kyoiku/kyougikai/学校運営協議会学校]（2017年7月12日閲覧）&lt;/ref&gt;を設置し、「コミュニティ・スクール」となった。[[2015年]]（平成27年）4月に校長として着任した平川理恵は、前任校の[[横浜市立市ヶ尾中学校]]で日本初の民間人&lt;ref&gt;教員免許を持たず、教職に経験のない者。&lt;/ref&gt;公立中学校長となった&lt;refname&quot;教育の未来を拓く&quot;&gt;国際大学グローバル・コミュニケーション・センター／機関誌「智場」#120特集号子どもの未来と情報社会の教育／研究会レポート(PDF)[http://www.glocom.ac.jp/chijo_lib/120/chijo120_031-037.pdf教育の未来を拓く-多様な学びの創造へ]（2017年7月12日閲覧）&lt;/ref&gt;。平川は、[[学習指導要領]]と教科書の存在、建学の理念の不在、教師の多忙の三つを、公教育一般における教育の多様性疎外の要因と指摘している&lt;refname&quot;教育の未来を拓く&quot;/&gt;。
エフ・ホフマン・ラ・ロシュ,フリーダム級は『新スタートレック』シーズン4の第1話「浮遊機械都市ボーグ後編」の[[ウルフ359の戦い]]において登場。エンタープライズがボーグキューブに撃破された39隻の連邦宇宙艦の墓場を通過するシーンのために作られたモブ宇宙艦のひとつである。このシーンではミニチュアを手掛けるグレッグ・ジーンがスタジオに余っていた宇宙艦のパーツを組み合わせて即興で作られた宇宙艦が多数見られて興味深いが、その中でもフリーダム級は際立って特異な形状をしている。よく言えば独特でインパクトのあるデザイン、悪くいえば手抜きをしたようなデザインで、円盤部から伸びたドーサルネックが第2船体ではなく1基のワープナセルに直結している姿をしている。円盤部は[[アンバサダー級]]に似た正円型のもので、1基だけのワープナセルは[[ギャラクシー級]]の流用である。ディフレクター盤やインパルスエンジンも見当たらない上にワープナセルが1基だけであるため、機動力が伴わない様にも見えるが最高速度はワープ9.2となっている。なお、他にワープナセルが1基の宇宙艦にリブート版劇場版に登場したU.S.S.ケルヴィンNCC-0514があるが、こちらには第2船体がある。
平坂製薬株式会社,
武田テバファーマ株式会社,福島県の空の玄関口である[[福島空港]]が、隣接する[[玉川村]]にまたがって所在している。観光では、全国の牡丹園で唯一の[[日本国指定名勝の一覧国指定名勝]]である[[須賀川牡丹園]]が名所として挙げられるほか、祭事では毎年11月の「[[松明あかし]]」が有名である。[[特撮]]の巨匠、[[円谷英二]]の出身地であることから代表作品のひとつである[[ウルトラマン]]を活かしたまちづくりやイベントを精力的に行っている（後述）&lt;ref&gt;[http://www.city.sukagawa.fukushima.jp/kanko/観光すかがわ]（須賀川市ホームページ）2017年12月17日閲覧&lt;/ref&gt;。
全薬工業株式会社,校区である城東区[[森之宮]]地域には、[[明治時代]]には陸軍の練兵場が作られた。その後[[昭和時代]]になり陸軍練兵場用地は、西側に隣接していた[[大阪砲兵工廠]]の拡張用地として転用された。現在の校区にあたる地域は、[[太平洋戦争]]の終戦後しばらく空き地となっていた。その後[[1960年代]]になり再開発がおこなわれ、公団住宅が地域内に建設された。これに伴う児童数増加のために、学校増設を望む住民の要求を受け、[[大阪市立中浜小学校]]より分離する形で[[1979年]]に開校した。校区内は団地と公共施設が主に立地している。通学者のほとんどが森之宮団地からの通学なので、生徒数は近隣の小学校などと比べても少なめである。近年では団地の居住者の高齢化から生徒数の減少が懸念されている。なお太平洋戦争前には、当時の[[東区(大阪市)東区]]（現在の[[中央区(大阪市)中央区]]・大阪市こども相談センターの場所）に同名の森之宮尋常小学校があった。しかし戦前の森之宮小学校は、[[大阪市立玉造小学校玉造小学校]]から分離して設置され、戦災被害によって[[1946年]]に玉造小学校に再統合された学校である。したがって、戦前の森之宮小学校と現在の森之宮小学校との間には、学校沿革史の上での直接的なつながりはない。
扶桑薬品工業株式会社,注射液をはじめとする医療用医薬品を主力としている。中でも人工腎臓透析液分野でトップシェアである。[[1993年]]の放送開始より、現在まで続いている[[讀賣テレビ放送よみうりテレビ]]制作・[[日本テレビ放送網日本テレビ]]系番組「[[ダウンタウンDX]]」のスポンサーを同番組スタートの同年10月から半年間だけつとめたことがある。また「ダウンタウンDX」の前に放送されていた「[[所さんのお騒がせデス]]」のスポンサーも担当していた。ちなみに、同じ扶桑の冠で大阪市中央区に本社があり化学企業である『[[扶桑化学工業]]』とは関係ない。現在まで同社を代表する医薬品の一つとして痔疾用舌下錠「ヘモリンド（[[東菱薬品工業]]が製造）」が知られているが、2017年10月に[[小林製薬]]に販売権を譲渡した。
アンジェス株式会社,『ストリートファイターII』の大ヒットに伴い『月刊コロコロコミック』にて連載が開始された。コミックスは7巻まで発売され、縦長のページに1つの4コマが載せられるというレイアウトになっている。コミックス1巻-2巻までは『ストリートファイターII』から『ダッシュターボ』までの12人のキャラクターが登場し、コミックス3巻では『スーパーストリートファイターII』で新たに加えられた4人が初登場、さらにコミックス5巻では『スーパーストリートファイターIIX』で初登場した[[豪鬼]]が加えられた。当初はゲームの内容のパロディなどあくまでゲームに即したギャグが多く繰り広げられたが、次第に日常的なネタが多くなっていった。作品中に『スーパーストリートファイターIIX』で加わったシステム「スーパーコンボ」は登場しない。また、後期には格闘シーンもほとんど登場しなくなった。人気に伴って、当初は『月刊コロコロコミック』においてカラーページで連載されることも多かったが、『ストリートファイターII』のゲーム自体の人気が衰えてくると次第に本作品の人気も衰え始め、コミックス4巻以降ではカラーページは姿を消した。なお、同時期に[[小学館の学年別学習雑誌]]において[[こいしさとし]]が『ストII爆笑4コマギャグ'''バトル'''』（ストII爆笑ギャグバトル）という同系統の作品を連載していたが本作とは関係ない。
鳥居薬品株式会社,閑散線区での単行運転用を目的とした、小型車体を持つ旅客（[[普通車(鉄道車両)三等]]）、[[荷物車荷物]][[合造車合造]]の[[二軸車(鉄道)二軸車]]である。1929年（昭和4年）に[[汽車製造]]（キハニ5000-キハニ5004）、[[日本車輌製造]]東京支店（キハニ5005-キハニ5009）と[[新潟鐵工所]]（キハニ5010・キハニ5011）の3社で、合計12両が製造された。鉄道省最初の[[内燃機関内燃]]動車であったが、機関出力不足、車両重量過大、[[軸受]]が抵抗の大きい[[すべり軸受平軸受]]であった、という3点の理由から、期待した性能を達成することはできなかった。
藤本製薬株式会社,創立から100年以上の歴史があり、韓国の浦項製鐵東初等学校と姉妹校の締結をしている。校訓「大きな石は俺にもてころ」は、[[森岡天涯]]の言葉である。
星製薬株式会社,1910年に、[[SF作家]][[星新一]]の実父である[[星一]]が創業し、1911年に星製薬株式会社（旧法人）が設立された。しかし、戦後になり、経営不振に陥り、後を引き継いだ星新一は、[[ホテルニューオータニ]]を創業した大谷家へ譲渡を余儀なくされる。現在の法人は、旧法人の星製薬株式会社（現・株式会社テーオーシー）から、1982年に販売部門を、2003年に製造部門を、それぞれ移管された子会社の星製薬株式会社（2代目）である。*工場：[[神奈川県]][[厚木市]]上依知3006
内外薬品株式会社,1902年創業。元は[[大阪]][[道修町]]から仕入れた薬品原料を富山県内の漢方薬会社へ卸す薬種問屋が個人企業として創業したものの、経営破綻。1925年、当時三番番頭だった笹山林蔵が事業を継承した&lt;ref&gt;「[http://www.naigai-ph.co.jp/special/medicine/html/p08_09.html第一章創業のあとさき]」内外薬品の歩みメデシン・ロード&lt;/ref&gt;。同年、林蔵の長男で薬剤師の順蔵がアスピリンを配合した鎮痛剤「ケロリン」を開発。銭湯の風呂桶の広告（[[ケロリン桶]]）で広く知られている。[[2004年]]に製造部門の株式会社内外薬品商会と販売部門の旧・内外薬品株式会社が合併して現在の内外薬品株式会社となる。
滋賀県製薬株式会社,{{仮リンクマリー・コレリenMarieCorelli}}（1855年-1924年）はイギリスの作家で、22歳の時の処女作以来、数十冊の著作は当時どれも大ベストセラーとなり、凄惨小説の最高作家としてイギリス大衆文壇の女王であった。『ヴェンデッタ（復讐）』（''{{enVendetta!;orTheStoryofOneForgotten}}''1886年）は22歳の時に書いた2作目の作品である。本国での発表から間もなく、黒岩涙香がこれを『白髪鬼』の題名で翻案した。[[1893年]]（[[明治]]26年）に「[[萬朝報]]」で、大好評のうちに終了した『[[鉄仮面]]』の翌日から連載された（6月23日-12月29日）。まず、「死して蘇生した男がイタリアに居ると知り、その自伝を入手したので明日から連載する」との予告を掲載している。物語は、白髪鬼となった男の手記実伝として書かれ、前作『鉄仮面』をも上回る大人気を博した。江戸川乱歩版は[[1931年]]（[[昭和]]6年）、黒岩涙香の翻案を同題名のまま更に翻案した長編小説である。雑誌「富士」に掲載された。乱歩は自身の説明で、涙香作品を更に翻案した理由として、昭和初期、一般読者には涙香の『白髪鬼』の[[日本語の文語文語体]]が既になじみ薄いものとなっていたこと、彼が少年の頃に耽読した涙香作品の中でも『白髪鬼』がいたく気に入っていたこと等を挙げている。再翻案に際し、乱歩はあらすじを変えるなど独自の改変をおこなっているが、涙香の遺族の承諾を得て作品名は同じにしている。戦前の[[春陽堂書店春陽堂]]発行の文庫本には涙香版と乱歩版の二つがあり、乱歩版には『乱歩の白髪鬼』と付けられていた。
小太郎漢方製薬株式会社,匈奴の君主号は単于（ぜんう）&lt;ref&gt;単于の正式名称は“犁孤塗單于”（とうりことぜんう）といい、匈奴語で“犁”は“[[天]]”、“孤塗”は“子”、“単于”は“広大なる姿”を意味する。&lt;/ref&gt;といい、中国でいう[[皇帝]]にあたる。攣氏はその単于を輩出する匈奴の中心氏族であり、最も勢力と権力を持った集団であった。攣氏からは君主である単于の他、左右の賢王（[[屠耆王]]）左右の[[谷蠡王]]（ろくりおう）左右の大将左右の[[大都尉]]左右の[[大当戸]]左右の[[骨都侯]]が選出され、国の大部分を領し、国の重役を担った。このうち、[[左賢王]]が[[皇太子]]の役割を持ち、たいてい左賢王だった者が次の単于となる。しかし、父子相続か兄弟相続かでたびたび後継争いが起き、国の政治を傾けることがあった。事実、それが原因で匈奴は南北に分裂してしまう（[[48年]]）。分裂後、[[南匈奴]]の氏族は'''虚連題氏'''（きょれんていし）と記されるようになるが、後には南匈奴の祖先の[[冒頓単于]]の代より匈奴と[[漢]][[宗室]]との間に姻戚関係があることに因んで[[漢族]]風の[[劉氏]]を名乗った。これにより南匈奴の宗室たる攣氏は次第に漢化していくことになり、実際、[[劉淵]]は[[後漢]]および[[蜀漢]]の後継者を称して[[前趙漢（後の前趙）]]を興した。このような流れの中で虚連題氏という名は完全に消滅し、以降は劉氏として[[五胡十六国時代]]を迎えることになった。
イチジク製薬株式会社,[[1925年]]に[[医師]]の[[田村廿三郎]]により、「'''イチジク印軽便浣腸'''」の製造を開始する。翌年には[[合資会社]]として、田村が初代社長に就任し、東京軽便浣腸製造所として設立される&lt;ref&gt;{{Citeweburlhttp://www.hmaj.com/kateiyaku/ichijiku/title家庭薬ロングセラー物語イチジク浣腸website日本家庭薬協会accessdate2018-09-10}}&lt;/ref&gt;。[[1934年]]に株式会社に改組する。当時[[北海道]]で特殊白土の生産に携わっていた湯浅巌と協力して「イチジクしもやけ温湯素」「イチジク美身温湯素」「イチジクぢの薬」を製造して事業を拡大し、[[1939年]]に湯浅が社長に就任している。[[1945年]]に戦災で工場を失するが、現在の本社所在地に工場を建て浣腸薬のみ一商品で事業を進行している。[[2005年]]に化成品メーカー[[オカモト]]と資本提携し、同社完全子会社になる。[[2011年]]7月に創業来のコーポレートロゴマーク及び社名ロゴタイプを変更し、「イチジク浣腸楽おし【第2類医薬品】」以外全製品の商品外観意匠と「イチジク浣腸」ロゴデザインを変更されている。[[2017年]]8月より当社の親善大使（マスコットキャラクター）として「かんちゃん」が起用されている&lt;ref&gt;[https://www.ichijiku.co.jp/company/history.html会社沿革]-イチジク製薬、2018年9月6日閲覧。&lt;/ref&gt;。
三笠製薬株式会社,*国立大学附属学校として、[[教育研究]]と[[教育実習]]を目的とした運営がなされている。*入学希望者には選抜試験を課す。*教育目標は「自らをきりひらく子」であり、重点目標は「聞き合い話し合い高め合う子」である。&lt;!--
京セラメディカル株式会社,当初はそれまでの夜ワイド番組が放送されてきたのと同様、[[平日]]（[[月曜日月曜]]-[[金曜日金曜]]）の21:00-23:30の時間帯で放送。6か月後の1999年10月に22:00-24:00の時間帯で[[ニッポン放送]]制作の『[[allnightnipponSUPER!]]』のネット受け放送を開始したため、[[プロ野球中継ナイター]]オフの時間帯の月曜-金曜19:30-21:10に移動。当番組終了後は、東海ラジオの平日22時台-23時台には、ニッポン放送からのネット受けによる夜ワイド番組が放送され続けているため、この時間帯での自社制作夜ワイド番組は、現在のところこの番組が最後となっている。
天野エンザイム株式会社,本論は[[説一切有部]]の教説をまとめたとされる『[[発智論]]』に関する広大な注釈書である。[[玄奘三蔵玄奘]]の伝える伝説によれば、[[カニシカ王]]が[[カシミール]]で主宰した[[結集]]の際の[[論蔵]]であるとされるが、定かではない。本論は、玄奘訳の『阿毘逹磨大毘婆沙論』に対応する写本断片が一部発見されているものの、梵本や蔵本は発見されていない。それに対して漢訳においては[[玄奘三蔵玄奘]]による漢訳200巻（「新訳」と略称する）をはじめ、[[浮陀跋摩]]による漢訳60巻（「旧訳」と略称する）、僧伽跋澄による漢訳14巻（『婆沙』と略称する）が存在する。旧来、これらは同本異訳と見なされる傾向にあったが、近年の研究ではこれらは異本別訳と捉える傾向にある。
日水製薬株式会社,1935年に、漁場調査・漁船漁具の改良・魚類の養殖・水産加工品の製法の研究等を事業目的とした[[日産コンツェルン]]の水産に関する研究所「株式会社日産水産研究所」として創業。漁業や水産資源の高度活用など多岐にわたる研究成果を事業として発展させ、日本の水産業の近代化とともに歴史を歩み、哺乳動物の臓器を原料とする栄養剤など医薬品、病原菌や各種細菌の検査用培地や診断用薬の製造・販売を行う。1962年（昭和37年）に現在の社名に変更した後も培ってきたDNAを今日における診断薬や医薬品の研究や開発に受け継ぐ研究開発型の製薬会社。主要事業は、臨床診断薬（[[微生物学]]的診断用薬/[[免疫血清]]学的診断用薬/[[精度管理]]用[[血清]]）、産業検査薬（[[微生物学]]的検査薬/[[免疫血清]]学的検査薬）等の[[HACCP]]に対応する[[細菌学]]的検査用薬・環境関連検査用薬・[[バイオ]]関連製品等の研究や開発を行っている。一般用医薬品は日水製薬医薬品販売株式会社から、特約店組織「健康未来創造研究会」に加盟する薬局・薬店における直販体制を取っている。また、世界最大の漢方薬企業で340年以上の歴史をもつ中国[[国営企業]]である[[同仁堂(中国の製薬会社)中国北京同仁堂（集団）有限責任公司]]とは、滋養強壮剤「日水清心丸」の仕入れ&lt;!--や、北京同仁堂香港薬業管理有限公司の海外旗艦店を通じて中国全土に向けた[[インターネットショッピング]]モールである[[アリババ]]グループ運営「[[天猫]]（T-mall）」におけるリスブラン化粧品オンライン販売の取り扱い--&gt;などの[[商取引]]がある。現在では、将来性のある基盤技術獲得に向けた[[オープンイノベーション]]推進、[[再生医療]]分野での新規事業化に向けた先端技術研究、外部企業との連携や大学・企業との共同開発などに積極的に取り組んでいる。
日本歯科薬品株式会社,泉ビレジが開発されて、泉ビレジ内の人口が急増し従来の住吉台中学校も住吉台ニュータウン内の分譲が進み生徒数も増えて対応しきれなくなったため、泉ビレジ内に新たに新設の館中学校を分離・開校となった。
ダンヘルスケア株式会社,1984年に[[住友化学]]（「住友の医薬」として親しまれてきた）の医薬部門（医療用・一般用）が分社化され[[住友製薬]]が発足したが、さらに1991年8月に住友製薬の[[大衆薬]]（[[一般用医薬品]]）部門を分社化「住友製薬ヘルスケア」に変更した。2005年に住友製薬が[[大日本製薬]]との合併による[[大日本住友製薬]]の発足と[[医療用医薬品]]に専念するのを機に大衆薬から撤退することとなり、全株を殺虫剤メーカーの[[大日本除虫菊]]に譲渡し、現社名「ダンヘルスケア」に社名変更した。主力商品は[[シラミ]]除去シャンプー（[[ピレスロイド]]系）の「スミスリン」で、同分野の他社製品が現在はほぼ市販されていないため[[ニッチ]]製品となっている。また、前身の住友製薬ヘルスケア時代の主力販売製品であった風邪薬の[[コンタック]]シリーズは販売権を[[グラクソ・スミスクラインGSK]]へ譲渡したため社名変更時には承継されなかった。製品の製造は大日本除虫菊や中小医薬品メーカに委託している。社名の「ダン」は住友化学が昭和30年頃から発売してきた「風邪薬・鼻炎薬」のブランドが由来である。
ヤングビーナス薬品工業株式会社,[[1992年]]（平成4年）開場。県内では早くにナイター設備を導入し、設備の充実した球場である。そのため[[秋田県立野球場]]（こまちスタジアム）建設中の[[2002年]]（平成14年）と[[秋田市八橋運動公園硬式野球場秋田市営八橋球場]]改修工事中の[[2005年]]（平成17年）には[[全国高等学校野球選手権秋田大会]]の会場として使用された。また[[2013年]]（平成25年）にはこまちスタジアムで[[7月16日]]に行う予定だった同大会の3回戦2試合が雨天順延となり、加えて[[7月18日]]に[[日本野球機構]]主催の「[[フレッシュオールスターゲーム]]」をこまちスタジアムで行う事による準備で使用が困難になった事で[[7月17日]]に当該試合の代替開催を当球場で行った。
ラクオリア創薬株式会社,[[ファイザー]]中央研究所が閉鎖されることとなり、[[エンプロイー・バイアウトEBO]]により新会社「ラクオリア創薬株式会社」を設立。ファイザーより独立した。
オール薬品工業株式会社,関西を地盤とする製薬会社の一つ。中でも眠気覚まし用の「新オールP内服液」は同社を代表する製品としてその名を広く知られている。「新オールP内服液」は関西地域限定ながら、1179KHz、[[MBSラジオ]]や1008KHz、[[ABCラジオ]]などで、昼の時間帯に頻繁にCMが放映されており、タクシードライバーや夜の仕事を専門にしている人々に人気が高い。
佐藤薬品工業株式会社,創業は[[1947年]]（[[昭和]]22年）。[[1951年]]（昭和26年）に法人化。当初は奈良県[[御所市]]に本社を置いていたが、[[1977年]]（昭和52年）に現在地に工場を新設し、本社も移転した。[[カプセル]]製剤を得意とし、全自動カプセル充填機を導入するなど、大手医薬品メーカーからの受託加工が事業の中心である。[[2005年]]（[[平成]]17年）の[[薬事法]]の改正によって医薬品の製造工程に関わる[[アウトソーシング]]が完全自由化されることを見越して設備投資を進めてきた。現在は[[医療用医薬品]]、[[一般用医薬品]]の[[錠剤]]、[[カプセル剤]]等の内服固形製剤をメインに多くの医薬品の受託加工を手がけている。
岡山大鵬薬品株式会社,広い意味では、生花や造花で作られたリング状の[[冠]]や[[首飾り]]（[[レイ(ハワイ)レイ]]）なども花環であるが、現在では開店祝いなどの慶事や[[葬儀]]などの弔事の際に使用される大型の花飾りのことをさすことが多い。
興和テバ株式会社,[[2008年]]（[[平成]]20年）[[11月11日]]にジェネリック医薬品世界最大手の[[テバ・ファーマシューティカル・インダストリーズ]]と[[興和]]株式会社の[[合弁事業合弁会社]]として設立、[[2009年]]（平成21年）12月には大正薬品工業株式会社（現：[[武田テバ薬品]]株式会社）を[[子会社]]化し、[[2010年]]（平成22年）[[1月5日]]より営業を開始。しかし[[2011年]]（平成23年）[[9月26日]]に合弁事業の解消を発表。これによりテバの100%出資会社となった。[[2012年]]（平成24年）[[4月1日]]に、同じテバグループの大洋薬品工業株式会社と統合し、テバ製薬株式会社（現：[[武田テバファーマ]]株式会社）となった&lt;ref&gt;{{PDFlink[http://www.teva-seiyaku.com/news/kowateva/pdf/press120125.pdfテバ製薬設立のお知らせ]}}（[[2011年]]（[[平成]]23年）[[11月17日]]、プレスリリース）&lt;/ref&gt;。
生化学工業株式会社,韓国では主に卒業式などで卒業生たちが自主的にまたは強制的に裸となるコンパが行われている。近年までは、卒業生同士が服を切り裂いて[[小麦粉]]を掛け合うことが多かったが&lt;refnamejoins20100216a/&gt;、年々過激になりつつあり、男女ともに裸になって記念撮影を行ったり、町に繰り出したりするようになってきている&lt;refnamejoins20100218/&gt;。また、自らが望まないにもかかわらず、強制的に同級生やOB・OGによって裸にされることが多発するようになり社会問題となりつつある。また、被害者と加害者と単純に割り切れるものではなく、卒業生徒たちは先輩達から今年の対象に選ばれていることを事前に知らされていることもあり、去年の被害者が今年の加害者となるように先輩後輩関係の行事となっている&lt;refnamejoins20100218/&gt;。[[2010年]][[2月5日]]に撮影された、男女数十人の生徒が[[ソウル市]][[衿川区]]A中学校の卒業式を終えた女子中学生の制服を脱がし、服を斬り裂いて、ケチャップを頭から振りかける動画がインターネットに投稿され話題となった&lt;refnamekukinews20100208&gt;{{citenewsurlhttp://news.kukinews.com/article/view.asp?page1&amp;gCodetok&amp;arcid0003384691&amp;code41191111title{{langko‘’A…?}}（'卒業式の集団暴行'女子生徒は、ソウル衿川区A出身...加害学生は処罰されるか？）newspaper[[国民日報・クッキーニュース]]date2010-02-08accessdate2010-02-24language朝鮮語author{{langko}}}}&lt;/ref&gt;&lt;refnamejoins20100218/&gt;。[[2月7日]]には警察が、加害生徒の一部を刑事処罰することを検討中であると発表した&lt;refnamekukinews20100208/&gt;。また、他にも2名の女子中学生が同様の被害を受けていたことが警察によって明らかにされた&lt;refnamekukinews20100208/&gt;&lt;refnamejoins20100218/&gt;。加害生徒たちは「学校の伝統」であるとして毎年の卒業式で行われていたことを明らかにしている&lt;refnamekukinews20100208/&gt;。加害生徒たちは、去年は自分たちがやられたので間違っているとは思えない、生まれて一度しかできないこと、自分も被害者になりたかったなどの声が出されており、同年代の文化全般に広がっていることが指摘されている&lt;refnamejoins20100217/&gt;。2010年[[2月11日]]に[[京畿道]][[高陽市]]B中学校で行われた『卒業式「裸コンパ」事件』では、数十人の生徒たちが一部の卒業生たちの服を斬り裂き、人間[[ピラミッド]]などを組ませていたり、女生徒達が全裸で壁の前に並び、写真や動画撮影が行われた&lt;refnamejoins20100224/&gt;&lt;refnamechosun20100216b&gt;{{citenewsurlhttp://megalodon.jp/2010-0219-1854-15/www.chosunonline.com/news/20100216000037title卒業式の全裸いじめ、陰湿化の一途（上）newspaper[[朝鮮日報]]date2010-02-16accessdate2010-02-19}}&lt;/ref&gt;。[[2月13日]]からはインターネットで公開された&lt;refnamechosun20100216b/&gt;。後日、検察によって男子学生7人、女子学生8人が在宅起訴される事態となった&lt;refnamejoins20100224/&gt;。[[済州島]]のC中学校では、服を破られた女子生徒たちが、下着を投げ捨てて真冬の海に飛び込んで海女に救助されたことが報じられている&lt;refnamechosun20100216a/&gt;&lt;refnamechosun20100218d&gt;{{citenewsauthorチェ・ボシクurlhttp://www.chosunonline.com/news/20100218000071title【コラム】卒業式の全裸騒動、一人の親として考える（下）newspaper[[朝鮮日報]]date2010-02-18accessdate2010-02-24}}&lt;/ref&gt;&lt;refnamechosun20100216b/&gt;。加害生徒たちは中産階級の家庭で育っており、学業などにも問題のない一般的な生徒たちであった&lt;refnamechosun20100218a&gt;{{citenewsurlhttp://www.chosunonline.com/news/20100218000065title全裸いじめ：韓国の校内暴力、7割が中学生（上）「どこにでもいる平凡な生徒たちでした」newspaper[[朝鮮日報]]date2010-02-18accessdate2010-02-24}}&lt;/ref&gt;。このようなことから、教育現場での入学試験勉強への隔たりによって人間形成教育が失われていることに原因があるとの指摘がなされている&lt;refnamechosun20100218b&gt;{{citenewsurlhttp://www.chosunonline.com/news/20100218000066title全裸いじめ：韓国の校内暴力、7割が中学生（下）newspaper[[朝鮮日報]]date2010-02-18accessdate2010-02-24}}&lt;/ref&gt;。インターネット上に掲載されたものだけが、事件とされるのはおかしいのではないか、他の中学校でも同様の行為がなされているのだから検挙するべきであるなどと朝鮮日報のチェ・ボシクは述べている&lt;refnamechosun20100218c&gt;{{citenewsurlhttp://www.chosunonline.com/news/20100218000070title【コラム】卒業式の全裸騒動、一人の親として考える（上）newspaper[[朝鮮日報]]authorチェ・ボシクdate2010-02-18accessdate2010-02-24}}&lt;/ref&gt;。
日野製薬株式会社,[[江戸時代]]後期から御嶽信仰（参考：[[御嶽神社]]）の[[普寛行者]]と[[覚明行者]]から伝承された「[[百草]]」の販売に携わっていた「日野屋」が、1947年（昭和22年）に製薬会社を設立。現在長野県木祖村に本社を置き、御嶽山麓の王滝店・里宮店、木曽福島道の駅木曽市場店、中山道奈良井宿の奈良井店に直営店舗をもつ。&lt;br/&gt;[[生薬]]配合の「日野[[百草丸]]」「普導丸」「[[百草]]」「百草錠」などの医薬品を製造販売している。
大峰堂薬品工業株式会社,[[NASA]]の[[アポロ計画]]や旧[[ソ連]]の[[ルナ計画]]によって、月の試料を地球上に持ち帰ることに成功したことによって、地球以外の天体から物質試料を採取して地球に持ち帰る、いわゆる[[サンプルリターン]]が開始された&lt;refname&quot;2007-2-13&quot;&gt;{{Citejournal和書author矢田達coauthors藤村彰夫、[[加藤學(地球科学者)加藤學]]year2007titleJAXA惑星物質試料受入（キュレーション）設備journal日本惑星科学会誌volumeVol.16issueNo.2urlhttps://www.wakusei.jp/book/pp/2007/2007-2/2007-2-13.pdfformatPDFaccessdate2010-08-01}}&lt;/ref&gt;。地球外からの物質を分析するためには、[[隕石]]や[[宇宙塵]]といった地球に落下する物質を調査、研究する方法もあるが、隕石や宇宙塵の分析には、どの天体からやってきたのかという起源天体を知ることが難しく、また起源天体内が判明した場合でも該当する天体のどの場所からやってきたのかという物質の出どころを知ることは極めて難しく、また地球落下時や落下後に地球上の物質による汚染や変質等を受ける度合いが大きくなるという弱点を抱えている&lt;refname&quot;2007-2-13&quot;/&gt;。宇宙探査機によるサンプルリターンは、技術的な困難や高コストという問題はあるが、試料が受ける地球物質による汚染を最小限に抑えることが可能であり、また探査機によって試料を採取する天体、そして天体内の場所も特定が可能であり、今後技術の進歩によって天体内の科学的に意義が大きい場所を狙ってサンプルリターンを行うことも期待される&lt;refname&quot;2007-2-13&quot;/&gt;。アポロ計画の後、アメリカでは[[1999年]]2月に打ち上げられ、[[2006年]]1月に[[ヴィルト第2彗星]]などの試料を地球へ持ち帰ることに成功した[[スターダスト(探査機)スターダスト]]、[[2001年]]8月に打ち上げられ、[[2004年]]9月に地球へ帰還して、[[太陽風]]に含まれる粒子のサンプルリターンを行った[[ジェネシス(探査機)ジェネシス]]という計画が遂行された。アメリカには[[ジョンソン宇宙センター]]内にサンプルリターンによって入手された試料を扱うキュレーション施設が存在する&lt;refname&quot;2007-2-13&quot;/&gt;&lt;ref&gt;{{citeweburlhttp://www.minorbody.org/explore/science-curation/science-curation_main.htmlauthor矢野創、藤原顕date2003titleサンプルリターンミッションでもたらされた宇宙物質のキュレーション・初期分析システムの構築publisherMEF小天体探査フォーラムaccessdate2010-08-01}}&lt;/ref&gt;。日本でも[[2003年]]5月に打ち上げられた小惑星探査機[[はやぶさ(探査機)はやぶさ]]によって、小惑星[[イトカワ]]から採取された物質のサンプルリターンが実現されることが期待され、探査機によって地球外からもたらされる物質を適切に採取、管理、保管することを目的として、[[2008年]]3月、宇宙航空研究開発機構相模原キャンパス内に惑星間物質受け入れ設備（キュレーション設備）が完成した&lt;refname&quot;jaxas032&quot;&gt;{{Citewebauthor藤村彰夫year2010urlhttp://www.jaxa.jp/pr/jaxas/pdf/jaxas032.pdftitle人類初の試料を扱うキュレーション設備workJaxas32号pages228-229formatPDFaccessdate2010-08-01archiveurlhttps://web.archive.org/web/20110617054922/http://www.jaxa.jp/pr/jaxas/pdf/jaxas032.pdfarchivedate2011年6月17日deadlinkdate2017年10月}}&lt;/ref&gt;。惑星間物質受け入れ設備は4階建ての総合研究棟内にある。地下機械室と2階の研究室以外の主要な設備は1階にあり、1階部分全体の大きさは24メートル×21.6メートルである。主要設備内は惑星試料情報処理室、クリーンルーム運用室、加工・洗浄室、更衣室、試料準備室、電子顕微鏡室、惑星試料処理室の7室に分けられている&lt;refname&quot;2007-2-13&quot;/&gt;&lt;ref&gt;山根（2010）p.229&lt;/ref&gt;&lt;ref&gt;{{citeweburlhttp://www.isas.jaxa.jp/ISASnews/No.329/ISASnews329.pdfauthor藤村彰夫publisherJAXA宇宙科学研究本部titleISASニュースNo.329惑星物質試料受け入れ設備、「はやぶさ」の帰還に備えるformatPDFdate2008年8月accessdate2010-08-07}}&lt;/ref&gt;。
カルナバイオサイエンス株式会社,日本オルガノン株式会社の研究部門を母体とし[[2003年]]（[[平成]]15年）[[4月10日]]に分離独立したベンチャー企業で、[[キナーゼ]][[タンパク質]]の製造・販売を行う創薬支援事業および自社のキナーゼコア技術を用いた創薬事業を主な業務としている。
東北ニプロ製薬株式会社,当社は元々、[[中外製薬]]の鏡石工場として竣工。[[1996年]]に分社化され'''東北中外製薬'''（とうほくちゅうがいせいやく）となったが、[[2005年]]に鏡石工場及び東北中外製薬の全株式をニプロに譲渡。ニプログループの一員となったため、事業譲渡と同時に商号も変更した。中外製薬時代にはドリンク剤・診断薬・坐薬の製造が行われていたが、2005年以降は固形剤を中心とした受託製造に特化した。49637m&lt;sup&gt;2&lt;/sup&gt;の広大な敷地の中に第一固形剤棟、第二固形剤棟、軟膏剤棟といった複数の建物が並ぶ。なお、総敷地面積の内の33157m&lt;sup&gt;2&lt;/sup&gt;が余積されている。[[2011年]][[3月11日]]に発生した[[東日本大震災]]で甚大な被害を受け、一時操業休止状態が続いていたが、発生直後から行われた復旧工事により、軟膏剤棟は同年[[6月30日]]に、第一固形剤棟は同年[[8月10日]]にそれぞれ復旧しており、残る第二固形剤棟も同年[[9月1日]]に復旧したことで完全復旧を果たし、震災前の生産体制に戻りつつある。[[2012年]]4月のグループ再編に伴い、当社の親会社が[[ニプロ]]から[[ニプロファーマ]]に移管された。[[2014年]]10月、親会社のニプロファーマに吸収合併され解散した&lt;ref&gt;[http://www.tohoku-nipro.co.jp/img/2014022702.pdf連結子会社による連結孫会社の吸収合併に関するお知らせ]&lt;/ref&gt;。
万協製薬株式会社,この事件では、現金100万円を引き出したとして2009年10月に石川県[[金沢市]]の男性が逮捕された。[[検察]]はATMの防犯カメラがとらえた人物の映像と一致するとして起訴したが、被告は[[裁判]]で否認。検察は高い映像鑑定技術を持つ[[愛知県警察]]に鑑定を依頼するが、その結果は耳や鼻の違いから男性とは別人というものだった。これを受けて検察は被告人に[[無罪]]求刑をして1審・[[金沢地裁]]も[[2010年]][[9月1日]]に無罪判決を言い渡す。検察側が[[上訴]]期限を待たずに上訴権を放棄して無罪が確定した。検察が上訴権を放棄するのは[[足利事件]]などの前例があるものの極めて異例。後日に[[安藤隆春]][[警察庁長官]]が会見して「犯人でない方を逮捕したことは極めて遺憾だ」と述べて[[捜査]]の不手際を批判した。
株式会社UMNファーマ,[[社名]]のUMNファーマは、UnmetMedicalNeeds（有効な治療法や薬剤がない疾患領域における医療ニーズ）を満たす[[研究開発]]に全精力を注ぎたい、との[[創業者]]の強い想いから命名された。目的遺伝子を導入した[[バキュロウイルス]]を株化昆虫細胞に感染させて大量培養した後、目的タンパクだけを高度に純化する技術(BaculovirusExpressionVectorSystem:BEVS)を、コアプラットフォームとして有する。[[インフルエンザ]]に対する次世代組み換え型サブユニット[[ワクチン]]と、[[ノロウイルス]]や[[ロタウイルス]]に対する新規組み換え型ワクチンの研究開発に注力している。
埼京東和薬品株式会社,主に[[埼玉県]]内の医療機関へ医薬品を卸している&lt;refname&quot;nikkei&quot;&gt;{{citenewsnewspaper[[日本経済新聞]]date2012-04-03urlhttp://www.nikkei.com/article/DGXNASFB0202I_S2A400C1L72000/title後発医薬品卸の埼京東和、医薬品の製造販売参入language[[日本語]]accessdate2013-02-18}}&lt;/ref&gt;。[[2012年]][[3月]]に子会社[[サイキョウ・ファーマ]]を設立し、医薬品の製造販売事業へ参入している&lt;refname&quot;nikkei&quot;/&gt;。
アルコン・インコーポレーテッド,世界75ヶ国に営業拠点を持ち、180ヶ国で販売を展開している。[[2010年]]の売上高は90億[[アメリカ合衆国ドルドル]]。従業員数は約22000名。[[眼科]]領域のリーディングカンパニーとして、各製品において世界的にも高いシェアを持っている。
アンファー株式会社,[[1987年]]10月8日に創業する。「ニッポンを若くする」として、頭皮ケアシャンプー「スカルプD」、女性まつ毛美容液の「スカルプDボーテピュアフリーアイラッシュ」、食事によるエイジングケアを目指した「フレッシュデリ」などの商品を開発・販売している。[[2015年]]8月1日から、「予防医学」を目指してキャッチコピーを「予防医学のアンファー」に改め、企業CMに[[ビートたけし]]を起用する。
第一三共エスファ株式会社,第一三共グループでは、第一三共が担う医療用医薬品事業や[[ワクチン]]事業を始め、[[第一三共ヘルスケア]]が担う一般用医薬品事業を展開しているが、国が普及を推進し、患者や医療機関のニーズが一層高まることが予想されるジェネリック市場へ参入するために設立されたジェネリック医薬品事業を担う会社である。同社が販売するジェネリック医薬品は新薬メーカーを母体とした高度な技術・品質やサービスをもとに、飲みやすさや飲み間違いを防ぐために製剤・表示・包材を工夫した「プレミアムジェネリック」を定義しており、医薬品業界初となる両面[[レーザー]]印刷（製品により、インクジェット印刷やスタンプ(パッド)印刷）を導入して錠剤への直接印刷を可能にし、少量単位の[[調剤]]にも対応できるようにPTPシートの裏面の1錠毎にGS1データバー（[[バーコード]]）を表記し、薬効や疾患の特性をイメージ化した「オリジナルシンボル」をPTPシートや外箱に表記して容易に区別できるようにしている。また、[[抗がん剤]]など比較的リスクが高い薬には、新たに開発した「C-ガード」と呼ばれる小児誤飲防止機能（ケース下部にある取出口に位置を合わせないと錠剤が取り出されない機能）を備えた専用PTPカバーを採用・装着している。2017年から本格的に事業を開始したオーソライズド・ジェネリック（先発医薬品の製造メーカーから許諾を得たジェネリック医薬品のことで、先発医薬品と原薬・添加物・製造方法を同一とした薬品や、[[特許]]使用の許可を得て優先的に先行販売が可能な薬品を指す）に関しても、錠剤への両面印刷や1錠ごとのGS1データバー表記を採用している。また、ジェネリック医薬品のほかに、有効性・安全性が確立され、[[特許]]期間が満了となった長期収載品の一部を第一三共から継承して販売している。
杉沢薬品株式会社,この会社の主力は「置き薬」。置き薬を中心に、健康食品の訪問販売や、医薬品、健康食品の商品開発・卸販売を行っている。置き薬会社だが、医薬品のプライベートブランド商品がある。
シオノギヘルスケア株式会社,塩野義製薬株式会社から、コンシューマーヘルスケア部門（[[一般用医薬品]]・[[医薬部外品]]事業）を分社化する形で、2016年（平成28年）1月15日に設立、同年4月1日から営業を開始した。本社は親会社の塩野義製薬と同じく、大阪府大阪市中央区北浜二丁目に置く。[[社章]]も、塩野義製薬と同じ[[分銅]]マークを使用するが、当社の社名フォントは、塩野義製薬の公式略称である「シオノギ製薬」のものとは異なる。なお、当社のフォントを用いたパッケージは「[[パイロン(風邪薬)パイロン]]PL顆粒」が初である。2019年1月には、[[宝酒造]]株式会社などを傘下に持つ[[宝ホールディングス]]株式会社のグループ会社が担っていた健康食品事業を、株式譲渡と事業承継によって引き継ぎ、[[通信販売]]向けの健康食品を取り扱うようになった。