株式会社大阪港トランスポートシステム,[[大阪港大阪南港]]・[[咲洲]]に造られた住宅団地[[南港ポートタウン]]やフェリーターミナルへの交通手段として1981年に住之江公園駅-中ふ頭駅間が開業した。[[神戸新交通ポートアイランド線]]（ポートライナー）に次ぐ日本で2番目の本格的なAGTの路線で、[[公営交通]]（[[地方公営企業]]である交通局）のAGT路線としては初であり、2008年に[[東京都交通局]]の[[東京都交通局日暮里・舎人ライナー日暮里・舎人ライナー]]が開業するまでは公営交通による唯一のAGT路線であった。すべての駅が開業時から[[ホームドア]]設置の[[島式ホーム]]1面2線（停車時は終点駅以外は進行方向から向かって右側の扉が開く）となっている。両端駅は[[大阪市高速電気軌道OsakaMetro]]の地下鉄路線と改札内で乗り換えすることができ、運賃も地下鉄と一体計算されるため、実質OsakaMetroの1路線のような扱いとなっている（運賃額は「[[大阪市高速電気軌道]]」を参照）。駅構内案内表示板における案内表記は、開業当時から「ニュートラム」で統一されていたが、近年更新された案内表示では「南港ポートタウン線」へと変更されている。地下鉄では長らく「ニュートラムはお乗り換えです」と案内していたが、2014年3月頃から「ニュートラム南港ポートタウン線はお乗り換えです」と放送が変更されている&lt;ref&gt;厳密には「ニュートラム」は新交通システムの愛称であり、路線の愛称ではない。&lt;/ref&gt;。駅により、列車発着案内が開業時からの[[反転フラップ式案内表示機反転フラップ式表示]]のものや、1997年の[[#OTSニュートラムテクノポート線の編入OTS開業時]]に[[発光ダイオードLED]]表示のものに変更されているものと統一されていなかったが、2012年3月より、カラーLED式の発着案内表示機に全駅で交換された。南港ポートタウン線は歴史的経緯（[[#OTSニュートラムテクノポート線の編入後述]]）により、距離を示す[[距離標キロポスト]]が2つに分かれている（矢印の方向にキロ数が増える）。*（中央線大阪港駅→）コスモスクエア駅→中ふ頭駅：OTSの南港・港区連絡線として開通した区間を大阪港起点でキロポストを打っているため。*中ふ頭駅→住之江公園駅：中ふ頭起点でキロポストを打っているため。
安田倉庫株式会社,松島型防護巡洋艦は3隻建造され、それぞれ[[松島(防護巡洋艦)松島]]（まつしま）、[[厳島(防護巡洋艦)厳島]]（いつくしま）、[[橋立(防護巡洋艦)橋立]]（はしだて）と命名されたが、[[日本三景]]である[[陸奥国陸奥]][[松島]]、[[安芸国安芸]][[厳島]]（宮島）、[[丹後国丹後]][[天橋立]]から名を取ったことが三景艦と呼ばれた所以である。本型は艦名の優雅さから日本国民に親しまれたが、親しまれた理由は他に2点が存在する。本型が建造されたのは、大国[[清]]との衝突が避けられない時期であった。中でも[[ドイツ]]と[[イギリス]]の支援を受けて艦隊を整備した清国[[北洋艦隊]]の主力である[[装甲艦砲塔装甲艦]][[定遠級戦艦定遠級]]「[[鎮遠(戦艦)鎮遠]]（ちんえん）」、「[[定遠(戦艦)定遠]]（ていえん）」の2隻は、ドイツの最新技術を用いた最新鋭の装甲艦だった。これらの艦の主砲には[[クルップ]]社が清国装甲艦のために製造した30.5cm砲を4門採用しており、これは東洋最大級の艦砲であった。対する日本には、同系列のクルップ砲4門でも威力に劣る24cm砲を搭載する旧式の装甲艦「[[扶桑(甲鉄艦)扶桑]]」1隻しか存在せず、定遠級は日本艦隊にとって大いなる脅威であった。そこで、この清国戦艦2隻に対抗するため、フランスから招聘した造船技官[[ルイエミール・ベルタンエミール・ベルタン]]の設計により松島型防護巡洋艦が誕生した。主砲はたった1門ながら清国艦隊の主力艦を撃破可能な[[カネー砲カネー社]]の「32cm（38口径）砲」を搭載し、砲弾の大きさでは鎮遠、定遠を上回った。しかし、当時の日本の港湾施設はベルタンの提唱した装甲艦クラスを運用するには能力不足で、加えて予算的に大型艦を購入できず、そのために艦の大きさはフランスの提示した物よりも小型にせざるを得ず、巨砲を小型の船体に収めるために装甲も機関も貧弱な物となった。だが国力の乏しい日本としては一生懸命背伸びをした結果であり、それだけに日本海軍及び国民がかけた期待は大きかった。これが理由の2つ目である。理由の3つ目は、日清戦争での海上主力対決となった[[黄海海戦(日清戦争)黄海海戦]]において、本型を主力とした[[連合艦隊]]が北洋艦隊を破ったことである。三景艦主砲の32cm砲はほとんど役に立たなかったが、副砲である[[速射砲]]と、高速を出せる艦隊の運動性の高さを生かし、[[撃沈]]はできないまでも敵戦艦の攻撃能力をほぼ奪った。続いて[[威海衛の戦い威海衛攻撃]]で北洋艦隊を全滅させ、本型は国民の期待に応えることができた。本型はその後、主力艦の座を[[富士型戦艦富士型]]などの戦艦に譲った。日露戦争では、本型3隻に加え、日清戦争時に鹵獲されたかつてのライバル「鎮遠」を加えた4隻を中心に、第三艦隊第五戦隊を編成した。これらの艦は主として哨戒や掃海で活躍した。また[[日本海海戦]]にも参加、バルチック艦隊を捕捉・触接し、敵艦隊の編成や動向を逐一通報する任を担った。余談だが、本型は本来4隻建造される予定であった。しかし、上記にあるように本型の搭載する砲の運用には問題があり、佐雙左仲造船官の猛烈な反対に遭い、3隻で建造は打ち切りとなった。この処置は、3番艦および4番艦を国内建造するため招いたベルタンを憤激させ、契約が残っているにもかかわらず彼は帰国することとなった。なお、4番艦の名称は不明だが、一説には、4番艦の代わりに建造された「[[秋津洲(防護巡洋艦)秋津洲]]」の艦名がその名前と言われている。一隻当たり当時の貨幣価値で100万円。
屋島ドライブウエイ株式会社,『黄帝内経』は、[[前漢]]代に編纂され、『鍼経』と『素問』の合計18巻と伝えられている。その内容は散逸して一旦は失われたが、[[762年]][[唐]]の時代に王冰の表した『素問』と『霊枢』が伝えられている。現代の研究では『鍼経』もしくは『九霊』は『霊枢』（9巻）のことであるとされている。ただしこの9巻本も散逸してしまって残っていない。現在は[[1155年]]に[[南宋]]の[[史]]が霊枢を新たに校訂し、24巻81篇として編纂したものが元になっている。『素問』が理論的であるのに対し、『霊枢』はより実践的に記述されている。『素問』の内容は医学にかぎらず、[[易学]]、天候学、星座学、[[気学]]、薬学、運命学と広くさまざまな分野に及び、医学書というより科学書と呼ぶべきであるという意見もあり、[[道教]]にとっても原典の一つとされる。現在、医学書とされている理由は、紀元前1世紀の図書目録である『[[漢書]]』「[[芸文志]]」に医書として分類されていることによる。『内経』の原本は残っておらず、さまざまな写本が存在する。日本では京都の[[仁和寺]]に、日本最古の『黄帝内経太素』の写本が所蔵されている。『'''太素'''』（たいそ）は7世紀ころの写本で、唐代の楊上善が、『素問』と『霊枢』を合わせて編纂したものである。『黄帝内経』18巻のうち、1部にあたる9巻を『鍼経』と呼び、2部の9巻を『素問』と呼ぶ。『鍼経』は[[経脈]]、[[経穴]]、[[刺鍼]]、また[[営衛]]、[[気血]]など系統的で詳細に説明されている。ここで9という数字には意味があり、古代中国において、数は1から始まり9で終わるとされていた。すなわち1巻には1章から9章が記述され、9章の次は2巻となる。1部は9巻×9章で81章で一まとまりとなり、『黄帝内経』は2部構成であった。『素問』は、古くは紀元前202年の前漢代の頃から編纂され始めたと考えられている。現存する『素問』は、762年に王冰によって編纂された。王冰はそれ以前の『素問』を大幅に変更したことがわかっており、王冰の『素問』からは古い『素問』を伺い知ることはできないと批判されている。『霊枢』は『素問』より新しい時代のもので、20年から200年ころ編纂された。『素問』より前に『鍼経』が編纂され、それが後に『霊枢』に引き継がれたと考えられている。「芸文志」には、『内経』（18巻）の他に『外経』（37巻）があったとの記録があるが、『外経』は現存せず、詳しいことはわかっていない。
株式会社キユーソー流通システム,大手[[食品メーカー]]の[[キユーピー]]を親会社とし、本体や協力会社が共同配送に用いる[[貨物自動車トラック]]の荷台には「キユーソー便」のロゴが入っている。[[東京証券取引所東証]]第1部に上場。キユーピーグループの物流を一手に請け負っているが、グループ以外にも積極的に営業展開を行っており、現在売上高に占めるキユーピーグループ関連の比率は30%程度である。
伊藤忠ロジスティクス株式会社,気象庁は当初2005年（平成17年）秋ごろの[[寒候期予報]]や[[3か月予報]]などにおいて全国的に気温は平年並みか高いと予想しており、[[暖冬]]となる見込みであった。しかしその予想に反して2005年（平成17年）12月上旬に早くも強い寒気が流れ込んだのを皮切りにその後も次々と断続的に寒気が流れ込むようになり、急速に発達する[[低気圧]]の通過と重なって日本各地に大雪、寒波、暴風をもたらした。結果的に2005年（平成17年）12月から2006年（平成18年）1月上旬のほとんど毎日が[[西高東低冬型の気圧配置]]となり、この期間は[[1985年]]（[[昭和]]60年）から[[1986年]]（昭和61年）の[[六一豪雪]]以来の記録的な豪雪と低温となった。気象庁は12月下旬に暖冬との予想を撤回し、結局この冬は[[南西諸島]]を除き[[寒冬]]となった。ただその一方で2月中旬から一転して、[[2月15日15日]]には南風が吹き[[静岡市]]で24{{℃}}の記録的な高温を観測したり、下旬は低気圧が日本の北を周期的に通過したため、南から暖かい空気が流れ込んで気温の高い日が多く、高温・暖冬傾向となった。3月に入ると[[3月13日13日]]に強い寒の戻りがあった以外は余寒はほとんど無く、おおむね北日本中心の高温・暖春傾向で桜の開花や満開は全国的に平年より早く厳冬の割りには春の訪れは早かった。この豪雪の特徴としては強い冬型の気圧配置が続くことで雪雲が[[モンスーン季節風]]により山地まで運ばれるため山間部や内陸部に大雪をもたらす「山雪型」の特徴が顕著に現れており、[[北海道地方]]から[[北陸地方]]・[[山陰地方]]の山間部では多くの地域で冬（12月-2月）の[[降雪降雪量]]や[[積雪最深積雪]]が平年を上回った。特に新潟県の山間部にある[[津南町]]では4mを超える最深積雪を記録したのをはじめ[[北海道]]、[[東北地方]]、[[北陸地方]]、[[群馬県]]、[[岐阜県]]、[[長野県]]、[[中国地方]]などの山間部や内陸部を中心として記録的な最深積雪となる所が多く12月の時点で歴代最深積雪の記録を塗り替えた地点もあった（豪雪の記録は年間で一番積雪が増える1月後半から2月にかけて記録されることが多く、12月中に記録を更新することは珍しい）。一方、[[金沢市]]、[[福井市]]、[[鳥取市]]など日本海側沿岸部に位置する地域では最深積雪こそ平年並あるいは平年を上回るところが多かったものの冬期間の降雪量は平年並あるいは平年を下回るところが多かった。12月は日本海側山間部から内陸部、沿岸部の多くの地点で降雪量が平年を大きく上回ったものの1月中旬以降は冬型の気圧配置が長続きせず高温となる時期も多くなったこと（2005〜2006年冬のシーズンは12月よりも2月の方が高温であった）や冬型の気圧配置となっても山間部中心の降雪となったため日本海側沿岸部では1月、2月の降雪量は平年を下回り、この地域では2月中旬以降は融雪も進み3月を迎える前に積雪がなくなる地点も多かった。山間部の地域でも1月中旬以降は強い降雪のピークは超えたが、代わりに気温の変動などによる[[雪崩]]被害も増加した。また[[新潟市]]や東北地方太平洋側の[[仙台市]]や[[福島市]]でも冬の降雪量や最深積雪は平年並、あるいは平年を下回った（但し、元々これらの都市は日本海からの発達した雪雲の影響を比較的受けにくい地域であり北国と呼ばれる割に積雪はとても少ない）。このほか12月は平年の「寒気が南下してくる限界」よりも南に寒気が流れ込んだため[[九州地方]]、[[四国地方]]、[[中国地方]][[瀬戸内地方瀬戸内]]側、[[近畿地方]]、[[東海地方]]など平年は雪が少ない地域でも大雪となった。主要都市でも[[鹿児島市]]、[[高知市]]、[[広島市]]、[[名古屋市]]など広い範囲で記録的な大雪となった。また、1月下旬には[[南岸低気圧本州南岸を通過した低気圧]]の影響で[[関東地方]]でも大雪となった。
株式会社近鉄エクスプレス,1948年、[[近畿日本鉄道]]の国際貨物部門として業務を開始し、1970年、近鉄航空貨物株式会社として独立。1972年10月、単独混載の免許を取得し、グループ混載から離脱。これが飛躍の原動力となった。その後も積極的に海外展開を進め、中国では日系最大級のネットワークを有する。創業時から手がける航空貨物輸送に加え、海上貨物輸送、ロジスティクスまでワンストップでサービスを提供している。日系フォワーダー大手3社の中では外資系荷主に強い顧客基盤を持っており、積極的・戦略的な顧客開拓を行っている。2015年、APLLogisticsLtd(以下APLL)を買収。APLLが持つ米国自動車メーカーや米国大手アパレル、大手流通などの欧米系顧客基盤を生かしてフォワーディング事業を拡大している。直近の中期経営計画では、欧米メガフォーワーダーと伍して戦うために物量拡大を最重要課題と位置づけ、「航空輸出重量70万トン、海上輸出容積70万TEU」を目標としている。
株式会社日新,*起点：札幌市東区本町1条9丁目（北13条北郷通交点）*終点：札幌市東区東苗穂15条2丁目*延長：4.8キロメートル
清水エル・エヌ・ジー株式会社,魚沼市入広瀬地区（旧[[北魚沼郡]][[入広瀬村]]）東部の大白川と、只見町大字田子倉の間に所在する峠で、最高点の標高は863mに達する。六十里越の名の由来は、実際の距離は六里（約24km）でありながら、険しさゆえに一里が十里にも感じられるほど余りに急峻かつ長大な山道であること、あるいは中世まで東日本においては一里は500mであったことなど、諸説ある。古くから新潟県[[中越地方]]と福島県[[会津地方]]南部を結ぶ街道の一つであるものの、国内有数の[[豪雪地帯]]に位置し、かつ[[雪崩]]や落石の危険性が高い箇所を経由することから通年では通行できない難所であった。[[昭和時代]]に入ってから道路改築と鉄道建設が進められ、まず[[1971年]]（[[昭和]]46年）に[[東日本旅客鉄道]]（JR東日本）[[只見線]]の、さらに[[1973年]]（[[昭和]]48年）9月には[[国道252号]]の、それぞれ県境区間が開業および開通した。いずれも区間内には[[トンネル]]や[[シェッドスノーシェッド]]が連続して設けられている。新潟県[[中越地方]]と只見町を結ぶ街道としてはもう一つ、六十里越から約15km北東側の[[三条市]]と只見町の間に位置する[[八十里越]]があるが、こちらは更に急峻な地形を有する難所で、現在も[[国道289号]]などの国県道はいずれも自動車の通行不能区間となっており、両県と[[国土交通省]]が改築事業を行っている。
川西倉庫株式会社,2001年行われたヨーロッパ最大のCGショー「IMAGINA」で流したフランスのSav!TheWorldProductions製作の『MollyStar-Recer』が話題を呼んだことをきっかけに、エモーションからの打診で企画が立ち上がる。初期段階から開発に6年かけ、Sav!TheWorldProductionsのアート・チームが2年以上も東京に移り住んで、[[ハルフィルムメーカー]]との共同作業のうえ作られた。[[2次元コンピュータグラフィックス2DCG]]の部分は、[[ハルフィルムメーカー]]、[[3次元コンピュータグラフィックス3DCG]]の部分はPUMPKIN-3Dにより製作されている。本作はアルーアス編とオーバン編の2部構成となっている。主な製作パートナーは[[トゥーン・ディズニーJETIX]]・ヨーロッパ、[[フランス・テレビジョンFrance3]]、スーパーRTL、[[バンダイビジュアル]]、ハルフィルムメーカー、ワイルド・サイド・ビデオ。なお、この作品の監督である[[ロマン・トマトマ・ロマン]]は現在“ロマン・トマ”名義で日本のアニメ制作会社・[[サテライト(アニメ制作会社)サテライト]]を拠点とし、様々な日本アニメの中核スタッフとして精力的に活動している。
ワールド・ロジ株式会社,新興の[[サード・パーティー・ロジスティクス]]（3PL）業者であるが、かつては子会社を通じ、人材派遣業や納品代行事業など幅広く展開していた。2004年12月には[[大阪証券取引所大証]][[ヘラクレス(有価証券市場)ヘラクレス]]に上場、2006年12月に[[東京美装興業]]と資本・業務提携を結んだ。[[2007年]][[4月2日]]、会計監査人が辞任したことに伴って、半期報告書の提出が遅延したことから、大証は当社株式を監理ポストへと割当てることを発表した（[[4月25日]]に解除）。[[2009年]]以降、3PL事業を中心とするコア事業に経営資源を集中するべく、子会社の売却等の事業再構築を進めたが、2009年6月期以降継続して純損失を計上。[[2012年]]6月期には大阪フルフィルメントセンターでの事業大幅縮小などで60億余りの連結純損失を計上し、[[債務超過]]に陥った。
三井倉庫ロジスティクス株式会社,[[ファイル:amariyama.jpg100pxthumbright甘利山公園から韮崎市内をのぞむ（2007年9月）]]路線は主に二つの区間に別れ、[[山梨県道42号韮崎南アルプス富士川線]][[船山橋]]西端から[[山梨県道12号韮崎南アルプス中央線]]旧道まで続く生活道路としての終点部分の区間と、県道12号旧道交差点から起点である甘利山山頂付近までの人里離れた山岳区間の登山道路としての二面を持つ。これは山梨県道が平成に入って一斉に改番された際に、前者は旧県道78号鋳物師屋若尾新田線、後者は林道であったのを同一の県道として指定したためである。なお当路線は、起点が[[甲府市甲府]]側からではなく、県道42号交点部分が終点に指定されている。起点は甘利山頂上へ向う行楽客用ロッジと広い駐車場のある鞍部からとなる。付近にある甘利山公園からは晴天の日には写真のように韮崎市内が見下ろせる。なお、砂利で覆われている駐車場部分を抜け、県道613号とほぼ一本の形で更に奥へ[[林道小字沢線]]が延びており、[[鳳凰山]]山腹の奥へ自動車での進入が可能であり&lt;ref&gt;ただし、この林道も冬期は通行止めである。&lt;/ref&gt;）、同様に韮崎市北部へ下ることも可能である。山頂から降りていくと車窓からでもレンゲツツジやササの群生する箇所や、また秋の紅葉、韮崎市方面への展望が広がる区間を抜ける。このため、シーズンには狭い当路線上に自動車を駐車するドライバーも多く、駐車禁止の旨の警告看板が立てられている。また、山頂からすぐに急勾配と[[つづら折れヘアピンカーブ]]が連続する区間が存在し、更に徒歩でハイキングする登山客もいるため、注意を要する。しばらく降りると、[[甘利山#椹池椹池]]という高層湿原へ出る。この少し下あたりで[[ダート#道路におけるダートダート]]区間の長い[[林道御庵沢小武川線]]と十字交差する。少し下ると苗敷山[[穂見神社(韮崎市旭町)穂見神社]]奥宮へと続く[[林道旭山線]]が分岐する。この林道は神社から先は自動車通行困難だが、[[山梨県立北病院]]近くの[[エーワン精密]]山梨工場付近まで下っている。更にしばらくヘアピンカーブを連続して下っていくと、甘利沢の砂防ダム付近に出てカーブと勾配が連続する区間は終了し、警戒情報標識と通行止め用ゲートをくぐると人里に入り、間もなくすると県道12号旧道との交点である甘利山入口交差点となる。なお、この山岳区間には500mごとに標高を示す標識が道路端に立てられている。この先は[[釜無川]]へ向けて比較的勾配のある道路を下る。交差点を越えると田圃の中の1.5車線区間を経て県道12号旭バイパスと交差、更に住宅の並ぶ区間を下って[[山梨県道607号北原下条南割線]]と信号の無い交差点で交差すると、沢に添う形で木々で鬱蒼とした坂を抜け田園地帯の広がる平地へと出る。ここから[[山梨県立韮崎工業高等学校]]グランドまでの短い区間をまた1.5車線で抜け、突き当たりの塚を右に90度曲がると県道42号との交点となり、ここが終点となる。終点部分で90度曲がるのは、架け替え前の旧船山橋は当路線が直進する形で架かっていたためで、逆に[[国道52号]]（現在の県道42号）側が右へ90度曲がる形で進入していた。なお、この交点には信号機は設けられておらず、船山橋方面から県道613号に入るためには交通量の多い反対車線に入る必要がある。
株式会社エーアイテイー,選手としてはキャリアの大半をレアル・マドリーで過ごした。在籍中はいわゆる[[キンタ・デル・ブイトレ]]の前の時代に相当し、守備的[[ミッドフィールダー]]、[[ディフェンダー(サッカー)ディフェンダー]]としてチームを支え、リーガ・エスパニョーラ優勝5回、コパ・デル・レイ優勝4回を経験した。[[サッカースペイン代表スペイン代表]]としては[[UEFA欧州選手権1980]]に出場した。現役引退後は指導者の道に進み、レアル・マドリードの下部組織等で指導にあたる。1999年から2003年までは、レアル・マドリードのトップチームを指揮。この4年間に、[[リーガ・エスパニョーラ]]優勝2回、[[UEFAチャンピオンズリーグ]]優勝2回、[[インターコンチネンタルカップ(サッカー)インターコンチネンタルカップ]]優勝1回など、名門レアル・マドリードの歴史の中でも顕著な戦績を挙げている。2008年にはスペイン代表の指揮官に就任すると、[[2010FIFAワールドカップ]]を制し、母国を悲願の世界王者に導いた。更に、大会後も引き続き代表を指揮し、[[UEFAEURO2012]]でもチームを優勝に導く。これによりスペイン代表は、史上初となるUEFA欧州選手権連覇に加え、[[UEFAEURO2008]]、[[2010FIFAワールドカップ]]、[[UEFAEURO2012]]の主要国際大会三連覇という前人未到の記録を成し遂げた。また、デル・ボスケ個人も、FIFAワールドカップ、UEFA欧州選手権、UEFAチャンピオンズリーグの三冠を達成した史上初の監督となっている&lt;ref&gt;{{citeweburlhttp://www.boe.es/diario_boe/txt.php?idBOE-A-2011-2138titleBoletnOficialdelEstado4defebrerode2011RealDecreto135/2011de3defebreroporelqueseconcedeelttulodeMarqusdeDelBosqueadonVicentedelBosqueGonzlezpublisherGobiernodeEspaa（スペイン政府）MinisteriodelaPresidencia（首相府）languageスペイン語accessdate2011-10-1}}&lt;/ref&gt;。
株式会社富士ロジテック,*文字通り、多様なジャンルの内容となっている。単発ドキュメンタリーが中心だが、定番企画として放送されているバラエティーもある。「[[福岡発地域ドラマ]]」も、初回はこの枠で放送されている。*NHKの地域番組見直しで、'''この枠に独自の放送を行い、この番組を放送しない県がある'''。*内容によっては、『[[九州沖縄アンコールアワー]]』→『[[いちおし!九州沖縄]]』や、全国枠・衛星放送で放送されることもあった。2011年3月で放送終了。後継番組は『[[きん☆すた]]』。なお、本企画のうち「ASIANPASSION」は2011年度も独立番組として放送される。
セメントターミナル株式会社,[[2015年]]（平成27年）[[10月31日]]の[[桶川北本インターチェンジ桶川北本IC]]-当IC間の開通により西側主要区間が全通することになり、[[東北自動車道東北道]]と[[関越自動車道関越道]]、[[中央自動車道中央道]]、[[東名高速道路東名高速]]が[[首都圏中央連絡自動車道圏央道]]経由で結ばれることになった&lt;refname&quot;yomiuri20151017&quot;&gt;{{citenewstitle圏央道、西側開通へ…主要高速道つなぐurlhttp://www.yomiuri.co.jp/life/atcars/news/20151017-OYT8T50007.htmlpublisher[[読売新聞]]date2015年10月17日accessdate2015年10月28日}}&lt;/ref&gt;&lt;refname&quot;tokyo20151022&quot;&gt;{{citenewstitle31日、圏央道の県内全線開通期待高まる経済効果urlhttp://www.tokyo-np.co.jp/article/saitama/list/201510/CK2015102202000204.htmlpublisher[[東京新聞]]date2015年10月22日accessdate2015年10月28日}}&lt;/ref&gt;。
田倉庫株式会社,1950年10月に創業。美術品、映像・音楽媒体メディア、ワインなどのデリケートな品の保存保管を基幹事業としている。また、BtoC事業としてwebと写真を活用した新たな収納サービス「minikura」を積極的に展開しており、さらに「MINIKURA」のプラットフォームを使ったアート作品のレンタル事業や、月額課金制の衣料品レンタルなどwebを使った新事業を展開するベンチャー企業との資本・業務提携にも着手している。一方で、寺田倉庫の本拠地となる[[天王洲アイル]]地区の活性化に注力しており、新規事業を数多く展開。天王洲の倉庫街からの文化発信に注力し、本社内にイベントホール、音楽スタジオ、[[茶室]]などを開設し同品川区の施設にギャラリーを誘致している。また、ASIANARTAWARDsupportedbyTERRADAの開催や海外のアートイベントの招致など、天王洲アイルの地域活性化を目的とした文化・芸術の支援育成に取り組んでいる。2018年8月には、法人格では初となる、モンブラン国際文化賞を受賞。アート関連事業に注力していることや、伝統芸能のサポートなど芸術文化活動への積極的な支援などが評価された。
日本飼料ターミナル株式会社,
王子物流株式会社,*消防本部：一宮市緑1-1-10*管内面積：113.91km&lt;sup&gt;2&lt;/sup&gt;*職員定数：390人*[[消防署]]3カ所、消防分署1カ所、消防出張所8カ所*主力機械（2018年4月1日現在）**[[消防ポンプ自動車]]：1**水槽付消防ポンプ自動車：19（内、非常用：3）**[[はしご付消防自動車]]：2**[[化学消防ポンプ自動車]]：1**小型動力ポンプ付水槽車：1**[[救助工作車]]：2**[[日本の救急車救急自動車]]：14（内、非常用：3）**指揮車：2**指令車：5**広報車：15**搬送車：3**人員輸送車：1**機材輸送車：1**高所作業車：2**ボートトレーラー：1
日鉄物流八幡株式会社,[[八幡製鐵所]]の構内輸送や、日本国内における[[貨物自動車]]運送業・[[港湾運送業]]、国際物流事業（[[利用運送事業貨物利用運送業]]）を行う企業である。[[八幡製鐵所]]の[[新日鐵住金八幡製鐵所くろがね線専用鉄道]]・構内鉄道の[[機関車]]の運転及び整備を行っているため、[[第三セクター鉄道]]の[[鉄道車両車両]]整備なども受託している。
JX喜入石油基地株式会社,[[日清紡ホールディングス日清紡]]東京工場跡地&lt;ref&gt;元々は[[1924年]]に合併した東京紡績の工場で、西新井工場と称していた。化成事業（現在の日清紡テキスタイル）・摩擦材事業（現在の日清紡ブレーキ）の拠点工場となったが、西新井化成工場→東京工場への改称を経て[[2002年]]に操業停止。&lt;/ref&gt;の[[再開発]]事業「[[西新井ヌーヴェル]]」計画の一つとして[[2007年]]（[[平成]]19年）[[11月6日]]にプレオープン&lt;refname&quot;nissyoku-2007-11-9-1I&quot;&gt;山本仁((2007年11月9日).“イトーヨーカ堂、売価抑制が基本亀井社長「値上げ、慎重に対処」”.[[日本食糧新聞]](日本食糧新聞社)&lt;/ref&gt;、同年[[11月9日]]にグランドオープンした&lt;refname&quot;nissyoku-2007-10-24-4I&quot;/&gt;。[[イトーヨーカ堂]]が新業態「[[アリオ]]」として運営する大型[[ショッピングセンター]]であり、アリオとしては全国で6店舗目（都内では[[アリオ亀有]]に次ぐ2店目）、イトーヨーカドーとしては176店舗目の店舗としてオープンした。[[東武鉄道]][[西新井駅]]西口そばの環七通り（[[東京都道318号環状七号線]]）と[[尾竹橋通り]]（[[東京都道461号吾妻橋伊興町線]]）の交わる場所に位置しており&lt;refname&quot;ario-nishiarai-about-2014-7-21&quot;/&gt;、商業施設としての立地環境に優れている。敷地面積が狭いものの、建物を地上6階地下1階（うち上層階の3フロアが立体駐車場）&lt;refname&quot;ario-nishiarai-about-2014-7-21&quot;/&gt;とすることで延床面積を確保している。ショッピングセンター内にはイトーヨーカドーを核店舗に&lt;refname&quot;nissyoku-2007-10-24-4I&quot;/&gt;、[[TOHOシネマズ]]やファッション、レストランなど111の[[専門店]]が入居している&lt;refname&quot;ario-nishiarai-about-2014-7-21&quot;/&gt;。また、周囲には[[マンション]]、[[公園]]が立地している。近隣も「西新井ヌーヴェル」の一環として大規模な開発が行われており、道路なども整備されている。なお、近隣にあった旧イトーヨーカドー西新井店は、2008年（平成20年）8月29日にイトーヨーカ堂の[[ディスカウントストア]]業態「[[ザ・プライス]]」西新井店に転換された&lt;refname&quot;taihan-news-2008-9-4-11&quot;&gt;“セブン＆アイの新業態ディスカウントストア1号店『ザ・プライス西新井店』8月29日（金）開店東京都足立区”タイハン特報(大量販売新聞社).(2008年9月4日)&lt;/ref&gt;。出店テナント全店の一覧・詳細情報は公式サイト「[http://www.ario-nishiarai.jp/page/shop/floorlist/?floor_typefloor1&amp;floor1Fショップガイド]」を参照。
山手冷蔵株式会社,[[イースタン・リーグ]]（二軍）公式戦、[[東都大学準硬式野球連盟]]の2部リーグ戦、[[全国高等学校野球選手権埼玉大会高校野球埼玉大会]]、[[草野球]]、[[少年野球]]などに使用されている。[[東武東上本線東武東上線]]・[[朝霞駅]]南口から南西方向に約1.5kmの朝霞中央公園の中にある。同公園の北側には、[[朝霞中央公園陸上競技場]]がある。また、近くに朝霞市役所、[[朝霞市立図書館]]、朝霞市総合体育館、[[朝霞中央公民館]]などがある。
株式会社中央倉庫,内陸の総合物流でトップクラス。多種多様な貨物を取扱い、保管から、輸送、流通加工、通関、梱包、情報処理に至るまで、倉庫・運送・国際の一貫した総合物流体制を確立している。また、トランクルームサービス、引越運送等も取扱い、その拡充にも積極的に取組んでいる。
株式会社サンリツ,主力の[[梱包]]事業では、過酷な流通条件に対応した[[包装]]設計が特徴となっている。[[物流]]の入り口である梱包分野を重視し、業務全体の合理化、省力化を図り、顧客に還元するのが同社物流事業の強みである。最近では[[3PL]]や国際物流分野に注力しており、[[成田国際空港成田空港]]周辺に2箇所、[[横浜港]][[大黒ふ頭]]周辺に2箇所、保税・[[通関]]機能を持った加工拠点を用意している。微細[[電子部品]]から、精密[[医療機器]]、大型[[工作機械]]にわたる同社の流通加工技術は、顧客からも高く評価されており、[[倉庫]]や保税・通関、[[運輸]]などの事業を、コア技術の梱包とシステム化し、トータル・ソリューションの形態で提供することも多い。
大塚倉庫株式会社,カタロニアは[[1998年]]にインキャット社によって建造され、ウルグアイ・ラインによって運航された。[[1998年]][[6月9日]]、カタロニアは[[マンハッタン]]から[[スペイン]]のタリファ間5029kmを3日7時間54秒、平均速力38.877ノット（72km/h）で横断し、[[ホバースピード・グレートブリテン]]の記録を破って[[ブルーリボン賞(船舶)ブルーリボン賞]]を受賞した。その6週間後、同じくインキャット社建造の[[キャットリンク5]]に記録を更新され、現在は[[バルセロナ]]-[[マヨルカ島]]間の定期フェリーとして運航、船名も'''エクスプレス（{{langenHSCExpress}}）'''に改名している。
NYKロジスティックスジャパン株式会社,2007年10月1日に株式会社ジェイアイティーを存続会社とし、旧NYKロジスティックスジャパン株式会社と合併し、新生NYKロジスティックスジャパン株式会社が誕生。株式会社[[ジェイアイティー]]は、1983年12月にジャパン・インターモーダル・トランスポート株式会社として設立され、2001年6月に株式会社ジェイアイティーと社名変更して[[NVOCC]]事業を展開。一方、旧NYKロジスティックスジャパン株式会社は、2004年4月30日に[[日本郵船]]グループの海外物流ネットワークと連携した[[インターモーダル輸送一貫輸送物流]]および国内の[[サード・パーティー・ロジスティクス]](3PL)を主な事業として設立された。日系の[[物流]]業者としては随一の海外ネットワークを誇る。
イヌイ倉庫株式会社,[[神戸市神戸]]で[[海運海運業]]を営み、'''神戸海運五人'''男と称された乾財閥当主[[乾新兵衛]]が、1925年に土地の売買、賃貸借および金銭の貸付を行う目的で「関東土地株式会社」を設立した。2014年10月の合併で消滅会社となった（旧）「乾汽船株式会社」は乾財閥の持株会社であった乾合名会社の後身である。
全農物流株式会社,[[日本]]有数の[[繁華街]]であり広義における[[下町]]でもある。東京を代表する高級商店街として、日本国外においても戦前より[[フジヤマ]]、[[ゲイシャ]]、[[ミキモト]]、[[赤坂(東京都港区)赤坂]]などとともに知られる。「銀座」の名は一種の[[ブランド]]になっており全国各地の[[商店街]]には「○○銀座」と呼ばれる所がそこかしこに見受けられる。銀座の地名の由来は、[[江戸時代]]に設立された[[銀]][[貨幣]]の鋳造所（銀座）にある。[[駿府]]（静岡市）に置かれていた幕府の銀座が、[[1612年]]（慶長17年）に[[江戸]]に移されて以来、これが地名として定着した。また、[[銀座四丁目交差点]]付近は[[商業地]]として日本一[[地価]]の高い場所としても知られる。
東洋埠頭株式会社,[[南満州鉄道]]の子会社として日満倉庫を設立し創業。満州で倉庫・物流業を手がけ、親会社の鉄道資材の保管業務も併営していた。終戦後の南満州鉄道の解体に伴い子会社の日満倉庫も解体対象となり、事業は東洋埠頭商事に全面譲渡された。その後社名を現在の東洋埠頭に変更した。埠頭会社では規模・売上ともにトップである。
巨山ジャパン株式会社,日本国内外における生産拠点からの輸出入を行う総合商社である。輸出入品目は大きく分けて「自動車用品」「繊維製品」「産業資材」の3品目で、内訳は品目資材および各種加工製品となっており、日本国内の各製造拠点へ輸入した資材を各種加工製品として加工・販売を行い、カーホイール、中古自動車、中古ピアノなどを中心に、各種商品を主に[[大韓民国韓国]]や[[中華人民共和国中国]]へ輸出している&lt;ref&gt;[http://www.geosan.jp/contents.html巨山ジャパン株式会社取扱品目]&lt;/ref&gt;。
株式会社オーナミ,親会社である[[日立造船]]を主要取引とし、大阪及び舞鶴、九州地区で運輸・倉庫業を行う企業である。
日清物流株式会社,*自身の歌手、そして全米デビューシングルとなった。*収録された曲は全てカバー曲である。*名義は倉木麻衣ではなく「Mai-K」であった。後に発売される全米アルバム『[[Secretofmyheart(アルバム)Secretofmyheart]]』の名義も同じである。*倉木麻衣名義（邦盤）では[[2009年]][[9月9日]]に発売された『[[ALLMYBEST]]』に初収録された。*作曲者は今後倉木と度々協力する[[YOKOBlack.Stone]]であった。*現在は廃盤となっているため入手が非常に困難となっている。*PVはボストンでのレコーディング風景を収めた物が通常仕様として有名だが、リリース前にタイアップで「ヤ・マン」「松尾潔的音楽生活」のエンディングでオンエアーされていた時はグランカフェでのクラブイベントで騒ぐ入場客をスローモーションにした映像であり、本人は出演していなかった。
加藤運輸株式会社,*料金は概ね200円均一だが、月山志津温泉線の姥沢へは一律500円、道の駅にしかわ寒河江駅線の町外区間は一部区間制。中学生以下は無料。**回数券（11枚綴りで10回分）、通勤・通学・片道各定期券もある。荷物使用料の設定もある。*月山志津温泉線・道の駅にしかわ寒河江駅線を除き、日曜、祝日、8月13日〜16日は運休。土曜は、一部路線で運休。*運行形態は、自家用自動車（白ナンバー車）による有償運送である。
株式会社バンダイロジパル,[[バンダイ]]は商品の輸送コスト削減を目的に[[1963年]]9月に同社運輸部を分離して「'''バンダイ運輸株式会社'''」を設立、以降はバンダイ→[[バンダイナムコグループ]]における物流部門を担ってきた。[[2007年]]7月に国内における[[貨物自動車]]運送事業、倉庫業などを「'''[[ロジパルエクスプレス株式会社ロジパルエクスプレス]]'''」として分社化。以降、バンダイロジパルは国際物流業務、[[サード・パーティー・ロジスティクス]]、[[アーケードゲームアーケードゲーム機]]のメンテナンスを主要業務としている。ロジパルエクスプレス設立後も行っていたアーケードゲームの物流業務は、[[2016年]]4月までにロジパルエクスプレスへの移管が完了している。[[通関業者通関業]]に関しては、AEO（AuthorizedEconomicOperator）認定通関業者制度に基づく認定通関業者となっている。
横浜港埠頭株式会社,*所在地：〒231-0023[[神奈川県]][[横浜市]][[中区(横浜市)中区]][[山下町(横浜市)山下町]]2番地産業貿易センタービル4階*代表取締役社長:高島正之*資本金：150億2千8百万円*財団設立：[[1981年]][[12月25日]]*株式会社設立：[[2012年]][[7月26日]]
中央株式会社,*本社所在地-東京都墨田区[[東向島]]四丁目1番5号*設立-1948年（昭和23年）12月4日*代表者-小田桐修*資本金-6543万2200円*事業内容#倉庫業#物品の仕分け、[[梱包]]及び発送業務の[[請負]]業#[[販売]]業務#上記に付帯する一切の業務*取引業種-[[アパレル]]メーカー、各種[[雑貨]]卸、[[玩具]]卸、[[販売促進SP]]、[[通信販売]]、[[建築資材]]商社、[[精密機器]]商社、[[学校法人]]等
株式会社キョクレイ,SDにディフォルメされた[[ロボットアニメ]]や[[特撮]]作品のキャラクターが戦う[[クロスオーバー作品]]「[[コンパチヒーローシリーズ]]」の1つ&lt;ref&gt;{{Citebook和書titleコンパチヒーローシリーズとはコンパチヒーローシリーズポータルurlhttp://compati.channel.or.jp/about.htmldateaccessdate2011-11-05}}&lt;/ref&gt;。[[ガンダム(架空の兵器)ガンダム]]、[[ウルトラマン#キャラクターとしてのウルトラマンウルトラマン]]、[[本郷猛#仮面ライダー1号仮面ライダー1号]]、[[コンパチヒーローシリーズ#ヒーローロア]]の4人のヒーローが、スーパーピンボ率いる悪の軍団と[[ピンボール]]で戦う。スピナーやランプレーンといったピンボールのギミックをキャラクターで再現している。
日本地下石油備蓄株式会社,専用チップを用いた自社アーケード筐体『メトロゲームポケット』シリーズ第5弾（[[ロボダッチ#アーケードゲームロボダッチ]]を含めると実質第6弾）。専用チップ「エンブレム」を使用、２体のギガジュウを超合体させることで更に強力な超合体ギガジュウを呼び出して戦わせることができるのが特徴。今作ではカメラは使用しないが、設置店舗によっては『[[かおチェンバトルガンメングランプリ!]]』時のカメラが外されていない筐体もある。
日本自動車ターミナル株式会社,この制度を利用すれば職業訓練を受講している期間中に、働いていないにもかかわらず毎月10万円が支給されるが、これの利用のためには本人の[[収入]]や世帯全体の収入や[[財産]]が一定基準を満たしていないなどの[[条件]]がある。また、この制度は仕事に就くために[[職業訓練]]を受ける者を支援する制度であるため、一度訓練を欠席しただけで給付が受けられなくなったり、多く欠席した場合には職業訓練の初日にさかのぼって給付された金銭の返還が求められたりするなど規則が厳しくなっている。
トラボックス株式会社,1999年夏、[[インターネット]]や[[携帯電話携帯]]を使った、誰でも簡単に参加できる[[ネットワーク]]が[[トラック]]運送業界には無かったため、東京都[[足立区]]にある[[運送会社]]の若手経営者が集まり、個人運営で[[システム開発]]を開始。2013年8月に株式会社ガラパゴスと合併し、クレープの製造・販売を行う食品事業部をスタートさせる。2014年にはサービスを利用する会員社数33000社を超え、登録トラック台数は418000台に達している。[https://www.trabox.jp/pub/webapp.php/top/params/参照元]また、[[日本経済新聞]]、[[日経産業新聞]]、[[東京新聞]]、物流専門誌の物流ウィークリー、物流ニッポンなどで事業の展開を紹介され、新聞掲載数は2014年1月の段階で500回を超えている。[http://www.trabox.ne.jp/corporate/newspaper.html参照元]
大日本倉庫株式会社,大日本倉庫の前進は、江戸時代中期、河内木綿を取り扱う問屋として井徳平が創設する。その後、綿種油の製油業も開設し、中河内を中心に事業を展開する。昭和のはじめ頃、現本社・八尾営業所の土地を取得する際、当初は製油工場の建設を予定していたが、旧国鉄線路沿いという輸送に適した土地であったため、当時の大日本帝国海軍の意向もあり倉庫として開設した経緯がある。はじめは八尾倉庫として開設したが、その後大日本帝国海軍の軍事物資拠点となり、社名も大日本倉庫へと改名した。