新光証券株式会社,
SMBC日興証券株式会社,{{main2旧日興證券および日興コーディアルグループの概要については「[[日興コーディアルグループ]]」}}
SMBCフレンド証券株式会社,旧[[さくら銀行]]系の'''さくらフレンド証券'''と[[住友グループ]]及び[[パナソニックグループ松下（現パナソニック）グループ]]の証券会社である'''明光ナショナル証券'''が[[合併]]して誕生した。三井文庫の賛助会社&lt;ref&gt;[http://www.mitsui-bunko.or.jp/foundation/support.html公益財団法人三井文庫【賛助会社】]&lt;/ref&gt;であると同時に住友グループ広報委員会の会員会社&lt;ref&gt;[http://www.sumitomo.gr.jp/committee/company.html住友グループ各社のご案内-住友グループ広報委員会]&lt;/ref&gt;であるが、ただ、[[三井財閥三井系]]企業の多くは業界最大手の[[野村證券]]（戦前は[[野村財閥]]傘下だったが、戦後独立系となった）や[[極東証券]]とも親密で、SMBCフレンド証券は[[住友財閥住友色]]が強い。近年では[[映画ファンド]]（北斗の拳）、高齢化社会関連ファンドなどをつくる等先進的な経営を行っている。[[2007年]]（平成19年）より一任勘定取引であるラップ口座（ファンドラップ）の取り扱いを開始した。また、三井住友銀行との提携も強化し、同行で行われている労働時間管理と生活バランスの見直しが行われることとなった。これまで、SMFGにおける証券事業は、ホールセール業務は[[大和証券グループ本社]]との提携によって生まれた大和証券SMBCが手がけ、リテール（小口）業務も[[大和証券]]と競合していたため、同社よりも相対的に零細な個人などを主体として営業する位置づけにとどまっていた。それが「フレンド」を冠する社名にも表れていた。しかし、[[2008年]]（平成20年）の[[世界金融危機(2007年-)金融危機]]を受けて業績が悪化した[[シティグループ]]が再建の一環で手放した日興コーディアル証券を三井住友フィナンシャルグループが傘下に収め、[[SMBC日興証券]]としたことに伴い大和証券グループとの提携を解消した（大和証券SMBCは大和証券グループ本社が完全子会社化し、[[大和証券キャピタル・マーケッツ]]に変更）。これによって事業統合などを通じてSMBC日興証券との連携も強化された&lt;ref&gt;{{Citeweburlhttp://www.smbc-friend.co.jp/company/release/2009/pdf/20100330_01.pdftitle個人のお客さまに対する三井住友銀行と日興コーディアル証券及びSMBCフレンド証券との銀証協働事業について（SMBCフレンド証券プレスリリース）formatPDFlanguage日本語accessdate2009-5-29}}&lt;/ref&gt;。[[2018年]]1月、SMFGのグループ再編の一環で、SMBC日興証券に吸収合併された。合併に先立つ[[2016年]]10月に、SMBC日興証券はSMFG直接の完全子会社となっている。この合併によってシステム統合や店舗の統廃合などで年100億円規模の経費削減効果も見込んでいると報じられている&lt;ref&gt;{{citenewstitle三井住友FG、2証券を合併アセットの子会社化も発表authoragencypublisher日本経済新聞date2016-05-12urlhttp://www.nikkei.com/article/DGXLASGC12H1E_S6A510C1EE8000/accessdate2016-05-19}}&lt;/ref&gt;&lt;ref&gt;{{citenewstitle三井住友FG、指名委設置会社に移行証券と運用会社を傘下にauthoragencypublisherロイターdate2016-05-12urlhttp://jp.reuters.com/article/mjfg-idJPKCN0Y315Laccessdate2016-05-19}}&lt;/ref&gt;。
サンワード貿易株式会社,[[1964年]][[7月]]、「北海道明治物産株式会社」として創業。その後、[[1975年]]に現社名「サンワード貿易株式会社」に変更される。[[経済産業省]]、[[農林水産省]]の許可を受けて農産物、原油、ガソリン、灯油、貴金属などの上場商品（商品先物取引）の受託および情報サービス提供などを行っている。当初は主に[[北海道]]を中心に展開していたが、2011年に本社を東京に移転し、現在は[[東京都東京]]・[[大阪市大阪]]・札幌の三拠点。対面取引のサービスが主であるが、コールセンター取引もあり、2014年6月からは電子取引も受託している。[[2014年]][[9月]]、関東財務局長の登録を受け、取引所[[外国為替証拠金取引]]([[くりっく365]])の取り扱いを開始。なお、[[くりっく365]]は[http://www.okayasu-shoji.co.jp/岡安商事株式会社]が取次元になっている。*[https://www.nisshokyo.or.jp/member/list.html日本商品先物取引協会会員情報開示]*[http://www.ffaj.or.jp/memberlist/list.html#k_shouhin_sakimono一般社団法人日本金融先物取引業協会会員・特別参加者一覧]
三洋証券株式会社,主人公キャラクターは3人の中から選択してゲームを始める。それぞれの話の時間軸は並行しており、別の主人公が起こしたイベントを他の主人公の視点で見たり、時にパーティ同士で助け合ったりなど各章は密接にリンクしている。各主人公のシナリオを同時に進行させる事も可能であり、プレイヤーにある程度の進行の自由を与えている。3人の章を全てクリアすると、それぞれの主人公ごとの終章を経て最終章に移行する。時間の概念があり、ゲームが進むたびに一定の場所・タイミングで時間が経過する（ゲームの進行度を示したものであり、宿屋などを利用しても経過しない）。
SBIホールディングス株式会社,ソフトバンク株式会社（現：[[ソフトバンクグループソフトバンクグループ株式会社]]）の純粋持株会社移行に伴い、1999年4月にソフトバンクの管理本部55名を率いて[[中間持株会社]]として'''[[ソフトバンクテレコム販売ソフトバンク・ファイナンス]]'''株式会社を設立（後に[[ソフトバンクテレコムソフトバンクテレコム株式会社]]に吸収合併された）。傘下にインターネットを軸に金融関連事業を行う事業会社を数多く設立した。その後、事業再編等を行いながら傘下の企業を中核企業となるソフトバンク・インベストメントに集約することで、ソフトバンクの子会社としての体制から、'''ソフトバンク・ファイナンスグループ'''（現：SBIグループ）としての体制を作る。ソフトバンク・インベストメント株式会社は、ソフトバンク・ファイナンスの子会社として1999年7月8日に設立。翌2000年12月15日に[[大阪証券取引所]]ナスダック・ジャパン市場（現：[[ヘラクレス(有価証券市場)大阪証券取引所ヘラクレス市場]]）に上場。2003年6月2日にイー・トレード株式会社との合併を行い、2005年7月1日に'''SBIホールディングス株式会社'''に商号を変更するとともに、SBIベンチャーズ株式会社（同時にソフトバンク・インベストメント株式会社に商号変更。その後、SBIインベストメント株式会社に商号変更）にファンド事業を移管することで、持株会社体制へと移行した。その後、順次ソフトバンクグループ保有分の[[株式]]の売却が行われ、2006年8月2日に全ての売却を完了。ソフトバンクグループからは独立したが、「[https://stocks.finance.yahoo.co.jp/stocks/detail/?code8931105Aソフトバンク&amp;SBIグループ株式ファンド]」として共通の信託口が存在する。国内ネット証券最大手。月刊誌FACTAに対して損害賠償請求を行い勝訴した{{要出典date2018年12月}}。
SBIインベストメント株式会社,[[File:Carterboxing1.jpgright240pxthumb現役当時のカーター]]ルービン・カーターは[[1937年]][[5月6日]]、[[ニュージャージー州]]の[[パターソン(ニュージャージー州)パターソン]]に生まれた。11歳のとき、白人男性の時計を盗んだとして、州の少年院に送られる。数年後、カーターは少年院を脱走し[[軍隊]]に入隊。このころボクシングを始めやがて才能を発揮、二度に渡りヨーロッパの[[ライトウェルター級]]チャンピオンとなる。リングネームを『ハリケーン』とし、ルービン・ハリケーン・カーターを名乗るようになった。カーターは[[プロボクサー]]になる決意を固めるものの、除隊後、故郷であるパターソンに戻ったところで警察に見つかり、少年院の残りの刑期（約10ヵ月間）に服した。後に念願のプロボクサーとなり、1961年9月、デビューした。逮捕されるまでに40試合、27勝12敗1分（KO勝ち19回、うち1ラウンドでのKO勝ちが8回）の成績を残した。デビュー戦で判定勝ちした後、続く14戦中11戦でKO勝ちした。1963年には、[[マディソン・スクエア・ガーデン]]で開催される試合の常連となり、同年12月20日、[[ピッツバーグ]]の[[メロン・アリーナシビック・アリーナ]]で、[[ウェルター級]]チャンピオンの[[エミール・グリフィス]]を1R2分13秒にTKO勝ちで破った&lt;ref&gt;{{citeweburlhttp://www.nj.com/sports/index.ssf/2014/04/boxer_rubin_hurricane_carter_dies.htmltitle'Hurricane'CarterboxerandNJnativediesat76publisherスター・レジャーauthorDaveD'Alessandrodate2014-04-21accessdate2015-03-01}}&lt;/ref&gt;。1964年12月14日には、[[フィラデルフィア]]のコンベンションホールで、[[ジョーイ・ジャーデロ]]とWBC世界ミドル級、WBA世界ミドル級タイトルマッチを行ったが、判定で敗れている&lt;ref&gt;{{citeweburlhttp://boxrec.com/list_bouts.php?human_id11387&amp;catboxertitleRubinCarterpublisherboxrec.comaccessdate2015-03-01}}&lt;/ref&gt;。
香川証券株式会社,終点の南安倍交差点は事故の多い交差点であり、[[日本損害保険協会]]の調査によると、2010年から2013年まで連続して静岡県ワースト2であった&lt;ref&gt;[http://www.sonpo.or.jp/protection/kousaten/kousatenmap25/22/静岡県平成24年の交通事故多発交差点一覧]日本損害保険協会2015年8月13日閲覧&lt;/ref&gt;。
メリルリンチ日本証券株式会社,米メリルリンチは[[1961年]]に[[日本]]に進出し、[[1972年]]にメリルリンチ証券・東京支店が、日本における証券業の免許を取得し本格的に営業を開始したが、当時は法人向けの営業活動がメインで、[[リテール]]取引はほとんど手がけていなかった。[[1997年]]に[[山一證券]]が[[倒産経営破綻]]すると、メリルリンチは同社の営業基盤を引き継ぐ形で、日本でのリテール取引に本格進出することを狙い同社を設立した。当初は山一證券の支店網の大半を引き継いだほか、元山一の営業マンを大量採用したことでも話題となったが、その後支店網は徐々に統廃合された上に、後述するようにリテール部門を営業譲渡し支店網をそちらに引き継いだため、2010年現在は東京・大阪の2拠点体制となっている。要因として、旧山一側の連帯責任制の風土に対しメリルリンチ上層部が『個人の責任、原因、役割の明確化』を指示した事に対立し、社員の大量離脱が起こったという。[[2001年]]には、メリルリンチ証券・東京支店の業務を同社に統合し、ホール・リテールの両方を取り扱う総合証券会社となる。[[2006年]]リテール部門を分割し、[[三菱UFJメリルリンチPB証券]]を設立して[[営業譲渡]]したため、ホールセール専門の証券会社となった。その後[[2012年]]末に三菱UFJメリルリンチPB証券の全株式を[[三菱UFJフィナンシャル・グループ]]に売却。日本国内のリテール部門から撤退している。[[2018年]][[10月9日]]、AM7時31-32分の間に東証に対し、通常の千倍以上のデータを誤送信し、4つの回線のうち1つの回線をサーバーダウンさせ、国内証券会社がかなりの時間の間取引停止に追い込まれた。
三縁証券株式会社,*放送時間は毎週[[水曜日]]の21:30-22:00。枠の前にプロ野球中継「[[文化放送ライオンズナイター]]」が組まれているため、プロ野球中継シーズン中は放送開始時間が遅れる場合が多く、またその影響で文化放送では放送枠自体が削られたりしている。[[2006年]][[3月22日]]に[[最終回]]をむかえた。しかし、[[3月29日]]の「[[福岡ソフトバンクホークスソフトバンク]]×[[西武ライオンズ西武]]」戦が規定時間内に試合終了したため、おまけの[[生放送]]があった。*第2回からの数回は、父（健）と長女（喜久子）で番組をスタート。次女（奈々）はスタート後しばらく海外留学（駅前留学）？をしていた。&lt;!--初回では3人とも出演していた--&gt;
かざか証券株式会社,[[トミー(企業)トミー]]（現[[タカラトミー]]）の玩具シリーズ「[[ゾイド]]」のアニメ第4作。海外で先行放送された第3作『[[ゾイドフューザーズ]]』とは異なり、完全に日本向けに制作された。キット付属のバトルストーリー等を基本設定にしていた過去の作品とは異なり、本作はアニメスタッフが世界観を創作した（バトルストーリー世界の遠い未来ではないかと思わせる設定が存在するが劇中で明言されることはなかった）。メインとなるアニメ制作会社は無く、メインスタッフが随時、様々な制作会社（主に国外の会社）の下請けで製作するという方法が採られた。第29話以降では作中ヒロインのレ・ミィ（声：[[こやまきみこ]]）とコトナ・エレガンス（声：[[伊藤静]]）の二人のユニット「[[レ・ミィ×コトナ]]」をED主題歌のボーカルに起用し、以降ヒロインを主とした商品展開がされ、本作終了後もゾイド関連の家庭用携帯ゲームのイメージソングを歌うなどの活動をしていた。キットでも特別仕様パッケージの物が販売された。[[2009年]]に発売された、ロボットアニメの[[クロスオーバー作品]]「[[スーパーロボット大戦シリーズ]]」の1つ『[[スーパーロボット大戦K]]』に「機獣創世記ゾイドジェネシス」名義で参戦。ゾイドシリーズにおける、スーパーロボット大戦シリーズ初参戦作品となった。[[2016年]][[1月6日]]に[[BD-BOXBlu-rayBOX]]が発売&lt;ref&gt;[http://av.watch.impress.co.jp/docs/news/688192.htmlアニメ「ゾイド」第3弾「ゾイドフューザーズ」がBD-BOX化第4弾「ゾイドジェネシス」はフィギュア付き初回版も（2015/2/1313:36）]AVWatch&lt;/ref&gt;。
今村証券株式会社,[[株式]]、[[投資信託]]、[[他社株転換社債EB]]、[[外国為替証拠金取引FX]]、[[年金]]、[[保険]]、[[商品先物]]などを取り扱っている。
上田ハーロー株式会社,上田短資（現[[上田八木短資]]）が、イギリスのMAI社と資本業務提携をしたため、子会社として1984年設立。1985年に[[合弁会社]]化。「ハーロー」とは、提携先であるMAIの子会社・HarlowMeyer&amp;Coの社名から。1999年に、外国為替仲介事業について、最大手の[[トウキョウフォレックス]]との間で合弁化し、[[トウキョウフォレックス上田ハーロー]]株式会社（トウフォレ上田）を設立。現在、個人向け外貨保証金取引（外国為替証拠金取引）を展開している。
あかつき証券株式会社,前年の[[神戸電鉄三田線三田線]][[有馬口駅唐櫃（現・有馬口）]]-[[三田駅(兵庫県)三田]]間開業に際し、デ1形の増備車として10両が[[日本車輌製造]]で新製された。*デ101-デ110（1929年5月17日竣工）[[神戸有馬電気鉄道デ1形電車デ1形・デニ11形]]と共に神戸有馬電気鉄道→神戸電気鉄道の主力車両として運用された。戦後は客用ドアの自動化、室内灯の蛍光灯への交換が実施されるなど、サービスの向上が図られている。
大和SMBCキャピタル株式会社,1プレイは約30分ほどで、アニメーション[[ムービー]]の要所要所で表示される選択肢によってストーリーが分岐するマルチエンディングの[[アドベンチャーゲーム]]である。アニメーション制作は[[京都アニメーション]]。自分の出生の秘密を探して旅に出た桃から生まれた美少女「桃姫」が、仲間たちと繰り広げる騒動を描く。天然ボケ少女のお狗、色っぽいお姉さまのキジメ、鎧に身を包んだ怪力の大男猿吉といった面々からも判るように日本の昔話である「[[桃太郎]]」をモチーフとしており、それ以外にも昔話のキャラクターが登場する（ちなみに主人公は上のどれにも相当しない桃姫の幼馴染の少年）。ストーリーの分岐やエンディングは数パターンしかないためゲーム性はそれほど高くない。ゲームというより「ストーリーが分岐する[[OVA]]」と言ったほうが近く、実際、2006年に発売されたPlayStationPortable版はゲームではなくUMD-Videoの機能を使った「映像ソフト」という扱いであった。発売当時はそれほど目立った人気も出なかった本作であるが、2001年にゲーム雑誌[[ファミ通]]誌上にて行われた企画「続編を出して欲しいソフト」の投票において、群馬県在住の高校生が一人で送った数千票によって本作が大差で1位となる珍事となり、話題を呼んだ。
日産証券株式会社,1948年に'''日山証券株式会社'''として創業。1950年に「'''日本産業証券株式会社'''」、1965年に「'''日産証券株式会社'''」へ商号を変更する。2006年にセンチュリー証券（現・[[ライブスター証券]]株式会社）の営業の一部を統合し、「'''日産センチュリー証券株式会社'''」となった。2016年2月、[[日本ユニコム]]株式会社より商品先物取引対面部門及び付随事業を承継し、以前の商号であった「日産証券株式会社」へ商号を変更する。以前は春光グループの関連組織・春光懇話会に参加していた。創業以来、地域密着型営業を主軸として店舗網の拡大を行い、2011年1月には、時代の変化に対応するために商品先物取引所の参加者資格を取得し、グループ会社である日本ユニコム株式会社からインターネット商品先物取引事業を承継する。2012年4月には[[トレイダーズ証券]]株式会社より日経225先物取引事業を承継、2012年8月には[[エイチ・エス・フューチャーズ]]株式会社より商品先物オンライントレード事業を承継するなどM&amp;Aにも積極的である。また、日本で唯一[[東京証券取引所]]・[[大阪取引所]]・[[東京金融取引所]]・[[東京商品取引所]]・[[大阪堂島商品取引所]]の5市場における取引参加者資格を持つ[[証券会社]]である。
株式会社証券保管振替機構,シュリーブポートは[[ワシントン州]][[シアトル]]の[[ロッキード造船]]で1965年12月27日起工し、1966年10月22日にアンドリュー・マクバーニー・ジャクソン・ジュニア夫人によって命名、進水し、1970年12月12日にペハー・H・ペハーソン艦長の指揮下就役する。1971年1月22日にシュリーブポートは[[ピュージェット・サウンド]]から母港となる[[バージニア州]]の[[ノーフォーク海軍基地]]に向けて出発する。[[ノーフォーク(バージニア州)ノーフォーク]]には2月21日に到着した。1971年3月9日から4月9日まで[[キューバ]]の[[グアンタナモ湾]]で整調訓練を行い、8月4日から16日まで375名の[[海軍兵学校(アメリカ合衆国)士官学校]]生を乗艦させ、北[[ヨーロッパ]]に訓練航海を行う。1971年10月6日から11月24日まで整調後の修理を行い、その後[[カリブ海]]で1972年初めに最初の上陸訓練を行う。6月12日に再び士官学校生を乗艦させ北ヨーロッパに訓練航海を行い、[[アゾレス諸島]]、[[デンマーク]]の[[オールボー]]、[[イギリス]]の[[ポーツマス(イングランド)ポーツマス]]、[[フランス]]の[[ル・アーヴル]]を訪れた。8月3日にノーフォークに帰還する。1972年ののこりはバージニア沖および[[フロリダ]]で揚陸訓練演習に従事した。シュリーブポートは第2揚陸部隊と共にノーフォークを1973年1月4日に出港し、[[第6艦隊(アメリカ軍)第6艦隊]]での初の任務を[[地中海]]で行った。部隊は途中[[ノースカロライナ州]][[ムアヘッド・シティ]]に寄港し第6海兵隊の一部を乗艦させ、[[スペイン]]の[[ロタ(スペイン)ロタ]]に向かう。機動部隊は1月16日にロタを出港し、フランスの[[カンヌ]]に18日寄港、その後[[イタリア]]の[[モンテ・ロマノ]]に向かう。地中海での六ヶ月間の任務中にシュリーブポートはイタリア、[[ギリシア]]、[[クレタ島]]、[[トルコ]]を訪問し、7月2日にムアヘッド・シティで[[アメリカ海兵隊海兵隊]]を下船させた後ノーフォークへ向かった。
株式会社SBI証券,2018年3月末、総合口座数426万口座を持つ&lt;ref&gt;[https://site2.sbisec.co.jp/ETGate/WPLETmgR001Control?OutSideon&amp;getFlgon&amp;burlsearch_home&amp;cat1home&amp;cat2corporate&amp;dircorporate&amp;filehome_fiduciaryduty_02.html顧客中心主義に基づく業務運営の実施状況-SBI証券株・FX・投資信託・確定拠出年金・NISA]&lt;/ref&gt;。SBIホールディングス株式会社の100%出資[[子会社]]。2005年12月には[[証券会社#インターネット専業の証券会社オンライン専業証券会社]]（当時）として、初めて月間売買代金が10兆円を超えるなど、店舗型の[[老舗]]証券会社と肩を並べるかそれを超える規模である。インターネット証券最大手。機関投資家向け事業のフィデス証券（旧・日商岩井証券）、法人投資家向け未公開株式売買事業のソフトバンク・フロンティア証券、50歳以上の富裕層向け対面営業のワールド日栄証券を順次吸収した。証券会社では珍しく、商号が「前株」（株式会社が前に付く）である（旧法人は後株）。なおSBIFXトレード株式会社とは同じSBIグループだが別会社である。
株式会社マネックスFX,[[学生運動]]により大学中退後、民俗学者[[宮本常一]]の影響で日本放浪をしていた田耕（でんたがやす、本名・田尻耕三）の発案により、佐渡に「[[北前船]]により広がった文化を再構築する」ための[[四年制大学]]『日本海大学』と、日本の民俗芸能や工芸を学ぶ『職人村』」設立の資金獲得を目的に結成され、当初は太鼓をはじめとした日本の伝統芸能を海外で演奏することで資金を獲得して7年後の大学設立をもって解散する予定だった&lt;refnamejinmei/&gt;&lt;refnamechiri&gt;[http://repository.aichi-edu.ac.jp/dspace/bitstream/10424/5326/1/chiri1155966.pdf地方に活動拠点を置くプロ芸能集団の存立基盤]山本健太・神谷浩夫、『地理学報告』第115号、2013&lt;/ref&gt;&lt;ref&gt;[https://books.google.co.jp/books?idfCjqeXONW_cC&amp;pgPA189『いのちもやして、たたけよ。:鼓童30年の軌跡』p189]鼓童文化財団、出版文化社2011&lt;/ref&gt;。本拠地となった佐渡では、現地の郷土芸能「[[鬼太鼓]]」を「おんでこ」と呼ぶため、「鬼太鼓座（おんでこざ）」と名付けた。結成当時は、宮本常一のほか、同世代の文化人や活動家・芸術家などが多数田耕に協力・支援した。練習に[[マラソン]]を取り入れ、1975年に[[ボストン・マラソン]]に参加、全員完走後、ゴール地点で大太鼓を披露するパフォーマンスで話題となる。[[ボストン交響楽団]]指揮者だった[[小沢征爾]]に誘われて共演し、以降ほぼ毎年欧米を中心とした海外公演を行なう。田耕が「[[わらび座]]」という民族歌劇団に一時期関係していたこともあり、鬼太鼓座の演目は日本古来の民族伝統芸能的傾向が強く、「屋台囃子」や「大太鼓」といった代表曲のほか、小澤に紹介された現代音楽家・[[石井真木]]が鬼太鼓座のために書き下ろした新打法による和太鼓曲も手がけ、舞台芸術としての和太鼓を飛躍させた&lt;ref&gt;[http://ishii.de/maki/ja/works/1976-monochrome/モノクローム(1976)]石井真木オフィシャルサイト&lt;/ref&gt;&lt;ref&gt;[http://ishii.de/maki/ja/works/1976-mono-prism/モノプリズム(1976)]石井真木オフィシャルサイト&lt;/ref&gt;。1981年に分裂し、鬼太鼓座は[[長崎]]に移り、佐渡に残った座員により「[[鼓童]]」が結成された。1990年から3年に及ぶアメリカ大陸一周マラソンツアー以降、鬼太鼓座はより独創的なパフォーマンスを展開していく。「アジアのオーケストラを作る」という田の発想の元、二胡、洋琴などのゲストを多用する期間が2000年頃まで続いた。
株式会社アイネット証券,毎週1-4組の[[音楽家アーティスト]]がゲストとして登場し、館主・[[桃井かおり]]とトークを繰り広げ、歌を披露した。NHKデジタル衛星HVでは初回のみ午後5:20に番組が始まり第2回以降は午後2時台に放送。2005年3月8日に放送終了している。[[2003年]][[4月16日]]から放送を始めた[[NHK衛星第2テレビジョン]]&lt;refname&quot;clonicle&quot;/&gt;では午後2時台に放送を続け、2005年3月16日最終回。総合テレビはカラー放送、映像アスペクトはノーマル、ステレオモードである。午後11時台に行われ、[[2004年]][[12月16日]]まで。2004年7月29日から翌年1月27日まではデジタル総合1に移った。第1回放送のゲストは、[[甲斐よしひろ]]と[[キンモクセイ(バンド)キンモクセイ]]。後継番組として[[中村雅俊]]が[[司会MC]]を務める「[[音楽・夢くらぶ]]」がNHKデジタル衛星ハイビジョンで放送された。
しんきん証券株式会社,;歴史:[[1900年]]（[[明治]]33年）に開校した「島根県[[実業学校商業学校]]」を前身とする。[[2010年]]（[[平成]]22年）に創立110周年を迎えた。;設置課程・学科:[[全日制課程]]3学科:*商業科:*情報処理科:*国際ビジネス科;校訓:「誠実・質素・勤勉」-[[1907年]]（明治40年）に制定。;校章:「商」の文字を図案化したもの。;校歌:商業学校時代の[[1908年]]（明治41年）に制定。作詞は湯川貫一、作曲は新谷八太郎による。歌詞は4番まであり、校名は歌詞に登場しないが、校訓が4番に出てくる。;同窓会:「振商会」（しんしょうかい）と称している。県外では[[東京都東京]]・[[近畿]]（[[大阪府大阪]]）・[[鳥取県鳥取]]・[[米子市米子]]・[[広島県広島]]に、島根県内では[[安来市安来]]・[[東出雲町東出雲]]・[[雲南市雲南]]などに支部を置いている。;財団法人:[[財団法人]]振商会として在校生に対し奨学金等の支援を行っている。;模擬会社:「未来創造会社松商だんだんドットコム株式会社」生徒が中心となって設立された会社である。:「松商だんだんフェスタ」企画・運営をしている。:*役員:会長1名(松江商業高等学校長):代表取締役社長1名(松江商業高等学校生徒):その他(各事業部長各1名ずつ《生徒》):*設立理念は:松江を松商から、もっともっと元気にしたい。:松商が日本で一番輝いている学校にしたい。:松商生が日本で一番輝いている生徒でありたい。:松商で学ぶ私たちが、未来の日本を創造します。
藍澤證券株式会社,独立系の中堅証券会社で、[[関東]]を地場とする老舗の旧藍澤證券に[[関西]]の平岡証券が合併した。[[2018年]][[7月2日]]現在で国内61店舗を展開する&lt;ref&gt;[https://www.aizawa.co.jp/company/outline/index.html会社概要アイザワ証券]&lt;/ref&gt;。[[いちよし証券]]、[[岩井コスモ証券]]、[[極東証券]]、[[丸三証券]]、[[水戸証券]]、[[東洋証券]]と並ぶ、中堅証券会社に位置づけられる。外国株の取扱に力を入れており、[[中国株]]（[[香港証券取引所香港]]、[[深セン証券取引所深]]、[[上海証券取引所上海]]）をはじめ、[[韓国証券取引所韓国]]、[[台湾証券取引所台湾]]、[[タイ証券取引所タイ]]、シンガポール、マレーシア、インドネシア、フィリピン、アメリカなど幅広く取り扱っているのが特徴。正式な[[商号]]の文字が難解なためか、店頭看板などには「'''アイザワ証券'''」と記載されている。本社所在地では日本橋一丁目東地区再開発事業が計画されており、本社移転を検討している。
メリルリンチ,シューベルトの兄フェルディナントが「'''5つのピアノ曲'''（''FnfKlavierstcke''）」として出版者に紹介しており、1843年に出版された際にも「5つのピアノ曲」として出版されたが、第1楽章の[[ソナタ形式]]、第3楽章の緩徐楽章など、ソナタ作品であることは明白である。[[ルートヴィヒ・ヴァン・ベートーヴェンベートーヴェン]]の初期作「[[選帝侯ソナタ]]」と似て、労作であるが若く創作力の旺盛な時期のもので、研究には欠かせない。[[オットー・エーリッヒ・ドイッチュ]]によるシューベルト年代順作品表題目録の初版では、5楽章全部がD459として分類されていたが、シューベルト自身が「ソナタ」と記していたのは前の2楽章のみであるため、後の3楽章をD459として分類するべきか否か議論がなされており、第2版からは第1、2楽章のみをD459とし、第3楽章以降の3曲を「'''3つのピアノ曲D459a'''（''DreiKlavierstcke''）」として別に扱われている。
光世証券株式会社,[[大阪証券取引所]]理事長・巽悟朗により設立。光世の名前は、聖書[[マタイ]]による「[[地の塩、世の光]]」から取った。[[1998年]]（平成10年）に[[名古屋]]支店を本店に統合し、[[東京都]]及び大阪府の2店舗体制となる。[[自己売買]]（[[ディーリング]]）業務を重視し、トレーディング損益が収益の大宗を占める。また、[[大阪取引所]]の上場[[デリバティブ]]全商品をインターネット及び対面の双方で取扱う。
豊商事株式会社,[[1957年]]に多々良松郎により設立された先物取引企業である。創立50周年を迎えた2007年、新たな情報配信サービス「YutakaMarketTV」（略称：YMTV）を開始。[[オンライントレードオンライン]]による[[外国為替証拠金取引為替取引]]としてe-kawaseと[[くりっく365]]「Yutaka24」を、[[差金決済取引取引所株価指数証拠金取引]]として[[くりっく株365]]「ゆたかCFD」を備えるほか、独自のホーム[[デイトレードトレード]]システム「FuturesDirect」がある。
澤田ホールディングス株式会社,[[1952年]]（昭和27年）土佐電気鉄道若松町工場製。廃車となった木製電動貨車（1904年5月梅鉢鉄工所製）の[[台枠]]を鋼製化の上流用し、新造車体を組み合わせて製造された。事業用として使用されるほか、毎年[[8月9日]]-[[8月12日12日]]に行われる[[よさこい祭り]]の際には[[花電車]]として使用されている。最大寸法6700×1860×3788、荷重容量3トン、台車ブリル、主電動機22.4kw2個&lt;ref&gt;東京工業大学鉄道研究会『路面電車ガイドブック』誠文堂新光社、1976年、388-389頁&lt;/ref&gt;
ユニコムグループホールディングス株式会社,男子1人乗り、男子2人乗り、女子1人乗りの計3種目で争われた。
株式会社オクトキュービック,現代生け花の先駆者で第一人者として活躍した小原流三世家元の小原豊雲の顕彰を目的として[[1970年]]に開設された'''小原流芸術参考館'''を[[1993年]]に改装した美術館である。4000点に及ぶコレクションの約60%を[[アンデス文明]]の遺物が占める。ほか、豊雲の復元作品と映像資料、[[民俗学者]][[宮武辰夫]]から寄贈された[[東南アジア]]の民俗資料等を展示する。建物は[[清家清]]の設計。
木村証券株式会社,各地方の警察署、学校、[[ボランティア]]などにより、[[携帯電話]]や[[ファクシミリFAX]]、[[インターネット]]などを活用し素早い情報伝達を行っており、特に携帯電話を活用した不審者情報メールは全国に普及しつつある。電子メールには不審者が出没した時間、場所の他、服装、体格、見た目の年齢なども同時に公開される。素早い情報伝達のため警察への通報をそのまま載せており、[[偽情報虚偽情報]]や誤った情報が載せられる場合もあるが、犯罪者から身を守ったり、犯人逮捕に結びつく大きな[[情報源]]となっている。警察が行っているものほか、小学校を管轄する教育委員会&lt;refname&quot;ibaraki&quot;&gt;[http://fushinsha.ibk.ed.jp/茨城県教育委員会不審者情報]&lt;/ref&gt;などが児童を守るために配信するメールやFAXなどもある。地域住民の監視を通じて犯罪者から身を守り、犯罪の防止や逮捕に結びつける情報網で近年急速に全国に広がった。
株式会社だいこう証券ビジネス,証券会社設立支援コンサルティングや有価証券や契約書等の重要書類の保管、配送、帳票印刷や封入・封緘等のメーリング業務などを行う企業である。かつては、証券代行事業も行い、野村系企業の株主名簿管理人に指定されていることが多く、株主も野村系企業が主要株主である。また、2010年頃より支配株主となる筆頭株主がかつての設立母体であった[[大阪証券金融大阪証券金融（大証金）]]より、前述の通り野村グループの中核である[[野村ホールディングス]]に交代（野村グループ主導の資本増強によるもの）、さらに2012年には[[野村総合研究所]]が[[株式公開買付け]]を実施し36%超の株式を取得して筆頭株主となるなど、より一層関係強化を図ることとなった。なお、証券代行事業（株主名簿管理人業務およびこれに関連または付随する業務）は[[2011年]]（平成23年）[[1月1日]]に、[[三菱UFJ信託銀行]]および[[三菱UFJ代行ビジネス]]へ継承された。
三井物産オルタナティブインベストメンツ株式会社,2001年12月21日、[[三井物産]]100％出資にて設立された証券会社。一般的な株式などは取り扱わず、[[ヘッジファンド]]や[[プライベート・エクイティ]]など[[オルタナティブ]]金融商品をプロ投資家に販売・仲介をしている。取り扱う商品はほかにストラクチャード・ボンド、[[不動産ファンド]]など。2002年4月4日に証券業登録。2007年3月より[[投資顧問業]]の営業を開始。リサーチアナリスト等、各部門に分けられた金融の専門家を配置する他、投資助言委員会を設置して投資の意思決定を潤滑にする取り組みを行っている。2017年4月3日に、'''ジャパンオルタナティブ証券株式会社'''から'''三井物産オルタナティブインベストメンツ株式会社'''へ商号変更した&lt;ref&gt;[http://www.mitsui-ai.com/ja/news/2017/news20170403.html社名変更ならびに弊社ホームページURL変更のお知らせ]&lt;/ref&gt;。
株式会社マネースクエアHD,多くのFXの会社が低スプレッドや手数料無料を売りにしている中で、子会社であるFX事業会社、マネースクエアは通常通り手数料をとるものの、FXに取り組むにあたってのコンサルティングサポートや発注管理機能の提供を会社の特徴としている。その発注管理機能は、注文手法に独自性があり、特許を取得した「トラップトレード」（[[特許]]第4278664号）、「リピートイフダン」（[http://www.m2j.co.jp/pdf/press/220122_patent_RepeatIFD.pdf特許第4435139号]）、「トラップリピートイフダン（略称「トラリピ」登録番号：第5297891号、第5390593号）」（[http://www.m2j.co.jp/pdf/press/220205_patent_toraripi.pdf特許第4445006号]）などの注文方法を提供している&lt;ref&gt;[http://www.m2j.co.jp/company/about/ip.php知的財産]、マネースクウェア・ジャパンHP&lt;/ref&gt;。2015年5月現在、預かり資産65ヶ月連続増加を記録。&lt;ref&gt;[http://www.m2j.co.jp/landing/growth_record/この65ヵ月、預り資産が増え続けている唯一のＦＸ会社。マネースクウェア・ジャパン]、マネースクウェア・ジャパンHP&lt;/ref&gt;「顧客からの預り資産と会社資産の分別管理」、「顧客からの預資産全額信託」に関しては、2009年8月1日に施行された金融商品取引業等に関する[[内閣府令]]施行以前より取り組んでいる。また、日本時間15時の時点で顧客の時価残高の維持率が100%を切った際に[[ロスカット]]を行う「'''東京15時ロスカット'''」というリスク管理システムを2010年から採用している。創業当初は企業メッセージとして「人とお金のハーモニー」をテーマに、「Harmony」と「money」から「Harmoney」という言葉を掲げていた。時代背景の変化・企業の成長に伴い、2018年7月30日より新たな企業メッセージとして「アイデアとテクノロジーでNIPPONの資産運用の未来を創る」を発表。ビジュアルイメージとして元・新体操日本代表（フェアリージャパン）の[[畠山愛理]]が起用されている。投資教育に力を入れており、投資教育プログラム「Ｍ２ＪＦＸアカデミア」などの教育プログラムが評価され、世界中のFX会社のサミット「フォレックス・マグネイト東京サミット2013」で「ベスト・エデュケーショナルブローカー賞」を受賞した。米国の経済誌Forbesのアジア版「フォーブス・アジア」が選ぶ「Asia's200BestUnderABillion」の1社に選ばれた。また、2015年度のオリコン顧客満足度ランキング「FX取引」部門の4項目で1位を獲得している。
ベアー・スターンズ・カンパニーズ&lt;br/&gt;・インコーポレイテッド,*ネット通販大手の[[Amazon.co.jpAmazon]]の協力により番組オススメのDVDを紹介する番組。様々なゲストとのトークやVTRコーナーでも最後に企画内容に関係するDVDを紹介する事が多かった。*[[2004年]]末に[[中島忠幸]]が病気休養（2006年12月に死去）に入ってからは、ゲストとして若手芸人が多く出演していた。特に一時期はカンニングの事務所の後輩である[[ラブカップル]]の中田が準レギュラー的扱いになっていた。*[[2006年]]4月からは『[[カンニングのDAI安吉日!]]』としてリニューアルされた。
大和証券エスエムビーシープリンシパル・インベストメンツ株式会社,作家でありSFホラー映画研究家でもある[[石田一]]が原作を担当したゲームソフト。パッケージには「ミステリアスアドベンチャー」と表記されている。グラフィックは全てCGで、人物はシルエットで表現されている（男性は青、女性はピンク、人間でない者は紫、通行人などエキストラは黄緑）。選択肢によって、ストーリーはメインシナリオ「桔梗楼編」と、サブシナリオ「如来館編」のどちらかに分岐する。結末は両シナリオとも複数用意されている。発売当時の広告には、石田が[[1999年]]に世に出した小説『斬魔京都変』を原作にしたとの記述がある。また本ソフトの取扱説明書には、「このゲームの為に書きためてきたネタを元に書いた小説が『斬魔京都変』」と明記されている。
野村證券株式会社,もともと野村銀行（旧大和銀行、現りそな銀行）の一部門であったため大和銀行との繋がりが想像されるが、旧[[三和銀行]]（後の[[UFJ銀行]]・現：[[三菱UFJ銀行]]）や[[日本生命保険日本生命]]（同じく旧三和銀行との繋がりが強い）との繋がりが強く、旧[[東洋信託銀行]]（後の[[UFJ信託銀行]]・現：[[三菱UFJ信託銀行]]）は[[三和銀行]]、[[神戸銀行]]（現：[[三井住友銀行]]）と共に設立した会社であった。また、近年では、傘下の旧[[国際証券]]（後の[[三菱証券]]・現：[[三菱UFJモルガン・スタンレー証券三菱UFJ証券ホールディングス]]）を証券部門の強化を目指していた旧[[三菱東京フィナンシャル・グループ]]（現：[[三菱UFJフィナンシャル・グループ]]）に売却したということもあった。さらには、現在は[[高島屋]]の完全子会社となっている東神開発の設立に高島屋のほかに日本生命や同社が合弁設立に関わったり、東洋情報システム（現：[[TIS(企業)TIS]]）や[[みどり会]]など、[[三和グループ]]関係の共同事業へ参画することも多かった。[[世界金融危機]]で窮した[[リーマン・ブラザーズ]]の買収に参加、[[シャドー・バンキング・システム]]を継承した。欧州事業は野村の収益源である。2017年3月から[[森田敏夫]]が代表執行役社長である。4月に元副社長の岩崎俊博を[[投資信託協会]]の会長として送り出した。9月の[[日本郵政]]株を、[[大和証券]]と共に、売却額1.3兆円の過半を引受けた。
安藤証券株式会社,''ロジャーラビットのカートゥーンスピン'''(''RogerRabbit'sCarToonSpin'')は、映画『[[ロジャー・ラビット]]』をモチーフにしたライド型アトラクション。[[イエローキャブ(タクシー)イエローキャブ]]（[[タクシー]]）型のライドに乗り、同作の世界を巡る。ライドにあるハンドルを使って、自分たちでライドを回す事ができる。アトラクション名の「カートゥーン」は、「Cartoon」ではなく「Car」+「Toon」の洒落。
インタラクティブ・ブローカーズ証券株式会社,1977年に創業者のThomasPeterffyがAmericanStockExchangeの会員を取得し、マーケットメイカー業を開始したのが会社の起源とされている&lt;refname&quot;ibkr3689&quot;/&gt;。米国に親会社があり、電子マーケットメーキング及び電子ブローカーを専業としている。米国では41年の歴史を持ち、個人、法人、金融機関との取引がある。585000口座（2018年10月末現在）&lt;refname&quot;ibkr-ir&quot;&gt;[https://investors.interactivebrokers.com/ir/main.phpIBKRInvestorRelationsInformationServices]&lt;/ref&gt;を世界150カ国（2015年3月現在）に保有している。2010年、日本に進出し、東京証券取引所、大阪証券取引所、チャイエックスジャパンの会員を取得している。証券会社に対してのサービスも提供しており、例えば日本の[[SBI証券]]&lt;ref&gt;[https://search.sbisec.co.jp/v2/popwin/attention/trading/stock_gai_22.htmlSBI証券-＞外国株式のご注意事項]&lt;/ref&gt;や[[楽天証券]]&lt;ref&gt;[https://faq.rakuten-sec.co.jp/faq_detail.html?id2212031米国株式はどこに保管されていますか？よくある質問楽天証券]&lt;/ref&gt;で米国株を買った場合はInteractiveBrokersLLCが取り次いでいる。[[2017年]][[4月19日]]に[[日本証券業協会]]から価格操作などの不正取引を防止のための審査態勢が不十分として、過怠金1000万円と改善策を書面で報告するよう求める勧告を受けた&lt;refname&quot;asahi2017420&quot;&gt;{{Citenewstitle日証協、証券2社に過怠金newspaper[[朝日新聞]]date2017-04-20authorpublisher朝日新聞社page朝刊9}}&lt;/ref&gt;。
楽天証券株式会社,通常の携帯電話やデータ通信カードとは違い、UM02-F単体で通話や通信を行うのではなく、機械に組み込み通信を行うためのモジュールである。たとえば[[自動販売機]]に組み込み、遠隔で自動販売機の製品の在庫やつり銭の状態などを把握したり、[[カーナビゲーション]]に組み込み、遠隔で車両の位置を把握、管理するといった用途で使われる。また近年では[[お便りフォトサービスフォトパネル01]]など[[デジタルフォトフレーム]]などに組み込まれて利用されることも多い。料金プランは通常の音声用のプラン、データ専用プラン（従量制プランのみ）のほか[[ユビキタスプラン]]が利用可能となる。
キャピタル・マーケット・サービシズ,{{節stub}}
株式会社DMM.com証券,設立当初は[[ナカヌキヤシグマ・ゲイン(旧：中川無線電機)]]の子会社であったが、2009年6月29日に[[DMM.com]]グループに対する第三者割当増資を行い、DMM.comグループの傘下に入った。
百五証券株式会社,百五銀行において取扱っていた[[投資信託]]に加え、現物[[株式]]など銀行では取扱えない商品のラインナップ拡充のために[[2009年]]（平成21年）[[8月14日]]に設立され、翌年[[3月2日]]より三重県津市で営業を開始した。百五銀行の地盤である三重県内に支店を設置する他、同行の支店においても[[金融商品]]の仲介を行っている。対面での営業スタイルを重視する観点からインターネットによる取引は行われていない。
オリックス・ホールセール証券株式会社,企業・法人を対象としたホールセール専門の証券会社であり、個人を対象としたリテール業務は行っていない。以下の業務を行っている。*有価証券の売買*有価証券売買の媒介、取次ぎ及び代理*有価証券の私募の取扱い*その他上記に関連する業務
日本クラウド証券株式会社,日本における本格的な投資型クラウドファンディングサービスの提供を目的として、2013年、現経営陣が旧みどり証券（旧ディー・ブレイン証券）に対してTOBを実施。社名を日本クラウド証券と変更し、「クラウドバンク」の運営を開始した。クラウドファンディング協会会員。平成27年7月、金融庁より業務停止命令&lt;ref&gt;[http://kantou.mof.go.jp/rizai/pagekthp032102500.html日本クラウド証券株式会社に対する行政処分について]財務省関東財務局&lt;/ref&gt;を受けた。
六和証券株式会社,戦後活動していた「[[安藤組]]」を一番下っ端の平吉の目線で描いたスピンオフ的作品である&lt;ref&gt;企画者は当事者の安藤昇だが主人公の平吉のモデルが居たかは不明、なお幹部役はほぼ実在の人物がモデルである。&lt;/ref&gt;。
スターホールディングス株式会社,2004年（平成16年）12月1日にスターフューチャーズ証券株式会社（後のスター為替証券株式会社）の[[株式移転]]により誕生。[[金融持株会社]]であったが、連結決算では持株会社設立後9期連続で純損失を計上するなど経営不振が継続。近年は金融事業を大幅に縮小し、2013年には[[スター為替証券]]株式会社の金融商品取引業を廃止。主たる事業を太陽光発電システム関連などの再生エネルギー・環境事業に転換している。なお、グリーンインベスト株式会社では自己ディーリング事業を行っている。
西日本シティTT証券株式会社,株式会社[[西日本シティ銀行]]と東海東京フィナンシャル・ホールディングス株式会社の共同出資により、2010年に九州初となる地銀の証券子会社として誕生した。西日本シティ銀行が西日本シティTT証券へ出資し同行の連結子会社とした上、同証券が東海東京証券福岡支店を承継し、営業を開始した。[[2016年]]10月には、西日本シティ銀行から同行の[[金融持株会社]]である[[西日本フィナンシャルホールディングス]]へ株式が譲渡され、西日本フィナンシャルホールディングスの子会社となった。
北洋証券株式会社,*企業名:ビルウェル証券株式会社*金商登録番号:関東財務局長(金商)第200号*資本金:3億1798万円*本社所在地:東京都港区芝公園1-6-8泉芝公園ビル3F
四国アライアンス証券株式会社,[[2012年]]に設立。四国に本店を置く[[地方銀行]]が証券子会社を設立するのは初めてである&lt;ref&gt;[https://www.nikkei.com/article/DGXNASJB1101E_R11C11A1000000/伊予銀が証券子会社12年10月開業]-日本経済新聞（2011年11月11日）、2017年11月11日閲覧。&lt;/ref&gt;。愛媛県内の伊予銀行店舗内に店舗を設置している。[[2013年]]10月には、八幡浜支店を開設し愛媛県内全域を網羅する体制が整備された&lt;ref&gt;{{citenewstitleいよぎん証券、愛媛全域の営業網構築authoragencypublisher日本経済新聞date2013-10-2urlhttp://www.nikkei.com/article/DGXNZO60535230S3A001C1LA0000/accessdate2014-12-23}}&lt;/ref&gt;。[[2016年]]11月に[[伊予銀行]]・[[百十四銀行]]・[[阿波銀行]]・[[四国銀行]]が包括提携契約「四国アライアンス」を締結。包括提携では提携した4行でのいよぎん証券の活用が盛り込まれており、[[2017年]][[4月28日]]には百十四銀行・阿波銀行・四国銀行にていよぎん証券の商品取り扱いを開始。提携各行でいよぎん証券の共同活用を促す為、[[2018年]][[4月2日]]付で社名を「四国アライアンス証券株式会社」に変更した&lt;ref&gt;[https://www.nikkei.com/article/DGXMZO2335055010112017LA0000/「四国アライアンス証券」に社名変更伊予銀子会社]-日本経済新聞（2017年11月10日）、2017年11月11日閲覧。&lt;/ref&gt;&lt;ref&gt;[http://www.shikoku-alliance-sec.co.jp/pdf/20171220.pdf商号変更に関するお知らせ]&lt;/ref&gt;。
株式会社日本取引所グループ,科学技術・イノベーション推進特別委員会は、衆議院に置かれている特別委員会である。科学技術・イノベーション推進特別委員会が[[国会(日本)国会]]に最初に置かれたのは、[[第177回国会]]（[[2011年]]（[[平成]]23年）[[1月24日]]召集）である。現在まですべての国会で設置されている。科学技術・イノベーション推進特別委員会は、科学技術、イノベーション推進の総合的な対策の樹立を目的に設置されている。委員の選任は、すべて議長の指名によって行われる（衆議院規則37条）。実際には、各[[議院運営委員会]]において、各[[院内会派会派]]の議席数に応じて各委員会の委員の員数も配分され、個別の人事は配分された員数の範囲内で各会派によって行われる。委員長は、委員の互選（国会法45条）で選任されると定められているが、投票によらないで[[動議]]によって選出されることがほとんどである。委員長の選挙は年長者が主催することになっている（衆議院規則101条）。事前に各会派間で協議された特別委員長各会派割当てと会派申出の候補者に基づいておこなわれる。なお、委員長に事故があった場合は理事が職務を行うことになっている（衆議院規則38条2項）。理事の選任は委員の互選（衆議院規則38条1項）となっているが、委員会設置以来すべて委員長の指名により行われている。理事の員数および各会派割当ては議院運営委員会で決定した基準により、[[選挙]]など会派の構成が大きく変わった際に見直される。
ひろぎん証券株式会社,[[2008年]]（平成20年）[[1月1日]]に、広島銀行と[[ウツミ屋証券]]との共同出資の'''ひろぎんウツミ屋証券'''を、ウツミ屋証券のリテール部門を分割して設立。[[2017年]]（平成29年）6月1日に、広島銀行の完全子会社のひろぎん証券になった。支店は、24店舗の本支店を展開し、[[広島県]]15店・山口県5店・島根県、岡山県、大分県、東京都に各1店舗を展開している&lt;refname&quot;広島企業年鑑2017&quot;/&gt;。[[2018年]]8月には四国初の拠点として[[愛媛県]][[今治市]]に今治営業所を開設した。
むさし証券株式会社,[[2005年]]1月創刊&lt;ref&gt;[http://kaze.shinshomap.info/interview/editor/05/01.html「プリマー新書」創刊-連想出版がつくるWEBマガジン]&lt;/ref&gt;。プリマー（primer）が「初歩読本、入門書」を意味する通り、[[ヤングアダルト]]を対象とした新書である。普遍的でベーシックなテーマを扱い、分量的にも原稿用紙150枚程度とコンパクトにし、現代を生きる上で必要なことがわかりやすく表現されている&lt;ref&gt;[http://www.bunkomania.net/2005/01/post_373.html文庫本大好き−岩波文庫コレクション:ちくまプリマー新書の創刊]&lt;/ref&gt;。同社ウェブサイトでは「身近な悩みに答える、さいしょの新書」と紹介されている&lt;ref&gt;[https://www.chikumashobo.co.jp/mail/新刊お知らせメール-筑摩書房]&lt;/ref&gt;。[[装幀]]は、[[クラフト・エヴィング商會]]による&lt;ref&gt;[https://www.chikumashobo.co.jp/special/primer200/筑摩書房ちくまプリマー新書通巻200点突破！]&lt;/ref&gt;。[[2009年]]1月に通巻100点を、[[2013年]]8月に通巻200点を突破した。毎月上旬に2点程度ずつ刊行されている。新書レーベルであるが、[[天童荒太]]『[[包帯クラブ]]TheBandageClub』や[[吉田篤弘]]『つむじ風食堂と僕』、[[万城目学]]『[[かのこちゃんとマドレーヌ夫人]]』、[[中島たい子]]『がっかり行進曲』などの小説も収録している。
GMOフィナンシャルホールディングス株式会社,事業会社として傘下に[[GMOクリック証券]]や[[FXプライムbyGMO]]などを有する。組織形態は[[指名委員会等設置会社]]。[[2016年]][[6月]]、親会社である[[GMOインターネット]]は、[[ネット銀行]]事業進出に際して、従来[[あおぞら銀行]]の完全子会社であったあおぞら信託銀行（現・[[GMOあおぞらネット銀行]]）の[[第三者割当増資]]を引き受け、議決権割合で14.9%の株式を取得した。同年7月には、GMOインターネットの取得した株式の半数が当社に譲渡され、GMOインターネットと当社がともに議決権割合7.45%の株式を保有することとなった。[[2018年]]7月に予定されているGMOあおぞらネット銀行によるネット銀行事業開始の5年後までには、現在あおぞら銀行に割り当てられているGMOあおぞらネット銀行の[[種類株]]が、GMOインターネットまたは当社に譲渡される予定である。さらに関係当局の認可が得られれば、種類株を普通株に転換することにより、GMOあおぞらネット銀行はあおぞら銀行とGMOインターネットグループ（当社含む）の折半出資となる見込みである&lt;refname&quot;aozora&quot;&gt;[https://www.gmo-click.com/media/2016/07/2016-07-21-01.pdfあおぞら信託銀行株式会社とのインターネット銀行の共同運営に関する資本提携のお知らせ]&lt;/ref&gt;&lt;ref&gt;[http://gmo-aozora.com/news/pdf/20171019pressrelease.pdf社名変更ならびにインターネット銀行事業開始時期についてのお知らせ]&lt;/ref&gt;。当社の参画は、既存の子会社である[[GMOクリック証券]]など、グループ既存の金融事業との連携も視野に入れたものとされている。
ヒロセ通商株式会社,*本作はAldious史上初の両A面シングルである。「Dominator」では[[Sads]]の[[ギタリスト]][[K-A-Z]]を、「IDon'tLikeMe」では、浜崎あゆみのアレンジャーとして有名なCMJK(ex.[[電気グルーヴ]])を共同プロデューサーとして迎え制作された&lt;ref&gt;[http://natalie.mu/music/news/100172音楽ナタリー「Aldious初両A面シングルをK-A-Z、CMJKが強力サポート」]&lt;/ref&gt;。また、カップリングには「WishSong」(2ndアルバム[[Determination]]収録曲)のRe:NOヴォーカルバージョンを収録。*販売形態は、CDとDVDがセットになった「CD+DVD限定盤」(BSRS-017)、CDとアナログ盤がセットになった「CD+12インチ・アナログ・レコード限定盤」(BSRS-019)、CDのみの「通常盤」(BSRS-018)の三形態で発売。また、全形態共通特典として「Dominator」の楽譜を封入。また、[[iTunesStore]]や[[mora]]などの[[音楽配信]]サイトでもダウンロード配信されている&lt;ref&gt;[https://itunes.apple.com/jp/artist/aldious/id378418764AppleiTunes「Dominator/IDon'tLikeMe」]&lt;/ref&gt;&lt;ref&gt;[http://mora.jp/package/43000011/4538182364031/?trackMaterialNo2722616mora「Dominator/IDon'tLikeMe」]&lt;/ref&gt;。
岡安商事株式会社,[[1952年]][[10月10日]]、東京都江東区に「株式会社真下商店」として創業。その後、商号を[[1969年]][[3月]]「真下商事株式会社」、[[1991年]][[2月]]「株式会社ハーベストフューチャーズ」と変更し、[[2009年]][[3月]]には現商号である「岡安商事株式会社」となり、本社を[[大阪市]][[中央区(大阪市)中央区]][[北浜]]へと移転した&lt;ref&gt;[http://www.e-sakimono.org/data/torihikiin-16.htm専業・商品先物取引業者グループ関係とその変遷]&lt;/ref&gt;&lt;ref&gt;[http://www.okayasu-shoji.co.jp/corp_09/history.htm岡安商事株式会社沿革]&lt;/ref&gt;。[[経済産業省]]、[[農林水産省]]の許可を受けて、貴金属、石油、ゴム、農産物などの上場商品の受託を行っている&lt;ref&gt;[http://www.jcfia.gr.jp/cgi-bin/list_readout2_new_copy.cgi?time1265941500岡安商事株式会社に関する会社情報(日本商品先物振興協会提供)]&lt;/ref&gt;。また、[[2006年]]3月には金融先物取引業の登録を受け、取引所[[為替証拠金取引]]「[[くりっく365]]」の取引資格を取得。現在は[[商品先物取引]]・取引所[[外国為替証拠金取引]]ともに、自社での取り扱いの他、取次受託業務も行っている。自社での取り扱いは対面取引中心だが、電子取引への対応は業界内でも初期から取り組んでいた。