DMM.com証券,"株式会社DMM.com証券 (ディーエムエムドットコムしょうけん、英語: DMM.com Securities Co.,Ltd.) は、東京都中央区に本社を置く証券会社。DMM.comグループの1社である。"
EVOLUTION_JAPAN,"EVOLUTION JAPAN株式会社（エボリューション ジャパン、英: EVOLUTION JAPAN Co., Ltd.）は、EVOLUTION FINANCIAL GROUP傘下の商品先物取引・金現物取引・金融商品仲介業務を行う日本の企業。本社は東京都千代田区。代表取締役はジョン・フー（会長 兼 社長）。"
EVOLUTION_JAPAN証券,"EVOLUTION JAPAN証券株式会社（EVOLUTION JAPAN SECURITIES CO.,LTD.）は、東京都渋谷区に本社を置く日本の証券会社。EVOLUTION JAPANの子会社。関東財務局長（金商）第20号。"
Eワラント証券,eワラント証券（イーワラントしょうけん）は、東京都港区六本木に本社を置く、カバードワラント専業の証券会社。eワラント証券が発行するカバードワラントの一種であるeワラントはオプション取引を個人投資家向けに証券化した金融商品。直接eワラントを個人に販売することはなく、オンライン証券を通じて取引できる。
FXプライムbyGMO,株式会社FXプライムbyGMO（エフエックスプライムバイジーエムオー）は、GMOグループの外国為替取引専門の金融先物取引業者。みずほ信託銀行と信託契約を締結し、顧客からの預かり資産を信託口座にて分別管理している（信託分別管理）。情報セキュリティマネジメントシステム（ISMS）の国際規格である「ISO / IEC27001 : 2005」の認証を2007年1月に取得。システム運営、顧客情報の管理など会社の全業務において認証を取得している。外国為替保証金取引を取扱う専業会社としては国内初の認証取得になる。
GMOクリックホールディングス,"GMOクリックホールディングス株式会社（ジーエムオークリックホールディングス、GMO CLICK Holdings, Inc.）は、GMOインターネットグループの金融持株会社である。事業会社として傘下にGMOクリック証券やFXプライムbyGMOなどを有する。"
GMOクリック証券,"GMOクリック証券株式会社（ジーエムオークリックしょうけん、GMO CLICK Securities, Inc.）は、日本のインターネット証券会社である。GMOクリックホールディングスの100%子会社で、GMOインターネットの孫会社にあたる。"
PLANEX_TRADE.COM,"株式会社PLANEX TRADE.COM (英語: PLANEX TRADE.COM Co., Ltd.) は、かつて存在した外国為替証拠金取引 (FX) 等を手掛けた金融会社（関東財務局長（金商）第2512号）。旧商号は株式会社外為ジャパンおよび株式会社MJ。"
SBIインベストメント,"SBIインベストメント株式会社（SBI Investment Co., Ltd.）は、SBIホールディングス株式会社（以下「SBIHD」）の子会社で、ベンチャーキャピタルファンド等の運用・管理を行う株式会社である。"
SBIフューチャーズ,SBIフューチャーズ株式会社（エスビーアイフューチャーズ）は、かつて存在した外国為替証拠金取引（FX）を行う先物取引会社。日本初のオンライン専業商品先物取引会社であった。
SBIホールディングス,"SBIホールディングス株式会社（エスビーアイホールディングス、英: SBI Holdings, Inc.）は、日本の金融持株会社である。商号のSBIは、元々ソフトバンクグループの金融関連企業として設立されたため「SoftBank Investment」の略であったが、その後同グループを離脱し「Strategic Business Innovator（戦略的な事業の革新者）」の略に変更した。"
SBI証券,株式会社SBI証券（エスビーアイしょうけん）は、東京都港区六本木に本社を置く、SBIホールディングス傘下の証券会社。オンライン証券事業を中核とし、実店舗網も保有している。旧商号は、SBIイー・トレード証券株式会社。証券会社では珍しい商号が「前株」（株式会社が前に付く）の証券会社でもある（旧法人は後株であった）。
SBI証券_(1945-2007),SBI証券株式会社（えすびーあいしょうけん）は、かつて存在した日本の証券会社。2007年10月1日にSBIイー・トレード証券（現・株式会社SBI証券）に吸収合併された。
SMBCフレンド証券,"SMBCフレンド証券株式会社（エスエムビーシーフレンドしょうけん、英称：SMBC Friend Securities Co.,Ltd.）は、三井住友フィナンシャルグループ(SMFG)傘下の日本の準大手証券会社である。2006年（平成18年）9月1日の株式交換によりSMFGの完全子会社となっている。"
SMBC日興証券,SMBC日興証券株式会社（エスエムビーシーにっこうしょうけん、英称：SMBC Nikko Securities Inc.）は、日本3大証券会社の一つである総合証券会社。三井住友フィナンシャルグループの一員である。1918年川島屋商店として創業。2009年10月より三井住友フィナンシャルグループの一員となる。2011年4月に商号を日興コーディアル証券株式会社から変更。
アーク証券,"アーク証券株式会社（Ark Securities Co., Ltd.）は本社を東京都千代田区に置く日本の証券会社である。"
アイティーエム証券,"アイティーエム証券株式会社（ITM Securities Co., Ltd.）は、東京都中央区に本社を置く日本の証券会社。ジェイ不動産証券投資法人の資産保管会社である。"
アイネット証券,"株式会社アイネット証券（i-NET Securities Co.,Ltd.）は、東京都千代田区に本社を置く日本の証券会社。旧社名はIPO証券株式会社。IPO（株式公開＝新規上場・公開）、株式の主幹事業務・引受業務を中心とした証券会社。これまでの事業を拡大し、今後は、新しいインターネットテクノロジーを取り入れ、オンラインでの金融商品の取り扱いを行っている。"
アヴァロン湘南証券,アヴァロン湘南証券株式会社は、かつて存在した日本の証券会社。『アヴァロン』という名前は、今は眠っているアーサー大王が将来再び甦るというイギリスの伝説にある伝説上の島の名前にちなむ。
あかつきフィナンシャルグループ,あかつきフィナンシャルグループ株式会社は東京都中央区に本社を置く金融に関する持株会社である。2011年8月1日付で黒川木徳フィナンシャルホールディングス株式会社（くろかわきとくフィナンシャルホールディングス）から商号変更した。当社の主要子会社であるあかつき証券（旧・黒川木徳証券）についても記述する。
あさひアセットマネジメント,"あさひアセットマネジメント株式会社（英文名称Asahi Asset Management Co.,Ltd.）は、金など貴金属の商品先物取引の売買取次を行う企業であった。"
アストマックス,アストマックス株式会社は、東京都品川区に本社を置く投資顧問グループの持株会社。アストマックス（ASTMAX）の社名には、「Advanced Strategic Trading Management & Advisory」の各単語の頭文字に、無限の可能性の象徴としてのXを加え、最先端で戦略的な資産運用を行なう会社を目指すという趣旨が込められている。1994年9月に「商品投資に係る事業の規制に関する法律」（商品ファンド法）に定める許可を取得した日本最初の商品投資顧問業者(CTA)。2005年10月に「有価証券に係る投資顧問業の規制等に関する法律」に定める投資一任認可を取得し、日本で初めて証券と商品での投資顧問業が行える会社となった。
いちよし証券,"いちよし証券株式会社（いちよししょうけん、Ichiyoshi Securities Co., Ltd.）は、東京都中央区に本店を置く日本の証券会社。岩井コスモ証券、丸三証券、水戸証券、東洋証券と並ぶ、中堅証券会社に位置づけられる。"
いよぎん証券,いよぎん証券株式会社（いよぎんしょうけん、英語：IYOGIN SECURITIES CO.LTD.）は、愛媛県松山市に本社を置く証券会社で、伊予銀行の完全子会社である。2013年10月には、八幡浜支店を開設し愛媛県内全域を網羅する体制が整備された。
インヴァスト証券,"インヴァスト証券株式会社（インヴァストしょうけん、INVAST Securities Co., Ltd.）は、東京都港区に本拠を構える証券会社。"
インタラクティブ・ブローカーズ証券,インタラクティブ・ブローカーズ証券 （IB証券）は、米国にあるInteractive Brokers LLCの日本法人。なお、Interactive Brokers LLCは、アメリカ合衆国を拠点とする証券会社。1977年設立。ナスダック（IBKR）で株式を上場している。
エイチ・エス証券,エイチ・エス証券株式会社（エイチエスしょうけん）は、山一證券系の協立証券を、大手旅行代理店・H.I.S.の創業メンバーである澤田秀雄が買収し、誕生した証券会社である。現法人は、持株会社化に伴って、新設された法人。
エース交易,"エース交易株式会社（エースこうえき、英: ACE KOEKI Co.,Ltd.）は、商品先物取引、純金積立や金地金を取り扱う企業。本社は東京都渋谷区、代表取締役はジョン・フー（会長 兼 社長）。組織・事業再編により、2013年（平成25年）12月3日を以って従来の事業を承継しEVOLUTION JAPAN株式会社へ商号変更した。"
エース証券,エース証券株式会社（エースしょうけん）は、大阪府大阪市中央区に本店を置く日本の証券会社。
エムズビーン,"株式会社エムズビーン（えむずびーん、英: M'sbean Co., Ltd.）は、大阪府大阪市北区に事務所を構える法人の金融商品仲介業者（金融商品仲介業登録番号：近畿財務局長(金仲)第127号）である。"
おきなわ証券,おきなわ証券株式会社は、沖縄県那覇市に本社を置く日本の証券会社。
オクトキュービック,オクトキュービックは、主に外国為替証拠金取引、商品先物取引を取り扱っていた、インターネット専業の投資サービス会社。
オリックス・ホールセール証券,オリックス・ホールセール証券株式会社（おかさんしょうけん、ORIX　Wholesale　Securities　Corporation）は、東京都港区浜松町に本社を置く、オリックス株式会社の完全子会社の証券会社である。
オリックス証券,オリックス証券株式会社（オリックスしょうけん、英称：ORIX Securities Corporation）は、かつて存在した証券会社である。
かざか証券,"かざか証券株式会社（英称：Kazaka Securities Co., Ltd.）は、かつて存在した日本の証券会社。2014年3月1日に内藤証券に吸収合併された。"
カブドットコム証券,"カブドットコム証券株式会社（カブドットコムしょうけん、英称：Kabu.com Securities Co.,Ltd.）は、インターネット専業の証券会社。"
キャタリスト証券,"キャタリスト証券株式会社（CATALYST Securities Co.,Ltd.）は、沖縄県那覇市に本社を置く日本証券業協会グリーンシート制度の主幹事業務、ベンチャー企業支援業務等を主要業務として行う、投資銀行型証券会社。主幹事第一号で著名なスターを数多く輩出した沖縄アクターズスクールを出したことで注目を浴びた。2012年（平成24年）1月18日、当時役員の佐藤修一は金融商品取引法違反容疑で逮捕された。"
キャピタル・マーケット・サービシズ,キャピタル・マーケット・サービシズ（CMS日本支店）は、外国為替保証金取引が専門の金融先物取引業者。
グローバリー,グローバリー株式会社（英語: Globaly Corporation) は、かつて存在した商品先物取引会社。愛知県名古屋市東区に本社を置いていた。
ゴールドマン・サックス,"ゴールドマン・サックス（The Goldman Sachs Group, Inc.）は、アメリカ合衆国ニューヨーク州に本社を置く金融グループで、世界最大級の投資銀行である。歴史は古くドイツ出身のユダヤ系のマーカス・ゴールドマンによって1869年に設立された。モルガン・スタンレーやJPモルガン、メリルリンチ等と共に、投資銀行業務の幅広い分野においてリーグテーブル上位に位置する名門投資銀行と言われている。"
サンワード貿易,サンワード貿易（サンワードぼうえき）は東京都新宿区に本社のある商品先物取引業、取引所外国為替証拠金取引（くりっく365）業、不動産賃貸業の会社である。
ジャパンオルタナティブ証券,ジャパンオルタナティブ証券（ - しょうけん）は、東京都千代田区に本社を置く、日本の証券会社。2001年12月21日設立。オルタナティブ投資商品（ヘッジファンド他）の紹介等を専門に事業を展開する証券会社である。日本証券業協会、日本証券投資顧問業協会加入。
ジャフコ,"株式会社ジャフコ（英: JAFCO Co., Ltd.）は、日本最大のベンチャーキャピタル。東京都千代田区大手町一丁目5番1号に本社を構える。東京証券取引所第一部上場。ベンチャー投資及びバイアウト投資（企業買収）を手掛けている。日本を代表する投資ファンドの一つ。また、国内での投資の他北米（シリコンバレー）、中国（北京、上海）、台湾、韓国、シンガポールに拠点を持ち、グローバルな投資活動を行っている。野村證券系であり、国内で現存する民間最古のベンチャーキャピタルでもある。"
しんきん証券,"しんきん証券株式会社（英称:Shinkin Securities Co.,Ltd）は、信金中央金庫全額出資の証券会社である。"
しん証券さかもと,株式会社しん証券さかもと（しんしょうけんさかもと）は石川県金沢市に本店を置く日本の証券会社。石川県および富山県を地盤とする地場の証券会社である。2014年12月に坂本北陸証券株式会社から現商号に変更した。2009年6月に荒町証券を吸収合併する形で経営統合した。
スターホールディングス,"スターホールディングス株式会社（英: STAR HOLDINGS CO., LTD.）は、福岡県福岡市早良区に本社を置く持株会社。"
スパークス・グループ,"スパークス・グループ株式会社（英: SPARX Group Co., Ltd.）は、投資顧問・資産運用を主業務として1989年に設立された会社。2006年10月、グループの純粋持株会社になった。株式をジャスダックに上場している。証券コードは8739。"
セゾン投信,"セゾン投信株式会社（セゾンとうしん、英文名称SAISON ASSET MANAGEMENT CO.,LTD.）は、日本の投資信託委託会社。現在の代表者は中野晴啓。"
セントレード証券,"セントレード証券株式会社（セントレードしょうけん、英称：Centrade Securities Co., Ltd.）は、東京都中央区に本社を置く先物会社系証券会社。第一種金融商品取引業を行っている。貸金業登録は関東財務局長（金商）第74号。社名が現在のものになったのは2010年7月20日から。"
ソニーバンク証券,ソニーバンク証券株式会社（ソニーバンクしょうけん、英文名 Sony Bank Securities Inc.）は、かつて存在したマネックスグループの証券会社である。2013年1月、マネックス証券に吸収合併された。
ソフトバンクキャピタル,ソフトバンクキャピタル株式会社（英: SoftBank Capital Limited Partner）は、ソフトバンクグループの戦略子会社Softbank Holdings Inc.傘下のベンチャーキャピタル。会社所在地はニューヨーク州バッファローOne Seneca Tower。他にボストン、シリコンバレーにオフィスを構える。代表はロン・フィッシャー、主なパートナーはカビール・ミスラ、エリック・ヒッポー、マイケル・ペルリス、ジョルディー・レビー、スティーブ・マレーなど。運用資金の規模は500億円以上で1社につき1～2億円から最大25億円を投じ、現在の投資ポートフォリオは約60社の企業で構成されている。これまでBuddy Media、OMGPOP、Huffington Post、Hyperpublicの投資で成功実績がある。
だいこう証券ビジネス,株式会社だいこう証券ビジネス（だいこうしょうけんビジネス）は、東京都江東区に本社を置く株式会社。野村総合研究所の子会社。
タイコム証券,"タイコム証券株式会社 (英語: Taicom Securities Co.,Ltd.) は、かつて存在した商品先物取引会社。大阪市に本店を置いていた。"
ドットコモディティ,ドットコモディティ株式会社 (英語: Dot Commodity Inc.) は、かつて存在したインターネット専業の商品先物取引会社。創業者は元経済産業省官僚の車田直昭。2008年10月から積極的なM&Aを展開し事業規模を拡大、国内オンライン商品取引では最大手であった。2014年7月1日に楽天証券に吸収合併され、「ドットコモディティ」は楽天証券の商品先物取引サービスブランドとなった。
トヨタファイナンシャルサービス証券,トヨタファイナンシャルサービス証券株式会社（英: TOYOTA Financial Services Securities Corporation.、TFSS）は、かつて存在した日本の証券会社である。
トレイダーズホールディングス,"トレイダーズホールディングス株式会社（トレイダーズホールディングス、英文名 TRADERS HOLDINGS CO., LTD.）は、東京都港区に本社を置く、店頭外国為替証拠金取引（FX取引等）等の金融デリバティブ取引事業を主軸とした金融グループの持株会社である。東京証券取引所JASDAQ市場に株式を公開する上場企業である（証券コード：8704）。"
トレイダーズ証券,"トレイダーズ証券株式会社（トレイダーズしょうけん、英文名 TRADERS SECURITIES CO., LTD.）は、トレイダーズホールディングス株式会社の完全子会社で、金融デリバティブ特化型のオンライン証券であり、個人投資家向けのオンライン外国為替取引事業を中核とした証券会社である。"
のぞみ証券,のぞみ証券株式会社（のぞみしょうけん）は、東京都中央区に本店を置くかつての日本の証券会社。むさし証券に吸収合併され消滅。
ばんせい証券,"ばんせい証券（ばんせいしょうけん、英語: Bansei Securities Co.,Ltd.）は、日本の証券会社である。"
ひろぎんウツミ屋証券,ひろぎんウツミ屋証券株式会社（ひろぎんウツミヤしょうけん）は、広島銀行 とウツミ屋証券の共同出資による証券会社。日本証券業協会加盟。営業開始は2008年1月1日。本稿では、1949年に創業したウツミ屋証券についても合わせて記述する。
フィリップ証券,フィリップ証券株式会社（フィリップしょうけん）は、東京都中央区に本社を置くフィリップキャピタルグループの証券会社である。
フォレックス・トレード,"株式会社フォレックス・トレード（英名：Forex Trade Co,.Ltd.）は、かつて存在した日本のFX取引会社。クリック証券に吸収され、社名・サービス名とも消滅。旧商号はエキサイトFX株式会社。"
ふくおか証券,"ふくおか証券株式会社（ふくおかしょうけん、Fukuoka Securities Co., Ltd.）は、福岡銀行グループの証券会社。"
フジトミ,"株式会社フジトミ（Fujitomi CO,Ltd.）は東京都中央区に本社を置く小林洋行グループの商品先物取引業者である。"
フューチャーベンチャーキャピタル,"フューチャーベンチャーキャピタル株式会社（英: Future Venture Capital Co., Ltd.）は、日本の独立系ベンチャーキャピタル。京都市中京区手洗水町659番地 烏丸中央ビルに本社を構える。東京証券取引所ジャスダックスタンダード上場。国内各地に拠点を持ち、地域に密着して投資活動を行っている。アーリーステージ企業へのハンズオン投資を標榜している。主な投資成功例に夢の街創造委員会、ファインデックス。"
ベアー・スターンズ,ベアー・スターンズ（Bear Stearns）は、アメリカのニューヨークに本社を置いていた、大手投資銀行である。1923年にジョセフ・ベアとロバート・スターンズ、ハロルド・メイヤーの3人によって、エクイティ証券会社として創立された。ゴールドマン・サックス、モルガン・スタンレー、メリルリンチ、リーマン・ブラザーズに次ぐ、アメリカ第5位の投資銀行（証券会社）大手の1つであり、アメリカ5大証券の一角を担ったが、売上高の規模は常に5大証券中最下位であり、業界4位だったリーマン・ブラザーズと同じく、大手3社に離されまいとする焦りが、リスクを無視した投資に繋がった。2007年にアメリカにおけるサブプライムローン問題が原因で経営が急速に悪化、ニューヨーク連邦準備銀行が緊急融資を行い、2008年5月30日付けで、銀行最大手の一つであるJPモルガン・チェースに救済買収された。
マネースクウェアHD,"株式会社マネースクウェアHDは、外国為替証拠金取引を行う株式会社マネースクウェア・ジャパン、株式会社Ｍ２・インベストメント・アドバイザリー、そして海外子会社であるMONEY SQUARE INTERNATIONAL,INCを傘下に持つホールディングスカンパニーである。本社は東京都港区にある。旧商号は、株式会社マネースクウェア・ジャパン（MONEY SQUARE JAPAN, INC.）。"
マネーパートナーズグループ,マネーパートナーズは、東京都港区に本社を置き、外国為替証拠金取引やCFD、有価証券買付けなどを行う株式会社である。
マネックス・ハンブレクト,マネックス・ハンブレクト株式会社は、東京都港区虎ノ門に本店を置く投資銀行。マネックスグループの連結子会社である。主力事業はM&Aアドバイザリー事業。その他、OPENIPO（ダッチオークション形式IPO）調査研究事業を行っている。
マネックスFX,"株式会社マネックスFX（まねっくすえふえっくす、英文名 Monex FX, inc.）は、かつて存在した外国為替証拠金取引を行う金融先物取引業者である。東京都中央区に本社を置いていた。2004年に、東短エイジェンシー株式会社（東京短資グループ）の完全子会社「トウキョウフォレックス株式会社」として設立。2008年にマネックスグループ株式会社の子会社となり「株式会社マネックスFX」へ商号を変更した。2015年2月に、同じくマネックスグループ株式会社の子会社であるマネックス証券株式会社に吸収合併された。"
マネックスグループ,マネックスグループ株式会社は、東京都千代田区麹町に本店を置く金融持株会社。
マネックス証券,"マネックス証券株式会社（マネックスしょうけん、英文名 Monex, Inc.）は、マネックスグループ株式会社（金融持株会社）の完全子会社で、証券業を営む株式会社である。"
みずほインベスターズ証券,"みずほインベスターズ証券株式会社（みずほインベスターズしょうけん、英文名称: Mizuho Investors Securities Co., Ltd. ）は、かつて存在した準大手証券会社の一つ。みずほフィナンシャルグループ傘下のみずほ銀行の完全子会社。旧・勧角証券（日本勧業角丸証券）。"
みずほ証券,"みずほ証券株式会社（みずほしょうけん、英：Mizuho Securities Co., Ltd.）は、みずほフィナンシャルグループ傘下の証券会社である。2009年5月7日に、上場企業の新光証券を存続会社として、ホールセール専業の（旧）みずほ証券と合併、いわゆるフルライン型とも称される総合証券会社となった。2013年1月4日に、主にリテール向けを手掛けてきたみずほインベスターズ証券を吸収合併し、みずほグループの証券部門を統一した。"
みらい證券,"みらい證券株式会社（Mirai Securities Co.,Ltd.）は、東京都中央区に本社を置く日本の証券会社。"
むさし証券,むさし証券株式会社（むさししょうけん）は、埼玉県さいたま市に本店を置く日本の証券会社である。2011年8月、のぞみ証券と合併した。
メリルリンチ,"日本におけるメリルリンチ。メリルリンチ日本証券を参照のこと。メリルリンチ（Merrill Lynch & Co., Inc.）は、元米国三大投資銀行の一つで、国際的に幅広く展開をしていた金融機関。投資銀行業を始めとし、世界37カ国・地域に展開していた。現在ではバンク・オブ・アメリカに買収され、ウェルスマネジメント部門は引き続きメリルリンチとして、投資銀行部門はバンク・オブ・アメリカ・メリルリンチの名で営業している。"
メリルリンチ日本証券,メリルリンチ日本証券株式会社（メリルリンチにほんしょうけん）は、米バンクオブアメリカ・メリルリンチの日本法人で、ホールセール専門の証券会社（投資銀行）である。
ユニコムグループホールディングス,ユニコムグループホールディングス株式会社は、東京都中央区に本社を置く金融持株会社。
ライブスター証券,ライブスター証券（ライブスターしょうけん）は、ISホールディングスの子会社で、オンライン取引を専業とする証券会社である。手数料の安さが特徴。
リーディング証券,リーディング証券株式会社（リーディングしょうけん）は、東京都中央区に本社を置く証券会社。茨城県下館市（現在の筑西市）が発祥地であり、店舗網は東京都及び茨城県が中心である。韓国リーディング投資証券が出資している。
リーマン・ブラザーズ,"リーマン・ブラザーズ（Lehman Brothers Holdings Inc.）は、かつてアメリカのニューヨークに本社を置いていた大手投資銀行グループ。""Lehman"" の英語での読み方は通常「レイマン」だが、この場合は「リーマン」と発音される。ドイツ南部から移住したアシュケナジムユダヤ系移民、ヘンリー、エマニュエル、マイヤーのリーマン兄弟によって1850年に創立され、米国第4位の規模を持つ巨大証券会社・名門投資銀行の一つとされていたが、2008年9月15日に連邦倒産法第11章（日本の民事再生法に相当）の適用を連邦裁判所に申請し倒産した。世界金融危機顕在化の引き金となり、世界経済に大きな影響を与えた（リーマン・ショック、後述）。倒産するまでAAAの格付けを受け、世界経済の中枢とも言える存在であった。"
リテラ・クレア証券,"リテラ・クレア証券株式会社（りてら・くれあしょうけん、Retela Crea Securities Co., Ltd.）は、東京都中央区に本社を置く日本の証券会社。メインバンクはみずほ銀行。主要株主である大和証券グループやサントリー等と親密で、2013年に大和証券グループ本社が株式公開買付けを行い、当社を関連会社としている。"
ワイエム証券,ワイエム証券株式会社（ワイエムしょうけん）は、山口フィナンシャルグループ (YMFG) と東海東京証券の共同出資による証券会社。日本証券業協会加盟。営業開始は2007年10月10日。本社・本店営業部は山口県下関市豊前田町の海峡メッセ下関国際貿易ビル2階にある。日本初の、地方銀行と証券会社の共同出資による証券会社である。
阿波證券,阿波證券株式会社（あわしょうけん）は、徳島県徳島市寺島本町西一丁目に本社を置く、証券取引事業を行う証券会社である。
愛媛証券,愛媛証券（えひめしょうけん）は、愛媛県松山市一番町に本社を置く証券会社。
安藤証券,"安藤証券株式会社（あんどうしょうけん、英文名 Ando Securities Co., Ltd.）は、証券取引事業を行う証券会社である。"
宇都宮証券,宇都宮証券株式会社（うつのみやしょうけん、英: UTSUNOMIYA SECURITIES CO. LTD.）は、栃木県宇都宮市に本店を置く日本の証券会社。　
益茂証券,益茂証券（ますもしょうけん）は、福井県を地盤とする証券会社である。
岡安証券,岡安証券（おかやすしょうけん）は、岡安グループの証券会社である。旧名称は大塚証券。
岡三オンライン証券,岡三オンライン証券株式会社（おかさんオンラインしょうけん）は、株式会社岡三証券グループ傘下のインターネット専業証券会社。
岡三にいがた証券,"岡三にいがた証券（おかさんにいがたしょうけん、英称：Okasan Niigata Securities Co.,Ltd.）は、新潟県長岡市に本店を置く日本の証券会社。岡三証券グループ傘下の証券会社である。1899年(明治32年)に新潟県長岡市で丸福証券として創業。110年以上の歴史がある。"
岡三証券,"岡三証券株式会社（おかさんしょうけん、Okasan Securities Co., Ltd.）は、日本の証券会社。岡三証券グループの中核会社である。SMBCフレンド証券、東海東京証券で形成される準大手証券の一つである。対面営業を主要業務とし、「スーパー・リージョナル証券」を標榜している。岡三オンライン証券は同一グループの別企業である。"
岡三証券グループ,株式会社岡三証券グループ（おかさんしょうけんグループ、英訳名:Okasan Securities Group Inc.）は、岡三証券、岡三オンライン証券などを傘下に置く証券持株会社。旧商号は、岡三ホールディングス株式会社。
楽天証券,"楽天証券株式会社（らくてんしょうけん、英：Rakuten Securities, Inc.）は、インターネット専業の証券会社及び商品取引員。口座数は80万、預り資産は1兆円を超え、インターネット専業証券大手5社の1社である。旧「DLJディレクトSFG証券」（三井住友銀行系）。MRFは、大和証券投資信託委託のものを採用し、運用している。海外ETFも取り扱っている。2014年7月1日、楽天グループの商品取引員であったドットコモディティを吸収合併した。"
丸三証券,"丸三証券株式会社（まるさんしょうけん、英文名称：Marusan Securities Co., Ltd.）は、日本の中堅証券会社の一つである。日本生命と緊密。岩井コスモ証券、水戸証券、東洋証券、いちよし証券と並ぶ、中堅証券会社に位置づけられる。"
丸八証券,"丸八証券株式会社（まるはちしょうけん、英: Maruhachi Securities CO., LTD.）は、愛知県名古屋市に本店を置く日本の証券会社。エース証券の連結子会社。「丸八」マークは名古屋の象徴であり、尾張徳川家の合印に由来する。名古屋市の市章にもなっている。なお、創業者名に由来する丸八真綿とは無関係である。"
岩井コスモホールディングス,"岩井コスモホールディングス株式会社（いわいコスモホールディングス、英: IwaiCosmo Holdings, Inc.）は、大阪市中央区今橋に本社を置く金融持株会社である。"
岩井コスモ証券,"岩井コスモ証券株式会社（いわいコスモしょうけん、英語：Iwai Cosmo Securities Co., Ltd.）は、大阪市に本社を置く証券会社であり、岩井コスモホールディングスの完全子会社。水戸証券、丸三証券、東洋証券、いちよし証券と並ぶ、中堅証券会社に位置づけられる。また、石油元売り大手のコスモ石油、破綻したコスモ信用組合、IT系企業のコスモエイティとは一切関係ない。"
岩井証券,"岩井証券株式会社（いわいしょうけん、英: Iwai Securities Co., Ltd.）は、大阪府大阪市中央区北浜に本社を置いていた証券会社である。岩井コスモホールディングスの完全子会社。"
極東証券,"極東証券株式会社（きょくとうしょうけん、Kyokuto Securities Co., Ltd.）は、証券会社。"
光世証券,光世証券株式会社（こうせいしょうけん）は、日本の中堅証券会社。
香川証券,香川証券株式会社（かがわしょうけん）は、香川県高松市に本店を置く証券会社である。
高木証券,髙木証券（たかぎしょうけん）は、大阪市北区に本店を置く日本の証券会社。野村ホールディングスの関連会社。
今村証券,今村証券（いまむらしょうけん）は石川県金沢市に本社を置く北陸地方では最大手の証券会社である。
佐世保證券,佐世保證券株式会社（させぼしょうけん）は、長崎県佐世保市に本社を置いていた証券会社である。本社の他、長崎県諫早市、佐賀県武雄市・唐津市に営業所を置き、長崎県北部と佐賀県西部を主な営業区域とする。2010年（平成22年）8月25日にいちよし証券と合併について基本合意し、2011年（平成23年）1月4日に同社へ吸収合併された。これにより、当社の本店並びに営業所はすべていちよし証券の支店（佐世保支店・諫早支店・武雄支店・唐津支店）となった（なお、同日に飯田証券も吸収合併したため、旧飯田証券の店舗を含めて7支店を開設したことになる）。
三縁証券,"三縁証券株式会社（さんえんしょうけん、英称：SANEN SECURITIES CO.,LTD.）は、愛知県名古屋市の証券会社。岡三証券グループ。2010年（平成22年）4月1日、六二証券が大石証券を吸収合併し商号変更した。"
三菱UFJモルガン・スタンレー証券,"三菱UFJ証券ホールディングス株式会社（みつびしユーエフジェイしょうけんホールディングス、英称：Mitsubishi UFJ Securities Holdings Co.,Ltd.）は、三菱UFJフィナンシャル・グループ完全子会社の証券金融持株会社であり、中間持株会社。2010年（平成22年）4月1日、三菱UFJ証券初代法人を持株会社化して発足。その中核事業会社である三菱UFJモルガン・スタンレー証券株式会社（みつびしユーエフジェイモルガン・スタンレーしょうけん、英称：Mitsubishi UFJ Morgan Stanley Securities Co., Ltd.）は日本の金融商品取引業者である。株式は、三菱UFJ証券ホールディングス株式会社と（同社とモルガン・スタンレー・ホールディングス株式会社の任意組合である）MMパートナーシップが保有する。三菱UFJ証券ホールディングスは三菱金曜会・三菱広報委員会の会員企業であり、三菱UFJモルガン・スタンレー証券はみどり会の会員企業である。本支店は、62店（2014年2月24日現在）。キャッチフレーズは、「大切なものを、あなたと」。"
山一證券,"山一證券株式会社（やまいちしょうけん、英: Yamaichi Securities Co., Ltd.）は、かつて存在した日本の証券会社である。野村證券、大和證券、日興證券とともに日本の「四大証券会社」の一角にあったが、不正会計（損失隠し）事件後の経営破綻によって1997年（平成9年）に廃業した。"
山形證券,山形證券株式会社(やまがたしょうけん)は、山形県山形市に本社を置く、地場証券会社である。
松井証券,"松井証券株式会社（まついしょうけん、英文名称：Matsui Securities Co., Ltd.）は、日本の証券会社。"
証券保管振替機構,"株式会社証券保管振替機構（しょうけんほかんふりかえきこう、英語：Japan Securities Depository Center, Incorporated）は、株式等振替制度（旧証券保管振替制度）を運営する、日本で唯一の振替機関である。金融市場における決済機能を担う。略称「ほふり」。"
上光証券,上光証券株式会社(じょうこうしょうけん)は、北海道札幌市に本社を置く、証券取引事業を行う証券会社である。札幌市を地盤に、札幌・小樽・室蘭・帯広・苫小牧・北見・新さっぽろに支店を開設している。
上田ハーロー,上田ハーロー株式会社（うえだハーロー）は、日本の大手外為ブローカー。デリバティブを中心とする金融先物取引業者でもある。
常陽証券,"常陽証券株式会社（じょうようしょうけん、The Joyo Securities Co.,Ltd.）は、茨城県水戸市に本店を置く、常陽銀行の完全子会社の証券会社である。"
新光証券,"新光証券株式会社（しんこうしょうけん、英:Shinko Securities Co., Ltd.）は、日本の証券会社であるみずほ証券株式会社の旧商号。2009年5月7日に、（旧）みずほ証券株式会社を吸収合併し、新光証券株式会社から（新）みずほ証券株式会社に商号変更した。"
水戸証券,水戸証券株式会社（みとしょうけん）は、東京都中央区に本社を置く関東地方を中心の独立系の証券会社。岩井コスモ証券、丸三証券、東洋証券、いちよし証券と並ぶ、中堅証券会社に位置づけられる。
西日本シティTT証券,"西日本シティTT証券（にしにほんしてぃTTしょうけん、英文社名：Nishi-Nippon City Tokai Tokyo Securities Co.,Ltd.）は、福岡市博多区に拠点を置く証券会社。"
静銀ティーエム証券,静銀ティーエム証券（しずぎんティーエムしょうけん）は、静岡県静岡市に本店を置く日本の証券会社。株主は静岡銀行グループと東京三菱銀行（現・三菱東京UFJ銀行）。
荘内証券,荘内証券株式会社(しょうないしょうけん)は山形県酒田市に本社を置く地場証券会社である。
損保ジャパン日本興亜DC証券,損保ジャパン日本興亜DC証券（そんぽジャパンにっぽんこうあディーシーしょうけん）は、損害保険ジャパン日本興亜が100%出資している証券会社。証券会社ではあるが、企業への導入支援や金融商品（投資信託など）の情報提供、年金の記録管理まで、確定拠出年金に関するすべてのサービスを一手に担う専門の会社でもある。このサービスはアメリカの401Kを参考に当社が独自に確立したものである。
大熊本証券,大熊本証券株式会社（だいくまもとしょうけん）は、熊本県熊本市中央区下通一丁目に本拠を構える証券会社。
大和SMBCキャピタル,大和SMBCキャピタル株式会社（だいわエスエムビーシーキャピタル）は、大和証券グループ本社および三井住友銀行（SMBC）が出資していた、かつて存在した合弁企業。国内第2位の大手ベンチャー投資ファンド（ベンチャーキャピタル）であった。2010年の合弁契約の解消に伴い、現在は、大和証券系の株式会社大和キャピタル・ホールディングスとSMBC系のSMBCベンチャーキャピタル株式会社（SMBCC）に分割されている。
大和証券,大和証券株式会社（だいわしょうけん、英文名 Daiwa Securities Co. Ltd.）は、大和証券グループ本社傘下の証券会社である。企業理念は「信頼の構築、人材の重視、社会への貢献、健全な利益の確保」2012年4月1日付けで、それまでリテール（個人向け）証券会社であった「（2代目）大和証券株式会社」が、ホールセール（法人向け）証券会社であった「大和証券キャピタル・マーケッツ」を吸収合併し、リテール・ホールセールを一本化した「（3代目）大和証券株式会社」として発足した。
大和証券SMBCプリンシパル・インベストメンツ,大和証券エスエムビーシープリンシパル・インベストメンツ株式会社（だいわしょうけん－）は、旧大和証券キャピタル・マーケッツ株式会社（大和証券CM：2012年4月1日付けで「（3代目）大和証券」に統合）の子会社にあたる投資会社。大和証券SMBCプリンシパル・インベストメンツ、大和証券SMBCPI、大和証券SMBC-PIなどとも表記される。
大和証券キャピタル・マーケッツ,大和証券キャピタル・マーケッツ株式会社（だいわしょうけんキャピタル・マーケッツ、英称：Daiwa Securities Capital Markets Co.Ltd.）は、大和証券グループ本社の子会社で、かつて存在したホールセール（法人向け）専業証券会社。日系の大手投資銀行でもあった。2012年4月1日付けで、大和証券グループ本社傘下のリテール（個人向け）証券会社であった、「（2代目）大和証券株式会社」を存続会社として吸収合併され、リテール・ホールセールを一本化した「（3代目）大和証券株式会社」となった。
大和証券グループ本社,株式会社大和証券グループ本社（だいわしょうけんグループほんしゃ、英名：Daiwa Securities Group Inc.）は、日本の金融持株会社。企業理念は「信頼の構築、人材の重視、社会への貢献、健全な利益の確保」。
中銀証券,"中銀証券株式会社（ちゅうぎんしょうけん、英称：Chugin Securities Co., Ltd.）は、岡山県岡山市北区に本社を置く証券会社で、中国銀行の完全子会社である。"
東海東京フィナンシャル・ホールディングス,東海東京フィナンシャル・ホールディングス株式会社は、証券持株会社である。野村ホールディングス、大和証券グループ本社、SMBC日興証券、みずほ証券、三菱UFJ証券ホールディングスと並び、日本六大証券の一角を占めることを目指し、「Greatest6」というスローガンを掲げている。コーポレートスローガンは「あなたのプレミアハウスへ」。イメージキャラクターは竹下景子を起用。
東海東京証券,"東海東京証券株式会社（とうかいとうきょうしょうけん、英称：Tokai Tokyo Securities Co., Ltd.）は、愛知県名古屋市に本社を置く、日本の独立系証券会社の一つである。旧法人は1929年（昭和4年）設立で、2009年（平成21年）4月に持株会社制に移行したため、現法人は2008年（平成20年）設立の子会社。"
東洋証券,東洋証券（とうようしょうけん）は、東京都中央区八丁堀4-7-1に本店を置く日本の証券会社。岩井コスモ証券、丸三証券、水戸証券、いちよし証券と並ぶ、中堅証券会社に位置づけられる。
徳島合同証券,徳島合同証券株式会社（とくしまごうどうしょうけん）は、徳島県徳島市に本社を置く証券会社。
内藤証券,内藤証券株式会社（ないとうしょうけん）は、中国株を取り扱う証券会社。
日興コーディアルグループ,株式会社日興コーディアルグループ（にっこうコーディアルグループ、英称：Nikko Cordial Corporation）は、かつて存在した日本の証券持株会社の一つ。また、同社を持株会社とする企業グループも、日興コーディアルグループと呼んでいた。アメリカ金融大手のシティグループの傘下となり、株式交換で直接の親会社となっていた日本法人シティグループ・ジャパン・ホールディングス株式会社に吸収合併され、日本における金融持株会社である日興シティホールディングス株式会社となった。吸収合併前は、傘下に日興コーディアル証券（リテール証券）、日興シティグループ証券（ホールセール投資銀行）、マネックスグループ（ネット証券）などを有していた。
日産センチュリー証券,"日産センチュリー証券株式会社（にっさんセンチュリーしょうけん、英名：NISSAN CENTURY SECURITIES CO.,LTD.）は、株式・商品先物取引・外国為替証拠金取引を取り扱う日本の証券会社。"
日本アジア証券,日本アジア証券株式会社（にほんアジアしょうけん）は、東京都中央区に本社を置く日本の証券会社。
日本アジア投資,"日本アジア投資株式会社（にほんアジアとうし、JAIC、英文名 Japan Asia Investment Co,, Ltd.）は、日本最大の独立系ベンチャーキャピタルである。日本アジアホールディングスや日本アジア証券とは無関係。"
日本取引所グループ,"株式会社日本取引所グループ（にっぽんとりひきじょグループ、英語: Japan Exchange Group, Inc.）は、東京証券取引所グループと大阪証券取引所（現・大阪取引所）の経営統合に伴い発足した持株会社。統合により、世界第3位の規模の市場となる。本項においては、日本取引所自主規制法人についても併せて解説する。"
八十二証券,八十二証券株式会社（はちじゅうにしょうけん）は、長野県上田市に本店を置く日本の証券会社。
百五証券,百五証券株式会社（ひゃくごしょうけん、Hyakugo Securities Company Limited）は、三重県津市に本店を置く、百五銀行の完全子会社の証券会社である。
浜銀TT証券,"浜銀TT証券株式会社（はまぎんティーティーしょうけん、英称：Hamagin Tokai Tokyo Securities Co., Ltd）は、横浜市西区みなとみらい三丁目に本社を置く、日本の証券会社。2008年設立。"
富岡証券,富岡証券（とみおかしょうけん）は、群馬県富岡市および藤岡市に店舗におく証券会社。2014年1月現在、群馬県唯一の地場証券であり、インターネット取り引きは行なっていない。
豊商事,"豊商事株式会社（ゆたかしょうじ、Yutaka Shoji Co., Ltd.：銘柄コード8747）は、外国為替証拠金（FX）取引や商品先物取引、その他幅広い金融商品を取り扱う企業。本社は東京都中央区、代表取締役社長は石黒文博、代表取締役会長は多々良實夫。"
豊証券,"豊証券株式会社（ゆたかしょうけん、英: The Yutaka Securities Co.,LTD.）は、愛知県名古屋市中区に本社を置く証券会社（地場証券）である。"
明和證券,明和證券株式会社（めいわしょうけん、英文名 Meiwa Securities Co. Ltd.）は、1922年（大正11年）の創業以来、関東圏内で個人向け証券取引事業を中心に行う独立系証券会社である。創業者の小林光次は初代東京証券取引所理事長を務めるなど、日本の証券業界で老舗の一角を担う証券会社である。「顧客本位、明朗親和、堅実経営」を経営信条としており、株式市場でのインターネット取引を敢えて行わず、地域に根ざした対面コンサルティング営業を追求している。2011年（平成23年）7月4日にのぞみ証券株式会社より本店営業部門・玉川支店ならびに大塚支店計3店舗の事業譲渡を受け、個人対面営業を中心とした営業基盤の拡充を図っている。
木村証券,"木村証券株式会社（きむらしょうけん、英: Kimura Securities Co., Ltd.）は、愛知県名古屋市中区に本社を置く日本の証券会社。"
野村ホールディングス,"野村ホールディングス株式会社（のむらホールディングス、英: Nomura Holdings, Inc.）は、東京都中央区に本社を置く日本最大の投資銀行・証券持株会社である。キャッチコピーは「Basic & Dynamic」。"
野村證券,"野村證券株式会社（のむらしょうけん、英: Nomura Securities Co., Ltd.）は、東京都中央区日本橋一丁目（日本橋本社・本店）に本拠を構える、野村ホールディングス傘下の子会社で証券会社。野村グループの証券業務における中核会社である。"
藍澤證券,"藍澤證券株式会社（あいざわしょうけん、Aizawa Securities Co., Ltd.）は、日本の証券会社。"
六和証券,六和券株式会社（ろくわしょうけん）は、京都府京都市中京区に本社を置く証券会社である。京都市内及び舞鶴市などの府北部を営業エリアとしている地場証券会社である。
澤田ホールディングス,"澤田ホールディングス株式会社（さわだホールディングス、英: Sawada Holdings Co., Ltd.）は、東京都新宿区に本社を置く持株会社である。旧社名・エイチ・エス証券株式会社（現在の同名法人は子会社）。独自の金融コングロマリット構想によるサービスを提供している。"
7100,クリック証券100%子会社であった。FX業界最後発組として参入。旧エキサイトFX。1クリックで発注可能な「スピード注文」を実装した取引ツール、iPhoneアプリや高機能携帯アプリなど先進的ツール多数あり。即時出金サービスあり。三井住友銀行での100%信託保全。SaaS型ソフトウェアソリューションを利用したサービス『FTカスタマーコンシェルジュ』など、CS(顧客満足)面でも先進的なの試みも行っていた。2011年クリック証券に譲渡され消滅した。
7100,''SBIフューチャーズ株式会社'''（エスビーアイフューチャーズ）は、かつて存在した外国為替証拠金取引（FX）を行う先物取引会社。日本初のオンライン専業商品先物取引会社であった。
7100,2004年（平成16年）12月1日にスターフューチャーズ証券株式会社（後のスター為替証券株式会社）の株式移転により誕生。金融持株会社であったが、連結決算では持株会社設立後9期連続で純損失を計上するなど経営不振が継続。近年は金融事業を大幅に縮小し、2013年にはスター為替証券株式会社の金融商品取引業を廃止。主たる事業を太陽光発電システム関連などの再生エネルギー・環境事業に転換している。なお、グリーンインベスト株式会社では自己ディーリング事業を行っている。
7100,2010年11月末日現在、顧客口座数47057口座、預かり資産残高21485百万円を有していた。証券取引口座への資金振り替えや国内株式などの売買注文などの一連の取り引きをソニーバンクのサービスサイト（MoneyKit）を通じて行うことができた。2013年1月12日、マネックス証券に吸収合併されたhttp:www.monexgroup.jpjpnews_releasepdfpress2012_11_19_merger.pdf子会社の合併に関するお知らせ-マネックスグループ株式会社http:www2.monex.co.jpgappei2013index.htmlソニーバンク証券とマネックス証券の合併について-マネックス証券株式会社。
7100,''大和証券エスエムビーシープリンシパル・インベストメンツ株式会社'''（だいわしょうけん−）は、旧大和証券キャピタル・マーケッツ株式会社（大和証券CM：2012年4月1日付けで「（3代目）大和証券」に統合）の子会社にあたる投資会社。'''大和証券SMBCプリンシパル・インベストメンツ'''、'''大和証券SMBCPI'''、'''大和証券SMBC-PI'''などとも表記される。
7100,1967年に商品取引所法が改正され、1971年より従来商品仲買人と呼ばれていた商品先物取引業者が許可制に移行した。これを受けて東京穀物商品取引所の会員で商品仲買人でもあった「林大株式会社」（1966年9月7日設立）が廃業の意思をかためていたことから、その営業権を譲り受け、1971年2月12日、商号を「エース交易株式会社」に変更の上、事実上の創業をした。また許可制移行の際に、商品仲買人であった「吉原商品株式会社」（1961年設立）の東部・中部・西部の各事業本部がそれぞれ独立した。そのうちの東部事業本部も吸収している。
7100,インターネット専業で安価な手数料や、斬新なサービスを展開した。創業当時から、顧客が望むものをいち早く具現化する「シンプル＆スピーディー」に特化した結果、2008年‐2009年時点で、商品先物オンラインブローカーの中では「顧客預かり資産・口座数・売買高」ともに業界第1位の会社に躍り出、2010年も業績を拡大、名実ともに国内商品先物業者NO.1企業となった。創業時には、楽天からの出資のほか、車田直昭の大学時代からの友人であり通商産業省|通産省を退職し村上ファンドの代表であった村上世彰の個人出資、取締役就任、松井証券の出資を受けて、松井道夫の取締役就任もあった。投資家向けサービスとして国内商品先物取引のほか、2009年4月からは24時間海外のコモディティ銘柄を相対取引できるCFD取引を開始。また、商品先物取引業界の枠にとどまらず様々な新サービスを打ち出し、2009年12月にCFD取引において「日本初」となる二酸化炭素排出量（権）取引サービス開始。2010年8月には、主務省の許可を受けた商品取引会社としてネットトレードで「日本初」となる海外商品先物取引を開始、海外のコモディティに関する取引所取引を一般投資家向けにサービス開始。商品先物（コモディティ）取引ビギナーには、セミナーで学びながら小額から参加できる環境、また、セミプロクラスにも対応できる取引ツール、国内一の豊富なコモディティ情報を含めたサポートコンテンツなど、シームレスなサービスが投資家向けに提供されることも特徴であった。2014年7月1日、楽天証券に吸収合併された。楽天証券のドットコモディティ口座として、「国内商品先物取引」、「海外商品先物取引」、「貴金属積立・現物取引」の取引サービスは継続され、「商品CFD取引」、「株価指数先物・オプション取引（委託の媒介）」の取引サービスは2014年6月30日に終了した。
7100,PLANEXTRADE.COM*2003年**6月-金融先物取引業（外国為替証拠金取引(FX)受託）を開始*2003年**8月-本社移転（名古屋市千種区）し、'''株式会社MJ'''へ商号を変更namecompany*2004年**6月-ホームページ開設**7月-オンライン店頭FXをスタート**10月-第三者割当増資実施（資本金5000万円）*2005年**6月-取引手数料を完全無料化**7月-第三者割当増資実施（資本金9000万円）**10月-東京支店開設（神奈川県横浜市）*2006年**2月-金融先物取引業登録東海財務局長（金先）第8号**3月-社団法人金融先物取引業協会加入（会員番号1532）**5月-東京支店移転（東京都港区）**11月-本社移転（名古屋市中区）*2007年**1月-第三者割当増資実施（資本金1億5700万円）**3月-個人向け店頭FX「SpotBoard」提供開始。新銀行東京による信託保全サービス開始**6月-第三者割当増資実施（資本金5億6500万円）**7月-第三者割当増資実施（資本金7億6500万円）。プラネックスコミュニケーションズ(株)(JASDAQ：6784)の連結子会社となる**9月-金融商品取引法施行に伴い、第一種金融商品取引業登録申請東海財務局長（金商）第24号*2008年**8月-東京支店設立**12月-増資実施（資本金9億8000万円）*2009年**1月-信託保全サービス先を新銀行東京からドイツ銀行|DB信託へ移行*2010年**4月-両替.com外貨両替取引事業の開始**6月-三井住友銀行と業務提携し外貨宅配サービス開始（両替.com）**9月-信託保全サービス先をDB信託から日証金信託銀行へ移行{{PDFlink|http:www.gaitamejapan.compdfmanualtaisho20111001.pdf新旧対照表|1頁および4頁}}-外為ジャパン*2011年**2月-本社移転（東京都渋谷区へ）および登録番号の変更関東財務局長（金商）第2512号{{PDFlink|http:www.gaitamejapan.compdfhonnten.pdf本店移転及び登録番号変更のお知らせ}}-(株)MJニュースリリース2011年3月7日**4月-'''株式会社外為ジャパン'''に社名変更{{PDFlink|http:www.gaitamejapan.compdfcompany_name02.pdf社名変更に伴うサービスのご案内}}-外為ジャパンニュースリリース2011年4月2日**8月-社団法人日本商品先物取引協会加入**9月-FX取引における信託保全先にみずほ信託銀行を追加**9月12日-差金決済取引(CFD)の取扱開始{{PDFlink|http:www.gaitamejapan.comnewsCFD_release.pdf【外為ジャパンCFD】サービス開始のお知らせ}}-外為ジャパンニュースリリース2011年9月5日。*2012年**3月-本社移転(東京都渋谷区恵比寿西)**5月-本社移転(東京都渋谷区恵比寿1丁目)**9月-FX事業を吸収分割によりDMM.com証券に譲渡namenisshokyo15{{PDFlink|http:www.nisshokyo.jpdisclosure2014146.pdf平成26年3月期(商品先物取引業者の情報開示)}}日本商品先物取引協会、2015年4月11日閲覧{{PDFlink|http:fx.dmm.compressidindex724外為ジャパンのFXおよびCFD事業承継に関するお知らせ}}-株式会社DMM.com証券お知らせ2012年7月26日**9月1日-'''PLANEXTRADE.com株式会社'''へ商号を変更{{Citeweb|urlhttp:forexpress.comcontents?ID6832|title商号変更|publisherFOREXPRESS|accessdate2015-4-14}}**10月-CFD事業をDMM.com証券に譲渡namenisshokyo15*2014年**10月-ゲインキャピタル・ジャパン株式会社へオンラインFX取引事業を譲渡{{Citeweb|urlhttp:jp.forex.comjpsupportdealbook.shtml|titlePLANEXTRADE.COM株式会社でご契約されていたお客様へ|publisherゲインキャピタル・ジャパン|accessdate2015-4-14}}*2015年**1月1日-プラネックスホールディングに吸収合併「連結子会社の吸収合併（簡易合併・略式合併）に関するお知らせ」プラネックスホールディング株式会社2014年11月27日、2015年4月14日閲覧
7100,創業者であり現代表取締役の望月靖夫が11年間の証券会社勤務の後、2000年（平成12年）に食品輸入販売業を目的として設立（兵庫県西宮市）。2001年（平成13年）に株式会社損害保険ジャパン（旧安田火災海上）、2002年（平成14年）にジブラルタ生命保険株式会社（旧GEエジソン）と代理店契約を締結し保険代理店としての業務を開始する。2007年（平成19年）に金融商品仲介業登録を行い、保険商品だけでなく株や投信など金融商品全般の取り扱いを開始して現在に至る。
7100,百五銀行において取扱っていた投資信託に加え、現物株式など銀行では取扱えない商品のラインナップ拡充のために2009年（平成21年）8月14日に設立され、翌年3月2日より三重県津市で営業を開始した。百五銀行の地盤である三重県内に支店を設置する他、同行の支店においても金融商品の仲介を行っている。対面での営業スタイルを重視する観点からインターネットによる取引は行われていない。
7100,*創業—明治6年(1873年)*創立—昭和20年(1945年)1月*本社—福井県福井市中央3丁目5-1*支店—福井県3店舗（大野、鯖江、三国）、石川県1店舗（小松）*提携先—岡三証券グループ*主要取引銀行—福井銀行、北陸銀行、北國銀行、福邦銀行
7100,''オリックス証券株式会社'''（オリックスしょうけん、英称：''ORIXSecuritiesCorporation''）は、かつて存在した証券会社である。
7100,"元々はリテール業務を行い支店網を有していたhttps:web.archive.orgweb20040717231806http:www.utsumiya.co.jp:80profileindex.htm会社概要-ウツミ屋証券（2004年頃）。2008年（平成20年）にリテール部門を広島銀行との共同子会社'''ひろぎんウツミ屋証券'''（現・ひろぎん証券）に分離して以降は、有価証券の自己売買やひろぎんウツミ屋証券の顧客・機関投資家からの売買注文の受託業務、所有する不動産の運用が主な業務になっているhttp:www.utsumiya.co.jpbusinessindex.html事業内容-ウツミ屋証券。本支店網は、広島本社の他に東京都に東京本部を展開しているname\""広島企業年鑑2017\""。"
7100,|特記事項加入団体br日本証券業協会br一般社団法人金融先物取引業協会br日本商品先物取引協会br日本商品委託者保護基金br特定非営利活動法人br証券・金融商品あっせん相談センター}}'''プレミア証券株式会社'''（PremiereSecuritiesCo.Ltd.）は2005年設立の本社を東京都中央区(東京都)|中央区に置く日本の証券会社。
7100,旧大和證券株式会社（初代：現・大和証券グループ本社）及び'''旧住友キャピタル証券株式会社'''（旧住友銀行（現・三井住友銀行）の証券子会社）から営業譲渡を受け、'''大和証券エスビーキャピタル・マーケッツ株式会社'''（略称・大和証券SBCM）として1999年4月5日に営業を開始。当時は、大和証券が60%、旧株式会社住友銀行2001年4月1日に株式会社さくら銀行を合併(企業)|合併し商号を株式会社三井住友銀行に変更、2003年3月17日に株式会社わかしお銀行（現・株式会社三井住友銀行）に合併し解散。が40%出資していた。2001年4月1日に'''旧さくら証券株式会社'''（旧さくら銀行（現・三井住友銀行）の証券子会社）からも営業を譲り受け、同時に商号を'''大和証券エスエムビーシー株式会社'''（大和証券SMBC）に変更。また併せて、旧株式会社さくら銀行2001年4月1日に株式会社住友銀行に合併し解散。のホールセール証券業務も集約した。2009年に、三井住友フィナンシャルグループ（SMFG）が、シティグループから旧日興シティホールディングス傘下の証券事業を買収することとなり、大和証券SMBC（当時）と統合して経営の主導権を得ようとしたことから、経営の独立性を維持したい大和証券側と対立し、合弁契約を解消することとなった。2009年10月1日に、SMFGから転籍していた従業員の大半がSMFGに復帰。また、2009年12月31日に、SMFGの保有する株式40%すべてを、大和証券グループ本社が1739億円で買い取って大和グループの完全子会社化し、2010年1月1日に商号を'''大和証券キャピタル・マーケッツ株式会社'''（略称・大和証券CM）に変更した{{Citeweb|date|urlhttp:www.jp.daiwacm.comnewspdf20091105.pdf|title商号変更に関するお知らせ|formatPDF|publisher大和証券SMBC|accessdate2009-11-16}}。2012年4月1日に、「（2代目）大和証券株式会社」を存続会社として吸収合併され、法人としては解散したhttp:www.daiwa-grp.jpdatacurrentpress-3102-attachment.pdfグループ内組織再編の進捗に関するお知らせ株式会社大和証券グループ本社・平成23年12月21日。
7100,商品先物取引の中堅で小林洋行の子会社である。金などの貴金属売買に強く、日経225先物取引などの金融商品仲介業、不動産売買・不動産賃貸、保険募集に注力している。
7100,1964年7月、「北海道明治物産株式会社」として創業。その後、1975年に現社名「サンワード貿易株式会社」に変更される。経済産業省、農林水産省の許可を受けて農産物、原油、ガソリン、灯油、貴金属などの上場商品（商品先物取引）の受託および情報サービス提供などを行っている。当初は主に北海道を中心に展開していたが、2011年に本社を東京に移転し、現在は東京都|東京・大阪市|大阪・札幌の三拠点。対面取引のサービスが主であるが、コールセンター取引もあり、2014年6月からは電子取引も受託している。2014年9月、関東財務局長の登録を受け、取引所外国為替証拠金取引(くりっく365)の取り扱いを開始。なお、くりっく365はhttp:www.okayasu-shoji.co.jp岡安商事株式会社が取次元になっている。*https:www.nisshokyo.or.jpmemberlist.html日本商品先物取引協会　会員情報開示*http:www.ffaj.or.jpmemberlistlist.html#k_shouhin_sakimono　一般社団法人日本金融先物取引業協会　会員・特別参加者一覧
7100,キングコモディティ証券（2002年2月8日時点でのインターネットアーカイブ）、2016年2月1日閲覧。}}'''キングコモディティ証券株式会社'''（'''きんぐこもでぃてぃしょうけん'''、英文名称：KingCommoditySecuritiesCo.Ltd.）は、かつて存在した日本の証券会社。2002年4月1日に萬成プライムキャピタル証券（現・ばんせい証券）に吸収合併された。
7100,1999年11月に国内の個人投資家向けに、金融デリバティブ取引のサービス提供に特化したオンライン証券会社として設立。2005年4月に大阪証券取引所ヘラクレス(有価証券市場)|ヘラクレス市場（現ジャスダック|JASDAQ市場2010年10月12日付でJASDAQ・NEO・ヘラクレスの市場統合により、「JASDAQ市場」に変更）に上場。2006年10月に持株会社制へ移行。傘下に、インターネット取引による外国為替取引事業を主力事業とするトレイダーズ証券株式会社、金融取引システム開発・運用保守業務を手掛ける株式会社Nextop.Asia、木質バイオマス発電施設の製造・販売を行う株式会社ＺＥエナジーなどを持つ。
7100,革-サクソバンクFX証券。*2010年7月-アストマックス・プロップ・トレーダーズ株式会社を吸収合併*2012年8月-マネックスグループと資本提携。マネックスグループ傘下のマネックス・オルタナティブ・インベストメンツ株式会社を完全子会社化。新株及び自己株式の第三者割当と既存株主からの買い取りにより、マネックスグループが第2位の株主となるhttp:www.astmax.comirpresspdf20120626_4.pdfマネックスグループ株式会社との業務提携、第三者割当による新株発行及び自己株式の処分、株式の売出し並びに主要株主の異動に関するお知らせ-アストマックス・2012年6月26日。*2012年10月-単独株式移転により持株会社を設立。持株会社の商号を'''アストマックス株式会社'''とし、従前の会社は'''アストマックス・トレーディング株式会社'''に商号変更。同時にマネックス・オルタナティブ・インベストメンツ株式会社に投資顧問事業を吸収分割し、同社を持株会社の直接子会社とした上で、アストマックス投資顧問株式会社に商号変更http:www.astmax.comirpresspdf20120626_5.pdf単独株式移転による持株会社設立に関するお知らせ-アストマックス・2012年6月26日http:www.astmax.comirpresspdf20120919_2.pdf持株会社体制への移行に伴う組織及び人事体制並びに完全子会社となる当社の社名変更に関するお知らせ-アストマックス・2012年9月19日http:www.astmax.comirpresspdf20120821.pdf子会社の商号変更に関するお知らせ-アストマックス・2012年8月21日。従前の会社の上場を廃止し、持株会社がJASDAQに上場。
7100,旧社名はエース交易株式会社（エースこうえき、英:ACEKOEKICo.Ltd.）。2013年（平成25年）12月3日を以って現社名へ商号変更したhttp:www.evojapan.compdfevolution.pdf社名変更のご挨拶。br経済産業省、農林水産省許可の下、商品先物取引の受託業務、オンライントレードの提供、国内外における政治・経済・商品情報の収集、分析及び提供を行っている。2013年11月14日より、関連会社である「EVOLUTIONJAPAN証券（旧アルバース証券）」を所属金融商品取引業者として、金融商品仲介業に参入したhttp:www.evojapan.compdfchukai.pdf金融商品仲介業務開始のお知らせ。豊商事株式会社への事業承継のため、2017年10月30日をもって金融商品仲介業を廃業。
7100,2001年12月21日、三井物産100％出資にて設立された証券会社。一般的な株式などは取り扱わず、ヘッジファンドやプライベート・エクイティなどオルタナティブ金融商品をプロ投資家に販売・仲介をしている。取り扱う商品はほかにストラクチャード・ボンド、不動産ファンドなど。2002年4月4日に証券業登録。2007年3月より投資顧問業の営業を開始。リサーチアナリスト等、各部門に分けられた金融の専門家を配置する他、投資助言委員会を設置して投資の意思決定を潤滑にする取り組みを行っている。2017年4月3日に、'''ジャパンオルタナティブ証券株式会社'''から'''三井物産オルタナティブインベストメンツ株式会社'''へ商号変更したhttp:www.mitsui-ai.comjanews2017news20170403.html社名変更ならびに弊社ホームページURL変更のお知らせ。
7100,北辰商品株式会社の外国為替事業部が楽天証券がスポンサーとなるマネジメント・バイアウト|MBOによる会社分割によって設立された。自己資本規制比率は626.7%。植林活動などを行うNGO「オイスカ」による、社会貢献活動を行っているhttp:www.oisca.org財団法人「オイスカ」。持株会社である株式会社マネーパートナーズグループ（証券コード8732）が東京証券取引所市場第一部に株式上場している。
7100,常陽銀行において取扱っていた投資信託に加え、現物株式など銀行では取扱えない商品のラインナップ拡充のために2007年（平成19年）11月30日に設立され、翌年5月12日より茨城県水戸市で営業を開始した。同行の地盤である茨城県内に支店を設置する他、同行の支店においても金融商品の仲介を行っている。対面での営業スタイルを重視する観点からインターネットによる取引は行われていない。
7100,企業・法人を対象としたホールセール専門の証券会社であり、個人を対象としたリテール業務は行っていない。以下の業務を行っている。*有価証券の売買*有価証券売買の媒介、取次ぎ及び代理*有価証券の私募の取扱い*その他上記に関連する業務
7100,*2005年10月28日、東証一部上場のGMOインターネットグループの子会社・GMOインターネット証券株式会社として設立された。2005年7月に、現在の代表取締役である高島秀行がGMOに入社し、その後1年に満たない期間で証券業の免許の取得とシステム構築を行い、ネット証券を一から一人で立ち上げた。*2007年8月、GMOインターネットの金融事業撤退を受け、GMOインターネット社長の熊谷正寿がGMOインターネットの持ち分株式全株を個人で買い取ったため、GMOインターネットとの資本関係はなくなった。そのため、2007年12月3日付けで商号をクリック証券に変更した。*2007年12月21日に東京海上日動火災保険およびジャフコが、2008年3月28日には日興アントファクトリー株式会社、あおぞらインベストメント株式会社、株式会社フルスピード、安田企業投資株式会社、りそなキャピタル株式会社などが、資本参加を行い、株主に加わった。*2008年10月10日にエキサイトからエキサイトFX（後のフォレックス・トレード）の全株式を購入・取得し、子会社化した。*2009年9月1日から競泳日本代表のオフィシャルパートナーを務める。*2010年10月26日にGMOインターネットと資本・業務提携を結ぶ形で再び関連会社化、さらには同年11月8日には株式交換による完全子会社化を発表。これによりGMOインターネットは金融事業へ事実上、再参入したこととなる。
7100,上田短資（現上田八木短資）が、イギリスのMAI社と資本業務提携をしたため、子会社として1984年設立。1985年に合弁会社化。「ハーロー」とは、提携先であるMAIの子会社・HarlowMeyer&Coの社名から。1999年に、外国為替仲介事業について、最大手のトウキョウフォレックスとの間で合弁化し、トウキョウフォレックス上田ハーロー株式会社（トウフォレ上田）を設立。現在、個人向け外貨保証金取引（外国為替証拠金取引）を展開している。
7100,"事業会社として傘下にGMOクリック証券やFXプライムbyGMOなどを有する。組織形態は指名委員会等設置会社。2016年6月、親会社であるGMOインターネットは、ネット銀行事業進出に際して、従来あおぞら銀行の完全子会社であったあおぞら信託銀行（現・GMOあおぞらネット銀行）の第三者割当増資を引き受け、議決権割合で14.9%の株式を取得した。同年7月には、GMOインターネットの取得した株式の半数が当社に譲渡され、GMOインターネットと当社がともに議決権割合7.45%の株式を保有することとなった。2018年7月に予定されているGMOあおぞらネット銀行によるネット銀行事業開始の5年後までには、現在あおぞら銀行に割り当てられているGMOあおぞらネット銀行の種類株が、GMOインターネットまたは当社に譲渡される予定である。さらに関係当局の認可が得られれば、種類株を普通株に転換することにより、GMOあおぞらネット銀行はあおぞら銀行とGMOインターネットグループ（当社含む）の折半出資となる見込みであるname\""aozora\""https:www.gmo-click.commedia2016072016-07-21-01.pdfあおぞら信託銀行株式会社とのインターネット銀行の共同運営に関する資本提携のお知らせhttp:gmo-aozora.comnewspdf20171019pressrelease.pdf社名変更ならびにインターネット銀行事業開始時期についてのお知らせ。当社の参画は、既存の子会社であるGMOクリック証券など、グループ既存の金融事業との連携も視野に入れたものとされている。"
7100,多くのFXの会社が低スプレッドや手数料無料を売りにしている中で、子会社であるFX事業会社、マネースクエアは通常通り手数料をとるものの、FXに取り組むにあたってのコンサルティングサポートや発注管理機能の提供を会社の特徴としている。その発注管理機能は、注文手法に独自性があり、特許を取得した「トラップトレード」（特許第4278664号）、「リピートイフダン」（http:www.m2j.co.jppdfpress220122_patent_RepeatIFD.pdf特許第4435139号）、「トラップリピートイフダン（略称「トラリピ」登録番号：第5297891号、第5390593号）」（http:www.m2j.co.jppdfpress220205_patent_toraripi.pdf特許第4445006号）などの注文方法を提供しているhttp:www.m2j.co.jpcompanyaboutip.php知的財産、マネースクウェア・ジャパンHP。2015年5月現在、預かり資産65ヶ月連続増加を記録。http:www.m2j.co.jplandinggrowth_recordこの65ヵ月、預り資産が増え続けている唯一のＦＸ会社。｜マネースクウェア・ジャパン、マネースクウェア・ジャパンHP「顧客からの預り資産と会社資産の分別管理」、「顧客からの預資産全額信託」に関しては、2009年8月1日に施行された金融商品取引業等に関する内閣府令施行以前より取り組んでいる。また、日本時間15時の時点で顧客の時価残高の維持率が100%を切った際にロスカットを行う「'''東京15時ロスカット'''」というリスク管理システムを2010年から採用している。創業当初は企業メッセージとして「人とお金のハーモニー」をテーマに、「Harmony」と「money」から「Harmoney」という言葉を掲げていた。時代背景の変化・企業の成長に伴い、2018年7月30日より新たな企業メッセージとして「アイデアとテクノロジーでNIPPONの資産運用の未来を創る」を発表。ビジュアルイメージとして元・新体操日本代表（フェアリージャパン）の畠山愛理が起用されている。投資教育に力を入れており、投資教育プログラム「Ｍ２ＪＦＸアカデミア」などの教育プログラムが評価され、世界中のFX会社のサミット「フォレックス・マグネイト東京サミット2013」で「ベスト・エデュケーショナルブローカー賞」を受賞した。米国の経済誌Forbesのアジア版「フォーブス・アジア」が選ぶ「Asia's200BestUnderABillion」の1社に選ばれた。また、2015年度のオリコン顧客満足度ランキング「FX取引」部門の4項目で1位を獲得している。
7100,"2008年（平成20年）1月1日に、広島銀行とウツミ屋証券との共同出資の'''ひろぎんウツミ屋証券'''を、ウツミ屋証券のリテール部門を分割して設立。2017年（平成29年）6月1日に、広島銀行の完全子会社のひろぎん証券になった。支店は、24店舗の本支店を展開し、広島県15店・山口県5店・島根県、岡山県、大分県、東京都に各1店舗を展開しているname\""広島企業年鑑2017\""。2018年8月には四国初の拠点として愛媛県今治市に今治営業所を開設した。"
7100,|決算期3月|主要株主安藤龍彦53.9％brエム・エム・シスターズ(株)14.6％br安藤真里6.6％br(2017年3月末)|主要子会社|関係する人物|外部リンクhttps:www.ark-sec.co.jp|特記事項}}'''アーク証券株式会社'''（ArkSecuritiesCo.Ltd.）は本社を東京都千代田区に置く日本の証券会社である。
7100,茨城県水戸市が発祥地であり、店舗網は茨城県を中心に関東一円に展開している。テレビCMにアニメーションの水戸黄門を登場させ、「'''水戸は水戸でも水戸証券'''」というキャッチフレーズがお馴染み。また、水戸市を本拠地とするサッカークラブ水戸ホーリーホックをスポンサーとして支援している。
7100,"松本大(実業家)|松本大とソニーの共同出資で創業したマネックス証券株式会社(旧法人)と、日興コーディアルグループ（現在はシティグループ・ジャパン・ホールディングス）子会社の日興ビーンズ証券株式会社を経営統合するために、共同株式移転で設立された持株会社（設立時は'''マネックス・ビーンズ・ホールディングス株式会社'''）である。2008年にシティグループ・ジャパン・ホールディングスが日興コーディアルグループを買収した後もマネックスグループの出資を維持したため、シティグループの持分法適用会社であった（日興ビーンズとの繋がりが強かった日興コーディアル証券のみシティグループから離脱している）。2010年にオリックス証券株式会社を株式交換により完全子会社化することで経営統合。これにより、オリックス_(企業)|オリックス株式会社が22.5%の筆頭株主となり、同社の持分法適用会社となった{{PDFlink|http:www.monexgroup.jpjpnews_releasepdfpress2010_01_18_share.pdf主要株主である筆頭株主およびその他の関係会社の異動に関するお知らせ}}。2014年（平成26年）4月2日、静岡銀行と資本業務提携契約を締結したと発表name\""asahi-np-2014-4-3\""“静岡銀とマネックス、提携”.朝日新聞(朝日新聞社).(2014年4月3日){{Citeweb|date2014-4-2|urlhttp:www.shizuokabank.co.jppdf.php?id1905|title株式会社静岡銀行とマネックスグループ株式会社の資本業務提携に関するお知らせ|formatPDF|publisher株式会社静岡銀行マネックスグループ株式会社|accessdate2014-4-4}}。同月7日に静岡銀行はマネックスグループの株式（議決権所有割合19.63%）をオリックスから取得{{Citeweb|date2014-4-2|urlhttp:www.monexgroup.jpjpnews_releasepdfpress2014_04_02_mainshareholder_J.pdf|title主要株主である筆頭株主およびその他の関係会社の異動に関するお知らせ|formatPDF|publisherマネックスグループ株式会社|accessdate2014-9-14}}。さらに同年5月2日に静岡銀行は株式会社松本から同グループの株式を追加取得し、議決権所有割合を20%超として同グループを持分法適用会社とした{{Citeweb|date2014-5-2|urlhttp:www.monexgroup.jpjpnews_releasepdfpress_2014_05_02_additionalacquisition_J.pdf|title株式会社静岡銀行によるマネックスグループ株式会社の株式追加取得に関するお知らせ|formatPDF|publisher株式会社静岡銀行マネックスグループ株式会社|accessdate2014-9-14}}。主力事業は、証券子会社のマネックス証券。"
7100,米メリルリンチは1961年に日本に進出し、1972年にメリルリンチ証券・東京支店が、日本における証券業の免許を取得し本格的に営業を開始したが、当時は法人向けの営業活動がメインで、リテール取引はほとんど手がけていなかった。1997年に山一證券が倒産|経営破綻すると、メリルリンチは同社の営業基盤を引き継ぐ形で、日本でのリテール取引に本格進出することを狙い同社を設立した。当初は山一證券の支店網の大半を引き継いだほか、元山一の営業マンを大量採用したことでも話題となったが、その後支店網は徐々に統廃合された上に、後述するようにリテール部門を営業譲渡し支店網をそちらに引き継いだため、2010年現在は東京・大阪の2拠点体制となっている。要因として、旧山一側の連帯責任制の風土に対しメリルリンチ上層部が『個人の責任、原因、役割の明確化』を指示した事に対立し、社員の大量離脱が起こったという。2001年には、メリルリンチ証券・東京支店の業務を同社に統合し、ホール・リテールの両方を取り扱う総合証券会社となる。2006年リテール部門を分割し、三菱UFJメリルリンチPB証券を設立して営業譲渡したため、ホールセール専門の証券会社となった。その後2012年末に三菱UFJメリルリンチPB証券の全株式を三菱UFJフィナンシャル・グループに売却。日本国内のリテール部門から撤退している。2018年10月9日、AM7時31-32分の間に東証に対し、通常の千倍以上のデータを誤送信し、4つの回線のうち1つの回線をサーバーダウンさせ、国内証券会社がかなりの時間の間取引停止に追い込まれた。
7100,株式、投資信託、他社株転換社債|EB、外国為替証拠金取引|FX、年金、保険、商品先物などを取り扱っている。
7100,1957年に多々良松郎により設立された先物取引企業である。創立50周年を迎えた2007年、新たな情報配信サービス「YutakaMarketTV」（略称：YMTV）を開始。オンライントレード|オンラインによる外国為替証拠金取引|為替取引としてe-kawaseとくりっく365「Yutaka24」を、差金決済取引|取引所株価指数証拠金取引としてくりっく株365「ゆたかCFD」を備えるほか、独自のホームデイトレード|トレードシステム「FuturesDirect」がある。
7100,みずほフィナンシャルグループ傘下（元は第一勧業銀行〈旧日本勧業銀行〉系列）であり、近年では、みずほ銀行との共同店舗「プラネットブース」の展開を開始し、銀証連携サービスを進めるなど、営業体制の見直しが図られてきた。また、同行の子会社としてグローバル・リテールグループの証券部門を担うと標榜してきたが、2004年（平成16年）には法人業務を再開した。2011年（平成23年）9月1日、株式交換によりみずほ銀行の完全子会社となり、2013年の1月4日付で、みずほ証券に吸収合併された{{PDFlink|https:www.mizuho-isec.co.jpimagespdfcorp201120110729_2.pdfみずほ証券とみずほインベスターズ証券の合併に関する基本合意について}}-(株)みずほフィナンシャルグループ平成23年7月29日namemizuho{{PDFlink|http:www.mizuhobank.co.jpcompanyrelease2012pdfnews120515_2.pdfみずほ証券とみずほインベスターズ証券の合併契約書締結について}}-(株)みずほフィナンシャルグループ2012年5月15日。みずほFG間の共通の人事プラットフォームからの対象外であり、独自の人事制度を維持していた。そのため、採用活動も同グループ共同新卒採用ではなく独自の採用活動を行っていた。
7100,"1977年に創業者のThomasPeterffyがAmericanStockExchangeの会員を取得し、マーケットメイカー業を開始したのが会社の起源とされているname\""ibkr3689\""。米国に親会社があり、電子マーケットメーキング及び電子ブローカーを専業としている。米国では41年の歴史を持ち、個人、法人、金融機関との取引がある。585000口座（2018年10月末現在）name\""ibkr-ir\""https:investors.interactivebrokers.comirmain.phpIBKRInvestorRelationsInformationServicesを世界150カ国（2015年3月現在）に保有している。2010年、日本に進出し、東京証券取引所、大阪証券取引所、チャイエックスジャパンの会員を取得している。証券会社に対してのサービスも提供しており、例えば日本のSBI証券https:search.sbisec.co.jpv2popwinattentiontradingstock_gai_22.htmlSBI証券-外国株式のご注意事項や楽天証券https:faq.rakuten-sec.co.jpfaq_detail.html?id2212031米国株式はどこに保管されていますか？｜よくある質問｜楽天証券で米国株を買った場合はInteractiveBrokersLLCが取り次いでいる。2017年4月19日に日本証券業協会から価格操作などの不正取引を防止のための審査態勢が不十分として、過怠金1000万円と改善策を書面で報告するよう求める勧告を受けたname\""asahi2017420\""{{Citenews|title日証協、証券2社に過怠金|newspaper朝日新聞|date2017-04-20|author|publisher朝日新聞社|page朝刊9}}。"
7100,ublisher寿証券株式会社|accessdate2018-10-21}}。
7100,2004年（平成16年）に新装した大阪証券取引所の最上階に本店の営業店舗を有する（空中店舗）。その他、近畿地区に対面店舗数箇所を、また全国各地にネット取引・電話（コールセンター）取引の拠点を有する。国内企業としては初めて、取締役会を従業員が傍聴できる制度を導入するなど、経営の透明性が比較的高いのが特徴である。
7100,2018年3月末、総合口座数426万口座を持つhttps:site2.sbisec.co.jpETGateWPLETmgR001Control?OutSideon&getFlgon&burlsearch_home&cat1home&cat2corporate&dircorporate&filehome_fiduciaryduty_02.html顧客中心主義に基づく業務運営の実施状況-SBI証券｜株・FX・投資信託・確定拠出年金・NISA。SBIホールディングス株式会社の100%出資子会社。2005年12月には証券会社#インターネット専業の証券会社|オンライン専業証券会社（当時）として、初めて月間売買代金が10兆円を超えるなど、店舗型の老舗証券会社と肩を並べるかそれを超える規模である。インターネット証券最大手。機関投資家向け事業のフィデス証券（旧・日商岩井証券）、法人投資家向け未公開株式売買事業のソフトバンク・フロンティア証券、50歳以上の富裕層向け対面営業のワールド日栄証券を順次吸収した。証券会社では珍しく、商号が「前株」（株式会社が前に付く）である（旧法人は後株）。なおSBIFXトレード株式会社とは同じSBIグループだが別会社である。
7100,2000年（平成12年）10月、東京証券（元々は日興コーディアルグループ|日興證券系）と東海丸万証券（旧東海銀行系）が合併して発足した。かつては東海銀行（その後UFJ銀行、現：三菱UFJ銀行）が筆頭株主（議決権の12.6%強）であったが、UFJホールディングス発足後は系列証券会社が弱かった旧三和銀行が証券業務で主導権を握るべくグループ証券会社統合に組み入れなかったことから、2003年（平成15年）11月に、自己株式の買取を行ったため、同銀行との資本関係は大幅に希薄となっている（議決権の4%強）。その後、セントラルファイナンス（現：セディナ）と同様に、中部地区に強い人脈を持ってグループからの独立志向を一層強め、2004年（平成16年）5月に、三井住友海上火災保険との資本提携および業務提携がなされ、同社が東海東京証券の大株主（議決権の10%弱）となった。しかし、経営陣の大半が旧東海銀行の出身者からの転籍組が多く、名古屋を中心とする中部地区に強い地盤を持つ他にも、同じ旧東海銀行系の旧中央信託銀行時代から中央三井信託銀行（現：三井住友信託銀行）とも証券代行業務および相続関連業務（遺言信託、遺産整理業務）に関する代理店契約を締結している。自社のホームページ内に女性向け投資情報サイト'''「乙女のお財布」'''を設けており、女性投資家の応援にも力を入れている。2007年（平成19年）より一任勘定取引であるSMA（ラップ口座）の取り扱いを開始した。2009年（平成21年）4月1日に、会社分割（吸収分割）により、持株会社体制に移行。（旧）'''東海東京証券'''株式会社が、金融証券取引業等を分割し、完全子会社の東海東京証券分割準備株式会社に承継させる。同時に、（旧）東海東京証券株式会社が東海東京フィナンシャル・ホールディングス株式会社に、東海東京証券分割準備株式会社が（新）'''東海東京証券'''に商号変更した。2010年（平成22年）4月1日には、本社を東京・日本橋(東京都中央区)|日本橋の日本橋フロントから、名古屋市のミッドランドスクエアに移転した。4月5日|同月5日には、トヨタファイナンシャルサービス証券株式会社を吸収合併。5月6日には、福岡支店ホールセール業務はに西日本営業部が継承した。における証券業について会社分割を実施し、西日本シティTT証券株式会社に承継させて、西日本シティ銀行との合弁会社とした。
7100,*企業名：リテラ・クレア証券株式会社*代表者：代表取締役社長　笠原　弘之*資本金：3794341000円*本社所在地：東京都中央区京橋1-2-1*店舗数：本支店6店舗
7100,独立系の中堅証券会社で、関東を地場とする老舗の旧藍澤證券に関西の平岡証券が合併した。2018年7月2日現在で国内61店舗を展開するhttps:www.aizawa.co.jpcompanyoutlineindex.html会社概要|アイザワ証券。いちよし証券、岩井コスモ証券、極東証券、丸三証券、水戸証券、東洋証券と並ぶ、中堅証券会社に位置づけられる。外国株の取扱に力を入れており、中国株（香港証券取引所|香港、深セン証券取引所|深、上海証券取引所|上海）をはじめ、韓国証券取引所|韓国、台湾証券取引所|台湾、タイ証券取引所|タイ、シンガポール、マレーシア、インドネシア、フィリピン、アメリカなど幅広く取り扱っているのが特徴。正式な商号の文字が難解なためか、店頭看板などには「'''アイザワ証券'''」と記載されている。本社所在地では日本橋一丁目東地区再開発事業が計画されており、本社移転を検討している。
7100,''第一種金融商品取引業'''*有価証券の委託、募集・販売**株式先物取引・信用取引・株価指数先物取引・株価指数オプション取引の取次ぎ等**及び他の事業者の経営に関する相談に応じる業務等*店頭デリバティブ取引**外国為替証拠金取引（FX取引）*その他業務**匿名組合の締結又はその媒介、取次ぎ若しくは代理に係る業務
7100,|決算期|主要株主|主要子会社|関係する人物|外部リンクhttp:www.takematsu.jphttp:www.takematsu.jp|特記事項}}'''竹松証券株式会社'''（たけまつしょうけん）は、石川県金沢市に本店を置く証券会社である。
7100,独自の個人金融資産の安定的な成長を求める為の原則である「個人のお客様向け商品についての原理原則（いちよし基準）」を守り続け、「いちよし基準」に基づいた金融商品の品揃えを行っている。また、中堅企業等の公開業務においても特色があり、主幹事実績は49社、幹事・シ団会社実績は1040社（2017年12月現在の累積社数）https:www.ichiyoshi.co.jpproductstockipoarchive.htmlIPO実績。ガバナンスについても、2003年6月委員会等設置会社となるなど積極的に取組み、日本コーポレート・ガバナンス研究所の発表するJCGIndexでは上位にランキングされている。支店数は19都府県に50店舗を展開する。特に、2010年以降は小規模の証券会社を吸収合併して新たに支店を設けることで店舗網を拡充しており、これまで支店がなかった県にも展開している。また、2014年からは「プラネットプラザ」の名称で営業所|出張所も開設しており、一部の支店からの移行拠点を含めて7カ所を展開している（支店数・「プラネットプラザ」拠点数はいずれも2017年11月現在）。
7100,日本証券業協会グリーンシート制度の主幹事業務、投資を含むベンチャー企業支援全般を主要業務として行う、投資銀行型証券会社。主幹事第一号で著名なスターを数多く輩出した沖縄アクターズスクールを出したhttp:www.qab.co.jpnews200810091079.html沖縄アクターズスクールグリーンシート市場で株公開-琉球朝日放送・2008年10月09日http:www.catalyst-sec.co.jpmerit14.htmlニュース映像ことで注目を浴びた。経営陣交代に伴い、2016年11月7日付で'''キャタリスト証券株式会社'''から'''NVF証券株式会社'''に商号変更しhttps:www.nvf-sec.co.jp20161107%e7%a4%be%e5%90%8d%e5%a4%89%e6%9b%b4%e3%81%ae%e3%81%8a%e7%9f%a5%e3%82%89%e3%81%9b社名変更のお知らせ、さらに2017年5月12日付で'''NVF証券株式会社'''から'''JC証券株式会社'''に商号変更したhttps:www.nvf-sec.co.jp20170512%e6%a0%aa%e4%b8%bb%e7%95%b0%e5%8b%95%e3%81%ab%e4%bc%b4%e3%81%86%e7%b5%8c%e5%96%b6%e4%bd%93%e5%88%b6%e3%81%ae%e5%a4%89%e6%9b%b4%e3%81%a8%e7%a4%be%e5%90%8d%e5%a4%89%e6%9b%b4%e3%81%ab%e9%96%a2%e3%81%99株主異動に伴う経営体制の変更と社名変更に関するお知らせ。
7100,同社の事業は、以下の4つの流れで構成されているhttp:www.jafco.co.jpwp-contentthemesjafcojpimgannai_2015.pdf。#ファンド：日本初の未上場企業への投資事業組合を共同設立#投資：計1352億円のベンチャー・中小企業向け投資#事業開発：パートナーとのマッチングなどを通じた収益向上策の支援#イグジット：（事業売却・上場）2015年現在、合計979社のIPO実績http:www.jafco.co.jpipo
7100,日本における本格的な投資型クラウドファンディングサービスの提供を目的として、2013年、現経営陣が旧みどり証券（旧ディー・ブレイン証券）に対してTOBを実施。社名を日本クラウド証券と変更し、「クラウドバンク」の運営を開始した。クラウドファンディング協会会員。平成27年7月、金融庁より業務停止命令http:kantou.mof.go.jprizaipagekthp032102500.html日本クラウド証券株式会社に対する行政処分について財務省関東財務局を受けた。
7100,2008年11月5日設立。1万円からの小口ファンドで運用し、独自の基準で選定した「いい会社」30社に投資しているのが特徴http:www.tv-tokyo.co.jpgaiabacknumber3preview_20110830.html日経スペシャルガイアの夜明け:テレビ東京。築80年の古民家を再生した社屋となっている。
7100,1999年11月に国内の個人投資家向けに、金融デリバティブ取引のサービス提供に特化したオンライン証券会社として設立。2000年5月に、日本で初めて外国為替証拠金取引（FX取引）のオンライン取引によるサービスを開始し、個人向け外国為替証拠金取引市場の黎明期から、最も長くFX取引サービスを提供してきたリーディングカンパニーのひとつである。近年は、バイナリーオプション（通貨オプション）や、システムトレード（自動売買）機能を搭載したサービスも提供している。現在の法人は2006年4月に、現トレイダーズホールディングス|トレイダーズホールディングス株式会社からの事業承継のため、トレイダーズ証券分割準備会社として設立された。2006年10月に持株会社体制に移行し、トレイダーズホールディングスより、会社分割により証券取引事業及び外国為替取引事業を継承し、社名をトレイダーズ証券株式会社に変更。
7100,証券会社設立支援コンサルティングや有価証券や契約書等の重要書類の保管、配送、帳票印刷や封入・封緘等のメーリング業務などを行う企業である。かつては、証券代行事業も行い、野村系企業の株主名簿管理人に指定されていることが多く、株主も野村系企業が主要株主である。また、2010年頃より支配株主となる筆頭株主がかつての設立母体であった大阪証券金融|大阪証券金融（大証金）より、前述の通り野村グループの中核である野村ホールディングスに交代（野村グループ主導の資本増強によるもの）、さらに2012年には野村総合研究所が株式公開買付けを実施し36%超の株式を取得して筆頭株主となるなど、より一層関係強化を図ることとなった。なお、証券代行事業（株主名簿管理人業務およびこれに関連または付随する業務）は2011年（平成23年）1月1日に、三菱UFJ信託銀行および三菱UFJ代行ビジネスへ継承された。
7100,三井グループ（旧・三井財閥）系の証券会社だが、独立色が強い。店頭による保守的富裕層向けの対面営業に特化した営業形態を取る。東日本大震災まではディーリング（自己売買部門）が収益の大宗を占めていた。大手証券会社が扱わないニッチ商品や特色ある既発社債や外債の営業に力を入れていることに加え、従来から展開してきた豊富な債券ラインナップを積極的に提案していることに大きな特徴がある{{Citeweb|urlhttps:www.nikkei.comarticleDGXMZO14219170X10C17A3000000|title極東証券、「超ニッチ」戦略で生き残り|date2017-3-20|accessdate2018-12-09}}。又、不動産証券化商品の提案など投資銀行系の業務もこなす。投資銀行業務の専門部署として投資銀行本部を持ち、東京都の9店舗、他に神奈川県、大阪府、愛知県に店舗を展開している。業界では、藍澤證券、いちよし証券、岩井コスモ証券、丸三証券、水戸証券、東洋証券と並ぶ、中堅証券会社に位置づけられる。
7100,1916年（大正5年）広島県呉市で創業したため、中国地方を中心とした証券会社だったが、1967年高井証券（1894年創業）合併により東京に進出し全国展開を果たした。「中国株の東洋証券」と呼ばれ、中国市場に非常に強い力をもつことでもよく知られる。
7100,創業家である藤井家が京都の地場証券会社としてスタートし、2008年（平成20年）で創業100周年を迎えている。1998年（平成10年）に商品先物取引会社である大雄社先物社に'''買収'''されたが、子会社である萬成証券を存続会社とした合併が行われ先物系証券会社となった。2008年12月にユニマット山丸証券株式会社の事業を一部承継し、2008年12月1日より現在の名称となり、後に村上豊彦が社長に就任したため、役員から創業家がいなくなった。一時期は全国に20ヵ所以上の支社や支店があり、従業員も1000人以上いたが、手数料自由化などの法改正を見越しての理由により人員や規模を縮小し、東京・名古屋・京都・大阪の大都市に集約した。支社は京都にあり、支店は名古屋・大阪・札幌・宝塚・大宮・福岡・ロンドン（駐在員事務所）にある。宝塚支店及び越谷支店(現在は大宮に移転)は2009年（平成21年）8月1日よりインヴァスト証券より譲り受けた支店である。現在は証券業務に注力し、株式や投資信託、日経225先物、金融商品の組成、ロンドンAIM市場などの国内外市場の上場支援（東西キャピタルと提携）、ディーリング業務などの証券業務や投資銀行業務などを手掛けている。以前は商品先物取引（裁定取引|サヤ取り）や商品ファンドなどを個人顧客に対して販売していたが、2008年10月に同業務完全撤退。両替業務においても2009年2月において業務終了した。また「FX-FACTORY」などの店頭外国為替証拠金取引や取引所為替証拠金取引（くりっく365）はインヴァスト証券に事業譲渡した。
7100,大阪証券取引所理事長・巽悟朗により設立。光世の名前は、聖書マタイによる「地の塩、世の光」から取った。1998年（平成10年）に名古屋支店を本店に統合し、東京都及び大阪府の2店舗体制となる。自己売買（ディーリング）業務を重視し、トレーディング損益が収益の大宗を占める。また、大阪取引所の上場デリバティブ全商品をインターネット及び対面の双方で取扱う。
7100,山形県内陸部を主要基盤に、宮城県塩竈市にも営業所を開設している佐藤家による同族経営の地場証券会社であって、山形銀行系列の証券会社ではないので注意が必要。
7100,eワラント証券は、日本でのカバードワラント市場をリードしてきたゴールドマン・サックス|ゴールドマン・サックス証券からeワラント事業を譲り受け、継承・発展させることを目的として設立された。eワラント証券のホームページによるとカバードワラントの商品設計、システム開発・安定運用、リスク管理について、高度の専門知識と経験を持つスタッフを擁しているとある。
7100,2000年10月、東京証券（元々は日興コーディアルグループ|日興證券系）と東海丸万証券（旧東海銀行傘下）が合併して発足した。かつては東海銀行（その後UFJ銀行、現三菱UFJ銀行）が筆頭株主（議決権の12.6%強）であったが、UFJホールディングス発足後は系列証券会社が弱かった旧三和銀行が証券業務で主導権を握るべくグループ証券会社統合に組み入れなかったことから、2003年11月に、自己株式の買取を行ったため、同銀行との資本関係は大幅に希薄となっている（議決権の4%強）。その後、セントラルファイナンス（現セディナ）と同様に、中部地区に強い人脈を持ってグループからの独立志向を一層強め、2004年5月に、三井住友海上火災保険との資本提携および業務提携がなされ、同社が東海東京証券の大株主（議決権の10%弱）となった。しかし、経営陣の大半が旧東海銀行の出身者からの転籍者が多く、名古屋を中心とする中部地区に強い地盤を持つ他にも、同じ旧東海銀行系の旧中央信託銀行時代から中央三井信託銀行とも証券代行業務および相続関連業務（遺言信託、遺産整理業務）に関する代理店契約を締結している。自社のホームページ内に女性向け投資情報サイト'''「乙女のお財布」'''を設けており、女性投資家の応援にも力を入れている。ダイバーシティ経営を重視しており、経済産業省による平成28年度の「新・ダイバーシティ経営企業100選」に選定されたほか、東京都・愛知県・名古屋市が選定する女性活躍推進に積極的な企業として選定されているhttp:www.tokaitokyo-fh.jpcorporatebusinessplandiversity.htmlダイバーシティの推進東海東京フィナンシャル・ホールディングス。2009年4月1日に、会社分割（吸収分割）により、持株会社体制に移行。（旧）東海東京証券株式会社が、金融証券取引業等を分割し、完全子会社の東海東京証券準備株式会社に承継させる。同時に、（旧）東海東京証券株式会社が東海東京フィナンシャル・ホールディングス株式会社に、東海東京証券準備株式会社が（新）東海東京証券に商号変更した。2010年1月4日には、トヨタファイナンシャルサービス証券株式会社をトヨタファイナンシャルサービスから買収（4月5日に東海東京証券に吸収合併）。5月6日には、東海東京証券福岡支店における証券業について会社分割を実施し、西日本シティTT証券株式会社に承継させて、西日本シティ銀行との合弁会社とした。
7100,1952年10月10日、東京都江東区に「株式会社真下商店」として創業。その後、商号を1969年3月「真下商事株式会社」、1991年2月「株式会社ハーベストフューチャーズ」と変更し、2009年3月には現商号である「岡安商事株式会社」となり、本社を大阪市中央区(大阪市)|中央区北浜へと移転したhttp:www.e-sakimono.orgdatatorihikiin-16.htm専業・商品先物取引業者グループ関係とその変遷http:www.okayasu-shoji.co.jpcorp_09history.htm岡安商事株式会社　沿革。経済産業省、農林水産省の許可を受けて、貴金属、石油、ゴム、農産物などの上場商品の受託を行っているhttp:www.jcfia.gr.jpcgi-binlist_readout2_new_copy.cgi?time1265941500岡安商事株式会社に関する会社情報(日本商品先物振興協会提供)。また、2006年3月には金融先物取引業の登録を受け、取引所為替証拠金取引「くりっく365」の取引資格を取得。現在は商品先物取引・取引所外国為替証拠金取引ともに、自社での取り扱いの他、取次受託業務も行っている。自社での取り扱いは対面取引中心だが、電子取引への対応は業界内でも初期から取り組んでいた。
7100,60有余年の歴史を有する栃木県唯一の地場証券会社である。2005年に東海東京証券の子会社となり、その後東海東京フィナンシャル・ホールディングス設立により同HDの子会社となった。東海東京証券（および後身の東海東京FHD）は2007年の山口フィナンシャルグループを皮切りに、地域金融機関とのアライアンス戦略により営業基盤を拡大する施策を採っており、その一環として2016年8月23日、栃木銀行に子会社である「宇都宮証券」株式の過半（60％）を譲渡し同年度内に栃木銀行の子会社とすることで基本合意したと発表。東海東京FHDも引き続き出資を維持し、両社の共同出資会社となったhttp:www.sankei.comsmpeconomynews160823ecn1608230023-s1.html「栃木銀が宇都宮証券を連結子会社化へ　東海東京も出資維持」(産経新聞ニュース2016年8月23日)。BR山口FGをはじめ横浜銀行、西日本シティ銀行、池田泉州ホールディングス、ほくほくフィナンシャルグループとのアライアンスは、共同出資により設立した地域新会社に東海東京証券の該当地域支店を会社分割により譲渡し営業開始させているが、栃木銀行とのアライアンスでは子会社の宇都宮証券を活用しての提携となった。BR2018年（平成30年）10月、とちぎんTT証券に社名変更http:www.utsunomiya-sec.co.jpimgpdf20180910tochigintt.pdf当社の社名変更および「越谷支店」開設について宇都宮証券2018年7月20日{{citenews|title栃木銀、証券と連携強化　出向者倍増ノウハウ共有|author|agency|publisher日本経済新聞|date2018-8-22|urlhttps:www.nikkei.comarticleDGXMZO34464990S8A820C1L60000|accessdate2018-10-6}}した。
7100,1944年（昭和19年）に創業した'''丸和証券株式会社'''を母体に、2007年（平成19年）に同業の'''ネットウィング証券株式会社'''と共同持株会社「エムアンドエヌホールディングス株式会社」を設立。翌2008年（平成20年）にエムアンドエヌホールディングス、丸和証券、ネットウィング証券の3社が合併して「'''株式会社証券ジャパン'''」を設立https:kotobank.jpword%E8%A8%BC%E5%88%B8%E3%82%B8%E3%83%A3%E3%83%91%E3%83%B3-1455257証券（しょうけん）ジャパンとは-コトバンク。（存続会社は丸和証券。）2015年（平成27年）には岡三証券グループ|株式会社岡三証券グループと業務提携|業務資本提携に係る覚書を締結した。2019年（平成30年）1月には関連会社であった頭川証券株式会社（富山県）に対する出資比率を引き上げ子会社化した{{citenews|title証券ジャパン、富山の頭川証券を子会社化|urlhttps:www.nikkei.comarticleDGXMZO40708960R30C19A1000000|newspaper日本経済新聞|date2019-01-31|accessdate2019-03-16}}ほか、同年5月には北陸地域証券投資推進検討会議#竹松証券|竹松証券（石川県）から顧客口座の大半の管理業務について事業譲渡を受ける予定{{citenews|title竹松証券、証券ジャパンに事業譲渡、6000口座250億円|urlhttps:www.nikkei.comarticleDGXMZO4117015012022019LB0000|newspaper日本経済新聞|date2019-02-12|accessdate2019-03-16}}。
7100,革|主要株主|外部リンクhttps:www.musashi-sec.co.jp|特記事項関東財務局長(金商)第105号}}'''むさし証券株式会社'''（むさししょうけん）は、埼玉県さいたま市大宮区に本店を置く日本の証券会社である。2011年8月、のぞみ証券と合併したhttp:www.nikkei.comarticleDGXNASFB27059_X20C11A4L72000むさし証券、のぞみ証券と８月合併へ　個人向け業務で効率化（日本経済新聞）。
7100,設立当初はナカヌキヤ|シグマ・ゲイン(旧：中川無線電機)の子会社であったが、2009年6月29日にDMM.comグループに対する第三者割当増資を行い、DMM.comグループの傘下に入った。
7100,京都の証券会社#地場証券|地場証券最大手で京都（阪急烏丸駅、または地下鉄四条駅徒歩2分）・舞鶴（JR東舞鶴駅徒歩7分）・綾部（JR綾部駅徒歩5分）・亀岡（JR亀岡駅徒歩3分）・大久保（近鉄大久保駅徒歩1分）・草津（JR草津駅南口徒歩3分）の6店舗を置く。インターネット取引は行なっていない。毎週月曜午後3時より15分程行なわれている、超ミニセミナー「にしむら株練場」（本店店頭にて自由参加）をはじめ、京都新聞文化センターや亀岡・草津・宇治・水口・山科・守山などで、地場ならではの地域に密着した各種金融セミナーをコンスタントに実施している。
7100,2007年4月1日、現社名に商号変更、事業展開を一新。経営の根幹となる行動指針を「誠実～インテグリティ（integrity）～」とし、「お客さまが安心して資産を託せる会社」をめざす。2006年3月よりJASDAQに上場している。元は兵庫銀行(現・みなと銀行)系の証券会社で、丸起証券として大阪府大阪市北区(大阪市)|北区曽根崎に本店を置いていたが、1995年に阪神・淡路大震災後の神戸を励まし元気づける意味を込め、こうべ証券（後、KOBE証券）と社名を変更している。なお、現社名インヴァスト証券の『invast』とは、『invest（投資）』と『vast（広大な）』を掛けた造語であり、オンライントレードのINV@STは、『a』を『＠（アットマーク）』で、インターネットを表している。2009年8月より対面業務などを他社に譲渡し、オンライン業務に特化している。取扱いはオンラインでの取引所FX（くりっく365）、店頭FX（シストレ24、トライオートFX、FX24）、取引所CFD（くりっく株365）に特化している。2016年4月には、店頭CFD（トライオートETF)のサービスを開始した。2013年7月17日に開催された「フォレックス・マグネイト東京サミット2013」表彰式において、「ベスト・FXブローカー賞」、「ベスト・マーケティングブローカー賞」を受賞する{{PDFlink|http:www.invast.jpcompanyreleasepdf20130718.pdf「フォレックス・マグネイト東京サミット2013」の表彰で「ベスト・ＦＸブローカー賞」・「ベスト・マーケティングブローカー賞」を受賞}}。
7100,株式会社'''日興コーディアルグループ'''（にっこうコーディアルグループ、英語|英称：''NikkoCordialCorporation''）は、かつて存在した日本の証券持株会社の一つ。また、同社を持株会社とする企業グループも、日興コーディアルグループと呼んでいた。アメリカ合衆国|アメリカ金融大手のシティグループの傘下となり、株式交換で直接の親会社となっていた日本法人シティグループ・ジャパン・ホールディングス株式会社に吸収合併され、日本における金融持株会社である'''日興シティホールディングス'''株式会社となった。吸収合併前は、傘下に日興コーディアル証券（リテール証券）、日興シティグループ証券（ホールセール投資銀行）、マネックスグループ（ネット証券）などを有していた。
7100,2000年（平成12年）7月19日に設立されたトヨタファイナンシャルサービスの100%子会社で、トヨタ自動車金融グループの一社であった。同年12月に証券業登録をして、営業を開始。債券や投資信託の販売を行っており、主にショッピングセンター内に営業所を出店していた。2010年（平成22年）1月4日、親会社のトヨタファイナンシャルサービス株式会社が、全株式を東海東京フィナンシャル・ホールディングス株式会社に48億円で譲渡し、東海東京フィナンシャル・ホールディングス株式会社の完全子会社となる。同年4月5日には、東海東京フィナンシャル・ホールディングス株式会社傘下の東海東京証券株式会社に吸収合併された。なお、合併後、当社の証券口座は東海東京証券の'''「トヨタFSオンライン」'''口座の扱いとなっており、証券カードの利用や利用可能チャネルの違いなど、商品性・利便性に差異が生じており、統一されていない。
7100,|売上高|営業利益|純利益|純資産|総資産|従業員数429名br（2014年6月30日現在）|決算期|主要株主藍澤證券100%|主要子会社|関係する人物|特記事項金融商品取引業者関東財務局長（金商）第134号}}'''日本アジア証券株式会社'''（にほんアジアしょうけん）は、東京都中央区(東京都)|中央区に本社を置いていた日本の証券会社。2018年7月1日、親会社の藍澤證券に吸収合併され解散した。
7100,1963年7月に設立され、かつては日本国内の各商品先物取引所における商品先物取引#商品取引員|商品取引員の資格を有した商品先物取引を主力事業とする会社であった。1997年に名古屋証券取引所第2部に株式公開|上場（証券コードは8745）し、2005年3月期は営業収益（売上高）で約124億円、経常利益で約22億円を挙げていた。その後、諸問題（下記参照）もあって2005年11月1日に上場廃止となった（理由は後述）。株主優待として金貨贈呈制度（100株以上1000株未満…110オンス金貨、1000株以上…12オンス金貨）を設けていた。商品先物取引業からの撤退後は、ビル管理や賃貸マンションなどの仲介業務といった不動産業へ転じたが、2006年4月28日付で株式交換により実質オーナー（元会長）が経営する会社である（株）ジャパンプロセルの100%子会社となり、2007年6月1日付で同社に吸収合併され、ニューザック（株）と商号が変更された。
7100,"酒田で両替商を営んでいた和嶋茂兵衛が、1927年に日本勧業銀行発行の勧業債券の販売を手掛けるため設立した和嶋債券部を淵源とする。戦況が激しくなった折には、勧銀の帳簿類が焼失をさけるため、和嶋宅への持ち出しも検討されたnameshonai。戦時統制によって地元の複数業者がまとまることになり、和嶋債券部が中心となり本間家など酒田の経済人からも出資を得て、1944年12月に荘内証券が発足した。発足時には野村證券の奥村綱雄が役員として名を連らねるなど、野村證券から支援を受けたnameshonai{{citenews|title東北証券界の歴史を語る後藤毅氏証券史談（上）|author|agency|publisher公益財団法人日本証券経済研究所|urlhttp:www.jsri.or.jppublishreviewpdf560901.pdf|date2017-8-24}}{{citenews|title東北証券界の歴史を語る後藤毅氏証券史談（下）|author|agency|publisher公益財団法人日本証券経済研究所|urlhttp:www.jsri.or.jppublishreviewpdf561003.pdf|date2017-8-24}}。1964年に野村證券を退社した茂兵衛の子の和嶋茂男{{nest|group\""注\""|早大卒業後、野村證券に入社。上野、日比谷支店長などを歴任。その後、荘内証券に転じ、1964年から1999年5月まで社長を務めた。その間に酒田商工会議所会頭も歴任した「酒田商工会議所会頭和嶋茂雄氏庄内浮上へ意識改革陣頭指揮（ひと）」『日本経済新聞』1988年3月24日。}}が社長に就き、1967年の証券取引法の改正によって、大蔵大臣の免許業者となったほか、1985年には東京証券取引所との全店舗オンラインシステムを導入した『新版山形県大百科事典』p.345。荘内銀行との系列関係はない。"
7100,横浜銀行と東海東京証券が共同出資し、2008年11月4日営業を開始した。設立に際し、東海東京証券が持っていた神奈川県内6支店を承継し、本店営業部を加えた7店舗の体制となった。設立後5年間で、さらに15店舗増設することを目標としている。横浜銀行は、かつて横浜シティ証券という名称の証券子会社を1996年に設立したが、3年後の1999年に清算している。2019年4月現在の営業拠点は17店舗。
7100,1944年8月に津山証券として岡山県津山市で設立され、1971年7月に大阪屋證券（後のコスモ証券、現在の岩井コスモ証券）が資本参加して同社の子会社となったが、2009年3月30日にコスモ証券が自社が保有していた株式を中国銀行に譲渡して、中国銀行の子会社となり、同年8月25日には完全子会社化された。中国銀行グループの証券会社としての業務拡大を図るために、約1年かけて証券業務拡大のためのシステム更改などを行い、2010年5月6日に商号を'''中銀証券'''に変更し、本社を岡山県岡山市北区(岡山市)|北区に移転した。同時に旧津山証券本店は中銀証券津山支店となったhttp:www.chugin.co.jp03corpnews22c_news2205060.pdf『中銀証券株式会社』岡山新本店オープンのお知らせ。
7100,2015年2月6日に設立され、同年10月1日に開業した。設立時から単独で100％出資する証券子会社は、中国地区の地方銀行としては初めてhttp:www.asahi.comarticlesASGCF6284GCFPTIB00N.html島根)山陰合同銀行、証券子会社設立へ-朝日新聞デジタル（2014年11月14日）、2015年11月14日閲覧。。
7100,2012年に設立。四国に本店を置く地方銀行が証券子会社を設立するのは初めてであるhttps:www.nikkei.comarticleDGXNASJB1101E_R11C11A1000000伊予銀が証券子会社　12年10月開業-日本経済新聞（2011年11月11日）、2017年11月11日閲覧。。愛媛県内の伊予銀行店舗内に店舗を設置している。2013年10月には、八幡浜支店を開設し愛媛県内全域を網羅する体制が整備された{{citenews|titleいよぎん証券、愛媛全域の営業網構築|author|agency|publisher日本経済新聞|date2013-10-2|urlhttp:www.nikkei.comarticleDGXNZO60535230S3A001C1LA0000|accessdate2014-12-23}}。2016年11月に伊予銀行・百十四銀行・阿波銀行・四国銀行が包括提携契約「四国アライアンス」を締結。包括提携では提携した4行でのいよぎん証券の活用が盛り込まれており、2017年4月28日には百十四銀行・阿波銀行・四国銀行にていよぎん証券の商品取り扱いを開始。提携各行でいよぎん証券の共同活用を促す為、2018年4月2日付で社名を「四国アライアンス証券株式会社」に変更したhttps:www.nikkei.comarticleDGXMZO2335055010112017LA0000「四国アライアンス証券」に社名変更　伊予銀子会社-日本経済新聞（2017年11月10日）、2017年11月11日閲覧。http:www.shikoku-alliance-sec.co.jppdf20171220.pdf商号変更に関するお知らせ。
7100,株式会社西日本シティ銀行と東海東京フィナンシャル・ホールディングス株式会社の共同出資により、2010年に九州初となる地銀の証券子会社として誕生した。西日本シティ銀行が西日本シティTT証券へ出資し同行の連結子会社とした上、同証券が東海東京証券福岡支店を承継し、営業を開始した。2016年10月には、西日本シティ銀行から同行の金融持株会社である西日本フィナンシャルホールディングスへ株式が譲渡され、西日本フィナンシャルホールディングスの子会社となった。
7100,{{main2|旧日興證券および日興コーディアルグループの概要については「日興コーディアルグループ」}}
7100,前身は前田証券で、2012年（平成24年）4月1日、福岡銀行の完全子会社に伴い'''ふくおか証券'''に商号変更した{{PDFlink|http:www.fukuoka-sec.co.jpinfopdfinfo_120402.pdf株式会社福岡銀行の完全子会社化および商号変更に関するお知らせ}}。本社は、ふくおかフィナンシャルグループの旧本社が所在した福岡銀行本店ビルに置く。全20店舗を展開する。
7100,"発足当初の本社は大阪市東区(大阪市)|東区本町であり、その後は大阪市中央区北浜にあった。コスモ証券の前身の株式会社野村商店（創業者・野村徳七）は、大和銀行の源流の一つでもあった為、一時期はりそな銀行と親密であった。経営危機に陥る前の1992年までは、日本生命保険|日本生命が株主筆頭だった。経営危機に陥った1993年に、顧客に利回り保証を行う「飛ばし」事件で経営危機（債務超過）に陥ったため、大和銀行の傘下となる。この問題で、証券取引等監視委員会はコスモ証券の経営破綻で明るみに出た別の「飛ばし」問題で行政処分を初勧告したhttp:www.otaru-uc.ac.jp~makiochp5anec3.htmわが国の証券取引等監視委員会の活動。この当時は、銀行・証券・生損保それぞれが縦割り行政の時代であり、銀行による証券会社の子会社化（またはその逆など）は認められていなかったが、当時の大蔵省が特例として、大和銀行がコスモ証券の発行済株式の過半数を取得して救済することを認めたため、倒産の危機を免れたgroup\""注釈\""その後の金融ビッグバンで垣根はなくなり、証券会社の多くが銀行の系列入り・子会社化され、「●●銀行グループ」、「●●（銀行名と同一）証券」と名乗っている。2004年3月26日から4月15日に行われたCSK（現：SCSK）による株式公開買い付け（TOB）に賛同し、同社が株式の50.0%を取得し、子会社となった。2008年8月1日には、CSKホールディングスとの間で株式交換を行いgroup\""注釈\""CSKは2005年10月から2010年9月まで純粋持株会社制を導入していたため、その間は社名をCSKホールディングスとしていた。、同社の完全子会社となった。その後、2010年4月に岩井証券の完全子会社となる。2012年5月1日に岩井証券(2代目法人)初代法人は、現在の岩井コスモホールディングスを吸収合併（存続社・コスモ証券）し、''''''岩井コスモ証券'''株式会社'''に商号変更したhttp:sankei.jp.msn.comeconomyfinance101126fnc1011260828004-n1.htm岩井証券とコスモ証券が合併へ　効率化で37億円削減MSN産経ニュース・2010年11月26日http:www.iwaicosmo.co.jpcorporategreetingご挨拶岩井コスモ証券。前身のコスモ証券と大輪会の中核企業・りそな銀行がともに野村財閥系であることから、大輪会の会員企業であるhttp:izumisano-kyuryo.jpdairinkai大輪会（だいりんかい）とは-http:izumisano-kyuryo.jp泉佐野丘陵緑地公式サイト内のページ。。"
7100,旧さくら銀行系の'''さくらフレンド証券'''と住友グループ及びパナソニックグループ|松下（現パナソニック）グループの証券会社である'''明光ナショナル証券'''が合併して誕生した。三井文庫の賛助会社http:www.mitsui-bunko.or.jpfoundationsupport.html公益財団法人三井文庫【賛助会社】であると同時に住友グループ広報委員会の会員会社http:www.sumitomo.gr.jpcommitteecompany.html住友グループ各社のご案内-住友グループ広報委員会であるが、ただ、三井財閥|三井系企業の多くは業界最大手の野村證券（戦前は野村財閥傘下だったが、戦後独立系となった）や極東証券とも親密で、SMBCフレンド証券は住友財閥|住友色が強い。近年では映画ファンド（北斗の拳）、高齢化社会関連ファンドなどをつくる等先進的な経営を行っている。2007年（平成19年）より一任勘定取引であるラップ口座（ファンドラップ）の取り扱いを開始した。また、三井住友銀行との提携も強化し、同行で行われている労働時間管理と生活バランスの見直しが行われることとなった。これまで、SMFGにおける証券事業は、ホールセール業務は大和証券グループ本社との提携によって生まれた大和証券SMBCが手がけ、リテール（小口）業務も大和証券と競合していたため、同社よりも相対的に零細な個人などを主体として営業する位置づけにとどまっていた。それが「フレンド」を冠する社名にも表れていた。しかし、2008年（平成20年）の世界金融危機(2007年-)|金融危機を受けて業績が悪化したシティグループが再建の一環で手放した日興コーディアル証券を三井住友フィナンシャルグループが傘下に収め、SMBC日興証券としたことに伴い大和証券グループとの提携を解消した（大和証券SMBCは大和証券グループ本社が完全子会社化し、大和証券キャピタル・マーケッツに変更）。これによって事業統合などを通じてSMBC日興証券との連携も強化された{{Citeweb|urlhttp:www.smbc-friend.co.jpcompanyrelease2009pdf20100330_01.pdf|title個人のお客さまに対する三井住友銀行と日興コーディアル証券及びSMBCフレンド証券との銀証協働事業について（SMBCフレンド証券プレスリリース）|formatPDF|language日本語|accessdate2009-5-29}}。2018年1月、SMFGのグループ再編の一環で、SMBC日興証券に吸収合併された。合併に先立つ2016年10月に、SMBC日興証券はSMFG直接の完全子会社となっている。この合併によってシステム統合や店舗の統廃合などで年100億円規模の経費削減効果も見込んでいると報じられている{{citenews|title三井住友FG、2証券を合併　アセットの子会社化も発表|author|agency|publisher日本経済新聞|date2016-05-12|urlhttp:www.nikkei.comarticleDGXLASGC12H1E_S6A510C1EE8000|accessdate2016-05-19}}{{citenews|title三井住友FG、指名委設置会社に移行　証券と運用会社を傘下に|author|agency|publisherロイター|date2016-05-12|urlhttp:jp.reuters.comarticlemjfg-idJPKCN0Y315L|accessdate2016-05-19}}。
7100,コスモ証券株式会社の完全子会社化を機に経営統合によるシナジー効果を発揮するため、持株会社化による組織再編を実施した。
7100,中小証券会社の一つであり、東京、名古屋、福岡、富山、三宮、岡山、広島に支店を置いていた。2007年にオーナーであった西田昭二と、代表取締役社長である西田昭博がレバレッジド・バイアウト(LBO)による事業譲渡。ニン・マイケル・チェンを取締役会長、吉田勝信を代表取締役社長においた。しかし、先物取引市場のマーケット縮小や他社との競争激化から取引高が低迷し、さらに個人投資家の市場離れから、金融商品取引法で定める自己資本規制比率を下回る状況となり、順次業務を廃止、移管していた。{{要出典範囲|破産に至った過程で取締役会長である、ニン・マイケル・チェンによる会社資産の私物化や、会長(マイケル)自らが行った株式派生商品の売買による損失、マイケル個人が経営に関与する会社に対して無理な融資を行い、タイコム証券に多大な損害を与える行為があったのではないかと言われている。|date2015年6月}}2009年12月25日、大阪地方裁判所に破産手続開始の申立てを行い、同日破産手続開始決定を受けた{{Citeweb|urlhttp:www.fsa.go.jpnews21syouken20091225-4.html|titleタイコム証券株式会社について|publisher金融庁|date2009-12-25|accessdate2015-6-20}}。債権者は600余名、負債総額は約24億円余http:www.tsr-net.co.jpnewsflash1195544_1588.htmlタイコム証券（株）|倒産速報（東京商工リサーチ）。
7100,1948年に'''日山証券株式会社'''として創業。1950年に「'''日本産業証券株式会社'''」、1965年に「'''日産証券株式会社'''」へ商号を変更する。2006年にセンチュリー証券（現・ライブスター証券株式会社）の営業の一部を統合し、「'''日産センチュリー証券株式会社'''」となった。2016年2月、日本ユニコム株式会社より商品先物取引対面部門及び付随事業を承継し、以前の商号であった「日産証券株式会社」へ商号を変更する。以前は春光グループの関連組織・春光懇話会に参加していた。創業以来、地域密着型営業を主軸として店舗網の拡大を行い、2011年1月には、時代の変化に対応するために商品先物取引所の参加者資格を取得し、グループ会社である日本ユニコム株式会社からインターネット商品先物取引事業を承継する。2012年4月にはトレイダーズ証券株式会社より日経225先物取引事業を承継、2012年8月にはエイチ・エス・フューチャーズ株式会社より商品先物オンライントレード事業を承継するなどM&Aにも積極的である。また、日本で唯一東京証券取引所・大阪取引所・東京金融取引所・東京商品取引所・大阪堂島商品取引所の5市場における取引参加者資格を持つ証券会社である。
7100,仮想通貨の売買、レバレッジ取引、送金などのサービスが利用できる。2016年10月、東京証券取引所|東証一部上場のGMOインターネット|GMOインターネット株式会社のグループ会社としてGMO-Z.comコイン株式会社が設立され、2017年8月9日、GMO-Z.comコイン株式会社からGMOコイン株式会社へと社名を変更する{{Citepressrelease|title「GMOコイン」へ社名・サービス名を変更|publisherGMOコイン株式会社|date2017-08-09|urlhttps:www.gmo.jpnewsarticle5762|accessdate2019-05-15}}。日本仮想通貨交換業協会に所属しており、代表取締役社長の石村富隆は同協会の理事に就任{{Citeweb|urlhttps:jvcea.or.jpabout|title協会概要|accessdate2019-05-15|publisher日本仮想通貨交換業協会}}。また、2018年6月に当時J3リーグ|J3のFC琉球と2018シーズンクラブパートナー契約を締結し{{Citepressrelease|title仮想通貨取引のGMOコイン、ビットコインを活用しJ3リーグFC琉球のスポンサーに！|publisherGMOコイン株式会社|date2018-06-20|urlhttps:www.gmo.jpnewsarticle6078|accessdate2019-05-15}}、千葉ロッテマリーンズのオフィシャルスポンサー契約を締結{{Citepressrelease|title仮想通貨取引のGMOコイン、プロ野球・千葉ロッテマリーンズのオフィシャルスポンサーに就任！|publisherGMOコイン株式会社|date2018-06-26|urlhttps:www.gmo.jpnewsarticle6083|accessdate2019-05-15}}。2019年はJ2リーグ|J2に昇格したFC琉球と2019シーズンオフィシャルトップパートナー契約を締結する{{Citepressrelease|titleオフィシャルトップパートナー決定のお知らせ|publisher琉球フットボールクラブ株式会社|date2019-01-18|urlhttp:fcryukyu.comnews15258|accessdate2019-05-15}}。
7100,*上場本部**上場審査部：上場希望会社に対する上場適格性を判断するための審査を実施**上場管理部：東証上場会社に対し、その情報開示に関する審査や上場適格性の判断を実施*コンプライアンス本部**考査部：東証において有価証券の売買取引資格を有する証券会社や銀行等の取引参加者の調査等を実施**売買審査部：証券市場の公正性・信頼性保護のため、インサイダー取引や相場操縦などの不公正取引のおそれのある取引等に関する詳細な調査活動を実施*総合管理室
7100,法人関連業務に強く「法人の山一」と言われ、多くの日本の大企業の幹事証券会社であった。企業グループとしては芙蓉グループと緊密な関係にあった。戦後の一時期まで日本最大の業績を持つ証券会社であったが1950年代から野村證券など他社に抜かれ、1965年（昭和40年）の日銀特融以降は廃業時まで「四大証券」の第4位であった。1997年（平成9年）に自主廃業して業務を停止したが、法人としての山一證券株式会社（旧社）は2005年（平成17年）に解散するまで存続した。現在の山一證券株式会社（新社）は法人としての連続性はないが、商標権を取得した元社員により再興されたものである（後述）。自主廃業するまでは、現在の東京証券取引所や名古屋証券取引所に株式を上場していた。
7100,ゴールドマン・サックスのゼネラルパートナーだった松本大(実業家)|松本大とソニーが設立したネット専業証券会社の'''マネックス証券株式会社'''（設立時は株式会社マネックス）と、日興コーディアルグループのネット専業証券会社の'''日興ビーンズ証券株式会社'''の2社が、2004年に持株会社のマネックスグループ|マネックス・ビーンズ・ホールディングス株式会社を設立し、同年8月2日に株式移転を行い経営統合する形で新たに発足した。2005年5月1日に、日興ビーンズ証券がマネックス証券を吸収合併し、マネックス・ビーンズ証券への商号変更を実施後、12月3日に消滅法人名であったマネックス証券株式会社に戻す（登記上は商号変更）。2010年にはオリックス証券を吸収合併した。さらに2013年にはソニーバンク証券を吸収合併している。なお、旧セゾン・旧日興ビーンズ・旧オリックス・旧ソニーバンクともに、マネックスとの事業統合後は初代マネックス証券（日興ビーンズ証券に吸収される前の法人）ベースのサービスに強制移行となる。2019年4月末、総合口座数182万口座を持つhttps:mst.monex.co.jpmstservletITSucuCompanyDisclosureMsGST開示情報　口座数・預り資産マネックス証券。;企業理念*徹底したコスト管理*ネットワーク時代を先取りした新しい金融インフラの構築*顧客を真の主役としたビジネスモデルの構築マネー・リザーブ・ファンド|MRFは、当初みずほ投信投資顧問|第一勧業アセットマネジメントを指定していたが、日興ビーンズ証券に吸収された時点で日興アセットマネジメントへ移行している。後に日興がSMBCグループとなり、それまでの親であるシティグループが継続して出資している状態となっているが、日興アセットマネジメントの採用については変更されていない。証券総合取引口座のマネー・リザーブ・ファンド|MRF資金の出し入れができる証券カードは、クレディセゾン発行のクレジットカード一体型の提携カード「マネックス≪セゾン≫カード」のみ発行している。利用は、セブン銀行・ゆうちょ銀行・クレディセゾンの各ATMで可能となっているが、セブン銀行以外での出金は利用手数料が発生する。同カードのクレジット利用代金の支払は証券総合取引口座のMRFの解約による自動引き落としに入会時は指定される。他金融機関口座への引き落としは入会後に所定の手続きを行えば可能である。カードを作る前に、信用取引口座や先物・オプション取引口座、くりっく株365口座などを開設すると、MRFが強制解約され預かり金口座になるため、新規申込が出来なくなる。既存会員は引き落とし口座を一般の他金融機関口座へ変更することで継続利用できる。
7100,"社案内｜企業・IR情報｜株のことならネット証券会社【カブドットコム】|発行済株式総数1億7611万2654株br（2014年3月31日現在）|純利益66億29百万円br（2014年3月期）|純資産422億40百万円br（2014年3月31日現在）|総資産7006億75百万円br（2014年3月31日現在）|従業員数113名br（2015年9月30日現在）group\""広報\""name\""outline\""|決算期3月31日|主要株主三菱UFJ証券ホールディングス50.1%br三菱東京UFJ銀行6.0%br（2015年4月1日現在）|主要子会社|関係する人物|外部リンク{{url|https:www.kabu.com}}|特記事項}}'''カブドットコム証券株式会社'''（カブドットコムしょうけん、{{lang-en-short|Kabu.comSecuritiesCo.Ltd.}}）は、三菱UFJフィナンシャル・グループのインターネット専業の証券会社。"
7100,日本の大手証券会社5社の1角である（'''大和証券'''、野村證券、みずほ証券、三菱UFJモルガン・スタンレー証券、SMBC日興証券）。'''旧・大和證券'''（初代）としては、1943年に藤本証券と日本信託銀行が合併(企業)|合併して設立。社名は当時の日銀総裁であった結城豊太郎が「相和して大きくなる」との願いを込め名づけた。旧住友銀行（現：三井住友銀行）との提携がなされていた際、法人業務に関して、相互に顧客を紹介したほか、共同出資によるホールセール証券会社である「大和証券SBキャピタルマーケッツ」（三井住友銀行発足時に「大和証券SMBC」へ社名変更）を設立し、一時は法人向け証券業務において、業界No.2の実績を誇ったこともあった三井住友フィナンシャルグループより、SMBCフレンド証券との合併が持ちかけられたが、大和側がこれを拒否した為に、個人部門は提携・統合が行われなかった。。しかし、2009年に三井住友フィナンシャルグループとの資本・業務提携が解消されたことで、法人向けの証券業務については、大和証券グループ単独出資による「大和証券キャピタル・マーケッツ」へ置き換えられることになった。2代目の法人としては、（初代）旧・大和證券（現・大和証券グループ本社）が持株会社化した際に、「大和証券リテール準備株式会社」として設立されたもので、1999年4月26日から個人向け取引の営業譲渡を受けると同時に、商号変更の上、リテール専門証券会社として営業したものである。　
7100,傘下に大和証券・大和投資信託委託・大和総研・大和企業投資などを持つ、日本では野村證券についで業界2位の証券グループの持株会社である。短資部門を中心に証券業を営んでいた'''藤本ビルブローカー銀行|藤本証券'''（藤本ビルブローカー）と大阪証券取引所（大証）の機関銀行だった'''日本信託銀行'''（戦後存在していた同社名の三菱UFJ信託銀行|信託銀行とは別）が1943年12月27日に合併して、（初代）旧「大和證券」が成立した。1999年4月、ホールセール（法人向け）証券業務を大和証券エスビーキャピタル・マーケッツ（後の大和証券キャピタル・マーケッツ）へ譲渡、同社営業開始。リテール（個人向け）証券業務を（2代目）大和証券へ譲渡、同社営業開始。（初代）大和證券はグループ会社の支配・管理を目的とする持株会社となり、'''大和証券グループ本社'''へと商号変更。持株会社解禁後、上場会社では初の純粋持株会社となった（なお、旧法人は'''「證券」'''、現法人は'''「証券」'''である。）。2007年12月、大和証券グループ本社の本社、（2代目）大和証券の本店、大和証券SMBC（当時）の本店を、東京駅八重洲口のグラントウキョウ　ノースタワーに移転した。2009年には、ネット銀行設立構想を打ち出し、2010年には、完全子会社の分割準備会社・大和ネットバンク設立準備株式会社を設立した。銀行免許取得後、2011年以降をめどに開業を目指しているとしていた。その後、2011年4月4日付で、金融庁による予備審査が通過したことに伴い、大和ネットバンク設立準備株式会社の商号を株式会社大和ネクスト銀行に改称した。大和ネクスト銀行は2011年4月12日に金融庁から銀行営業免許を取得http:www.nikkei.comnewscategoryarticleg96958A9C9381949EE3E0E291918DE3E0E2E6E0E2E3E3E2E2E2E2E2E2;atDGXZZO0195164008122009000000大和、銀行免許取得サービス開始は5月中旬日本経済新聞：2011年4月12日し、同年4月15日付で開業。その後同年5月13日より、実質的な同行のサービスを開始したhttp:www.daiwa-grp.jppress110404-a.cfm銀行営業免許の予備審査終了及び「株式会社大和ネクスト銀行」への商号変更について大和証券グループ本社：2011年4月4日https:news.mynavi.jpnews20110425019大和ネクスト銀行、5月13日にサービス開始マイコミジャーナル（2011年4月25日）。2012年4月1日、リテール証券業務を担当していた子会社の大和証券（2代目）が、同じく傘下のホールセール証券業務担当であった大和証券キャピタル・マーケッツを吸収合併し、リテール・ホールセールを一本化。りそな銀行の前身行の一つである大和銀行とは一切の関連を持たない。そのため1993年に当時の大和證券が信託銀行の子会社を設立した際には、大和銀行グループとの混同を避けるため商号を「大和インターナショナル信託銀行」とした。なお、大和インターナショナル信託銀行は2000年4月に住友信託銀行（現・三井住友信託銀行）に全株式が売却され、同年8月に同行に吸収合併されており現存しない。
7100,2006年6月12日設立。株式会社クレディセゾンの100％出資子会社であったが、2014年9月に日本郵便が40％を取得している。現在は投資信託の販売は自社で行なっており（直販）、販売会社に卸してはいない。現在は「セゾン・バンガード・グローバルバランスファンド」と「セゾン資産形成の達人ファンド」の2商品を運用、販売している。平成26年3月31日決算では累損10億円。営業開始以来、当期利益は連続赤字。http:www.saison-am.co.jppdfBSPL_H25.pdf　リッパーファンドアワードジャパン2016最優秀ファンド賞を受賞。　R&Iファンド大賞を3年連続受賞。
7100,ソフトバンク株式会社（現：ソフトバンクグループ|ソフトバンクグループ株式会社）の純粋持株会社移行に伴い、1999年4月にソフトバンクの管理本部55名を率いて中間持株会社として'''ソフトバンクテレコム販売|ソフトバンク・ファイナンス'''株式会社を設立（後にソフトバンクテレコム|ソフトバンクテレコム株式会社に吸収合併された）。傘下にインターネットを軸に金融関連事業を行う事業会社を数多く設立した。その後、事業再編等を行いながら傘下の企業を中核企業となるソフトバンク・インベストメントに集約することで、ソフトバンクの子会社としての体制から、'''ソフトバンク・ファイナンスグループ'''（現：SBIグループ）としての体制を作る。ソフトバンク・インベストメント株式会社は、ソフトバンク・ファイナンスの子会社として1999年7月8日に設立。翌2000年12月15日に大阪証券取引所ナスダック・ジャパン市場（現：ヘラクレス(有価証券市場)|大阪証券取引所ヘラクレス市場）に上場。2003年6月2日にイー・トレード株式会社との合併を行い、2005年7月1日に'''SBIホールディングス株式会社'''に商号を変更するとともに、SBIベンチャーズ株式会社（同時にソフトバンク・インベストメント株式会社に商号変更。その後、SBIインベストメント株式会社に商号変更）にファンド事業を移管することで、持株会社体制へと移行した。その後、順次ソフトバンクグループ保有分の株式の売却が行われ、2006年8月2日に全ての売却を完了。ソフトバンクグループからは独立したが、「https:stocks.finance.yahoo.co.jpstocksdetail?code8931105Aソフトバンク&SBIグループ株式ファンド」として共通の信託口が存在する。国内ネット証券最大手。月刊誌FACTAに対して損害賠償請求を行い勝訴した{{要出典|date2018年12月}}。
7100,1918年に松井房吉により、松井房吉商店として創業する。1931年に法人化し、株式会社松井商店を設立する。1947年に商号を松井證券株式会社とする（その後、2000年に松井証券株式会社に変更）。長らく一般的な中堅の証券会社であったが、2代目社長・松井武の婿養子となった松井道夫が1995年に3代目社長に就任すると、社内の反対もあったが大きく舵を切って、インターネット証券に参入し大きく成長。2001年8月には、インターネット取引専業の証券会社として、日本で初めて東証第1部に上場した。オンライン証券取引を専門に扱う業者としては、日本において最大手だった時代もあった。経営陣には、1997年に経営破綻した山一證券の幹部なども名を連ね、商品開発などで功績を挙げたが、現在では同社出身の役員は1名のみである。2018年3月末、総合口座数113万口座を持つhttps:www.matsui.co.jpcompanyirpdf2018_4_abs.pdf松井証券|口座数と口座開設年度別株式等売買代金比率。
7100,ネット取引と中国株取引に主力をおいた経営を行っている。1日の売買代金を元に手数料が決定される「1日定額プラン」を扱っている。
7100,主に海外投資と新規公開株式{{Citeweb|urlhttps:www.hs-sec.co.jplpipo_point|titleエイチ・エス証券IPOポイント|accessdate2018-12-03}}（IPO）、インターネット取引に特徴がある。外国債券{{Citeweb|urlhttps:www.hs-sec.co.jpbondindex.html|titleエイチ・エス証券外国債券|accessdate2018-12-03}}ではトルコやブラジル、メキシコ、オーストラリア、ロシアなどの新興国債券取扱いのほか、アメリカやカナダなどの先進国債券も取り扱っている。近年では、外国株式に注力しており、米国株式{{Citeweb|urlhttps:www.hs-sec.co.jpforeign_equityusd.htm|titleエイチ・エス証券米国株式|accessdate2018-08-16}}や中国株式{{Citeweb|urlhttps:www.hs-sec.co.jpforeign_equitychina.htm|titleエイチ・エス証券中国株式|accessdate2018-08-16}}、ロシア株式{{Citeweb|urlhttps:www.hs-sec.co.jpforeign_equityrussiaindex.htm|titleエイチ・エス証券ロシア株式|accessdate2018-08-16}}、インドネシア株式{{Citeweb|urlhttps:www.hs-sec.co.jpforeign_equityindonesia.htm|titleエイチ・エス証券インドネシア株式|accessdate2018-08-16}}、シンガポール株式{{Citeweb|urlhttps:www.hs-sec.co.jpforeign_equitysingapore.htm|titleエイチ・エス証券シンガポール株式|accessdate2018-08-16}}の取扱いがある。他にも投資信託のHSロボアドバイザー{{Citeweb|urlhttp:www.roboadsimulation.qri.jp11448|titleエイチ・エス証券HSロボアドバイザー|accessdate2018-12-03}}の導入や日経225先物、オプション取引なども取り扱っている。システム面では、スマートフォン用株式取引ツール「スマ株」、インターネットトレーディングツール「HSTraderPremiumⅡ」といった株式取引ツールを提供し、逆指値やIFD、OCOなど自動売買ツールを拡充している。取引形態としては、対面取引（本社を含め全国8店舗）・コールセンター取引・インターネット取引の3つのチャネルが用意されている。
7100,もともと野村銀行（旧大和銀行、現りそな銀行）の一部門であったため大和銀行との繋がりが想像されるが、旧三和銀行（後のUFJ銀行・現：三菱UFJ銀行）や日本生命保険|日本生命（同じく旧三和銀行との繋がりが強い）との繋がりが強く、旧東洋信託銀行（後のUFJ信託銀行・現：三菱UFJ信託銀行）は三和銀行、神戸銀行（現：三井住友銀行）と共に設立した会社であった。また、近年では、傘下の旧国際証券（後の三菱証券・現：三菱UFJモルガン・スタンレー証券|三菱UFJ証券ホールディングス）を証券部門の強化を目指していた旧三菱東京フィナンシャル・グループ（現：三菱UFJフィナンシャル・グループ）に売却したということもあった。さらには、現在は高島屋の完全子会社となっている東神開発の設立に高島屋のほかに日本生命や同社が合弁設立に関わったり、東洋情報システム（現：TIS(企業)|TIS）やみどり会など、三和グループ関係の共同事業へ参画することも多かった。世界金融危機で窮したリーマン・ブラザーズの買収に参加、シャドー・バンキング・システムを継承した。欧州事業は野村の収益源である。2017年3月から森田敏夫が代表執行役社長である。4月に元副社長の岩崎俊博を投資信託協会の会長として送り出した。9月の日本郵政株を、大和証券と共に、売却額1.3兆円の過半を引受けた。
7100,1910年（明治43年）、丸三多田岩吉商店として創業。創業者が友人の三人だったことから丸三という商号がつけられた。オンライントレード専用のソフトウェア「疾風（はやて）くん」には自動更新株価機能がある。1909年（明治42年）12月東京日本橋兜町|兜町で、それぞれ証券会社を営んでいた親友三人が各一万円ずつ出しあって新たな証券会社をスタートさせ、社名は資本金が三万円だったことにちなみ「丸三商店」とした。出資者、経営者も三人ずつだったことで「三」には縁の深いものがあった。設立の翌年から名称は、代表者の名前をとって「多田岩吉商店」に。その後「吉田政四郎商店」「長尾秀一商店」と変更されるも、屋号は丸三、店章は丸印の中に同じ長さの三本線が描かれたデザインが踏襲された。また、昭和31年から本格的な大学卒業者の採用を開始。同時に社章を作成。株主、経営者、社員の三者が一体だという意識を表す意味から「三重まる」とした。(出所:丸三証券ホームページ)
7100,株式会社十六銀行と東海東京フィナンシャル・ホールディングス株式会社の共同出資により、2019年に設立される。十六銀行が十六TT証券へ出資し同行の連結子会社とした上、同証券が東海東京証券の岐阜県内4店舗（岐阜支店、大垣支店、多治見支店、中津川営業所）を承継し、2019年6月3日に営業を開始{{Citeweb|urlhttps:www.juroku.co.jpreleasefiles20190327.pdf|title東海東京フィナンシャル・ホールディングス株式会社との合弁証券会社の連結子会社化について|accessdate2019年5月6日|publisher十六銀行|formatpdf}}。
