"3250","株式会社","388"
"3250","医薬品","363"
"3250","製薬","329"
"3250","会社","236"
"3250","本社","219"
"3250","月","206"
"3250","企業","137"
"3250","事業","137"
"3250","薬品","114"
"3250","メーカー","105"
"3250","製品","89"
"3250","子会社","87"
"3250","社名","78"
"3250","食品","78"
"3250","Co","69"
"3250","医療","69"
"3250","Ltd","64"
"3250","グループ","62"
"3250","商品","56"
"3250","工業","56"
"3250","工場","54"
"3250","同社","49"
"3250","ジェネリック","49"
"3250","www","48"
"3250","一般","46"
"3250","株式","43"
"3250","世界","40"
"3250","主力","40"
"3250","部門","39"
"3250","社長","39"
"3250","化学","38"
"3250","ヘルスケア","36"
"3250","研究所","35"
"3250","売上","34"
"3250","胃腸","34"
"3250","co","33"
"3250","ホールディングス","32"
"3250","当社","32"
"3250","Pharmaceutical","31"
"3250","医薬","31"
"3250","国内","31"
"3250","中心","31"
"3250","name","30"
"3250","概要","30"
"3250","CM","28"
"3250","取締役","27"
"3250","ベンチャー","26"
"3250","accessdate","26"
"3250","傘下","25"
"3250","法人","25"
"3250","名称","25"
"3250","英語","24"
"3250","date","24"
"3250","後発","23"
"3250","http","23"
"3250","バイオ","22"
"3250","時代","22"
"3250","製剤","22"
"3250","urlhttp","22"
"3250","title","22"
"3250","LTD","21"
"3250","publisher","21"
"3250","英文","19"
"3250","薬","19"
"3250","CO","18"
"3250","分社","18"
"3250","名","18"
"3250","漢方","18"
"3250","メルク","18"
"3250","テレビ","18"
"3250","資本","17"
"3250","分野","17"
"3250","テバ","17"
"3250","丸","17"
"3250","html","17"
"3250","Inc","16"
"3250","商号","16"
"3250","シェア","16"
"3250","膏","16"
"3250","pdf","16"
"3250","ファーマ","15"
"3250","動物","15"
"3250","合弁","15"
"3250","ブランド","15"
"3250","卸","15"
"3250","風邪","15"
"3250","スローガン","15"
"3250","トップ","15"
"3250","カプセル","15"
"3250","証券","14"
"3250","大衆","14"
"3250","大学","14"
"3250","コーポレート","14"
"3250","技術","14"
"3250","外用","14"
"3250","新薬","13"
"3250","機器","13"
"3250","ロゴ","13"
"3250","他社","13"
"3250","消炎","13"
"3250","A","13"
"3250","漢方薬","13"
"3250","栄養","13"
"3250","龍","13"
"3250","利益","13"
"3250","Pharma","12"
"3250","大手","12"
"3250","イチジク","12"
"3250","家庭","12"
"3250","処方箋","12"
"3250","ビタミン","12"
"3250","シリーズ","12"
"3250","親会社","12"
"3250","ドリンク","12"
"3250","薬局","12"
"3250","がん","11"
"3250","K","11"
"3250","前身","11"
"3250","専門","11"
"3250","一つ","11"
"3250","臨床","11"
"3250","鎮痛","11"
"3250","持株","11"
"3250","生薬","11"
"3250","のど","11"
"3250","知名度","11"
"3250","a","11"
"3250","業務","10"
"3250","最大","10"
"3250","両社","10"
"3250","体制","10"
"3250","眼科","10"
"3250","特","10"
"3250","基礎","10"
"3250","錠","10"
"3250","Merck","10"
"3250","工","10"
"3250","初代","10"
"3250","業界","10"
"3250","目的","10"
"3250","疾患","9"
"3250","PHARMACEUTICAL","9"
"3250","市場","9"
"3250","所在地","9"
"3250","科学","9"
"3250","地方","9"
"3250","商標","9"
"3250","全国","9"
"3250","奇","9"
"3250","ラジオ","9"
"3250","株主","9"
"3250","療用","9"
"3250","効果","9"
"3250","売り上げ","9"
"3250","領域","8"
"3250","本舗","8"
"3250","絆創膏","8"
"3250","所在","8"
"3250","目薬","8"
"3250","部外","8"
"3250","地域","8"
"3250","KGaA","8"
"3250","資産","8"
"3250","東","8"
"3250","保健","8"
"3250","飲料","8"
"3250","応丸","8"
"3250","citenews","8"
"3250","人物","8"
"3250","錠剤","8"
"3250","酒類","8"
"3250","癌","7"
"3250","アステラス","7"
"3250","アッヴィ","7"
"3250","多角","7"
"3250","項","7"
"3250","医師","7"
"3250","ほん","7"
"3250","キリン","7"
"3250","試薬","7"
"3250","支店","7"
"3250","HD","7"
"3250","株価","7"
"3250","メルク・アンド・カンパニー","7"
"3250","ビジネス","7"
"3250","救急","7"
"3250","教授","7"
"3250","帝","7"
"3250","飴","7"
"3250","軟膏","7"
"3250","美容","7"
"3250","免疫","7"
"3250","固形","7"
"3250","N","7"
"3250","S","7"
"3250","外部","7"
"3250","皮膚","7"
"3250","e","7"
"3250","本拠","6"
"3250","他","6"
"3250","ケア","6"
"3250","遺伝子","6"
"3250","D","6"
"3250","OTC","6"
"3250","カイゲンファーマ","6"
"3250","改","6"
"3250","メッセージ","6"
"3250","総額","6"
"3250","患者","6"
"3250","協会","6"
"3250","OEM","6"
"3250","用品","6"
"3250","医学","6"
"3250","ユース","6"
"3250","医家","6"
"3250","中堅","6"
"3250","特徴","6"
"3250","本店","6"
"3250","ロングセラー","6"
"3250","内容","6"
"3250","スポンサー","6"
"3250","仁丹","6"
"3250","雪","6"
"3250","理念","6"
"3250","胃散","6"
"3250","s","6"
"3250","C","6"
"3250","最大手","6"
"3250","水産","6"
"3250","RI","6"
"3250","番組","6"
"3250","中央","6"
"3250","P","6"
"3250","i","6"
"3250","機関","6"
"3250","事項","6"
"3250","コンシューマーヘルスケア","6"
"3250","合名","6"
"3250","戦略","6"
"3250","v","6"
"3250","時点","6"
"3250","酵","6"
"3250","湯","6"
"3250","Citepressrelease","6"
"3250","ランバクシー","6"
"3250","アサヒフードアンドヘルスケア","5"
"3250","サプリメント","5"
"3250","原料","5"
"3250","酸","5"
"3250","NYSE","5"
"3250","アボット・ラボラトリーズ","5"
"3250","カンパニー","5"
"3250","Corporation","5"
"3250","コード","5"
"3250","筆頭","5"
"3250","天堂","5"
"3250","デ・ウエスタン・セラピテクス","5"
"3250","テバ・ファーマシューティカル・インダストリーズ","5"
"3250","B","5"
"3250","輸液","5"
"3250","神経","5"
"3250","生物","5"
"3250","サロン","5"
"3250","貫","5"
"3250","野球","5"
"3250","基本","5"
"3250","星","5"
"3250","海外","5"
"3250","H","5"
"3250","エンザイム","5"
"3250","ソング","5"
"3250","ニプロ","5"
"3250","本部","5"
"3250","力","5"
"3250","てんかん","5"
"3250","鼻炎","5"
"3250","本草","5"
"3250","強壮","5"
"3250","県内","5"
"3250","nikkei","5"
"3250","都市","5"
"3250","テバファーマ","5"
"3250","会長","5"
"3250","元","5"
"3250","基盤","5"
"3250","滋養","5"
"3250","株","5"
"3250","形","5"
"3250","責任","5"
"3250","外科","5"
"3250","産業","5"
"3250","en","5"
"3250","各社","5"
"3250","新聞","5"
"3250","朝刊","5"
"3250","o","5"
"3250","地区","5"
"3250","ニーズ","5"
"3250","歴史","5"
"3250","血清","5"
"3250","中将","5"
"3250","パッケージ","5"
"3250","一族","5"
"3250","formatPDF","5"
"3250","taisho","5"
"3250","オリンピック","5"
"3250","citepressrelease","5"
"3250","E","5"
"3250","胃","5"
"3250","ECI","4"
"3250","細胞","4"
"3250","医科","4"
"3250","UMN","4"
"3250","抗体","4"
"3250","長期","4"
"3250","アラクス","4"
"3250","アルフレッサ","4"
"3250","アロエ","4"
"3250","アンジェス","4"
"3250","and","4"
"3250","国際","4"
"3250","かぜ","4"
"3250","衛生","4"
"3250","販売元","4"
"3250","キョーリン","4"
"3250","一員","4"
"3250","キリンファーマ","4"
"3250","クラシエ","4"
"3250","Industries","4"
"3250","Limited","4"
"3250","ランキング","4"
"3250","しん","4"
"3250","強み","4"
"3250","ワクチン","4"
"3250","輸出入","4"
"3250","ノバルティス","4"
"3250","社員","4"
"3250","痔","4"
"3250","ピップ","4"
"3250","ビル","4"
"3250","ベルマン","4"
"3250","菌","4"
"3250","病院","4"
"3250","テイコクメディックス","4"
"3250","直販","4"
"3250","販社","4"
"3250","ルート","4"
"3250","成分","4"
"3250","共和","4"
"3250","ケミカル","4"
"3250","埼京","4"
"3250","糖尿","4"
"3250","ドラッグストア","4"
"3250","人","4"
"3250","トイレタリー","4"
"3250","名前","4"
"3250","模範","4"
"3250","中外","4"
"3250","品目","4"
"3250","天","4"
"3250","藤","4"
"3250","東洋","4"
"3250","腫瘍","4"
"3250","たけ","4"
"3250","鎮咳","4"
"3250","去痰","4"
"3250","機","4"
"3250","徳","4"
"3250","プライベートブランド","4"
"3250","地盤","4"
"3250","人々","4"
"3250","拠点","4"
"3250","沿革","4"
"3250","u","4"
"3250","I","4"
"3250","language","4"
"3250","日本語","4"
"3250","薬事","4"
"3250","PDFlink","4"
"3250","発行済","4"
"3250","総数","4"
"3250","純資産","4"
"3250","売薬","4"
"3250","新規","4"
"3250","人参","4"
"3250","マン","4"
"3250","社会","4"
"3250","栄養剤","4"
"3250","譲受","4"
"3250","コマーシャル","4"
"3250","写真","4"
"3250","能力","4"
"3250","効能","4"
"3250","パイプライン","4"
"3250","リスク","4"
"3250","同業","4"
"3250","取扱","4"
"3250","agency","4"
"3250","個人","4"
"3250","順","4"
"3250","止め","4"
"3250","店舗","4"
"3250","ドル","4"
"3250","l","4"
"3250","痔疾","4"
"3250","https","4"
"3250","比率","4"
"3250","大会","4"
"3250","urlhttps","4"
"3250","単独","4"
"3250","バイエル","4"
"3250","p","4"
"3250","DS","4"
"3250","ゼファーマ","4"
"3250","成果","3"
"3250","セントレックス","3"
"3250","Seika","3"
"3250","ファルマ","3"
"3250","植物","3"
"3250","HEALTHCARE","3"
"3250","アサヒグループホールディングス","3"
"3250","エキス","3"
"3250","泉","3"
"3250","アストラゼネカ","3"
"3250","ICI","3"
"3250","アストラ","3"
"3250","アスビオファーマ","3"
"3250","起源","3"
"3250","本格","3"
"3250","アドメテック","3"
"3250","MG","3"
"3250","医学部","3"
"3250","エイジングケア","3"
"3250","Company","3"
"3250","インターナショナル","3"
"3250","International","3"
"3250","うどん","3"
"3250","くすり","3"
"3250","動脈","3"
"3250","材料","3"
"3250","略","3"
"3250","エール","3"
"3250","房","3"
"3250","老舗","3"
"3250","エフ・ホフマン・ラ・ロシュ","3"
"3250","オンコセラピー・サイエンス","3"
"3250","感冒","3"
"3250","Laboratories","3"
"3250","バイオテクノロジー","3"
"3250","サン・ファーマ","3"
"3250","inc","3"
"3250","エンド","3"
"3250","ゼネル","3"
"3250","除虫菊","3"
"3250","博士","3"
"3250","ホン","3"
"3250","ノーベルファーマ","3"
"3250","世界中","3"
"3250","乳酸菌","3"
"3250","だい","3"
"3250","銘柄","3"
"3250","ワダカルシウム","3"
"3250","マイラン","3"
"3250","看板","3"
"3250","大戦","3"
"3250","国","3"
"3250","Sharp","3"
"3250","Dohme","3"
"3250","ランバクシー・ラボラトリーズ","3"
"3250","とせい","3"
"3250","親戚","3"
"3250","がく","3"
"3250","血","3"
"3250","南","3"
"3250","取り扱い","3"
"3250","松","3"
"3250","相談役","3"
"3250","販路","3"
"3250","鵬","3"
"3250","飼料","3"
"3250","ぜん","3"
"3250","メディカル","3"
"3250","クリティケア","3"
"3250","ベース","3"
"3250","カルシウム","3"
"3250","品質","3"
"3250","情報","3"
"3250","清涼飲料水","3"
"3250","言葉","3"
"3250","ウサギ","3"
"3250","國","3"
"3250","冠","3"
"3250","ふく","3"
"3250","絹","3"
"3250","食料","3"
"3250","委員","3"
"3250","丹","3"
"3250","たん","3"
"3250","草","3"
"3250","酵素","3"
"3250","ニプロファーマ","3"
"3250","メジフィジックス","3"
"3250","歯科","3"
"3250","臓器","3"
"3250","業者","3"
"3250","民事","3"
"3250","ソフト","3"
"3250","北","3"
"3250","アムスライフサイエンス","3"
"3250","万有","3"
"3250","シェリング・プラウ","3"
"3250","クレジット","3"
"3250","学校","3"
"3250","日刊","3"
"3250","k","3"
"3250","n","3"
"3250","h","3"
"3250","rmaceuticalCompanyLimited","3"
"3250","teva","3"
"3250","com","3"
"3250","各種","3"
"3250","字","3"
"3250","頭痛","3"
"3250","かゆみ","3"
"3250","療法","3"
"3250","スキン","3"
"3250","お客様","3"
"3250","両面","3"
"3250","母体","3"
"3250","人間","3"
"3250","生命","3"
"3250","Citeweb","3"
"3250","範囲","3"
"3250","粉末","3"
"3250","資源","3"
"3250","薬店","3"
"3250","薬剤","3"
"3250","歩み","3"
"3250","ゴスペル","3"
"3250","商店","3"
"3250","リウマチ","3"
"3250","ノー","3"
"3250","中間","3"
"3250","b","3"
"3250","小児","3"
"3250","ビオフェルミン","3"
"3250","jp","3"
"3250","マイル","3"
"3250","ストーン","3"
"3250","システム","3"
"3250","医","3"
"3250","後期","3"
"3250","センター","3"
"3250","長男","3"
"3250","屋号","3"
"3250","員数","3"
"3250","外交","3"
"3250","文化","3"
"3250","w","3"
"3250","散剤","3"
"3250","報酬","3"
"3250","リーグ","3"
"3250","微生物","3"
"3250","郎","3"
"3250","焼酎","3"
"3250","タイプ","3"
"3250","マスコットキャラクター","3"
"3250","仁","3"
"3250","リン","3"
"3250","jpcompanyrelease","3"
"3250","citeweb","3"
"3250","daiichisankyo","3"
"3250","最高","3"
"3250","潰瘍","3"
"3250","役員","3"
"3250","同族","3"
"3250","データ","3"
"3250","期間","3"
"3250","ラインナップ","3"
"3250","サウンド","3"
"3250","ワシ","3"
"3250","アイデンティティ","3"
"3250","乳がん","3"
"3250","敗血症","3"
"3250","ライ","3"
"3250","フィックス","3"
"3250","ムヒ","3"
"3250","ヒト","2"
"3250","炎症","2"
"3250","もと","2"
"3250","有価","2"
"3250","JCR","2"
"3250","Meiji","2"
"3250","ゼネカ","2"
"3250","支社","2"
"3250","アダプトゲン","2"
"3250","JAPAN","2"
"3250","新興","2"
"3250","アルコン","2"
"3250","ノバルティスグループ","2"
"3250","アンファー","2"
"3250","薬用","2"
"3250","イーライリリー・アンド・カンパニー","2"
"3250","イオナ","2"
"3250","イオン","2"
"3250","風","2"
"3250","一夜","2"
"3250","ヒューマン","2"
"3250","赤","2"
"3250","青","2"
"3250","Hoffmann","2"
"3250","Roche","2"
"3250","エムジーファーマ","2"
"3250","シエーリング","2"
"3250","カルナバイオサイエンス","2"
"3250","キョーリンリメディオ","2"
"3250","サノフィ","2"
"3250","サンノーバ","2"
"3250","規模","2"
"3250","ロシュ","2"
"3250","シプラ","2"
"3250","経済","2"
"3250","コンドロイチン","2"
"3250","ゼリア","2"
"3250","殺虫","2"
"3250","ダン","2"
"3250","鳥","2"
"3250","チベン","2"
"3250","Teva","2"
"3250","Japan","2"
"3250","繊維","2"
"3250","狭心症","2"
"3250","テープ","2"
"3250","柱","2"
"3250","ドクター","2"
"3250","Yakuhin","2"
"3250","ハクゾウメディカル","2"
"3250","ハクゾウメディカルテクノス","2"
"3250","Seiyaku","2"
"3250","ヒサヤ","2"
"3250","ぢ","2"
"3250","ダウ","2"
"3250","グランド","2"
"3250","ピップグループ","2"
"3250","HOLDINGS","2"
"3250","ペプチドリーム","2"
"3250","産学","2"
"3250","ホスピーラ・ジャパン","2"
"3250","マルホ","2"
"3250","腸","2"
"3250","建物","2"
"3250","メビオファーム","2"
"3250","同国","2"
"3250","Emanuel","2"
"3250","Darmstadt","2"
"3250","MSD","2"
"3250","メルクセローノ","2"
"3250","Serono","2"
"3250","セローノ","2"
"3250","ヤクハン","2"
"3250","団地","2"
"3250","クリーム","2"
"3250","ラクオリア","2"
"3250","リバテープ","2"
"3250","リボミック","2"
"3250","慶長","2"
"3250","大腸","2"
"3250","DNA","2"
"3250","官","2"
"3250","公立","2"
"3250","地場","2"
"3250","府下","2"
"3250","西","2"
"3250","様式","2"
"3250","ニュータウン","2"
"3250","用地","2"
"3250","虎","2"
"3250","精","2"
"3250","鶴","2"
"3250","多種","2"
"3250","黎明","2"
"3250","切替","2"
"3250","考え","2"
"3250","謝辞","2"
"3250","上記","2"
"3250","経緯","2"
"3250","おの","2"
"3250","分銅","2"
"3250","皆様","2"
"3250","心","2"
"3250","関節","2"
"3250","農薬","2"
"3250","肝油","2"
"3250","甘味","2"
"3250","金冠","2"
"3250","現代","2"
"3250","猫","2"
"3250","真珠","2"
"3250","皇漢","2"
"3250","キャッチフレーズ","2"
"3250","PR","2"
"3250","穂","2"
"3250","カタカナ","2"
"3250","中核","2"
"3250","女性","2"
"3250","ABC","2"
"3250","品","2"
"3250","光","2"
"3250","和漢","2"
"3250","ひと","2"
"3250","もち","2"
"3250","セクター","2"
"3250","寿","2"
"3250","こ","2"
"3250","出身","2"
"3250","同名","2"
"3250","効きめ","2"
"3250","大協","2"
"3250","たい","2"
"3250","市内","2"
"3250","事務所","2"
"3250","ょうせいやく","2"
"3250","倉庫","2"
"3250","横綱","2"
"3250","荘","2"
"3250","逍遙","2"
"3250","遊篇","2"
"3250","一説","2"
"3250","たいよう","2"
"3250","エスファ","2"
"3250","主成分","2"
"3250","PRODUCTS","2"
"3250","あま","2"
"3250","戦中","2"
"3250","浴用","2"
"3250","ハップ","2"
"3250","骨髄腫","2"
"3250","NIHON","2"
"3250","泌尿器","2"
"3250","リーディング","2"
"3250","芳香","2"
"3250","水虫","2"
"3250","陽","2"
"3250","瑞","2"
"3250","GMP","2"
"3250","CEO","2"
"3250","オール","2"
"3250","人気","2"
"3250","経常","2"
"3250","咳","2"
"3250","無料","2"
"3250","ローカル","2"
"3250","スポーツ","2"
"3250","記事","2"
"3250","ケース","2"
"3250","問屋","2"
"3250","脳神経","2"
"3250","心臓","2"
"3250","天保","2"
"3250","県民","2"
"3250","鏡石","2"
"3250","msup","2"
"3250","敷地","2"
"3250","被害","2"
"3250","状態","2"
"3250","kokomail","2"
"3250","mapfan","2"
"3250","comreceivew","2"
"3250","cgi","2"
"3250","MAPE","2"
"3250","ZM","2"
"3250","CIR","2"
"3250","地図","2"
"3250","プラスチック","2"
"3250","ボトル","2"
"3250","全面","2"
"3250","takeda","2"
"3250","顆粒","2"
"3250","生家","2"
"3250","桜","2"
"3250","内服薬","2"
"3250","適応症","2"
"3250","やけ","2"
"3250","治験","2"
"3250","包","2"
"3250","アリナミン","2"
"3250","製造元","2"
"3250","シンボルマーク","2"
"3250","ザ・ヒットパレード","2"
"3250","系列","2"
"3250","理","2"
"3250","プロ","2"
"3250","使命","2"
"3250","笑顔","2"
"3250","精神","2"
"3250","夢","2"
"3250","jpnews","2"
"3250","モデル","2"
"3250","オルガノン","2"
"3250","神話","2"
"3250","家伝","2"
"3250","国民","2"
"3250","author","2"
"3250","プラセンタ","2"
"3250","帝国","2"
"3250","産婦人科","2"
"3250","近代","2"
"3250","ファイル","2"
"3250","x","2"
"3250","jpg","2"
"3250","外観","2"
"3250","未知","2"
"3250","物質","2"
"3250","ビタエックス","2"
"3250","一体","2"
"3250","地球","2"
"3250","歌","2"
"3250","出典","2"
"3250","種類","2"
"3250","多岐","2"
"3250","伝統","2"
"3250","助","2"
"3250","jpjp","2"
"3250","Lang","2"
"3250","short","2"
"3250","オリジナル","2"
"3250","名義","2"
"3250","バージョン","2"
"3250","苗字","2"
"3250","流れ","2"
"3250","有機","2"
"3250","日報","2"
"3250","de","2"
"3250","AlfredNobel","2"
"3250","mperialChemicalIndustries","2"
"3250","アンメットニーズ","2"
"3250","c","2"
"3250","ブーム","2"
"3250","時価","2"
"3250","赤字","2"
"3250","収益","2"
"3250","高周波","2"
"3250","ネットワーク","2"
"3250","コム","2"
"3250","雑貨","2"
"3250","膜","2"
"3250","水","2"
"3250","プラント","2"
"3250","ホームページ","2"
"3250","初期","2"
"3250","地位","2"
"3250","ライバル","2"
"3250","元年","2"
"3250","eir","2"
"3250","parts","2"
"3250","netv","2"
"3250","ContentsView","2"
"3250","aspx","2"
"3250","cattdnet","2"
"3250","sid","2"
"3250","高齢","2"
"3250","物流","2"
"3250","薬種","2"
"3250","風呂","2"
"3250","桶","2"
"3250","商会","2"
"3250","ハウス","2"
"3250","痛み","2"
"3250","通り","2"
"3250","塗り薬","2"
"3250","ベビー","2"
"3250","神社","2"
"3250","行者","2"
"3250","br","2"
"3250","過半数","2"
"3250","comarticleDGXNASDD","2"
"3250","TJ","2"
"3250","精力","2"
"3250","コア","2"
"3250","組み換え","2"
"3250","重点","2"
"3250","kHz","2"
"3250","銀","2"
"3250","ヒップ","2"
"3250","民放","2"
"3250","秘薬","2"
"3250","利","2"
"3250","コアラ","2"
"3250","インターネット","2"
"3250","fy","2"
"3250","ホスピーラ","2"
"3250","元々","2"
"3250","メディテック","2"
"3250","有罪","2"
"3250","汚職","2"
"3250","ミレニアム","2"
"3250","肌","2"
"3250","キヨーレオピン","2"
"3250","ハンドボール","2"
"3250","眼","2"
"3250","アセトン","2"
"3250","ブタノール","2"
"3250","イソオクタン","2"
"3250","眠り","2"
"3250","フーズ","2"
"3250","フードスペシャリティーズ","2"
"3250","実績","2"
"3250","銀行","2"
"3250","硬式","2"
"3250","軽便","2"
"3250","素","2"
"3250","細菌","2"
"3250","有限","2"
"3250","公司","2"
"3250","イノベーション","2"
"3250","PDF","2"
"3250","ローマ字","2"
"3250","ダイドードリンコ","2"
"3250","相互","2"
"3250","方針","2"
"3250","ポーラフーズ","2"
"3250","権利","2"
"3250","マーケティング","2"
"3250","colorofeast","2"
"3250","comNews","2"
"3250","UpdatesIndian","2"
"3250","BioPharmaceuticals","2"
"3250","Companies","2"
"3250","Ranking","2"
"3250","sherColorofeastConsulting","2"
"3250","サイト","2"
"3250","jpnewsdetail","2"
"3250","兄弟","2"
"3250","目標","2"
"3250","LaRoche","2"
"3250","pr","2"
"3250","ライオン","2"
"3250","順位","2"
"3250","痛風","2"
"3250","ハウスウェルネスフーズ","2"
"3250","クリストフ・ウェバー","2"
"3250","社外","2"
"3250","幹部","2"
"3250","日本人","2"
"3250","腎","2"
"3250","PTP","2"
"3250","シート","2"
"3250","GS","2"
"3250","バー","2"
"3250","方法","2"
"3250","同一","2"
"3250","一連","2"
"3250","カテゴリ","2"
"3250","アーカイブ","2"
"3250","秋","2"
"3250","鷲","2"
"3250","借入金","2"
"3250","息子","2"
"3250","最後","2"
"3250","DX","2"
"3250","扶桑","2"
"3250","舌","2"
"3250","メンソレータム","2"
"3250","CI","2"
"3250","神","2"
"3250","子供","2"
"3250","オタネニンジン","2"
"3250","thumb","2"
"3250","故人","2"
"3250","チョコレート","2"
"3250","コーラ","2"
"3250","セルベックス","2"
"3250","年齢","2"
"3250","ハイ","2"
"3250","定款","2"
"3250","eisai","2"
"3250","jpnewsnews","2"
"3250","エリトラン","2"
"3250","男","2"
"3250","ユンケル","2"
"3250","キップ","2"
"3250","家督","2"
"3250","三男","2"
"3250","食","2"
"3250","胸","2"
"3250","無比","2"
"3250","アンパン","2"
"3250","フォント","2"
"3250","基準","1"
"3250","農業","1"
"3250","FOOD","1"
"3250","酵母","1"
"3250","ASKA","1"
"3250","plc","1"
"3250","上皮","1"
"3250","因子","1"
"3250","副作用","1"
"3250","ゲフィチニブ","1"
"3250","ガイドライン","1"
"3250","イレッサ","1"
"3250","現地","1"
"3250","グランフロント","1"
"3250","トラスト","1"
"3250","本館","1"
"3250","アイ・シー・アイファーマ","1"
"3250","・アステラス","1"
"3250","ヒアルロン","1"
"3250","GK","1"
"3250","AbbVie","1"
"3250","ABBV","1"
"3250","ラボラトリーズ","1"
"3250","あど","1"
"3250","エスタブリッシュ","1"
"3250","軸","1"
"3250","アルコン・インコーポレーテッド","1"
"3250","ヒューネンベルク","1"
"3250","コンタクトレンズ","1"
"3250","レンズ","1"
"3250","フォートワース","1"
"3250","アイケア","1"
"3250","ALCON","1"
"3250","Alfresa","1"
"3250","助教授","1"
"3250","基","1"
"3250","ファー","1"
"3250","Lilly","1"
"3250","IONA","1"
"3250","品等","1"
"3250","いち","1"
"3250","ょうふうどう","1"
"3250","Care","1"
"3250","hhc","1"
"3250","直筆","1"
"3250","静脈","1"
"3250","具体","1"
"3250","SSP","1"
"3250","ベーリンガーインゲルハイム","1"
"3250","La","1"
"3250","なじみ","1"
"3250","からだ","1"
"3250","KAINOS","1"
"3250","ドムスヤトロン","1"
"3250","Carna","1"
"3250","Biosciences","1"
"3250","Kracie","1"
"3250","クラシエホールディングス","1"
"3250","SAN","1"
"3250","サンド","1"
"3250","Sandoz","1"
"3250","ノバルティスホールディングジャパン","1"
"3250","Genentech","1"
"3250","パイオニア","1"
"3250","アムジェン","1"
"3250","国外","1"
"3250","途上","1"
"3250","HIV","1"
"3250","陽性","1"
"3250","コスト","1"
"3250","ニューブランズウィック","1"
"3250","国籍","1"
"3250","洗剤","1"
"3250","契機","1"
"3250","しみ","1"
"3250","斑","1"
"3250","Tsumura","1"
"3250","スペース","1"
"3250","WESTERN","1"
"3250","THERAPEUTICS","1"
"3250","INSTITUTE","1"
"3250","INC","1"
"3250","テバファーマスーティカル・インダストリーズ","1"
"3250","ペタク・チクヴァ","1"
"3250","シュロモ・ヤナイ","1"
"3250","足がかり","1"
"3250","SEIKEN","1"
"3250","草創","1"
"3250","蚕","1"
"3250","蛹","1"
"3250","経","1"
"3250","アイトロール","1"
"3250","ミオコールスプレー","1"
"3250","Program","1"
"3250","トリニティーライン","1"
"3250","トクホン","1"
"3250","プラスター","1"
"3250","疾病","1"
"3250","AG","1"
"3250","本拠地","1"
"3250","ノバルティスファーマ","1"
"3250","Bayer","1"
"3250","インク","1"
"3250","郊外","1"
"3250","ディアフィールド","1"
"3250","米ドル","1"
"3250","Biofermin","1"
"3250","磁気","1"
"3250","ピップフジモト","1"
"3250","・ピップ","1"
"3250","首都","1"
"3250","同地","1"
"3250","セントラル","1"
"3250","ミッドタウン","1"
"3250","東部","1"
"3250","和文","1"
"3250","外資","1"
"3250","Mylan","1"
"3250","NASDAQ","1"
"3250","ラン","1"
"3250","酪酸","1"
"3250","整腸剤","1"
"3250","球場","1"
"3250","一塁","1"
"3250","内野","1"
"3250","中段","1"
"3250","屋上","1"
"3250","新幹線","1"
"3250","崖","1"
"3250","冶","1"
"3250","価格","1"
"3250","条件","1"
"3250","初日","1"
"3250","気配","1"
"3250","初値","1"
"3250","直前","1"
"3250","ぃ","1"
"3250","不妊症","1"
"3250","変性","1"
"3250","キン","1"
"3250","瑞穂","1"
"3250","虫薬","1"
"3250","RaQualia","1"
"3250","グルガーオン","1"
"3250","ファウンダー","1"
"3250","Calcium","1"
"3250","いが","1"
"3250","くせ","1"
"3250","ぶつ","1"
"3250","Medical","1"
"3250","Biological","1"
"3250","ゅうめいがん","1"
"3250","お抱え","1"
"3250","戦国","1"
"3250","けんか","1"
"3250","Chemical","1"
"3250","便","1"
"3250","潜","1"
"3250","LAMP","1"
"3250","SHIONOGI","1"
"3250","天秤","1"
"3250","くだ","1"
"3250","かや","1"
"3250","ルーツ","1"
"3250","一角","1"
"3250","ドロップ","1"
"3250","甘草","1"
"3250","Hisamitsu","1"
"3250","ゅうしんせいやく","1"
"3250","強心剤","1"
"3250","セラメディカル","1"
"3250","ょうりつせいやく","1"
"3250","ペット","1"
"3250","家畜","1"
"3250","KYOWA","1"
"3250","CritiCare","1"
"3250","ょうわやくひんこうぎょう","1"
"3250","TEVA","1"
"3250","KOWA","1"
"3250","PHARMA","1"
"3250","きん","1"
"3250","キンカン","1"
"3250","古代","1"
"3250","王冠","1"
"3250","げん","1"
"3250","犬","1"
"3250","ミキモトコスメティックス","1"
"3250","たか","1"
"3250","アルファベット","1"
"3250","TAKATA","1"
"3250","文字","1"
"3250","ライセンス","1"
"3250","Sato","1"
"3250","sato","1"
"3250","YAKUHIN","1"
"3250","KOGYO","1"
"3250","軟式","1"
"3250","さいし","1"
"3250","ゅんかんせいやくしょ","1"
"3250","白","1"
"3250","最古","1"
"3250","蒲","1"
"3250","ょうとうわやくひん","1"
"3250","SAIKYO","1"
"3250","TOWA","1"
"3250","MEDICINE","1"
"3250","商社","1"
"3250","命","1"
"3250","母","1"
"3250","おやじ","1"
"3250","バンザイ","1"
"3250","KTV","1"
"3250","娘","1"
"3250","恋","1"
"3250","トリプル","1"
"3250","チャンス","1"
"3250","さくら","1"
"3250","複方","1"
"3250","毒","1"
"3250","掃丸","1"
"3250","MOCHIDA","1"
"3250","県","1"
"3250","づ","1"
"3250","景勝","1"
"3250","香","1"
"3250","落渓","1"
"3250","岩","1"
"3250","じんた","1"
"3250","Jintan","1"
"3250","会員","1"
"3250","人生","1"
"3250","りく","1"
"3250","Morikubo","1"
"3250","Seikagaku","1"
"3250","ゆき","1"
"3250","Honten","1"
"3250","ゅせいやく","1"
"3250","SENJU","1"
"3250","耳鼻","1"
"3250","ASADAAME","1"
"3250","Kogyo","1"
"3250","ジキニン","1"
"3250","リコリス","1"
"3250","Isan","1"
"3250","いき","1"
"3250","ょうやくひんこうぎょう","1"
"3250","Taisho","1"
"3250","炭酸","1"
"3250","スポーツドリンク","1"
"3250","域","1"
"3250","ょう","1"
"3250","Factory","1"
"3250","Sumitomo","1"
"3250","Dainippon","1"
"3250","覚醒剤","1"
"3250","ヒロポン","1"
"3250","部分","1"
"3250","Phamaceutical","1"
"3250","大相撲","1"
"3250","四股","1"
"3250","番号","1"
"3250","語呂合わせ","1"
"3250","チオビタドリンク","1"
"3250","ょうえすふぁ","1"
"3250","業種","1"
"3250","ぺいせいやく","1"
"3250","暮らし","1"
"3250","ゅうがいいやくせいさん","1"
"3250","Iyaku","1"
"3250","Seisan","1"
"3250","ゅうがいせいやく","1"
"3250","ゅうきょういやくひん","1"
"3250","Chukyoiyakuhin","1"
"3250","なか","1"
"3250","ょうせいどうせいやく","1"
"3250","ふもと","1"
"3250","薬草","1"
"3250","キハダ","1"
"3250","御岳","1"
"3250","Torii","1"
"3250","つる","1"
"3250","主体","1"
"3250","てい","1"
"3250","市","1"
"3250","AMATO","1"
"3250","Amano","1"
"3250","Enzyme","1"
"3250","びしせいやく","1"
"3250","Mitsubishi","1"
"3250","Tanabe","1"
"3250","UFJ","1"
"3250","TOYO","1"
"3250","CAPSULE","1"
"3250","ODM","1"
"3250","社是","1"
"3250","誠心","1"
"3250","誠意","1"
"3250","yakuhin","1"
"3250","ケロリン","1"
"3250","美顔","1"
"3250","教室","1"
"3250","Nissin","1"
"3250","ケミファ","1"
"3250","GENERIC","1"
"3250","Nihon","1"
"3250","Medi","1"
"3250","Physics","1"
"3250","医用","1"
"3250","Nippon","1"
"3250","Shinyaku","1"
"3250","血液","1"
"3250","核酸","1"
"3250","ZENOAQ","1"
"3250","愛称","1"
"3250","Zoki","1"
"3250","ltd","1"
"3250","TENGANYAKU","1"
"3250","KENKYUSYO","1"
"3250","大字","1"
"3250","町内","1"
"3250","地裁","1"
"3250","負債","1"
"3250","幼児","1"
"3250","CHEMICAL","1"
"3250","Toyama","1"
"3250","Kobayashi","1"
"3250","フイルムアールアイファーマ","1"
"3250","Fuji","1"
"3250","Takeda","1"
"3250","Medicine","1"
"3250","Manufacturing","1"
"3250","デクカプセル","1"
"3250","きた","1"
"3250","KITANIHON","1"
"3250","後継","1"
"3250","きゅう","1"
"3250","ぞう","1"
"3250","Honzo","1"
"3250","AFC","1"
"3250","BANKYO","1"
"3250","めん","1"
"3250","め","1"
"3250","ぐろけんきゅうじょ","1"
"3250","害虫","1"
"3250","わく","1"
"3250","lnd","1"
"3250","Yoshindo","1"
"3250","りゅう","1"
"3250","Ryukakusan","1"
"3250","両者","1"
"3250","洞","1"
"3250","付近","1"
"3250","京畿","1"
"3250","炭","1"
"3250","チェ・ソンウォン","1"
"3250","リメディオ","1"
"3250","法","1"
"3250","ラテン語","1"
"3250","remedium","1"
"3250","re","1"
"3250","medere","1"
"3250","眠気","1"
"3250","タクシー","1"
"3250","ドライバー","1"
"3250","パップ","1"
"3250","優良","1"
"3250","大半","1"
"3250","アイランドリーグ","1"
"3250","plus","1"
"3250","IBLJ","1"
"3250","せき","1"
"3250","胃病","1"
"3250","評判","1"
"3250","随一","1"
"3250","ラ・テ欄","1"
"3250","ページ","1"
"3250","ゲンダイ","1"
"3250","テクノリサーチパーク","1"
"3250","リバノール","1"
"3250","アクリノール","1"
"3250","レフ","1"
"3250","ニプログループ","1"
"3250","坐薬","1"
"3250","sup","1"
"3250","複数","1"
"3250","面積","1"
"3250","積","1"
"3250","大震災","1"
"3250","震災","1"
"3250","tohoku","1"
"3250","nipro","1"
"3250","jpimg","1"
"3250","孫","1"
"3250","Y","1"
"3250","貝塚","1"
"3250","newspaper","1"
"3250","comarticleDGXNASFB","1"
"3250","L","1"
"3250","サイキョウ・ファーマ","1"
"3250","主軸","1"
"3250","通気","1"
"3250","針","1"
"3250","容量","1"
"3250","バッグ","1"
"3250","テバグループ","1"
"3250","seiyaku","1"
"3250","comnewskowatevapdfpress","1"
"3250","菊","1"
"3250","TevaTakedaYakuhinLtd","1"
"3250","此","1"
"3250","島","1"
"3250","勝","1"
"3250","アルミ","1"
"3250","シール","1"
"3250","興味","1"
"3250","即効","1"
"3250","万能","1"
"3250","ワセリン","1"
"3250","菜種油","1"
"3250","紫根","1"
"3250","大筋","1"
"3250","ヒスタミン","1"
"3250","かぶれ","1"
"3250","じんましん","1"
"3250","ひび","1"
"3250","コーチゾン","1"
"3250","鷹","1"
"3250","茄子","1"
"3250","絵柄","1"
"3250","TAXIScan","1"
"3250","テクノロジー","1"
"3250","胞走","1"
"3250","ターゲット","1"
"3250","FDA","1"
"3250","IND","1"
"3250","味","1"
"3250","ゴールド","1"
"3250","連珠","1"
"3250","ルビーナ","1"
"3250","Bsub","1"
"3250","sub","1"
"3250","AN","1"
"3250","つて","1"
"3250","スキンケア・メイクアップ・ヘアケア・ボディケア","1"
"3250","方言","1"
"3250","チューリップ","1"
"3250","願い","1"
"3250","鬢付け油","1"
"3250","頭髪","1"
"3250","日本髪","1"
"3250","洋髪","1"
"3250","百貨店","1"
"3250","エステ","1"
"3250","式典","1"
"3250","ホテル","1"
"3250","ビジョン","1"
"3250","美","1"
"3250","ミッション","1"
"3250","外面","1"
"3250","内面","1"
"3250","三面","1"
"3250","物心","1"
"3250","シラミ","1"
"3250","ピレスロイド","1"
"3250","ニッチ","1"
"3250","コンタックシリーズ","1"
"3250","グラクソ・スミスクライン","1"
"3250","GSK","1"
"3250","中小","1"
"3250","メーカ","1"
"3250","作家","1"
"3250","実父","1"
"3250","oncotherapy","1"
"3250","代わり","1"
"3250","当該","1"
"3250","キナーゼタンパク","1"
"3250","キナーゼコア","1"
"3250","女神","1"
"3250","EDINET","1"
"3250","接骨","1"
"3250","膏薬","1"
"3250","地名","1"
"3250","geroko","1"
"3250","jpcompanyindex","1"
"3250","末期","1"
"3250","極度","1"
"3250","妊産婦","1"
"3250","母乳","1"
"3250","新生児","1"
"3250","学術","1"
"3250","国立","1"
"3250","is","1"
"3250","clinic","1"
"3250","comkanpo","1"
"3250","河","1"
"3250","クリニック","1"
"3250","於","1"
"3250","胎盤","1"
"3250","特異","1"
"3250","sama","1"
"3250","ciao","1"
"3250","jpmodern","1"
"3250","Vita","1"
"3250","サムネイル","1"
"3250","ビタ","1"
"3250","エックス","1"
"3250","学会","1"
"3250","本","1"
"3250","下","1"
"3250","GMPI","1"
"3250","新鋭","1"
"3250","インフラ","1"
"3250","俳優","1"
"3250","女優","1"
"3250","タレント","1"
"3250","キャラクター","1"
"3250","久しぶり","1"
"3250","モットー","1"
"3250","sanspo","1"
"3250","comgeinotopgt","1"
"3250","gt","1"
"3250","nissin","1"
"3250","yk","1"
"3250","jpcompanyprofile","1"
"3250","メガ・ファーマ","1"
"3250","スペシャリティファーマ","1"
"3250","保","1"
"3250","手","1"
"3250","ブティック","1"
"3250","MR","1"
"3250","受皿","1"
"3250","AMS","1"
"3250","section","1"
"3250","UTC","1"
"3250","余り","1"
"3250","救療","1"
"3250","志","1"
"3250","amano","1"
"3250","enzyme","1"
"3250","AmanoEnzymeinc","1"
"3250","スタッフ","1"
"3250","唄","1"
"3250","バンド","1"
"3250","リズム","1"
"3250","キング","1"
"3250","詞","1"
"3250","音楽","1"
"3250","FMAICHI","1"
"3250","理由","1"
"3250","ビオヂアスブランド","1"
"3250","商事","1"
"3250","蓄膿症","1"
"3250","All","1"
"3250","nipponNewsNetwork","1"
"3250","スペシャル","1"
"3250","スギ","1"
"3250","滝","1"
"3250","首位","1"
"3250","ファンド","1"
"3250","インベストメント","1"
"3250","化工","1"
"3250","シーエス","1"
"3250","ワン","1"
"3250","カイ","1"
"3250","セルフメディケーション","1"
"3250","ARAX","1"
"3250","無機","1"
"3250","印画","1"
"3250","増","1"
"3250","色素","1"
"3250","エンジニアリング","1"
"3250","域内","1"
"3250","機構","1"
"3250","namenikkeisangyou","1"
"3250","アゼチジン","1"
"3250","誘導体","1"
"3250","礎","1"
"3250","NobelIndusrtriesLimited","1"
"3250","有数","1"
"3250","ICINobel","1"
"3250","lEnterprisesIndustriesInc","1"
"3250","手もと","1"
"3250","オーファンドラッグ","1"
"3250","現場","1"
"3250","Wikinews","1"
"3250","inline","1"
"3250","TOB","1"
"3250","Citenews","1"
"3250","reuters","1"
"3250","m","1"
"3250","rticlebusinessNewsidJPTYE","1"
"3250","U","1"
"3250","アンジエス","1"
"3250","火付け","1"
"3250","なり","1"
"3250","間","1"
"3250","シーブリ","1"
"3250","ウルディブロ","1"
"3250","巨額","1"
"3250","賞与","1"
"3250","倍々","1"
"3250","財務","1"
"3250","ノルレボ","1"
"3250","黒字","1"
"3250","PO","1"
"3250","ヘプタレス・セラピュティクス","1"
"3250","金額","1"
"3250","ヘプタレス","1"
"3250","押し上げ","1"
"3250","出来高","1"
"3250","IPO","1"
"3250","工学部","1"
"3250","原理","1"
"3250","体外","1"
"3250","磁場","1"
"3250","局所","1"
"3250","患部","1"
"3250","vaa","1"
"3250","jpdaigaku","1"
"3250","jiji","1"
"3250","comjczc","1"
"3250","時事","1"
"3250","ドット","1"
"3250","日用","1"
"3250","顧客","1"
"3250","アクアマジックブランド","1"
"3250","方式","1"
"3250","箱","1"
"3250","コーポレーション","1"
"3250","英字","1"
"3250","断トツ","1"
"3250","ニュアンス","1"
"3250","ラッパ","1"
"3250","本所","1"
"3250","乙女","1"
"3250","萬","1"
"3250","異名","1"
"3250","業績","1"
"3250","tokuhon","1"
"3250","jppdf","1"
"3250","pressinformation","1"
"3250","少子","1"
"3250","背景","1"
"3250","関心","1"
"3250","需要","1"
"3250","年間","1"
"3250","見通し","1"
"3250","番頭","1"
"3250","naigai","1"
"3250","ph","1"
"3250","jpspecialmedicinehtmlp","1"
"3250","あと","1"
"3250","さき","1"
"3250","メデシン・ロード","1"
"3250","薬剤師","1"
"3250","アスピリン","1"
"3250","銭湯","1"
"3250","自身","1"
"3250","平","1"
"3250","才能","1"
"3250","倶楽部","1"
"3250","モダニズム","1"
"3250","虫歯","1"
"3250","脳","1"
"3250","定め","1"
"3250","むし","1"
"3250","アスター","1"
"3250","ソープ","1"
"3250","ublisherDelta","1"
"3250","FlyPharma","1"
"3250","麓","1"
"3250","里","1"
"3250","宮","1"
"3250","駅","1"
"3250","中山道","1"
"3250","宿","1"
"3250","導","1"
"3250","団体","1"
"3250","IR","1"
"3250","FN","1"
"3250","W","1"
"3250","アルフレッサファーマ","1"
"3250","セフェム","1"
"3250","抗生","1"
"3250","ライン","1"
"3250","通販","1"
"3250","客","1"
"3250","倫理","1"
"3250","UnmetMedicalNeeds","1"
"3250","想い","1"
"3250","バキュロウイルス","1"
"3250","昆虫","1"
"3250","タンパク","1"
"3250","rusExpressionVectorSystem","1"
"3250","BEVS","1"
"3250","プラットフォーム","1"
"3250","インフルエンザ","1"
"3250","次世代","1"
"3250","サブユニットワクチン","1"
"3250","ノロ","1"
"3250","ウイルス","1"
"3250","ロタウイルス","1"
"3250","ワダカルシューム","1"
"3250","原点","1"
"3250","骨","1"
"3250","上部","1"
"3250","軍人","1"
"3250","礼服","1"
"3250","姿","1"
"3250","jintan","1"
"3250","jpmuseumlogoindex","1"
"3250","博物館","1"
"3250","思い","1"
"3250","技法","1"
"3250","最先端","1"
"3250","シームレス","1"
"3250","継ぎ目","1"
"3250","ビフィズス","1"
"3250","ホットドッグ","1"
"3250","ホールド","1"
"3250","バケット","1"
"3250","純良","1"
"3250","アンプル・バイアル","1"
"3250","本家","1"
"3250","本元","1"
"3250","スポット","1"
"3250","蓋","1"
"3250","納豆","1"
"3250","当主","1"
"3250","寮","1"
"3250","各紙","1"
"3250","文","1"
"3250","セット","1"
"3250","サンプル","1"
"3250","一子相伝","1"
"3250","元号","1"
"3250","時","1"
"3250","菩提寺","1"
"3250","法華宗","1"
"3250","歴代","1"
"3250","日","1"
"3250","地","1"
"3250","シティ","1"
"3250","姓","1"
"3250","薬包紙","1"
"3250","市長","1"
"3250","インターネットサービスプロバイダ","1"
"3250","kessan","1"
"3250","laboneko","1"
"3250","jpsettlements","1"
"3250","nitten","1"
"3250","eye","1"
"3250","IHONTENGANYAKUKENKYUSYOCO","1"
"3250","Hospira","1"
"3250","過誤","1"
"3250","エンプロイー・バイアウト","1"
"3250","太陽","1"
"3250","感覚","1"
"3250","質感","1"
"3250","AM","1"
"3250","鎮咳剤","1"
"3250","硫酸","1"
"3250","バリウム","1"
"3250","sakai","1"
"3250","chem","1"
"3250","jpirpdfpr","1"
"3250","器具","1"
"3250","kaigen","1"
"3250","pharma","1"
"3250","jpimagestopics","1"
"3250","戦前","1"
"3250","プロテインキナーゼ","1"
"3250","デューク","1"
"3250","客員","1"
"3250","制度","1"
"3250","容疑","1"
"3250","懲役","1"
"3250","追徴金","1"
"3250","决","1"
"3250","構造","1"
"3250","ドラッグ","1"
"3250","ウエスタン","1"
"3250","dwti","1"
"3250","jpabout","1"
"3250","dwtiorigin","1"
"3250","of","1"
"3250","company","1"
"3250","緑内障","1"
"3250","yijv","1"
"3250","irpocket","1"
"3250","comC","1"
"3250","QPg","1"
"3250","ApILyijv","1"
"3250","南天","1"
"3250","パスビタンビタミン","1"
"3250","主薬","1"
"3250","ムシイチ","1"
"3250","鎮痒","1"
"3250","敏感","1"
"3250","勢力","1"
"3250","現在地","1"
"3250","自動","1"
"3250","工程","1"
"3250","アウトソーシング","1"
"3250","ピン","1"
"3250","キヨーレオピンネオ","1"
"3250","レオピンファイブ","1"
"3250","レオピンファイブネオ","1"
"3250","レオピンロイヤル","1"
"3250","クラブ","1"
"3250","実業","1"
"3250","国体","1"
"3250","全日本","1"
"3250","強豪","1"
"3250","チーム","1"
"3250","ボラギノール","1"
"3250","マイティア","1"
"3250","医院","1"
"3250","売上げ","1"
"3250","耳鼻咽喉","1"
"3250","耳鼻咽喉科","1"
"3250","鶏","1"
"3250","魚の目","1"
"3250","胼胝","1"
"3250","タコ","1"
"3250","イボコロリ","1"
"3250","電車","1"
"3250","酒造","1"
"3250","オエノンホールディングス","1"
"3250","軍事","1"
"3250","アルコール","1"
"3250","終戦","1"
"3250","戦時","1"
"3250","辨","1"
"3250","ペニシリン","1"
"3250","ストレプトマイシン","1"
"3250","清酒","1"
"3250","理化学","1"
"3250","興業","1"
"3250","（株）","1"
"3250","ダイヤ","1"
"3250","後身","1"
"3250","サントネージュワイン","1"
"3250","ワイン","1"
"3250","フリーズドライスープ","1"
"3250","たま","1"
"3250","スープ","1"
"3250","キリンフードテック","1"
"3250","油","1"
"3250","ネオケム","1"
"3250","友好","1"
"3250","アミノ酸","1"
"3250","双璧","1"
"3250","うまみ","1"
"3250","グルタミン酸","1"
"3250","ナトリウム","1"
"3250","色","1"
"3250","財閥","1"
"3250","週刊","1"
"3250","ダイヤモンド","1"
"3250","男子","1"
"3250","名門","1"
"3250","OB","1"
"3250","実","1"
"3250","廿","1"
"3250","印","1"
"3250","hmaj","1"
"3250","comkateiyakuichijiku","1"
"3250","物語","1"
"3250","website","1"
"3250","白土","1"
"3250","美身","1"
"3250","戦災","1"
"3250","コーポレートロゴマーク","1"
"3250","おし","1"
"3250","意匠","1"
"3250","親善","1"
"3250","大使","1"
"3250","かん","1"
"3250","ichijiku","1"
"3250","jpcompanyhistory","1"
"3250","漁場","1"
"3250","漁船","1"
"3250","漁具","1"
"3250","魚類","1"
"3250","製法","1"
"3250","コンツェルン","1"
"3250","漁業","1"
"3250","病原菌","1"
"3250","培地","1"
"3250","精度","1"
"3250","HACCP","1"
"3250","環境","1"
"3250","未来","1"
"3250","国営","1"
"3250","集団","1"
"3250","仕入れ","1"
"3250","旗艦","1"
"3250","全土","1"
"3250","インターネットショッピングモール","1"
"3250","ババ","1"
"3250","リスブラン","1"
"3250","オンライン","1"
"3250","商","1"
"3250","先端","1"
"3250","Official","1"
"3250","asgen","1"
"3250","アスゲン","1"
"3250","ASGENPharmaceuticalCo","1"
"3250","TOTHEFULLEST","1"
"3250","菓子","1"
"3250","ポビドンヨード","1"
"3250","イソジン","1"
"3250","ムンディファーマ","1"
"3250","シオノギヘルスケア","1"
"3250","MeijiSeika","1"
"3250","漢字","1"
"3250","及","1"
"3250","バイオロジクス","1"
"3250","Main","1"
"3250","ダイドー","1"
"3250","ダイドーグループホールディングス","1"
"3250","故郷","1"
"3250","婦人","1"
"3250","ヘルプ","1"
"3250","過程","1"
"3250","くず","1"
"3250","夏","1"
"3250","冬","1"
"3250","体","1"
"3250","ヒント","1"
"3250","天皇","1"
"3250","姫","1"
"3250","ホームセンター","1"
"3250","美術","1"
"3250","一環","1"
"3250","フジサンケイグループ","1"
"3250","サーカス","1"
"3250","イリュージョン","1"
"3250","バブル","1"
"3250","景気","1"
"3250","tsumura","1"
"3250","jpzaimubusiness","1"
"3250","債務","1"
"3250","商法","1"
"3250","ヘア","1"
"3250","モウガ","1"
"3250","ツムラライフサイエンス","1"
"3250","目途","1"
"3250","ファルマグループ","1"
"3250","覚書","1"
"3250","連名","1"
"3250","メリット","1"
"3250","人事","1"
"3250","インフラストラクチャー","1"
"3250","特質","1"
"3250","最大限","1"
"3250","見送り","1"
"3250","分子","1"
"3250","ベンザ","1"
"3250","ジャパンコンシューマーヘルスケアビジネスユニット","1"
"3250","エスエス","1"
"3250","Societypharmaceutical","1"
"3250","イニシャル","1"
"3250","hosuke","1"
"3250","ピョン","1"
"3250","店頭","1"
"3250","電動","1"
"3250","遊具","1"
"3250","日和","1"
"3250","読み","1"
"3250","フェナセチン","1"
"3250","実母","1"
"3250","興","1"
"3250","サンウェル","1"
"3250","asahi","1"
"3250","gf","1"
"3250","jpcompanynewsrelease","1"
"3250","頭皮","1"
"3250","まつ毛","1"
"3250","ボーテ","1"
"3250","ピュアフリーアイラッシュ","1"
"3250","ICN","1"
"3250","キャラコ","1"
"3250","soka","1"
"3250","ac","1"
"3250","jpsokacommonpdf","1"
"3250","keizai","1"
"3250","文章","1"
"3250","各国","1"
"3250","路線","1"
"3250","トップページ","1"
"3250","年内","1"
"3250","ranbaxy","1"
"3250","comabout","1"
"3250","usoverview","1"
"3250","テーマ","1"
"3250","テバホールディングス","1"
"3250","lang","1"
"3250","TevaTakedaPharmaLtd","1"
"3250","プロフットサルチーム","1"
"3250","オーシャンズ","1"
"3250","BANFF","1"
"3250","ホーム","1"
"3250","アリーナ","1"
"3250","テバオーシャンアリーナ","1"
"3250","旧称","1"
"3250","オーシャン","1"
"3250","TOC","1"
"3250","フェスティバルタワーウエスト","1"
"3250","FritzHoffmann","1"
"3250","アライアンス","1"
"3250","旧来","1"
"3250","シナジー","1"
"3250","実質","1"
"3250","COO","1"
"3250","NOVATIONBEYONDIMAGINATION","1"
"3250","chugai","1"
"3250","pharm","1"
"3250","ニュース","1"
"3250","バルサン","1"
"3250","グロモント","1"
"3250","アルペン","1"
"3250","hd","1"
"3250","holdings","1"
"3250","jprelease","1"
"3250","access","1"
"3250","制癌剤","1"
"3250","上位","1"
"3250","クローン","1"
"3250","ベルケイド","1"
"3250","リュープリン","1"
"3250","前立腺","1"
"3250","乳癌","1"
"3250","子宮","1"
"3250","高血圧","1"
"3250","食道","1"
"3250","ネシーナ","1"
"3250","ユーロ","1"
"3250","尿","1"
"3250","コルク","1"
"3250","リス","1"
"3250","ポリウレタン","1"
"3250","ウレタン","1"
"3250","樹脂","1"
"3250","バルク","1"
"3250","BASF","1"
"3250","相手","1"
"3250","活性炭","1"
"3250","木材","1"
"3250","KEDACHEMICALINDUSTRIESLTD","1"
"3250","d","1"
"3250","AnswersNews","1"
"3250","アンドリュー・プランプ","1"
"3250","閑史","1"
"3250","長","1"
"3250","外国","1"
"3250","グローバル","1"
"3250","TBS","1"
"3250","セイムス","1"
"3250","ドラッグセイムス","1"
"3250","group","1"
"3250","skk","1"
"3250","net","1"
"3250","jaicon","1"
"3250","レーザー","1"
"3250","インクジェット","1"
"3250","スタンプ","1"
"3250","パッド","1"
"3250","単位","1"
"3250","裏面","1"
"3250","バーコード","1"
"3250","薬効","1"
"3250","特性","1"
"3250","シンボル","1"
"3250","外","1"
"3250","下部","1"
"3250","オーソライズド・ジェネリック","1"
"3250","本体","1"
"3250","リゲイン","1"
"3250","カロヤン","1"
"3250","発","1"
"3250","毛","1"
"3250","マキ","1"
"3250","肩","1"
"3250","頭","1"
"3250","てっぺん","1"
"3250","足","1"
"3250","つま先","1"
"3250","オブジェ","1"
"3250","web","1"
"3250","archive","1"
"3250","orgweb","1"
"3250","jpcorporatead","1"
"3250","gallerynewspaper","1"
"3250","pop","1"
"3250","ギャラリー","1"
"3250","ペ","1"
"3250","ラック","1"
"3250","コール","1"
"3250","hc","1"
"3250","jpreleaseds","1"
"3250","ichoyaku","1"
"3250","ヘルスケアニュースリリース","1"
"3250","ブロッカー","1"
"3250","ガ","1"
"3250","スター","1"
"3250","切り替え","1"
"3250","テレビ局","1"
"3250","通常","1"
"3250","冒頭","1"
"3250","真下","1"
"3250","映像","1"
"3250","ワイド","1"
"3250","最初","1"
"3250","自己","1"
"3250","工学","1"
"3250","換え","1"
"3250","ゲノム","1"
"3250","マーカー","1"
"3250","マーカー・モノクローナル","1"
"3250","短期","1"
"3250","白紙","1"
"3250","第三者","1"
"3250","司","1"
"3250","親族","1"
"3250","妻","1"
"3250","甥","1"
"3250","政治","1"
"3250","財界","1"
"3250","繋がり","1"
"3250","字幕","1"
"3250","人工","1"
"3250","腎臓","1"
"3250","讀賣","1"
"3250","デス","1"
"3250","ヘモリンド","1"
"3250","菱","1"
"3250","信","1"
"3250","不在","1"
"3250","rohto","1"
"3250","jpnewsrelease","1"
"3250","タイム","1"
"3250","バン","1"
"3250","フェルビナク","1"
"3250","持分","1"
"3250","公","1"
"3250","hisamitsu","1"
"3250","jpcompanypdfyt","1"
"3250","稲荷","1"
"3250","不整脈","1"
"3250","サントリーファーマ","1"
"3250","一筋","1"
"3250","アスビオ","1"
"3250","医術","1"
"3250","専業","1"
"3250","タフ","1"
"3250","コレステロール","1"
"3250","アテ","1"
"3250","論文","1"
"3250","エビデンス","1"
"3250","サンシチニンジン","1"
"3250","田","1"
"3250","紅","1"
"3250","ジンセンベリー","1"
"3250","ジンセン","1"
"3250","utobrain","1"
"3250","shtml","1"
"3250","メイン","1"
"3250","バンク","1"
"3250","アリセプト","1"
"3250","パリエットアシフェックス","1"
"3250","二つ","1"
"3250","半数","1"
"3250","唯一","1"
"3250","弁護士","1"
"3250","世紀","1"
"3250","kantei","1"
"3250","go","1"
"3250","century","1"
"3250","bunka","1"
"3250","総理","1"
"3250","官邸","1"
"3250","File","1"
"3250","Eisai","1"
"3250","founder","1"
"3250","Toyoji","1"
"3250","Naito","1"
"3250","left","1"
"3250","胸像","1"
"3250","祖父","1"
"3250","ネオサンプーン","1"
"3250","チョコラシリーズ","1"
"3250","父","1"
"3250","著書","1"
"3250","メチコバール","1"
"3250","末梢","1"
"3250","障害","1"
"3250","胃炎","1"
"3250","グローバリゼーション","1"
"3250","ドラマティックリーププラン","1"
"3250","先","1"
"3250","話題","1"
"3250","実力","1"
"3250","way","1"
"3250","早期","1"
"3250","役職","1"
"3250","風貌","1"
"3250","乗り物","1"
"3250","トラベル","1"
"3250","スイッチ","1"
"3250","胃薬","1"
"3250","ベール","1"
"3250","アレルギー性","1"
"3250","アゼプチン","1"
"3250","uman","1"
"3250","ealth","1"
"3250","are","1"
"3250","喜怒哀楽","1"
"3250","ベネフィット","1"
"3250","第一義","1"
"3250","現状","1"
"3250","現職","1"
"3250","家系","1"
"3250","長女","1"
"3250","婿","1"
"3250","アイバン・チャン","1"
"3250","常務","1"
"3250","景","1"
"3250","理事","1"
"3250","エリブリン","1"
"3250","ハラヴェン","1"
"3250","候補","1"
"3250","塩","1"
"3250","海洋","1"
"3250","天然","1"
"3250","ハリコンドリン","1"
"3250","類縁","1"
"3250","有意","1"
"3250","F","1"
"3250","r","1"
"3250","newtreatmentoptionforlate","1"
"3250","stagebreastcancer","1"
"3250","publisherUSFDA","1"
"3250","fda","1"
"3250","g","1"
"3250","roomPressAnnouncementsucm","1"
"3250","htm","1"
"3250","ペランパネル","1"
"3250","nikkeimedeical","1"
"3250","titleAMPA","1"
"3250","medical","1"
"3250","nikkeibp","1"
"3250","jpleafallseriesdrugupdate","1"
"3250","BP","1"
"3250","重症","1"
"3250","肝臓","1"
"3250","チェックポイント","1"
"3250","収入","1"
"3250","アルツハイマー","1"
"3250","フェーズ","1"
"3250","最終","1"
"3250","段階","1"
"3250","橘","1"
"3250","生化学","1"
"3250","アンメットメディカルニーズ","1"
"3250","smaller","1"
"3250","たんぱく質","1"
"3250","炊飯","1"
"3250","洗米","1"
"3250","対象","1"
"3250","痰","1"
"3250","トローチ","1"
"3250","ゴホン","1"
"3250","キャッチコピー","1"
"3250","キキョウ","1"
"3250","セ","1"
"3250","ネガ","1"
"3250","キョウニン","1"
"3250","カンゾウ","1"
"3250","声","1"
"3250","がれ","1"
"3250","大人","1"
"3250","生後","1"
"3250","乳幼児","1"
"3250","喉","1"
"3250","粘膜","1"
"3250","他人","1"
"3250","楽天","1"
"3250","ポイント","1"
"3250","中国人","1"
"3250","事件","1"
"3250","headlines","1"
"3250","yahoo","1"
"3250","jpvideonewsann","1"
"3250","ann","1"
"3250","soci","1"
"3250","家紋","1"
"3250","下がり","1"
"3250","ryukakusan","1"
"3250","jpfake","1"
"3250","エザック","1"
"3250","象","1"
"3250","黄","1"
"3250","傷","1"
"3250","キップパイロールハイ","1"
"3250","パスタロン","1"
"3250","卸業者","1"
"3250","ソル","1"
"3250","セロハン","1"
"3250","丸薬","1"
"3250","saganp","1"
"3250","エアーサロンパス","1"
"3250","サロンシップ","1"
"3250","モーラス","1"
"3250","モーラステープ","1"
"3250","囲み","1"
"3250","小","1"
"3250","紋章","1"
"3250","JPX","1"
"3250","インデックス","1"
"3250","Ota","1"
"3250","medicinal","1"
"3250","powder","1"
"3250","for","1"
"3250","the","1"
"3250","stomach","1"
"3250","JPG","1"
"3250","px","1"
"3250","アントニウス・ボードウィン","1"
"3250","仕組み","1"
"3250","食生活","1"
"3250","桂皮","1"
"3250","シナモン","1"
"3250","茴香","1"
"3250","肉","1"
"3250","豆","1"
"3250","ナツメグ","1"
"3250","クローブ","1"
"3250","皮","1"
"3250","ゲンチアナ","1"
"3250","ニガキ","1"
"3250","木末","1"
"3250","胃弱","1"
"3250","胃痛","1"
"3250","食欲","1"
"3250","胃酸","1"
"3250","過多","1"
"3250","腹部","1"
"3250","膨満","1"
"3250","げっぷ","1"
"3250","重","1"
"3250","源流","1"
"3250","位置づけ","1"
"3250","病者","1"
"3250","アルフレッサホールディングス","1"
"3250","商人","1"
"3250","中華","1"
"3250","白地","1"
"3250","カラー","1"
"3250","dreammail","1"
"3250","jpmagazineseishun","1"
"3250","虫","1"
"3250","定番","1"
"3250","浪漫","1"
"3250","伝説","1"
"3250","Vol","1"
"3250","ドリーム","1"
"3250","アニメ","1"
"3250","ハロー","1"
"3250","MUHI","1"
"3250","チカラ","1"
"3250","パイ","1"
"3250","初","1"
"3250","宝","1"
"3250","引き継ぎ","1"
