"7150","保険","592"
"7150","会社","237"
"7150","月","207"
"7150","株式会社","196"
"7150","グループ","127"
"7150","生命","123"
"7150","www","72"
"7150","ホールディングス","62"
"7150","事業","57"
"7150","本社","55"
"7150","海上","54"
"7150","企業","52"
"7150","子会社","49"
"7150","accessdate","41"
"7150","興亜","40"
"7150","金融","40"
"7150","co","37"
"7150","損保","36"
"7150","持株","36"
"7150","http","36"
"7150","少額","35"
"7150","短期","35"
"7150","title","35"
"7150","おい","34"
"7150","html","34"
"7150","傘下","32"
"7150","あい","31"
"7150","Insurance","30"
"7150","銀行","30"
"7150","社名","29"
"7150","株式","27"
"7150","商号","26"
"7150","相互","26"
"7150","name","26"
"7150","publisher","26"
"7150","date","26"
"7150","商品","25"
"7150","ペット","25"
"7150","urlhttps","25"
"7150","証券","24"
"7150","同和","23"
"7150","Co","23"
"7150","共済","22"
"7150","ニッセイ","21"
"7150","楽天","21"
"7150","AD","20"
"7150","世界","20"
"7150","イオン","20"
"7150","業務","20"
"7150","資産","19"
"7150","火災","19"
"7150","Citeweb","19"
"7150","業界","18"
"7150","中心","17"
"7150","Ltd","17"
"7150","自動車","17"
"7150","平安","17"
"7150","pdf","17"
"7150","そん","16"
"7150","MS","16"
"7150","インシュアランスグループホールディングス","16"
"7150","国内","15"
"7150","urlhttp","15"
"7150","SBI","14"
"7150","前身","14"
"7150","法人","14"
"7150","公司","14"
"7150","株","14"
"7150","AIG","13"
"7150","動物","13"
"7150","団体","13"
"7150","アメリカン","13"
"7150","かんぽ","13"
"7150","株主","13"
"7150","有限","13"
"7150","E","13"
"7150","名称","12"
"7150","医療","12"
"7150","形態","12"
"7150","フィナンシャルグループ","12"
"7150","当社","12"
"7150","Inc","11"
"7150","収入","11"
"7150","ロゴ","11"
"7150","同社","11"
"7150","最大","10"
"7150","Life","10"
"7150","Company","10"
"7150","ブランド","10"
"7150","銘柄","10"
"7150","formatPDF","10"
"7150","英語","9"
"7150","制度","9"
"7150","T","9"
"7150","インターネット","9"
"7150","ライフ","9"
"7150","年金","9"
"7150","資本","9"
"7150","会長","9"
"7150","マニュライフ・ファイナンシャル","9"
"7150","個人","9"
"7150","郵政","9"
"7150","htm","9"
"7150","com","9"
"7150","組合","9"
"7150","トータル","9"
"7150","業者","8"
"7150","一つ","8"
"7150","アクサ","8"
"7150","専門","8"
"7150","分野","8"
"7150","バークシャー・ハサウェイ","8"
"7150","筆頭","8"
"7150","らい","8"
"7150","全国","8"
"7150","概要","8"
"7150","中央","8"
"7150","社長","8"
"7150","go","8"
"7150","ょうがくたんきほけん","7"
"7150","アイペット","7"
"7150","障害","7"
"7150","サイト","7"
"7150","ファミリー","7"
"7150","N","7"
"7150","S","7"
"7150","機関","7"
"7150","情報","7"
"7150","大手","7"
"7150","親会社","7"
"7150","対象","7"
"7150","パートナー","7"
"7150","取締役","7"
"7150","株価","7"
"7150","NKSJ","7"
"7150","日動","7"
"7150","沿革","7"
"7150","n","7"
"7150","e","7"
"7150","間","7"
"7150","初代","6"
"7150","アニコム","6"
"7150","支店","6"
"7150","社会","6"
"7150","通称","6"
"7150","カーディフ","6"
"7150","部門","6"
"7150","バフェット","6"
"7150","しん","6"
"7150","マニュライフ","6"
"7150","人寿","6"
"7150","費用","6"
"7150","Citenews","6"
"7150","a","6"
"7150","利益","6"
"7150","郵便","6"
"7150","hd","6"
"7150","fsa","6"
"7150","securities","6"
"7150","report","6"
"7150","c","6"
"7150","Holdings","5"
"7150","中核","5"
"7150","アクサグループ","5"
"7150","合弁","5"
"7150","顧客","5"
"7150","ショップ","5"
"7150","インターナショナル","5"
"7150","地域","5"
"7150","拠点","5"
"7150","コロン","5"
"7150","バス","5"
"7150","厚生","5"
"7150","リスク","5"
"7150","第三者","5"
"7150","セント","5"
"7150","プラス","5"
"7150","中間","5"
"7150","唯一","5"
"7150","財閥","5"
"7150","コンサルティング","5"
"7150","通販","5"
"7150","ょう","5"
"7150","（株）","5"
"7150","他社","5"
"7150","業法","5"
"7150","住宅","5"
"7150","languageja","5"
"7150","産業","5"
"7150","母体","5"
"7150","がん","5"
"7150","span","5"
"7150","hoken","5"
"7150","citeweb","5"
"7150","o","5"
"7150","f","5"
"7150","単独","5"
"7150","br","5"
"7150","時代","5"
"7150","窓口","5"
"7150","両社","5"
"7150","Citepressrelease","5"
"7150","rakuten","5"
"7150","ir","5"
"7150","センター","5"
"7150","おとな","5"
"7150","会員","5"
"7150","クラブ","5"
"7150","当該","5"
"7150","author","5"
"7150","quote","5"
"7150","page","5"
"7150","ms","5"
"7150","価値","5"
"7150","au","4"
"7150","一角","4"
"7150","D","4"
"7150","カンパニー","4"
"7150","持ち株","4"
"7150","ホーム","4"
"7150","ユーザー","4"
"7150","主力","4"
"7150","市場","4"
"7150","生保","4"
"7150","INSURANCE","4"
"7150","パリバ・カーディフ","4"
"7150","コーポレート","4"
"7150","プルデンシャル","4"
"7150","さい","4"
"7150","系列","4"
"7150","各種","4"
"7150","CEO","4"
"7150","チャーリー・マンガー","4"
"7150","P","4"
"7150","中堅","4"
"7150","コード","4"
"7150","Fire","4"
"7150","Marine","4"
"7150","LTD","4"
"7150","英文","4"
"7150","ichi","4"
"7150","目的","4"
"7150","システム","4"
"7150","オフィス","4"
"7150","取扱","4"
"7150","家財","4"
"7150","nissay","4"
"7150","ウェブサイト","4"
"7150","ins","4"
"7150","有価","4"
"7150","新規","4"
"7150","富国","4"
"7150","ニュース","4"
"7150","民間","4"
"7150","m","4"
"7150","メンバー","4"
"7150","ビジネス","4"
"7150","i","4"
"7150","r","4"
"7150","d","4"
"7150","バンカシュアランス","4"
"7150","売上","4"
"7150","収益","4"
"7150","A","4"
"7150","民営","4"
"7150","簡易","4"
"7150","危機","4"
"7150","基本","4"
"7150","jp","4"
"7150","corp","4"
"7150","jpnewspress","4"
"7150","year","4"
"7150","month","4"
"7150","categorycorp","4"
"7150","sankeibiz","4"
"7150","jpbusinessnews","4"
"7150","PDFlink","4"
"7150","tip","4"
"7150","理念","4"
"7150","下","4"
"7150","健保","4"
"7150","anicom","4"
"7150","group","4"
"7150","アニコムホールディングス","4"
"7150","jpsingisingi","4"
"7150","th","4"
"7150","work","4"
"7150","首相","4"
"7150","マイナビ","4"
"7150","険","4"
"7150","NP","3"
"7150","ホールディング","3"
"7150","アクサダイレクト","3"
"7150","戦略","3"
"7150","形","3"
"7150","首位","3"
"7150","人材","3"
"7150","Services","3"
"7150","Assurance","3"
"7150","部分","3"
"7150","面","3"
"7150","米ドル","3"
"7150","H","3"
"7150","エヌエヌ","3"
"7150","ナショナーレ・ネーデルランデン","3"
"7150","UFJ","3"
"7150","有数","3"
"7150","歴史","3"
"7150","知的","3"
"7150","グローバル","3"
"7150","チューリッヒ・ファイナンシャル・サービシズ","3"
"7150","ウォーレン・バフェット","3"
"7150","ファンド","3"
"7150","Japan","3"
"7150","一員","3"
"7150","スポンサー","3"
"7150","機構","3"
"7150","and","3"
"7150","頭文字","3"
"7150","地盤","3"
"7150","不動産","3"
"7150","各社","3"
"7150","とうき","3"
"7150","最大手","3"
"7150","エコ","3"
"7150","ほん","3"
"7150","ひまわり","3"
"7150","地震","3"
"7150","福祉","3"
"7150","人","3"
"7150","cig","3"
"7150","車両","3"
"7150","自転車","3"
"7150","website","3"
"7150","ミレア","3"
"7150","農業","3"
"7150","JA","3"
"7150","ビル","3"
"7150","方式","3"
"7150","支払い","3"
"7150","業績","3"
"7150","チャネル","3"
"7150","事務","3"
"7150","Top","3"
"7150","定額","3"
"7150","asahi","3"
"7150","職員","3"
"7150","責任","3"
"7150","https","3"
"7150","事項","3"
"7150","委員","3"
"7150","同業","3"
"7150","インシュアランスホールディングス","3"
"7150","dai","3"
"7150","life","3"
"7150","nikkei","3"
"7150","ディスクロージャー","3"
"7150","現状","3"
"7150","体制","3"
"7150","世代","3"
"7150","パートナーズ","3"
"7150","en","3"
"7150","O","3"
"7150","ミレアホールディングス","3"
"7150","gappei","3"
"7150","nest","3"
"7150","部会","3"
"7150","資料","3"
"7150","kinyugijirokukinyudai","3"
"7150","議事","3"
"7150","ページ","3"
"7150","基盤","3"
"7150","チャーティス","3"
"7150","モール","3"
"7150","興産","3"
"7150","店舗","3"
"7150","英字","3"
"7150","線","3"
"7150","モバイル","3"
"7150","病院","3"
"7150","newspaper","3"
"7150","tech","3"
"7150","nikkeibp","3"
"7150","jpitarticleJIREI","3"
"7150","dreamgate","3"
"7150","ad","3"
"7150","main","3"
"7150","link","3"
"7150","環境","3"
"7150","タワースカイツリー","3"
"7150","total","3"
"7150","年のうち","3"
"7150","bsl","3"
"7150","バークシャー","3"
"7150","中小","3"
"7150","Group","2"
"7150","ライン","2"
"7150","雑誌","2"
"7150","読者","2"
"7150","強み","2"
"7150","アイアル","2"
"7150","Aioi","2"
"7150","専業","2"
"7150","アクサジャパンホールディング","2"
"7150","長期","2"
"7150","所得","2"
"7150","ソリューション","2"
"7150","本拠","2"
"7150","国","2"
"7150","アシュアランス","2"
"7150","対外","2"
"7150","本部","2"
"7150","イーデザイン","2"
"7150","プロミス","2"
"7150","V","2"
"7150","員数","2"
"7150","エイチ・エス","2"
"7150","各地","2"
"7150","パリバ","2"
"7150","ブルー","2"
"7150","ジブラルタ","2"
"7150","The","2"
"7150","CO","2"
"7150","過半数","2"
"7150","Sony","2"
"7150","スローガン","2"
"7150","チューリッヒ・インシュアランス・グループ","2"
"7150","構造","2"
"7150","実質","2"
"7150","ネット","2"
"7150","アセットマネジメント","2"
"7150","マスミューチュアル","2"
"7150","受け皿","2"
"7150","譲受","2"
"7150","オリコ","2"
"7150","京成","2"
"7150","MSIG","2"
"7150","インシュアランスグループ","2"
"7150","すみか","2"
"7150","形式","2"
"7150","政府","2"
"7150","国有","2"
"7150","ょうかいじょう","2"
"7150","NASDAQ","2"
"7150","ベース","2"
"7150","本店","2"
"7150","JES","2"
"7150","NIPPONKOA","2"
"7150","社員","2"
"7150","役割","2"
"7150","期間","2"
"7150","住","2"
"7150","マーケット","2"
"7150","女性","2"
"7150","j","2"
"7150","pkaishaannaisogokonwakaih","2"
"7150","enkaku","2"
"7150","他","2"
"7150","バイク","2"
"7150","ut","2"
"7150","zenchin","2"
"7150","php","2"
"7150","新聞","2"
"7150","seq","2"
"7150","農林","2"
"7150","信用金庫","2"
"7150","軸","2"
"7150","目途","2"
"7150","シェア","2"
"7150","大学生","2"
"7150","原則","2"
"7150","ラジオ","2"
"7150","所在地","2"
"7150","ランキング","2"
"7150","re","2"
"7150","reinsurance","2"
"7150","スコール","2"
"7150","権利","2"
"7150","義務","2"
"7150","高齢","2"
"7150","tokyo","2"
"7150","l","2"
"7150","I","2"
"7150","s","2"
"7150","R","2"
"7150","葬祭","2"
"7150","債務","2"
"7150","ガン","2"
"7150","BNP","2"
"7150","窓","2"
"7150","販","2"
"7150","力","2"
"7150","週刊","2"
"7150","財政","2"
"7150","homai","2"
"7150","次世代","2"
"7150","topics","2"
"7150","正味","2"
"7150","マスター","2"
"7150","トラスト","2"
"7150","トラスティ・サービス","2"
"7150","人物","2"
"7150","外部","2"
"7150","番号","2"
"7150","Q","2"
"7150","NJ","2"
"7150","NULFA","2"
"7150","公社","2"
"7150","行政","2"
"7150","親密","2"
"7150","太陽","2"
"7150","規模","2"
"7150","連名","2"
"7150","見直し","2"
"7150","本舗","2"
"7150","zurich","2"
"7150","language","2"
"7150","鉄道","2"
"7150","JR","2"
"7150","workNewCorporateSite","2"
"7150","国際","2"
"7150","事故","2"
"7150","テレビ","2"
"7150","CM","2"
"7150","サウンド","2"
"7150","番組","2"
"7150","仕様","2"
"7150","会","2"
"7150","アクサニチダン","2"
"7150","jpnewsnewsj","2"
"7150","File","2"
"7150","thumb","2"
"7150","px","2"
"7150","資源","2"
"7150","経緯","2"
"7150","mitsubishi","2"
"7150","人間","2"
"7150","FSC","2"
"7150","nd","2"
"7150","分科","2"
"7150","giji","2"
"7150","要旨","2"
"7150","Citereport","2"
"7150","頁","2"
"7150","表紙","2"
"7150","ビーエスピー","2"
"7150","HD","2"
"7150","双方","2"
"7150","fujikasai","2"
"7150","aig","2"
"7150","h","2"
"7150","isintinternetjapanjafiles","2"
"7150","tcm","2"
"7150","pdfAIG","2"
"7150","AIU","2"
"7150","midorikai","2"
"7150","jpmember","2"
"7150","生損保","2"
"7150","C","2"
"7150","EAE","2"
"7150","銀","2"
"7150","NTT","2"
"7150","シンボルマーク","2"
"7150","葉書","2"
"7150","情熱","2"
"7150","ドリーム","2"
"7150","ゲート","2"
"7150","froggy","2"
"7150","取扱い","2"
"7150","特","2"
"7150","キャリア","2"
"7150","フォン","2"
"7150","iOS","2"
"7150","払い","2"
"7150","publisherMS","2"
"7150","comjanewsirnewsnews","2"
"7150","螺旋","2"
"7150","色","2"
"7150","考え","2"
"7150","オフィシャルパートナー","2"
"7150","水準","2"
"7150","job","2"
"7150","mynavi","2"
"7150","pcsearchcorp","2"
"7150","outline","2"
"7150","新卒","2"
"7150","fr","2"
"7150","ドリームインキュベータ","2"
"7150","shtml","2"
"7150","役員","2"
"7150","kabutan","2"
"7150","caixin","2"
"7150","cnarticle","2"
"7150","養老","2"
"7150","華","2"
"7150","基金","2"
"7150","カニンガム","2"
"7150","手紙","2"
"7150","エス","1"
"7150","エイディーインシュアランスグループホールディングス","1"
"7150","謂","1"
"7150","タグ","1"
"7150","スローガン・キャッチコピー","1"
"7150","エヌピー","1"
"7150","暮らし","1"
"7150","特長","1"
"7150","年齢","1"
"7150","エスビーアイ","1"
"7150","び","1"
"7150","Nissay","1"
"7150","Dowa","1"
"7150","同一","1"
"7150","Direct","1"
"7150","方針","1"
"7150","差異","1"
"7150","ネクスティア","1"
"7150","アドバンスクリエイト","1"
"7150","Advance","1"
"7150","Create","1"
"7150","アドバンテッジリスクマネジメント","1"
"7150","Advantage","1"
"7150","Risk","1"
"7150","Management","1"
"7150","ARM","1"
"7150","GLTD","1"
"7150","人事","1"
"7150","Anicom","1"
"7150","土地","1"
"7150","建物","1"
"7150","後山","1"
"7150","商事","1"
"7150","複数","1"
"7150","チャンネル","1"
"7150","International","1"
"7150","Family","1"
"7150","of","1"
"7150","Columbus","1"
"7150","パンフレット","1"
"7150","ホームページ","1"
"7150","別","1"
"7150","アフラック・インコーポレッド","1"
"7150","Incorporated","1"
"7150","Home","1"
"7150","design","1"
"7150","ウェブクルー","1"
"7150","WebCrew","1"
"7150","スクエア","1"
"7150","bang","1"
"7150","ズバット","1"
"7150","選択肢","1"
"7150","究極","1"
"7150","タイミング","1"
"7150","ステージ","1"
"7150","時価","1"
"7150","総額","1"
"7150","三つ","1"
"7150","ワールドファイナンシャルグループ","1"
"7150","NN","1"
"7150","源流","1"
"7150","エムエスティ","1"
"7150","SERVICES","1"
"7150","プロ","1"
"7150","エムティインシュアランスサービス","1"
"7150","テンプレート","1"
"7150","基礎","1"
"7150","Post","1"
"7150","愛称","1"
"7150","カラー","1"
"7150","Gibraltar","1"
"7150","外資","1"
"7150","プルデンシャル・ファイナンシャルグループ","1"
"7150","海峡","1"
"7150","岩山","1"
"7150","safe","1"
"7150","as","1"
"7150","the","1"
"7150","Rock","1"
"7150","ジブラルタ・ロック","1"
"7150","諺","1"
"7150","General","1"
"7150","ゃかさいほけん","1"
"7150","SAISON","1"
"7150","AUTOMOBILE","1"
"7150","FIRE","1"
"7150","ソニーフィナンシャルホールディングス","1"
"7150","Financial","1"
"7150","FEEL","1"
"7150","THE","1"
"7150","Difference","1"
"7150","ゅうよんそんがいほけん","1"
"7150","Sonpo","1"
"7150","Limited","1"
"7150","トーア","1"
"7150","Toa","1"
"7150","Reinsurance","1"
"7150","ニッセイグループ","1"
"7150","Berkshire","1"
"7150","Hathaway","1"
"7150","五指","1"
"7150","賢人","1"
"7150","弁護士","1"
"7150","項","1"
"7150","年次","1"
"7150","指数","1"
"7150","複利","1"
"7150","年率","1"
"7150","多岐","1"
"7150","エキス","1"
"7150","ウェルズ・ファーゴ","1"
"7150","ピース","1"
"7150","アンテナショップ","1"
"7150","事務所","1"
"7150","持病","1"
"7150","くし","1"
"7150","プルデンシャル・ファイナンシャル","1"
"7150","プルーデンシャル","1"
"7150","PCA","1"
"7150","マスミューチュアル・フィナンシャル・グループ","1"
"7150","エトナヘイワ","1"
"7150","マニュライフ・センチュリー","1"
"7150","流れ","1"
"7150","資金","1"
"7150","コック","1"
"7150","ゅう","1"
"7150","Orico","1"
"7150","けい","1"
"7150","ょうえいかさいかいじょうほけん","1"
"7150","Kyoei","1"
"7150","特徴","1"
"7150","Mitsui","1"
"7150","Sumitomo","1"
"7150","Sompo","1"
"7150","Nipponkoa","1"
"7150","だい","1"
"7150","Dai","1"
"7150","ゅうごくへいあんほけん","1"
"7150","China","1"
"7150","Ping","1"
"7150","An","1"
"7150","配下","1"
"7150","集団","1"
"7150","Greatwall","1"
"7150","全額","1"
"7150","Consulting","1"
"7150","TIC","1"
"7150","時点","1"
"7150","ょうかいじょうにちどうかさいほけん","1"
"7150","Nichido","1"
"7150","損益","1"
"7150","Nisshin","1"
"7150","LIFE","1"
"7150","Mutual","1"
"7150","ニュータウン","1"
"7150","Office","1"
"7150","Service","1"
"7150","福利","1"
"7150","つまり","1"
"7150","サイド","1"
"7150","ブレイントラスト","1"
"7150","Fuji","1"
"7150","羽","1"
"7150","通常","1"
"7150","最終","1"
"7150","発作","1"
"7150","てんかん","1"
"7150","既往症","1"
"7150","ニーズ","1"
"7150","ニッチ","1"
"7150","学","1"
"7150","総","1"
"7150","下記","1"
"7150","種類","1"
"7150","家主","1"
"7150","空","1"
"7150","家賃","1"
"7150","原状","1"
"7150","不妊","1"
"7150","子宝","1"
"7150","エール","1"
"7150","シニア","1"
"7150","地元","1"
"7150","jpdetailenkaku","1"
"7150","プルーデンシャルグループ","1"
"7150","部屋","1"
"7150","G","1"
"7150","主軸","1"
"7150","ハーレーダビッドソンオーナー","1"
"7150","盗難","1"
"7150","スポーツ","1"
"7150","サイクル","1"
"7150","comipostatement","1"
"7150","honbun","1"
"7150","jpcrp","1"
"7150","srs","1"
"7150","ixbrl","1"
"7150","方法","1"
"7150","ウェブ","1"
"7150","comnewssbi","1"
"7150","titleSBI","1"
"7150","短","1"
"7150","lastInc","1"
"7150","firstEasyCommunications","1"
"7150","websitewww","1"
"7150","マンション","1"
"7150","快適","1"
"7150","NSSI","1"
"7150","ssi","1"
"7150","jpnewsdetail","1"
"7150","workNSSI","1"
"7150","水産","1"
"7150","信用組合","1"
"7150","農山","1"
"7150","漁村","1"
"7150","特色","1"
"7150","つながり","1"
"7150","大都市","1"
"7150","連","1"
"7150","繋がり","1"
"7150","地方","1"
"7150","マスメディア","1"
"7150","冠","1"
"7150","市","1"
"7150","エイ","1"
"7150","モス","1"
"7150","兄弟","1"
"7150","パイオニア","1"
"7150","東洋","1"
"7150","直販","1"
"7150","所在","1"
"7150","各国","1"
"7150","航空","1"
"7150","原子力","1"
"7150","自賠責","1"
"7150","プール","1"
"7150","格付","1"
"7150","AMBest","1"
"7150","insurancenetworking","1"
"7150","comnewsSwiss","1"
"7150","munich","1"
"7150","best","1"
"7150","premiums","1"
"7150","GlobalReinsurers","1"
"7150","insuranceCompanyoftheYear","1"
"7150","marketwire","1"
"7150","compress","1"
"7150","releaseglobal","1"
"7150","forum","1"
"7150","remains","1"
"7150","actively","1"
"7150","engaged","1"
"7150","ongoing","1"
"7150","regulatory","1"
"7150","debate","1"
"7150","secure","1"
"7150","value","1"
"7150","nyse","1"
"7150","sco","1"
"7150","spanXLCapital","1"
"7150","法律","1"
"7150","ケア","1"
"7150","シリーズ","1"
"7150","np","1"
"7150","jparticlelivingmoneylist","1"
"7150","CK","1"
"7150","erabi","1"
"7150","netseihoshohingoods","1"
"7150","選び","1"
"7150","取り扱い","1"
"7150","あと","1"
"7150","Powermat","1"
"7150","シュライバー","1"
"7150","シャイ・ウィニガー","1"
"7150","関わり","1"
"7150","要素","1"
"7150","人工","1"
"7150","知能","1"
"7150","AI","1"
"7150","経済","1"
"7150","モデル","1"
"7150","forbes","1"
"7150","comsitesjefffromm","1"
"7150","how","1"
"7150","startup","1"
"7150","lemonade","1"
"7150","is","1"
"7150","redefining","1"
"7150","insurance","1"
"7150","for","1"
"7150","millennials","1"
"7150","w","1"
"7150","u","1"
"7150","p","1"
"7150","L","1"
"7150","ngInsuranceForMillennials","1"
"7150","publisherForbes","1"
"7150","インシュアランス","1"
"7150","プラン","1"
"7150","ローン","1"
"7150","store","1"
"7150","kinzai","1"
"7150","jpmagazineAZindex","1"
"7150","事情","1"
"7150","円建て","1"
"7150","jpnewskiji","1"
"7150","jpnewsnews","1"
"7150","comspecialplaybackTKY","1"
"7150","異例","1"
"7150","家庭","1"
"7150","取り組み","1"
"7150","fukokushinrai","1"
"7150","jppdfinfosite","1"
"7150","roudoukyoku","1"
"7150","jpseidokintouindex","1"
"7150","名簿","1"
"7150","ニッセイ・ウェルス","1"
"7150","物品","1"
"7150","表面","1"
"7150","出典","1"
"7150","PwC","1"
"7150","b","1"
"7150","STREETBANKANDTRUSTCOMPANY","1"
"7150","tokiomarinehd","1"
"7150","TokioMarineHoldingsInc","1"
"7150","digital","1"
"7150","comarticlesASJ","1"
"7150","requesturlarticlesASJ","1"
"7150","朝刊","1"
"7150","法","1"
"7150","法定","1"
"7150","法文","1"
"7150","ラインナップ","1"
"7150","簡保","1"
"7150","外務","1"
"7150","満期","1"
"7150","フィナンシャルワン","1"
"7150","MUFG","1"
"7150","サウスイースタン・アセット・マネジメント","1"
"7150","草刈","1"
"7150","自主","1"
"7150","路線","1"
"7150","再々","1"
"7150","行方","1"
"7150","combusinessupdate","1"
"7150","TKY","1"
"7150","上半期","1"
"7150","nksj","1"
"7150","comdocpdfnews","1"
"7150","nipponkoa","1"
"7150","mediaSJNKfilesnewssjnk","1"
"7150","ボクシング","1"
"7150","選手","1"
"7150","ラウンド","1"
"7150","トランクス","1"
"7150","後部","1"
"7150","チューリッヒ","1"
"7150","lang","1"
"7150","de","1"
"7150","Versicherungs","1"
"7150","Verein","1"
"7150","comenabout","1"
"7150","usa","1"
"7150","global","1"
"7150","insurerhistory","1"
"7150","heritage","1"
"7150","titleHistoryandheritage","1"
"7150","ブリ","1"
"7150","ティッシュ","1"
"7150","タバコ","1"
"7150","効率","1"
"7150","insurancedaily","1"
"7150","uk","1"
"7150","change","1"
"7150","completed","1"
"7150","Zurichnamechangecompleted","1"
"7150","publisherInsuranceDaily","1"
"7150","財界","1"
"7150","鉄道弘済会","1"
"7150","株券","1"
"7150","ＴＯＢ","1"
"7150","bsg","1"
"7150","JP","1"
"7150","workSankeiBiz","1"
"7150","初","1"
"7150","文字","1"
"7150","jpcompanyinfohistorymeiji","1"
"7150","歩み","1"
"7150","支払","1"
"7150","実績","1"
"7150","現金","1"
"7150","jpnkavepdf","1"
"7150","入れ替え","1"
"7150","全面","1"
"7150","jpcompanygyousekigyseki","1"
"7150","index","1"
"7150","フロンティア","1"
"7150","ブローカー","1"
"7150","インシュアランスブローカーズ","1"
"7150","マネジメント","1"
"7150","ミラーインターナショナルアジャスティング","1"
"7150","主体","1"
"7150","本格","1"
"7150","SOMPO","1"
"7150","最後","1"
"7150","冒頭","1"
"7150","FM","1"
"7150","JFN","1"
"7150","presents","1"
"7150","メロディー","1"
"7150","presentsYUKIHELLO","1"
"7150","名義","1"
"7150","AXA","1"
"7150","ccessdate","1"
"7150","経常","1"
"7150","純資産","1"
"7150","舗数","1"
"7150","net","1"
"7150","Lang","1"
"7150","short","1"
"7150","Y","1"
"7150","U","1"
"7150","URANCEPARTNERSCORPORATION","1"
"7150","芙蓉","1"
"7150","小学校","1"
"7150","交通","1"
"7150","ワッペン","1"
"7150","NOR","1"
"7150","争い","1"
"7150","ノルマ","1"
"7150","手法","1"
"7150","ga","1"
"7150","sjnk","1"
"7150","jpprecommonfile","1"
"7150","フィン","1"
"7150","ファン","1"
"7150","絵画","1"
"7150","春","1"
"7150","大型","1"
"7150","連休","1"
"7150","ゴールデンウィーク","1"
"7150","言葉","1"
"7150","商標","1"
"7150","JPG","1"
"7150","戦前","1"
"7150","帝国","1"
"7150","取り沙汰","1"
"7150","白紙","1"
"7150","TOKIOMARINENICHIDO","1"
"7150","知名度","1"
"7150","comkinyokaisyoukai","1"
"7150","commpacjcompanies","1"
"7150","tokiomarine","1"
"7150","nichido","1"
"7150","jpj","1"
"7150","都合","1"
"7150","アクサ・エス・アー","1"
"7150","birth","1"
"7150","友の会","1"
"7150","飼い主","1"
"7150","場","1"
"7150","模様","1"
"7150","document","1"
"7150","理事","1"
"7150","kinyusiryoukinyudai","1"
"7150","sir","1"
"7150","minutes","1"
"7150","citeconference","1"
"7150","roku","1"
"7150","総務","1"
"7150","v","1"
"7150","eir","1"
"7150","parts","1"
"7150","netv","1"
"7150","ContentsView","1"
"7150","aspx","1"
"7150","catyuho","1"
"7150","sid","1"
"7150","年度","1"
"7150","目次","1"
"7150","disclosure","1"
"7150","chronicle","1"
"7150","Citejournal","1"
"7150","和書","1"
"7150","アニコムグループ","1"
"7150","journal","1"
"7150","jpirlibrarydisclosurepdf","1"
"7150","AHD","1"
"7150","表","1"
"7150","裏","1"
"7150","時","1"
"7150","comcompanyoutline","1"
"7150","ソニー・プルデンシャル","1"
"7150","バブル","1"
"7150","財務","1"
"7150","意向","1"
"7150","具体","1"
"7150","エーアイジー・ヨーロッパ・","1"
"7150","SA","1"
"7150","アメリカンホーム・アシュランス・カンパニー","1"
"7150","アンダーライターズ・オーバーシーズ・リミテッド","1"
"7150","エイアイユー・インシュアランス・カンパニー","1"
"7150","jpnewsattach","1"
"7150","Chartis","1"
"7150","jpCGInewsindex","1"
"7150","cgi","1"
"7150","viewdetail","1"
"7150","yomiuri","1"
"7150","jpatmoneyenterprisesmanda","1"
"7150","OYT","1"
"7150","htmYOMIURIONLINE","1"
"7150","houjin","1"
"7150","bangou","1"
"7150","nta","1"
"7150","jphenkorireki","1"
"7150","johoto","1"
"7150","selHouzinNo","1"
"7150","amp","1"
"7150","ADHD","1"
"7150","pr","1"
"7150","comnewsfy","1"
"7150","news","1"
"7150","シティ","1"
"7150","店内","1"
"7150","カタログ","1"
"7150","スタンド","1"
"7150","リテール","1"
"7150","comnewslatestarticleg","1"
"7150","B","1"
"7150","DE","1"
"7150","電子","1"
"7150","見積","1"
"7150","オンライン","1"
"7150","ファイナンス","1"
"7150","前面","1"
"7150","PR","1"
"7150","ミレアグローブ","1"
"7150","試み","1"
"7150","申込","1"
"7150","コンタクト","1"
"7150","内容","1"
"7150","QR","1"
"7150","shogaku","1"
"7150","petopapi","1"
"7150","pet","1"
"7150","happy","1"
"7150","jparticlejounetsubito","1"
"7150","Vol","1"
"7150","男","1"
"7150","ペトハピ","1"
"7150","仕組み","1"
"7150","xTECH","1"
"7150","ストラテジー","1"
"7150","gr","1"
"7150","jpcontentscaseinterview","1"
"7150","プロジェクト","1"
"7150","named","1"
"7150","money","1"
"7150","前編","1"
"7150","夢","1"
"7150","お金","1"
"7150","本質","1"
"7150","websiteFROGGY","1"
"7150","publisherSMBC","1"
"7150","フィナンシャル","1"
"7150","aiyoLife","1"
"7150","KDDI","1"
"7150","ジョイント","1"
"7150","ベンチャー","1"
"7150","範囲","1"
"7150","エンド","1"
"7150","自己","1"
"7150","auID","1"
"7150","ログイン","1"
"7150","アップル","1"
"7150","端末","1"
"7150","クレジットカード","1"
"7150","コンビニ","1"
"7150","comjanewsnews","1"
"7150","topicsnews","1"
"7150","keieitougou","1"
"7150","kirameki","1"
"7150","aioiseimei","1"
"7150","PDF","1"
"7150","起源","1"
"7150","元","1"
"7150","同名","1"
"7150","せいし","1"
"7150","地球","1"
"7150","グリーン","1"
"7150","上段","1"
"7150","下段","1"
"7150","インシュアランスプランニング","1"
"7150","アンセルインシュアランス","1"
"7150","総会","1"
"7150","citenews","1"
"7150","comarticleDGXMZO","1"
"7150","jpnewspdf","1"
"7150","カード","1"
"7150","jpkaishaannaigaiyoenkaku","1"
"7150","お客様","1"
"7150","公社債","1"
"7150","外国","1"
"7150","貸付","1"
"7150","jpkaishaannaigyosekipdf","1"
"7150","disc","1"
"7150","学校","1"
"7150","学園","1"
"7150","勧業","1"
"7150","のち","1"
"7150","後身","1"
"7150","スカイ","1"
"7150","ツリー","1"
"7150","skytree","1"
"7150","HP","1"
"7150","ュフ","1"
"7150","クチャラーズ・ライフ・インシュアランス・カンパニー","1"
"7150","革命","1"
"7150","工場","1"
"7150","趣旨","1"
"7150","国策","1"
"7150","JohnHancockInsurance","1"
"7150","ジョン・ハンコック","1"
"7150","ジョン・ハンコックフィナンシャルサービス","1"
"7150","manulife","1"
"7150","港","1"
"7150","jpcompanyoutlinepartner","1"
"7150","jpcompanyoutlinehistory","1"
"7150","役職","1"
"7150","フランチャイズ","1"
"7150","フランチャイジー","1"
"7150","ip","1"
"7150","スロー","1"
"7150","部","1"
"7150","jpx","1"
"7150","jplistingstocksnewnlsgeu","1"
"7150","att","1"
"7150","ipetInsurance","1"
"7150","pages","1"
"7150","release","1"
"7150","dreamincubator","1"
"7150","jpwpwp","1"
"7150","contentuploads","1"
"7150","cso","1"
"7150","interview","1"
"7150","careerinq","1"
"7150","mindustrycxointerviewipet","1"
"7150","titleCxO","1"
"7150","常務","1"
"7150","CSO","1"
"7150","最高","1"
"7150","ハイクラス・エグゼクティブ","1"
"7150","キャリアインキュベーション","1"
"7150","jpnewsmarketnews","1"
"7150","bn","1"
"7150","市況","1"
"7150","潤い","1"
"7150","一般","1"
"7150","トリミング","1"
"7150","サロン","1"
"7150","見通し","1"
"7150","フジサンケイビジネスアイ","1"
"7150","SankeiBiz","1"
"7150","お客","1"
"7150","主義","1"
"7150","gaiyou","1"
"7150","jpcompanyinfooutlineindex","1"
"7150","ISO","1"
"7150","ソルベンシー・マージン","1"
"7150","比率","1"
"7150","ライセンス","1"
"7150","領域","1"
"7150","財産","1"
"7150","銀行株","1"
"7150","finance","1"
"7150","sina","1"
"7150","cnmoneyinsurancebxdt","1"
"7150","急速","1"
"7150","柱","1"
"7150","比","1"
"7150","正社員","1"
"7150","sBiggestPublicCompanies","1"
"7150","RANKING","1"
"7150","国営","1"
"7150","WPP","1"
"7150","ランク","1"
"7150","サッカー","1"
"7150","スーパー","1"
"7150","リーグ","1"
"7150","タイトル","1"
"7150","imgjapan","1"
"7150","comnews","1"
"7150","pagenews","1"
"7150","detail","1"
"7150","nws","1"
"7150","code","1"
"7150","漢方薬","1"
"7150","mainichi","1"
"7150","jparticles","1"
"7150","ddm","1"
"7150","OmahaKiewitPlaza","1"
"7150","jpg","1"
"7150","right","1"
"7150","キューイット・プラザウォーレン・バフェット","1"
"7150","quotes","1"
"7150","wsj","1"
"7150","comBRKAcompany","1"
"7150","peopleBRK","1"
"7150","ACompanyProfile","1"
"7150","バートン・マルキール","1"
"7150","ランダムウォーカー","1"
"7150","原著","1"
"7150","パートナーシップ","1"
"7150","当たり","1"
"7150","年間","1"
"7150","最大限","1"
"7150","矢","1"
"7150","謎","1"
"7150","家族","1"
"7150","税理士","1"
"7150","会計士","1"
"7150","メイン","1"
