"3100","株式会社","283"
"3100","月","191"
"3100","本社","174"
"3100","ブランド","161"
"3100","企業","157"
"3100","会社","136"
"3100","事業","133"
"3100","繊維","120"
"3100","メーカー","113"
"3100","www","93"
"3100","name","92"
"3100","製品","81"
"3100","工場","74"
"3100","http","63"
"3100","社名","60"
"3100","タオル","54"
"3100","中心","52"
"3100","co","46"
"3100","子会社","45"
"3100","同社","44"
"3100","グループ","42"
"3100","html","42"
"3100","学生","41"
"3100","title","40"
"3100","国内","39"
"3100","accessdate","39"
"3100","スポーツ","38"
"3100","nikkei","37"
"3100","商品","36"
"3100","アパレル","35"
"3100","date","35"
"3100","ウェア","34"
"3100","ファッション","34"
"3100","技術","33"
"3100","株式","33"
"3100","社長","32"
"3100","紡績","32"
"3100","衣料","32"
"3100","publisher","32"
"3100","Ltd","29"
"3100","足袋","29"
"3100","布","29"
"3100","大手","29"
"3100","アパレルメーカー","27"
"3100","ホールディングス","27"
"3100","工業","27"
"3100","女性","27"
"3100","urlhttp","27"
"3100","ジーンズ","26"
"3100","店舗","26"
"3100","Co","23"
"3100","子供","23"
"3100","織物","23"
"3100","用品","22"
"3100","名","22"
"3100","author","22"
"3100","産業","21"
"3100","利益","21"
"3100","世界","21"
"3100","CM","21"
"3100","株主","21"
"3100","海外","20"
"3100","学校","20"
"3100","制服","19"
"3100","agency","19"
"3100","婦人","18"
"3100","各種","18"
"3100","オリジナル","18"
"3100","ワールド","18"
"3100","全国","18"
"3100","LTD","17"
"3100","売上","17"
"3100","citenews","17"
"3100","シェア","16"
"3100","キャラクター","16"
"3100","業界","16"
"3100","ライセンス","16"
"3100","取締役","16"
"3100","jp","16"
"3100","Citeweb","16"
"3100","CO","15"
"3100","法人","15"
"3100","紳士","15"
"3100","分野","15"
"3100","テレビ","15"
"3100","資本","15"
"3100","主力","14"
"3100","商標","14"
"3100","英文","14"
"3100","業績","14"
"3100","不動産","14"
"3100","証券","14"
"3100","炭素","14"
"3100","化学","14"
"3100","A","14"
"3100","pdf","14"
"3100","百貨店","13"
"3100","ロゴ","13"
"3100","名称","13"
"3100","サイト","13"
"3100","専門","13"
"3100","自動車","13"
"3100","傘下","13"
"3100","会員","13"
"3100","水着","13"
"3100","https","13"
"3100","e","13"
"3100","衣装","12"
"3100","エドウイン","12"
"3100","素材","12"
"3100","カーテン","12"
"3100","生地","12"
"3100","老舗","12"
"3100","スポンサー","12"
"3100","樹脂","12"
"3100","スクール","12"
"3100","経済","12"
"3100","ビル","12"
"3100","E","12"
"3100","a","12"
"3100","下着","11"
"3100","所在","11"
"3100","時代","11"
"3100","肌着","11"
"3100","バッグ","11"
"3100","持株","11"
"3100","ぼう","11"
"3100","商店","11"
"3100","歴史","11"
"3100","B","11"
"3100","n","11"
"3100","協会","11"
"3100","i","11"
"3100","toyokeizai","11"
"3100","拠点","10"
"3100","卸","10"
"3100","レーヨン","10"
"3100","ユニフォーム","10"
"3100","資産","10"
"3100","医療","10"
"3100","情報","10"
"3100","英語","10"
"3100","帽子","10"
"3100","C","10"
"3100","p","10"
"3100","商号","9"
"3100","本店","9"
"3100","デニム","9"
"3100","デザイナー","9"
"3100","靴下","9"
"3100","通称","9"
"3100","知名度","9"
"3100","トンボ","9"
"3100","フットマーク","9"
"3100","ショップ","9"
"3100","スローガン","9"
"3100","如意","9"
"3100","部門","9"
"3100","環境","9"
"3100","ポリエステル","9"
"3100","news","9"
"3100","間","9"
"3100","人気","9"
"3100","urlhttps","9"
"3100","基幹","9"
"3100","l","9"
"3100","市場","9"
"3100","yuho","9"
"3100","男性","8"
"3100","国際","8"
"3100","財閥","8"
"3100","資材","8"
"3100","雑貨","8"
"3100","他","8"
"3100","フエルト","8"
"3100","ニット","8"
"3100","文化","8"
"3100","内容","8"
"3100","工芸","8"
"3100","内装","8"
"3100","株","8"
"3100","ビジネス","8"
"3100","毛織物","8"
"3100","藍","8"
"3100","前身","8"
"3100","OEM","8"
"3100","kishi","8"
"3100","S","8"
"3100","親会社","8"
"3100","バーバリー","8"
"3100","有限","7"
"3100","もと","7"
"3100","地方","7"
"3100","理念","7"
"3100","Corporation","7"
"3100","服飾","7"
"3100","福助","7"
"3100","特徴","7"
"3100","モール","7"
"3100","メイド","7"
"3100","グッズ","7"
"3100","一般","7"
"3100","Inc","7"
"3100","イオン","7"
"3100","Z","7"
"3100","第三者","7"
"3100","カジュアル","7"
"3100","東洋","7"
"3100","ジャケット","7"
"3100","製紙","7"
"3100","規模","7"
"3100","人物","7"
"3100","ケミカル","7"
"3100","ナイロン","7"
"3100","s","7"
"3100","asahi","7"
"3100","o","7"
"3100","会長","7"
"3100","c","7"
"3100","language","7"
"3100","日本語","7"
"3100","page","7"
"3100","フロイデンベルグ","7"
"3100","製糸","7"
"3100","ドレス","6"
"3100","メイン","6"
"3100","名前","6"
"3100","現地","6"
"3100","エース","6"
"3100","カバン","6"
"3100","ファスナー","6"
"3100","足","6"
"3100","糸","6"
"3100","形","6"
"3100","伝統","6"
"3100","グッド","6"
"3100","オフィス","6"
"3100","バレエ","6"
"3100","帝国","6"
"3100","レース","6"
"3100","F","6"
"3100","負債","6"
"3100","当社","6"
"3100","元年","6"
"3100","せき","6"
"3100","戦略","6"
"3100","委員","6"
"3100","主体","6"
"3100","ネット","6"
"3100","中核","6"
"3100","コート","6"
"3100","スタイル","6"
"3100","エステル","6"
"3100","（株）","6"
"3100","顧客","6"
"3100","機械","6"
"3100","工房","6"
"3100","モノ","6"
"3100","概要","6"
"3100","php","6"
"3100","社員","6"
"3100","ソング","6"
"3100","純資産","6"
"3100","br","6"
"3100","外部","6"
"3100","事項","6"
"3100","民事","6"
"3100","時点","6"
"3100","図書館","6"
"3100","争議","6"
"3100","社会","6"
"3100","需要","6"
"3100","N","6"
"3100","体育","6"
"3100","web","6"
"3100","Citenews","6"
"3100","オリンピック","6"
"3100","レインコート","6"
"3100","financial","6"
"3100","金融","6"
"3100","シャツ","5"
"3100","東","5"
"3100","機器","5"
"3100","アングル","5"
"3100","小物","5"
"3100","用具","5"
"3100","着物","5"
"3100","債権","5"
"3100","綿","5"
"3100","所在地","5"
"3100","イベント","5"
"3100","Limited","5"
"3100","合繊","5"
"3100","HOUSE","5"
"3100","D","5"
"3100","トップ","5"
"3100","部品","5"
"3100","レディース","5"
"3100","最大","5"
"3100","系列","5"
"3100","オンライン","5"
"3100","本部","5"
"3100","サイズ","5"
"3100","染","5"
"3100","システム","5"
"3100","メンバー","5"
"3100","直営店","5"
"3100","一員","5"
"3100","インテリア","5"
"3100","名門","5"
"3100","材料","5"
"3100","ヨット","5"
"3100","本","5"
"3100","一つ","5"
"3100","K","5"
"3100","カンパニー","5"
"3100","フィラメント","5"
"3100","電子","5"
"3100","寝具","5"
"3100","I","5"
"3100","発行済","5"
"3100","総数","5"
"3100","単体","5"
"3100","en","5"
"3100","合弁","5"
"3100","体制","5"
"3100","テキスタイル","5"
"3100","方針","5"
"3100","ファイル","5"
"3100","jpg","5"
"3100","nichibo","5"
"3100","m","5"
"3100","業務","5"
"3100","筆頭","5"
"3100","フェルト","5"
"3100","人","5"
"3100","ゴルフ","5"
"3100","L","5"
"3100","O","5"
"3100","中学校","5"
"3100","u","5"
"3100","group","5"
"3100","番組","5"
"3100","テーマ","5"
"3100","跡地","5"
"3100","新聞","5"
"3100","or","5"
"3100","archive","5"
"3100","orgweb","5"
"3100","jpCN","5"
"3100","CN","5"
"3100","後継","5"
"3100","r","5"
"3100","比率","5"
"3100","絹","5"
"3100","ブラジャー","5"
"3100","ファッションデザイナー","4"
"3100","ジャンル","4"
"3100","KB","4"
"3100","ツヅキ","4"
"3100","アウトドア","4"
"3100","玩具","4"
"3100","靴","4"
"3100","イースト","4"
"3100","ボーイ","4"
"3100","ヴァンヂャケット","4"
"3100","インターネット","4"
"3100","他社","4"
"3100","色","4"
"3100","手","4"
"3100","ベビー服","4"
"3100","ヒル","4"
"3100","インターナショナル","4"
"3100","サンペックスイスト","4"
"3100","金属","4"
"3100","コーポレーション","4"
"3100","麻","4"
"3100","マフラー","4"
"3100","JAPAN","4"
"3100","コラボレーション","4"
"3100","シリーズ","4"
"3100","ファンド","4"
"3100","コンセプト","4"
"3100","持分","4"
"3100","ベビー","4"
"3100","被服","4"
"3100","初代","4"
"3100","レディ","4"
"3100","Tシャツ","4"
"3100","問屋","4"
"3100","実績","4"
"3100","サッカー","4"
"3100","チーム","4"
"3100","衛生","4"
"3100","コットン","4"
"3100","甚与","4"
"3100","市立","4"
"3100","毛糸","4"
"3100","地域","4"
"3100","首位","4"
"3100","年間","4"
"3100","目的","4"
"3100","航空機","4"
"3100","保安","4"
"3100","ほん","4"
"3100","紙おむつ","4"
"3100","有数","4"
"3100","世界中","4"
"3100","カンコー","4"
"3100","商","4"
"3100","テーラー","4"
"3100","機関","4"
"3100","大臣","4"
"3100","ニュー","4"
"3100","SPA","4"
"3100","北","4"
"3100","電気","4"
"3100","コマーシャル","4"
"3100","EDINET","4"
"3100","ミシン","4"
"3100","話題","4"
"3100","地元","4"
"3100","経常","4"
"3100","thumb","4"
"3100","px","4"
"3100","敷地","4"
"3100","日本人","4"
"3100","h","4"
"3100","フライト","4"
"3100","革","4"
"3100","船場","4"
"3100","ロマン","4"
"3100","看板","4"
"3100","連盟","4"
"3100","大会","4"
"3100","出身","4"
"3100","hyogo","4"
"3100","メリヤス","4"
"3100","現代","4"
"3100","バブル","4"
"3100","ホテル","4"
"3100","力","4"
"3100","テニス","4"
"3100","原料","4"
"3100","ページ","4"
"3100","バー","4"
"3100","k","4"
"3100","おむつ","4"
"3100","newspaper","4"
"3100","ペン","4"
"3100","vilene","4"
"3100","jpnewslistimgnewsp","4"
"3100","自己","4"
"3100","mitsubishi","4"
"3100","大輪","4"
"3100","izumisano","4"
"3100","kyuryo","4"
"3100","人造","4"
"3100","銀行","3"
"3100","テック","3"
"3100","TSI","3"
"3100","アーバンリサーチ","3"
"3100","パートナーズ","3"
"3100","アゾンインターナショナル","3"
"3100","人形","3"
"3100","手袋","3"
"3100","アヤハグループ","3"
"3100","国外","3"
"3100","抄紙","3"
"3100","Company","3"
"3100","たび","3"
"3100","品質","3"
"3100","ストッキング","3"
"3100","マーケット","3"
"3100","楽屋","3"
"3100","がく","3"
"3100","インナー","3"
"3100","丸","3"
"3100","マスク","3"
"3100","食品","3"
"3100","メディカル","3"
"3100","白衣","3"
"3100","ジェディックス","3"
"3100","BORG","3"
"3100","インゲボルグ","3"
"3100","Helmut","3"
"3100","本拠","3"
"3100","リボン","3"
"3100","フリー","3"
"3100","オブ","3"
"3100","夢","3"
"3100","本拠地","3"
"3100","多角","3"
"3100","マテリアル","3"
"3100","男","3"
"3100","パート","3"
"3100","建物","3"
"3100","夏","3"
"3100","雑誌","3"
"3100","もも","3"
"3100","前面","3"
"3100","フーセンウサギ","3"
"3100","衣類","3"
"3100","基準","3"
"3100","本場","3"
"3100","支店","3"
"3100","本舗","3"
"3100","コーポレート","3"
"3100","Holdings","3"
"3100","フランス語","3"
"3100","製薬","3"
"3100","消防車","3"
"3100","綿布","3"
"3100","写真","3"
"3100","泉","3"
"3100","会館","3"
"3100","服地","3"
"3100","役員","3"
"3100","紡","3"
"3100","刺し子","3"
"3100","福","3"
"3100","ふく","3"
"3100","カーペット","3"
"3100","壁","3"
"3100","商事","3"
"3100","貸し","3"
"3100","最初","3"
"3100","日系","3"
"3100","一族","3"
"3100","テックス","3"
"3100","ワンピース","3"
"3100","割合","3"
"3100","目標","3"
"3100","エネルギー","3"
"3100","アクリル","3"
"3100","グラファイトファイバー","3"
"3100","白","3"
"3100","大人","3"
"3100","高齢","3"
"3100","取り扱い","3"
"3100","古参","3"
"3100","能力","3"
"3100","基盤","3"
"3100","センター","3"
"3100","一角","3"
"3100","高校","3"
"3100","モデル","3"
"3100","漁業","3"
"3100","地区","3"
"3100","五彩","3"
"3100","id","3"
"3100","大学","3"
"3100","若者","3"
"3100","紙袋","3"
"3100","特","3"
"3100","スーパー","3"
"3100","毛織","3"
"3100","sotoh","3"
"3100","沿革","3"
"3100","カラー","3"
"3100","合名","3"
"3100","アイドル","3"
"3100","郎","3"
"3100","nikkeibo","3"
"3100","中小","3"
"3100","マーケティング","3"
"3100","組合","3"
"3100","グリーン","3"
"3100","モチーフ","3"
"3100","出典","3"
"3100","女子","3"
"3100","幹部","3"
"3100","効率","3"
"3100","専務","3"
"3100","ベルト","3"
"3100","専業","3"
"3100","自分","3"
"3100","絹糸","3"
"3100","障害","3"
"3100","g","3"
"3100","国内外","3"
"3100","しま","3"
"3100","織機","3"
"3100","事務所","3"
"3100","各地","3"
"3100","のち","3"
"3100","リトル","3"
"3100","U","3"
"3100","雌","3"
"3100","j","3"
"3100","商会","3"
"3100","娘","3"
"3100","プロモーション","3"
"3100","サウンド","3"
"3100","効果","3"
"3100","科技","3"
"3100","集団","3"
"3100","軸","3"
"3100","d","3"
"3100","R","3"
"3100","jparticles","3"
"3100","女の子","3"
"3100","鶏","3"
"3100","綿糸","3"
"3100","陽","3"
"3100","ジャーナル","3"
"3100","archivedate","3"
"3100","deadlinkdate","3"
"3100","VAN","3"
"3100","ラケット","3"
"3100","畑","3"
"3100","崎","3"
"3100","種類","3"
"3100","テレコ","3"
"3100","用水","3"
"3100","最大手","3"
"3100","diamond","3"
"3100","ダイナシティ","3"
"3100","kaituke","3"
"3100","mrc","3"
"3100","疑い","3"
"3100","TJ","3"
"3100","asakura","3"
"3100","senpu","3"
"3100","サムソナイト","3"
"3100","皮革","3"
"3100","遺産","3"
"3100","大屋","3"
"3100","麻布","3"
"3100","文字","2"
"3100","綴り","2"
"3100","自体","2"
"3100","生まれ","2"
"3100","ミルク","2"
"3100","レディス","2"
"3100","INTERNATIONAL","2"
"3100","ゴム","2"
"3100","い","2"
"3100","マン","2"
"3100","イチカワ","2"
"3100","Incontro","2"
"3100","エビス","2"
"3100","黒字","2"
"3100","魂","2"
"3100","Key","2"
"3100","th","2"
"3100","アニメ","2"
"3100","コミック","2"
"3100","国","2"
"3100","キンパラ","2"
"3100","野球","2"
"3100","ウェディング","2"
"3100","CORPORATION","2"
"3100","ゴーセン","2"
"3100","バドミントン","2"
"3100","コスギ","2"
"3100","INC","2"
"3100","コスパ","2"
"3100","社","2"
"3100","レストラン","2"
"3100","サンペックス","2"
"3100","イスト","2"
"3100","Karl","2"
"3100","カールヘルム","2"
"3100","Ph","2"
"3100","Blue","2"
"3100","ペーハー","2"
"3100","ブルー","2"
"3100","ジョア","2"
"3100","シルバーオックス","2"
"3100","ステュディオ・ダ・ルチザン","2"
"3100","LIMITED","2"
"3100","コンピュータ","2"
"3100","床","2"
"3100","ビニル","2"
"3100","ド","2"
"3100","ティノラス","2"
"3100","マーキングペン","2"
"3100","トップクラス","2"
"3100","紡織","2"
"3100","はか","2"
"3100","和装","2"
"3100","土地","2"
"3100","秋","2"
"3100","クローバー","2"
"3100","フリル","2"
"3100","家族","2"
"3100","PINK","2"
"3100","家具","2"
"3100","食器","2"
"3100","ユーザー","2"
"3100","コミュニティ","2"
"3100","ファン","2"
"3100","コラボ","2"
"3100","LVMH","2"
"3100","プロジェ・ホールディングス","2"
"3100","親子","2"
"3100","芸術","2"
"3100","職人","2"
"3100","ボブソン","2"
"3100","オーナー","2"
"3100","おり","2"
"3100","文化財","2"
"3100","絹織物","2"
"3100","ノベルティ","2"
"3100","ロット","2"
"3100","Ｔシャツ","2"
"3100","リオグループホールディングス","2"
"3100","正社員","2"
"3100","こ","2"
"3100","Industry","2"
"3100","ホース","2"
"3100","INDUSTRIES","2"
"3100","染織","2"
"3100","御幸","2"
"3100","みつ","2"
"3100","県内","2"
"3100","公立","2"
"3100","校長","2"
"3100","びし","2"
"3100","レイヨン","2"
"3100","メタ","2"
"3100","酸","2"
"3100","メチル","2"
"3100","ステープル","2"
"3100","投手","2"
"3100","ハムファイターズ","2"
"3100","外野","2"
"3100","刺子","2"
"3100","外国","2"
"3100","客","2"
"3100","マグロ","2"
"3100","Textile","2"
"3100","セルコン","2"
"3100","室内","2"
"3100","帯","2"
"3100","美術","2"
"3100","鞄","2"
"3100","市内","2"
"3100","天神","2"
"3100","地下街","2"
"3100","消防","2"
"3100","クロージング","2"
"3100","洋服","2"
"3100","ブラウス","2"
"3100","羽毛","2"
"3100","略","2"
"3100","医薬","2"
"3100","未来","2"
"3100","パートナー","2"
"3100","科学","2"
"3100","柱","2"
"3100","内野","2"
"3100","業者","2"
"3100","漁網","2"
"3100","実質","2"
"3100","NIPPON","2"
"3100","アロマテラピー","2"
"3100","ピッチ","2"
"3100","里","2"
"3100","薬品","2"
"3100","トータル","2"
"3100","ヘルスケア","2"
"3100","らん","2"
"3100","ぷや","2"
"3100","近県","2"
"3100","小中学校","2"
"3100","高専","2"
"3100","ブタ","2"
"3100","全般","2"
"3100","アラミド","2"
"3100","momoi","2"
"3100","マルチ","2"
"3100","農業","2"
"3100","陸上","2"
"3100","JR","2"
"3100","屋外","2"
"3100","ehime","2"
"3100","データベース","2"
"3100","大賞","2"
"3100","経","2"
"3100","シーン","2"
"3100","最先端","2"
"3100","神様","2"
"3100","南","2"
"3100","春","2"
"3100","取扱","2"
"3100","新","2"
"3100","ラン・クロージング","2"
"3100","ミユキソーイング","2"
"3100","ライフ","2"
"3100","人材","2"
"3100","歌手","2"
"3100","メッセージ","2"
"3100","jpcompany","2"
"3100","nindex","2"
"3100","go","2"
"3100","uji","2"
"3100","有価","2"
"3100","scode","2"
"3100","毛皮","2"
"3100","プラダ","2"
"3100","時計","2"
"3100","レザー","2"
"3100","傾向","2"
"3100","背景","2"
"3100","知識","2"
"3100","アイデア","2"
"3100","手作業","2"
"3100","コレクション","2"
"3100","既製","2"
"3100","路線","2"
"3100","最優秀","2"
"3100","首相","2"
"3100","施政","2"
"3100","国会","2"
"3100","電力","2"
"3100","社内","2"
"3100","オーガニックコットン","2"
"3100","姿勢","2"
"3100","舗数","2"
"3100","女神","2"
"3100","範囲","2"
"3100","男子","2"
"3100","ワンポイント","2"
"3100","デジタル","2"
"3100","oohara","2"
"3100","甚吉","2"
"3100","老朽","2"
"3100","中央","2"
"3100","ビルヂング","2"
"3100","ミリタリー","2"
"3100","裏地","2"
"3100","幕","2"
"3100","twitter","2"
"3100","comgorilla","2"
"3100","kouenjistatus","2"
"3100","契機","2"
"3100","FC","2"
"3100","天然","2"
"3100","民族","2"
"3100","羽織","2"
"3100","風呂敷","2"
"3100","製織","2"
"3100","有名ブランド","2"
"3100","視覚","2"
"3100","襟","2"
"3100","クライアント","2"
"3100","強み","2"
"3100","鉄道","2"
"3100","パルプ","2"
"3100","赤字","2"
"3100","基調","2"
"3100","新規","2"
"3100","商工","2"
"3100","数値","2"
"3100","手織り","2"
"3100","スクールユニフォームカンパニー","2"
"3100","ベア","2"
"3100","サブプライムショック","2"
"3100","nikkeibp","2"
"3100","jparticlenews","2"
"3100","社是","2"
"3100","お客様","2"
"3100","元祖","2"
"3100","tokyo","2"
"3100","マネキン","2"
"3100","流れ","2"
"3100","company","2"
"3100","kurasen","2"
"3100","ローマ字","2"
"3100","図案","2"
"3100","公","2"
"3100","H","2"
"3100","工程","2"
"3100","ショール","2"
"3100","試み","2"
"3100","sankei","2"
"3100","ne","2"
"3100","kurashi","2"
"3100","jpnews","2"
"3100","洋","2"
"3100","巡洋艦","2"
"3100","洋画","2"
"3100","ワン","2"
"3100","レベル","2"
"3100","全日本","2"
"3100","手法","2"
"3100","レナウンダーバンホールディングス","2"
"3100","採算","2"
"3100","済","2"
"3100","公司","2"
"3100","renown","2"
"3100","T","2"
"3100","y","2"
"3100","comarticleDGXMZO","2"
"3100","W","2"
"3100","クラロン","2"
"3100","機","2"
"3100","幼稚園","2"
"3100","小学校","2"
"3100","ウェブ","2"
"3100","教師","2"
"3100","kfb","2"
"3100","特長","2"
"3100","ナビ","2"
"3100","LB","2"
"3100","ロープ","2"
"3100","トレンド","2"
"3100","セクシー","2"
"3100","アイテム","2"
"3100","ラグビー","2"
"3100","シューズ","2"
"3100","リーダージャージ","2"
"3100","サプライヤー","2"
"3100","ライフスタイル","2"
"3100","価格","2"
"3100","方向","2"
"3100","戦前","2"
"3100","販路","2"
"3100","売り込み","2"
"3100","ラジオ","2"
"3100","midorikai","2"
"3100","jpmember","2"
"3100","会","2"
"3100","海軍","2"
"3100","戦時","2"
"3100","元","2"
"3100","biz","2"
"3100","journal","2"
"3100","post","2"
"3100","映画","2"
"3100","ターゲット","2"
"3100","comarticleDGXNASDZ","2"
"3100","COM","2"
"3100","wwdjapan","2"
"3100","combusiness","2"
"3100","netarticles","2"
"3100","b","2"
"3100","w","2"
"3100","皇室","2"
"3100","初版","2"
"3100","pages","2"
"3100","ショールーム","2"
"3100","takaratomy","2"
"3100","タカラトミー","2"
"3100","マルカ","2"
"3100","メンズ","2"
"3100","ルック","2"
"3100","個性","2"
"3100","DC","2"
"3100","ブーム","2"
"3100","ロリィタブランド","2"
"3100","ロリィタ","2"
"3100","タイプ","2"
"3100","釣糸","2"
"3100","紡糸","2"
"3100","基","2"
"3100","ストリング","2"
"3100","中期","2"
"3100","光","2"
"3100","木口","2"
"3100","タウン","2"
"3100","ホール","2"
"3100","価値","2"
"3100","maruhachi","2"
"3100","MaruhachiMawataCo","2"
"3100","布団","2"
"3100","マル","2"
"3100","ハチ","2"
"3100","番号","2"
"3100","work","2"
"3100","tokyokosha","2"
"3100","成文","2"
"3100","きっかけ","2"
"3100","理由","2"
"3100","ISBN","2"
"3100","家庭","2"
"3100","小型","2"
"3100","Jaked","2"
"3100","EC","2"
"3100","TBS","2"
"3100","品種","2"
"3100","コンサート","2"
"3100","大半","2"
"3100","FT","2"
"3100","株券","2"
"3100","インキ","2"
"3100","至","2"
"3100","descente","2"
"3100","選手","2"
"3100","archiveurlhttp","2"
"3100","companyfinancial","2"
"3100","new","2"
"3100","jpdairinkai","2"
"3100","だい","2"
"3100","丘陵","2"
"3100","緑地","2"
"3100","gaiyo","2"
"3100","危機","2"
"3100","場","2"
"3100","場所","2"
"3100","edwin","2"
"3100","ジョッキー","2"
"3100","comarticleDGXNASDD","2"
"3100","the","2"
"3100","rd","2"
"3100","ADR","2"
"3100","P","2"
"3100","中通り","2"
"3100","心電図","2"
"3100","ブロッコリー","2"
"3100","スーツケース","2"
"3100","世","2"
"3100","ガーデン","2"
"3100","left","2"
"3100","M","2"
"3100","大戦","2"
"3100","医薬品","2"
"3100","建","2"
"3100","世紀","2"
"3100","絲","2"
"3100","テトロン","2"
"3100","ボート","2"
"3100","ヒューマニタリアン","2"
"3100","気候","2"
"3100","ゴール","2"
"3100","恐慌","2"
"3100","地","2"
"3100","都市","2"
"3100","トラック","2"
"3100","窓","2"
"3100","任期","2"
"3100","fy","2"
"3100","メルボ","2"
"3100","ショーツ","2"
"3100","ワイヤー","2"
"3100","イラスト","2"
"3100","パラシュート","2"
"3100","aussieBum","1"
"3100","郊外","1"
"3100","Leichhardt","1"
"3100","ショーンアシュビー","1"
"3100","Essence","1"
"3100","CHOYA","1"
"3100","ワイシャツ","1"
"3100","蝶","1"
"3100","矢","1"
"3100","現","1"
"3100","JUN","1"
"3100","一説","1"
"3100","JUNE","1"
"3100","一文字","1"
"3100","MILK","1"
"3100","NBC","1"
"3100","メッシュ","1"
"3100","スクリーン","1"
"3100","Sua","1"
"3100","THE","1"
"3100","FEW","1"
"3100","ざ","1"
"3100","ゅ","1"
"3100","HOLDINGS","1"
"3100","アークテリクス","1"
"3100","最古","1"
"3100","鳥類","1"
"3100","始祖","1"
"3100","鳥","1"
"3100","学名","1"
"3100","状態","1"
"3100","標本","1"
"3100","RESEARCH","1"
"3100","ジーンズカジュアルショップ","1"
"3100","起源","1"
"3100","ジグ","1"
"3100","ロープロデザイン","1"
"3100","UR","1"
"3100","街","1"
"3100","売り場","1"
"3100","AZONE","1"
"3100","アツギ","1"
"3100","アトム","1"
"3100","アヤハエンジニアリング","1"
"3100","ENGINEERING","1"
"3100","あん","1"
"3100","ぐる","1"
"3100","TOKYO","1"
"3100","IGIN","1"
"3100","ぎん","1"
"3100","クロエ","1"
"3100","ニナ・リッチ","1"
"3100","バル","1"
"3100","インコントロ","1"
"3100","Jacket","1"
"3100","inc","1"
"3100","一世","1"
"3100","ウンナナクール","1"
"3100","nana","1"
"3100","cool","1"
"3100","ボーダーレスアンダーウェアブランド","1"
"3100","エスケィオー","1"
"3100","SKO","1"
"3100","ゑびす","1"
"3100","美人","1"
"3100","意匠","1"
"3100","かかと","1"
"3100","足首","1"
"3100","部分","1"
"3100","スリッパ","1"
"3100","試着","1"
"3100","雰囲気","1"
"3100","オーアイ","1"
"3100","タイツ","1"
"3100","結び","1"
"3100","オクトス","1"
"3100","ヰ","1"
"3100","範","1"
"3100","スキー","1"
"3100","趣味","1"
"3100","自身","1"
"3100","帆布","1"
"3100","通販","1"
"3100","カラオケボックス","1"
"3100","カラ","1"
"3100","形式","1"
"3100","コム","1"
"3100","英雄","1"
"3100","伝説","1"
"3100","VI","1"
"3100","空","1"
"3100","軌跡","1"
"3100","タイトル","1"
"3100","コスト","1"
"3100","ハードル","1"
"3100","ゲーム","1"
"3100","前例","1"
"3100","オタク","1"
"3100","ONE","1"
"3100","PIECE","1"
"3100","リラックマ","1"
"3100","ワンパネカーテン","1"
"3100","枚数","1"
"3100","パネル","1"
"3100","ガクヤ","1"
"3100","アセットマネジメント","1"
"3100","県知事","1"
"3100","彩","1"
"3100","優良","1"
"3100","姫","1"
"3100","文字どおり","1"
"3100","IT","1"
"3100","ブレザー","1"
"3100","クラウディア","1"
"3100","Gunze","1"
"3100","テクシー","1"
"3100","G","1"
"3100","駒","1"
"3100","コージィコーポレーション","1"
"3100","釣具","1"
"3100","ニッケ","1"
"3100","キャラクターマーチャンダイズ","1"
"3100","コンテックス","1"
"3100","International","1"
"3100","サンエー・ビーディー","1"
"3100","bd","1"
"3100","カタログ","1"
"3100","聖地","1"
"3100","アメリカンカジュアルウェアブランド","1"
"3100","SEIREN","1"
"3100","SOTOH","1"
"3100","DAIDOH","1"
"3100","芯地","1"
"3100","ビニルクロス","1"
"3100","書籍","1"
"3100","ブック","1"
"3100","バインディング","1"
"3100","車輛","1"
"3100","インクリボン","1"
"3100","空調","1"
"3100","フィルター","1"
"3100","音楽","1"
"3100","プレーヤ","1"
"3100","有機","1"
"3100","EL","1"
"3100","シート","1"
"3100","Teibow","1"
"3100","DESCENTE","1"
"3100","Toabo","1"
"3100","ウール","1"
"3100","半導体","1"
"3100","DPF","1"
"3100","クニ","1"
"3100","市","1"
"3100","テイコク","1"
"3100","匠","1"
"3100","きもの","1"
"3100","バロックジャパンリミテッド","1"
"3100","John","1"
"3100","Corp","1"
"3100","社歴","1"
"3100","ビギグループ","1"
"3100","ブルーミング","1"
"3100","扇子","1"
"3100","ハロー","1"
"3100","ブランドムックシリーズ","1"
"3100","手帳","1"
"3100","タック","1"
"3100","ボリューム","1"
"3100","淑女","1"
"3100","INGE","1"
"3100","パソコン","1"
"3100","CAFE","1"
"3100","パイン","1"
"3100","イス","1"
"3100","テーブル","1"
"3100","ベッド","1"
"3100","姿見","1"
"3100","パウダー","1"
"3100","CELEC","1"
"3100","richesse","1"
"3100","poika","1"
"3100","プライス","1"
"3100","cucco","1"
"3100","DOLL","1"
"3100","ナイキ","1"
"3100","にゅーす","1"
"3100","奇想天外","1"
"3100","買取","1"
"3100","ファティエ","1"
"3100","アカチャンホンポ","1"
"3100","地方裁判所","1"
"3100","申","1"
"3100","総額","1"
"3100","フェンディ","1"
"3100","Footmark","1"
"3100","ブランシェス","1"
"3100","ステラ・グループ","1"
"3100","ブンラク","1"
"3100","作","1"
"3100","衣","1"
"3100","ポーター","1"
"3100","クラシック","1"
"3100","Porter","1"
"3100","Classic","1"
"3100","イン","1"
"3100","スタンダード","1"
"3100","アンチテーゼ","1"
"3100","次世代","1"
"3100","孫","1"
"3100","代","1"
"3100","デパート","1"
"3100","Hotman","1"
"3100","バスローブ","1"
"3100","シェニール","1"
"3100","Bobson","1"
"3100","ボブソンホールディングス","1"
"3100","Morishita","1"
"3100","寝","1"
"3100","装具","1"
"3100","枕","1"
"3100","クッション","1"
"3100","無形","1"
"3100","上布","1"
"3100","産地","1"
"3100","半数","1"
"3100","雪","1"
"3100","販促","1"
"3100","手拭い","1"
"3100","高分子","1"
"3100","Realize","1"
"3100","It","1"
"3100","Lapine","1"
"3100","Rio","1"
"3100","Yokoyama","1"
"3100","ルコックスポルティフ","1"
"3100","Le","1"
"3100","Coq","1"
"3100","Sportif","1"
"3100","le","1"
"3100","coq","1"
"3100","ルコック","1"
"3100","雄鶏","1"
"3100","冠詞","1"
"3100","Incorporated","1"
"3100","ロンヨンジャパン","1"
"3100","Yong","1"
"3100","Japan","1"
"3100","フットサルチーム","1"
"3100","フットサルクラブ","1"
"3100","ntetsu","1"
"3100","futsal","1"
"3100","club","1"
"3100","ワールドストアパートナーズ","1"
"3100","Wacoal","1"
"3100","Ehime","1"
"3100","Kobayashi","1"
"3100","Pharmaceutical","1"
"3100","あし","1"
"3100","Ashimori","1"
"3100","シートベルト","1"
"3100","コード","1"
"3100","いち","1"
"3100","手ぬぐい","1"
"3100","初期","1"
"3100","当主","1"
"3100","和菓子","1"
"3100","佃煮","1"
"3100","INDUSTRY","1"
"3100","パフ","1"
"3100","しわ","1"
"3100","同府","1"
"3100","主幹","1"
"3100","ぎ","1"
"3100","Miyukikeori","1"
"3100","攻め","1"
"3100","SHOKO","1"
"3100","けい","1"
"3100","中規模","1"
"3100","共和","1"
"3100","新興","1"
"3100","バファローズ","1"
"3100","草木","1"
"3100","頸城","1"
"3100","民家","1"
"3100","くつした","1"
"3100","握り","1"
"3100","寿司","1"
"3100","好評","1"
"3100","名物","1"
"3100","ます","1"
"3100","エビ","1"
"3100","れん","1"
"3100","しょうじ","1"
"3100","しん","1"
"3100","めん","1"
"3100","Shinnaigai","1"
"3100","Selkon","1"
"3100","Textiles","1"
"3100","呉服","1"
"3100","コン","1"
"3100","精緻","1"
"3100","資料","1"
"3100","双","1"
"3100","インフィニティ","1"
"3100","Sojitz","1"
"3100","Infinity","1"
"3100","マックレガーブランド","1"
"3100","くらし","1"
"3100","きせん","1"
"3100","Kurashiki","1"
"3100","Manufacturing","1"
"3100","Sanyo","1"
"3100","Lace","1"
"3100","KURABO","1"
"3100","対外","1"
"3100","両社","1"
"3100","たいよう","1"
"3100","スクールタイガーブランド","1"
"3100","てい","1"
"3100","UFJ","1"
"3100","御三家","1"
"3100","Nestex","1"
"3100","収益","1"
"3100","状況","1"
"3100","Toray","1"
"3100","Industries","1"
"3100","by","1"
"3100","Chemistry","1"
"3100","レ","1"
"3100","Tokai","1"
"3100","Senko","1"
"3100","背広","1"
"3100","礼服","1"
"3100","オーダーメード","1"
"3100","方式","1"
"3100","ソワール","1"
"3100","エンタープライズ","1"
"3100","紙","1"
"3100","フィルム","1"
"3100","Feather","1"
"3100","Toyo","1"
"3100","Umou","1"
"3100","Kogyo","1"
"3100","バイオ","1"
"3100","たか","1"
"3100","くら","1"
"3100","電線","1"
"3100","乗員","1"
"3100","海難","1"
"3100","宇宙","1"
"3100","うち","1"
"3100","Uchino","1"
"3100","ジャ","1"
"3100","Nisshinbo","1"
"3100","エレクトロニクス","1"
"3100","ブレーキ","1"
"3100","メカトロニクス","1"
"3100","網","1"
"3100","エクスラン","1"
"3100","文名","1"
"3100","Exlan","1"
"3100","ESTER","1"
"3100","Graphite","1"
"3100","Fiber","1"
"3100","VILENE","1"
"3100","COMPANY","1"
"3100","邑","1"
"3100","まり","1"
"3100","むら","1"
"3100","はく","1"
"3100","医家","1"
"3100","脱脂綿","1"
"3100","鳩","1"
"3100","はと","1"
"3100","ゅうこうげい","1"
"3100","フジボウアパレル","1"
"3100","V","1"
"3100","きた","1"
"3100","あかし","1"
"3100","AKASHI","1"
"3100","School","1"
"3100","Uniform","1"
"3100","理想","1"
"3100","PRECISION","1"
"3100","官公庁","1"
"3100","レプリカジーンズ","1"
"3100","ケミカルウォッシュ","1"
"3100","カセ","1"
"3100","セルビッチデニム","1"
"3100","打ち抜き","1"
"3100","リベット","1"
"3100","バックシンチ","1"
"3100","ヴィンテージジーンズ","1"
"3100","SD","1"
"3100","不変","1"
"3100","シンボル","1"
"3100","パロディ","1"
"3100","商社","1"
"3100","スカジャン","1"
"3100","PX","1"
"3100","アメリカンカジュアルウェア","1"
"3100","実名","1"
"3100","シュガーケーン","1"
"3100","バズリクソンズ","1"
"3100","サンサーフ","1"
"3100","ジョン・セバーソン","1"
"3100","インディアン","1"
"3100","モーターサイクル","1"
"3100","ヴィンテージ・アロハシャツ","1"
"3100","コレクター","1"
"3100","建材","1"
"3100","ポリスチレンフォーム","1"
"3100","遠洋","1"
"3100","外敵","1"
"3100","シカ","1"
"3100","イノシシ","1"
"3100","サル","1"
"3100","農産物","1"
"3100","性能","1"
"3100","王国","1"
"3100","市街地","1"
"3100","アメリカン","1"
"3100","ドッグウェア・ドッググッズ","1"
"3100","ピエロ","1"
"3100","横","1"
"3100","タオルケット","1"
"3100","toray","1"
"3100","opt","1"
"3100","jplycra","1"
"3100","newsjapan","1"
"3100","底","1"
"3100","ヂカラ","1"
"3100","Vol","1"
"3100","オペロンテックス","1"
"3100","図柄","1"
"3100","先","1"
"3100","特有","1"
"3100","sugowaza","1"
"3100","comdetail","1"
"3100","select","1"
"3100","jpnewsdetail","1"
"3100","月刊","1"
"3100","庄屋","1"
"3100","枝","1"
"3100","店","1"
"3100","教室","1"
"3100","ボックス・バニー","1"
"3100","ガールズファッション","1"
"3100","Online","1"
"3100","ワイド","1"
"3100","短大","1"
"3100","少年","1"
"3100","王冠","1"
"3100","東海岸","1"
"3100","リーグ","1"
"3100","信望","1"
"3100","クラブ","1"
"3100","アメリカンフットボール","1"
"3100","filant","1"
"3100","広域","1"
"3100","ブランシェスミエル","1"
"3100","フォーマルブランド","1"
"3100","ブランリュード","1"
"3100","ジュニアターゲットブランド","1"
"3100","ブランドディフィラン","1"
"3100","ディフィラン","1"
"3100","ブランシェスブランド","1"
"3100","cm","1"
"3100","ポイント","1"
"3100","カード","1"
"3100","催事","1"
"3100","フェア","1"
"3100","シティ","1"
"3100","程度","1"
"3100","ミユキエレックス","1"
"3100","持ち株","1"
"3100","ポリ","1"
"3100","温熱","1"
"3100","トランク","1"
"3100","ルーム","1"
"3100","温泉","1"
"3100","球場","1"
"3100","スタンド","1"
"3100","近郊","1"
"3100","ネオンサイン","1"
"3100","disclosure","1"
"3100","edinet","1"
"3100","fsa","1"
"3100","jpE","1"
"3100","EWBLMainController","1"
"3100","jsp","1"
"3100","verbW","1"
"3100","initialize","1"
"3100","beanek","1"
"3100","bean","1"
"3100","EKW","1"
"3100","Bean","1"
"3100","TIDW","1"
"3100","PIDW","1"
"3100","SESSIONKEY","1"
"3100","lgKbn","1"
"3100","pkbn","1"
"3100","skbn","1"
"3100","dskb","1"
"3100","askb","1"
"3100","dflg","1"
"3100","iflg","1"
"3100","preId","1"
"3100","mul","1"
"3100","BD","1"
"3100","BC","1"
"3100","flson","1"
"3100","cal","1"
"3100","eraH","1"
"3100","yer","1"
"3100","mon","1"
"3100","pfs","1"
"3100","row","1"
"3100","idx","1"
"3100","str","1"
"3100","kbn","1"
"3100","flg","1"
"3100","syoruiKanriNoS","1"
"3100","publisherEDINET","1"
"3100","commarketscompany","1"
"3100","化繊","1"
"3100","ソトージェイテック","1"
"3100","Lang","1"
"3100","short","1"
"3100","SOTOHCO","1"
"3100","ブランドアイコン","1"
"3100","縦縞","1"
"3100","ペ","1"
"3100","カン","1"
"3100","ダブル","1"
"3100","ズッカ","1"
"3100","ジュエリー","1"
"3100","クレイジーカラット","1"
"3100","サングラス","1"
"3100","宝飾","1"
"3100","本格","1"
"3100","ファー","1"
"3100","ラガーフェルド","1"
"3100","lang","1"
"3100","de","1"
"3100","KarlLagerfeld","1"
"3100","シルヴィア・フェンディ","1"
"3100","タイガー","1"
"3100","大志","1"
"3100","漫画","1"
"3100","巨匠","1"
"3100","功績","1"
"3100","中学","1"
"3100","少子化","1"
"3100","ワラ","1"
"3100","苗代","1"
"3100","パリコレ","1"
"3100","ジャパン・クリエーション","1"
"3100","見本市","1"
"3100","コンテスト","1"
"3100","プレタポルテ","1"
"3100","課題","1"
"3100","アートディレクション","1"
"3100","プロジェクト","1"
"3100","テクノロジー","1"
"3100","糀","1"
"3100","佐","1"
"3100","當理","1"
"3100","坂","1"
"3100","雲","1"
"3100","染料","1"
"3100","ハンカチ","1"
"3100","売掛金","1"
"3100","核","1"
"3100","行い","1"
"3100","ホームテキスタイルショー・","1"
"3100","スプリング","1"
"3100","kantei","1"
"3100","jpjpkoizumispeech","1"
"3100","sisei","1"
"3100","内閣","1"
"3100","総理","1"
"3100","官邸","1"
"3100","制度","1"
"3100","風力","1"
"3100","風","1"
"3100","nippon","1"
"3100","ester","1"
"3100","jaicon","1"
"3100","Unitika","1"
"3100","Nippon","1"
"3100","Ester","1"
"3100","Okazaki","1"
"3100","ESTERCO","1"
"3100","トラディショナル・スタイル","1"
"3100","ティーンエイジャー","1"
"3100","対象","1"
"3100","母子","1"
"3100","大きめ","1"
"3100","ノート","1"
"3100","イーストボーイファミリー","1"
"3100","カーディガン","1"
"3100","中高生","1"
"3100","校則","1"
"3100","ライン","1"
"3100","ublisher","1"
"3100","kotobank","1"
"3100","辞典","1"
"3100","Plus","1"
"3100","掃守","1"
"3100","大字","1"
"3100","陣頭","1"
"3100","火災","1"
"3100","即座","1"
"3100","工廠","1"
"3100","mt","1"
"3100","tama","1"
"3100","hosei","1"
"3100","ac","1"
"3100","jpkhronika","1"
"3100","研究所","1"
"3100","長男","1"
"3100","同市","1"
"3100","同区","1"
"3100","倶楽部","1"
"3100","年表","1"
"3100","LIMITEDhttp","1"
"3100","newzealandcorps","1"
"3100","comcorp","1"
"3100","ompanyprofileofNewZealand","1"
"3100","牛革","1"
"3100","馬","1"
"3100","シープスキン","1"
"3100","山羊","1"
"3100","原皮","1"
"3100","ジッパー","1"
"3100","最高","1"
"3100","gorillian","1"
"3100","blog","1"
"3100","fc","1"
"3100","comblog","1"
"3100","entry","1"
"3100","htmlTHEFEW","1"
"3100","皆さま","1"
"3100","GORILLA","1"
"3100","支社","1"
"3100","ディレクター","1"
"3100","主軸","1"
"3100","ハリウッドランチマーケット","1"
"3100","ヒストリー","1"
"3100","ボトムス","1"
"3100","バンダナ","1"
"3100","ペンダント","1"
"3100","ブーツ","1"
"3100","トランプ","1"
"3100","自転車","1"
"3100","冗談","1"
"3100","息子","1"
"3100","ernationalHoldingsLimited","1"
"3100","フェイクデリック","1"
"3100","シルエット","1"
"3100","SHEL","1"
"3100","TTER","1"
"3100","サムネイル","1"
"3100","TheSHEL","1"
"3100","TTERTOKYO","1"
"3100","殿方","1"
"3100","和服","1"
"3100","袴","1"
"3100","角帯","1"
"3100","和","1"
"3100","受入","1"
"3100","かん","1"
"3100","Seealso","1"
"3100","分社","1"
"3100","ゴールド","1"
"3100","パール","1"
"3100","営利","1"
"3100","ダイアログ・イン・ザ・ダーク・ジャパン","1"
"3100","健常","1"
"3100","嗅覚","1"
"3100","モニター","1"
"3100","mark","1"
"3100","orgawarddescribe","1"
"3100","感性","1"
"3100","取り組み","1"
"3100","イタリア製","1"
"3100","事務","1"
"3100","病院","1"
"3100","ニーズ","1"
"3100","ディスプレイ","1"
"3100","議事堂","1"
"3100","赤","1"
"3100","絨毯","1"
"3100","椅子","1"
"3100","人工芝","1"
"3100","袱紗","1"
"3100","公共","1"
"3100","交通","1"
"3100","バス","1"
"3100","船舶","1"
"3100","下記","1"
"3100","スレート","1"
"3100","洗剤","1"
"3100","公害","1"
"3100","衰勢","1"
"3100","外科","1"
"3100","オーダーメイドベッド","1"
"3100","コンサルティング","1"
"3100","文楽","1"
"3100","something","1"
"3100","労務","1"
"3100","アワード","1"
"3100","サムシング","1"
"3100","同書","1"
"3100","年度","1"
"3100","具体","1"
"3100","コレクト","1"
"3100","JAPANBLUEJEANS","1"
"3100","藍染","1"
"3100","熊","1"
"3100","ベビーブーム","1"
"3100","原動力","1"
"3100","重点","1"
"3100","興業","1"
"3100","コク","1"
"3100","帝王","1"
"3100","ゴルファー","1"
"3100","ジャック","1"
"3100","ジャック・ニクラウス","1"
"3100","ニクラウス","1"
"3100","愛称","1"
"3100","西海岸","1"
"3100","Jantzen","1"
"3100","ナレーション","1"
"3100","社風","1"
"3100","ブリッジ","1"
"3100","余波","1"
"3100","BP","1"
"3100","受け皿","1"
"3100","誠","1"
"3100","無二","1"
"3100","宝","1"
"3100","ダントツ","1"
"3100","服","1"
"3100","永遠","1"
"3100","グットカンパニー","1"
"3100","相互","1"
"3100","マルオ","1"
"3100","国産","1"
"3100","ラルフローレンジーンズ","1"
"3100","ビッグ","1"
"3100","ダメージ","1"
"3100","古着","1"
"3100","スペシャル","1"
"3100","夜明け","1"
"3100","tv","1"
"3100","jpgaiabacknumber","1"
"3100","preview","1"
"3100","ROMAN","1"
"3100","フロンティア","1"
"3100","ボディ","1"
"3100","ボード","1"
"3100","内回り","1"
"3100","品目","1"
"3100","線","1"
"3100","リティール","1"
"3100","kaishaGaiyo","1"
"3100","黎明","1"
"3100","anna","1"
"3100","gr","1"
"3100","jpabout","1"
"3100","cloth","1"
"3100","ANNA","1"
"3100","IPPONNONWOVENSASSOCIATION","1"
"3100","kurabo","1"
"3100","jpcompanygroup","1"
"3100","ホームページ","1"
"3100","enkaku","1"
"3100","jphtmlcompany","1"
"3100","複数","1"
"3100","jphtmljigyosyo","1"
"3100","頭文字","1"
"3100","衛星","1"
"3100","LEMICHELKLEINReebokphiten","1"
"3100","インターハイ","1"
"3100","パンツ","1"
"3100","tamakiniime","1"
"3100","ザ・ワンダー","1"
"3100","シャトル","1"
"3100","アレンジワインダー","1"
"3100","編み機","1"
"3100","新鋭","1"
"3100","ホールガーメント","1"
"3100","Lab","1"
"3100","スペース","1"
"3100","町","1"
"3100","ゆとり","1"
"3100","Profile","1"
"3100","intercampus","1"
"3100","goistinterviewtamakiniime","1"
"3100","す","1"
"3100","to","1"
"3100","oshare","1"
"3100","暮らし","1"
"3100","地場","1"
"3100","lg","1"
"3100","jpgovernordocumentsg","1"
"3100","kaiken","1"
"3100","県民","1"
"3100","メッセ","1"
"3100","年","1"
"3100","皇太子","1"
"3100","御召","1"
"3100","戦艦","1"
"3100","label","1"
"3100","HMSDurban","1"
"3100","NET","1"
"3100","劇場","1"
"3100","ファッショナブル","1"
"3100","全面","1"
"3100","作品","1"
"3100","レコード","1"
"3100","シーエム","1"
"3100","編","1"
"3100","夕刊","1"
"3100","ザ・ピーナッツ","1"
"3100","唄","1"
"3100","曲","1"
"3100","アーノルドパーマー","1"
"3100","ヤング","1"
"3100","ファミリー","1"
"3100","俳優","1"
"3100","TVCM","1"
"3100","ドロン","1"
"3100","声","1"
"3100","urbanc","1"
"3100","estl","1"
"3100","elegancedel","1"
"3100","hommemoderne","1"
"3100","エレガンス","1"
"3100","景気","1"
"3100","幸","1"
"3100","最新","1"
"3100","動向","1"
"3100","カラクリ","1"
"3100","物流","1"
"3100","平場","1"
"3100","相対","1"
"3100","アーノルド・パーマー","1"
"3100","苦境","1"
"3100","見直し","1"
"3100","てこ入れ","1"
"3100","マネジメント","1"
"3100","打ち切り","1"
"3100","旧","1"
"3100","comidcgroupsco","1"
"3100","publicdocumentscocontent","1"
"3100","comnewscorporate","1"
"3100","レナウン・ニュースリリース","1"
"3100","臨時","1"
"3100","総会","1"
"3100","ネオラインホールディングス","1"
"3100","combusinessupdate","1"
"3100","TKY","1"
"3100","YGM","1"
"3100","トレーディング","1"
"3100","reuters","1"
"3100","comarticlebally","1"
"3100","ma","1"
"3100","shandongruyichinas","1"
"3100","shandong","1"
"3100","ruyi","1"
"3100","expands","1"
"3100","fashion","1"
"3100","empire","1"
"3100","with","1"
"3100","bally","1"
"3100","idUSL","1"
"3100","PZ","1"
"3100","titleChina","1"
"3100","x","1"
"3100","ndsfashionempirewithBally","1"
"3100","アクアスキュータム","1"
"3100","妻","1"
"3100","mainichi","1"
"3100","ddlk","1"
"3100","福祉","1"
"3100","立場","1"
"3100","知的","1"
"3100","子","1"
"3100","youtube","1"
"3100","comwatch","1"
"3100","vHFGXtwT","1"
"3100","Youtube","1"
"3100","定年","1"
"3100","jptveconomy","1"
"3100","ナビゲーション","1"
"3100","課長","1"
"3100","gakujo","1"
"3100","jpcommon","1"
"3100","senseaki","1"
"3100","angelroomdetailid","1"
"3100","喜び","1"
"3100","大鳥","1"
"3100","旧式","1"
"3100","質感","1"
"3100","比重","1"
"3100","クレジットカード","1"
"3100","コイン","1"
"3100","パーキング","1"
"3100","金券","1"
"3100","チケット","1"
"3100","ラブホテル","1"
"3100","ファクタ","1"
"3100","リング","1"
"3100","段階","1"
"3100","御苑","1"
"3100","サイド","1"
"3100","comnkdcompanygaiyo","1"
"3100","ba","1"
"3100","湾岸","1"
"3100","諸国","1"
"3100","向け","1"
"3100","comarticleDGKKZO","1"
"3100","色合い","1"
"3100","comarticleDGXLASJB","1"
"3100","メド","1"
"3100","耐震","1"
"3100","小松","1"
"3100","マテーレ","1"
"3100","真田紐","1"
"3100","数","1"
"3100","ホーロー","1"
"3100","こだわり","1"
"3100","ON","1"
"3100","OFF","1"
"3100","ワード","1"
"3100","ローブ","1"
"3100","トップス・ボトムス","1"
"3100","リゾートテイスト","1"
"3100","Happy","1"
"3100","アーティスト","1"
"3100","優","1"
"3100","木","1"
"3100","アスレチック","1"
"3100","古代","1"
"3100","勝者","1"
"3100","栄冠","1"
"3100","願い","1"
"3100","レーザー","1"
"3100","レーサー","1"
"3100","形勢","1"
"3100","スズキ","1"
"3100","国鳥","1"
"3100","ガ","1"
"3100","リア","1"
"3100","旗印","1"
"3100","エンブレム","1"
"3100","スニーカー","1"
"3100","アクセサリ","1"
"3100","座","1"
"3100","アモリ・スポル・オルガニザシオン","1"
"3100","ASO","1"
"3100","ステージ","1"
"3100","ザ・リアルマッコイズ","1"
"3100","ひとり","1"
"3100","Pherrow","1"
"3100","ヴィンテージ","1"
"3100","オリジナリティ","1"
"3100","アメカジブランド","1"
"3100","架空","1"
"3100","ヴィンテージスウェット","1"
"3100","ストーミーブルー","1"
"3100","ウエスタン","1"
"3100","ワーク","1"
"3100","シーシーマスターズ","1"
"3100","バンブルビー","1"
"3100","モーター","1"
"3100","サイクル","1"
"3100","マヒマヒライダー","1"
"3100","数種類","1"
"3100","多岐","1"
"3100","アメカン・カジュアルウェア","1"
"3100","値","1"
"3100","ヴィンテージウェア","1"
"3100","レプリカ","1"
"3100","範疇","1"
"3100","セラミック","1"
"3100","随","1"
"3100","合理","1"
"3100","太陽光","1"
"3100","用地","1"
"3100","繊維素","1"
"3100","スピニング","1"
"3100","chukei","1"
"3100","articles","1"
"3100","中部","1"
"3100","ツヅキボウ","1"
"3100","izumo","1"
"3100","brand","1"
"3100","jpgoodsh","1"
"3100","kb","1"
"3100","国策","1"
"3100","財","1"
"3100","namekawazuhttp","1"
"3100","kawatu","1"
"3100","jpnagoyakwfkwf","1"
"3100","ニュースレター","1"
"3100","オイルショック","1"
"3100","地裁","1"
"3100","namekawazunametsubakihttp","1"
"3100","mmjp","1"
"3100","jptubaki","1"
"3100","golfnewsfailnews","1"
"3100","kameyama","1"
"3100","パーク","1"
"3100","ＣＣ","1"
"3100","椿","1"
"3100","nametsubaki","1"
"3100","別荘","1"
"3100","詣で","1"
"3100","挿絵","1"
"3100","印","1"
"3100","手縫い","1"
"3100","常識","1"
"3100","ポスター","1"
"3100","心血","1"
"3100","パブリシティ","1"
"3100","広告塔","1"
"3100","発端","1"
"3100","ズック","1"
"3100","伸び","1"
"3100","デザイナーズ","1"
"3100","バイヤー","1"
"3100","MKS","1"
"3100","アーカイブ","1"
"3100","ItokinCo","1"
"3100","インテグラル","1"
"3100","装束","1"
"3100","仕立","1"
"3100","歌舞伎","1"
"3100","役者","1"
"3100","舞踊","1"
"3100","能役者","1"
"3100","茶道","1"
"3100","演歌","1"
"3100","既成","1"
"3100","仕上げ","1"
"3100","地主","1"
"3100","ラシャ","1"
"3100","モスリン","1"
"3100","随一","1"
"3100","官庁","1"
"3100","毛布","1"
"3100","屈指","1"
"3100","紫電","1"
"3100","改","1"
"3100","書類","1"
"3100","許認可","1"
"3100","銘柄","1"
"3100","毛","1"
"3100","工具","1"
"3100","死角","1"
"3100","売り上げ","1"
"3100","週刊","1"
"3100","gendai","1"
"3100","ismedia","1"
"3100","父","1"
"3100","終戦","1"
"3100","暗幕","1"
"3100","裏","1"
"3100","エキスポートバザー","1"
"3100","頭角","1"
"3100","コンクール","1"
"3100","ダスター","1"
"3100","女優","1"
"3100","ジャクリーヌ・ササール","1"
"3100","namebis","1"
"3100","世代","1"
"3100","archiveurlhttps","1"
"3100","publisherWWD","1"
"3100","屋台骨","1"
"3100","内幕","1"
"3100","GN","1"
"3100","TI","1"
"3100","Mackintosh","1"
"3100","八木","1"
"3100","dailymail","1"
"3100","ukfemailarticle","1"
"3100","hnewstoreopeningDailyMail","1"
"3100","January","1"
"3100","見通し","1"
"3100","ホッキョクグマ","1"
"3100","シロクマ","1"
"3100","御用達","1"
"3100","Citebook","1"
"3100","和書","1"
"3100","editor","1"
"3100","天才","1"
"3100","year","1"
"3100","month","1"
"3100","語り","1"
"3100","プリンセス","1"
"3100","お気に入り","1"
"3100","edition","1"
"3100","isbn","1"
"3100","X","1"
"3100","草分け","1"
"3100","jpreleasepdf","1"
"3100","tomy","1"
"3100","同業","1"
"3100","ティンカーベル","1"
"3100","PDFlink","1"
"3100","jpreleasepdfi","1"
"3100","短信","1"
"3100","譲受","1"
"3100","maruka","1"
"3100","comcompany","1"
"3100","フランチャイズ","1"
"3100","柄","1"
"3100","トラディショナルルック","1"
"3100","同系","1"
"3100","字体","1"
"3100","職業","1"
"3100","コンチネンタル","1"
"3100","蔦","1"
"3100","ClassicalElegance","1"
"3100","リチャードアヴェドン","1"
"3100","ヨーロピアン","1"
"3100","セールスポイント","1"
"3100","DOMON","1"
"3100","少数","1"
"3100","スタイリング","1"
"3100","ドラマ","1"
"3100","太陽","1"
"3100","成果","1"
"3100","ロペ","1"
"3100","コンピュータグラフィックス","1"
"3100","CG","1"
"3100","和風","1"
"3100","姓","1"
"3100","風景","1"
"3100","読み","1"
"3100","関心","1"
"3100","MAIDLANEREVUE","1"
"3100","源流","1"
"3100","キャミソール","1"
"3100","ミニスカート","1"
"3100","延縄","1"
"3100","張り","1"
"3100","テグス","1"
"3100","ナイロンモノフィラメント","1"
"3100","牛","1"
"3100","腸","1"
"3100","シンセティックガット","1"
"3100","白髪染め","1"
"3100","ヘア","1"
"3100","シュワルツコフヘンケル","1"
"3100","絵画","1"
"3100","山","1"
"3100","アサ","1"
"3100","定評","1"
"3100","綿花","1"
"3100","エンパイアー","1"
"3100","二人三脚","1"
"3100","多目的","1"
"3100","年齢","1"
"3100","ステートメント","1"
"3100","全力","1"
"3100","ormatPDF","1"
"3100","夫","1"
"3100","基礎","1"
"3100","国籍","1"
"3100","JPN","1"
"3100","郵便","1"
"3100","業種","1"
"3100","クレジット","1"
"3100","MaruhachiHoldingsCo","1"
"3100","リビング","1"
"3100","maruhati","1"
"3100","言葉","1"
"3100","仕組み","1"
"3100","キャリア","1"
"3100","教科書","1"
"3100","kosha","1"
"3100","jptopicskirarifiles","1"
"3100","kirari","1"
"3100","現場","1"
"3100","formatPDF","1"
"3100","アーガス","1"
"3100","公社","1"
"3100","幼児","1"
"3100","布製","1"
"3100","悩み","1"
"3100","草履","1"
"3100","リュックサック","1"
"3100","業態","1"
"3100","試し","1"
"3100","頭","1"
"3100","耐水","1"
"3100","習慣","1"
"3100","マジック","1"
"3100","テープ","1"
"3100","各人","1"
"3100","泳力","1"
"3100","朝刊","1"
"3100","県","1"
"3100","被害","1"
"3100","聞蔵","1"
"3100","II","1"
"3100","表紙","1"
"3100","例","1"
"3100","流水","1"
"3100","プール","1"
"3100","ビート","1"
"3100","手薄","1"
"3100","エリート","1"
"3100","jaked","1"
"3100","jpkaneto","1"
"3100","plof","1"
"3100","オフィシャルサイト","1"
"3100","フットマークジャケッド","1"
"3100","持ち物","1"
"3100","代わり","1"
"3100","あと","1"
"3100","屋","1"
"3100","楽天","1"
"3100","過程","1"
"3100","kouryu","1"
"3100","jphistoryslide","1"
"3100","跡","1"
"3100","竜","1"
"3100","グローバルトップニッチメーカー","1"
"3100","コスメ","1"
"3100","アイライナー","1"
"3100","カテーテル","1"
"3100","メディア","1"
"3100","tbs","1"
"3100","jpgacchiriarchives","1"
"3100","デー","1"
"3100","テクノ","1"
"3100","両国","1"
"3100","筆記用具","1"
"3100","オーベクステクノロジーオーベクスメディカル","1"
"3100","奥","1"
"3100","貝","1"
"3100","斯技","1"
"3100","輸出入","1"
"3100","倉庫","1"
"3100","ビスコテックス","1"
"3100","ダイヤモンド","1"
"3100","イネ","1"
"3100","ミリオン","1"
"3100","ダイドーアーバンス","1"
"3100","daidoh","1"
"3100","limited","1"
"3100","compdf","1"
"3100","季節","1"
"3100","ウエスト","1"
"3100","ダム","1"
"3100","クリスマス","1"
"3100","オーケストラ","1"
"3100","商業","1"
"3100","ガーゼ","1"
"3100","中堅","1"
"3100","出会い","1"
"3100","接点","1"
"3100","感度","1"
"3100","層","1"
"3100","VivienneWestwoodAoyama","1"
"3100","ヴィヴィアン・ウエストウッド","1"
"3100","視点","1"
"3100","都会","1"
"3100","ブランドテイスト","1"
"3100","ベース","1"
"3100","領域","1"
"3100","ファイバー","1"
"3100","DIC","1"
"3100","意向","1"
"3100","非公開","1"
"3100","北部","1"
"3100","立地","1"
"3100","工","1"
"3100","鑑","1"
"3100","上巻","1"
"3100","サンモール","1"
"3100","モヘア","1"
"3100","fdc","1"
"3100","cominfotandf","1"
"3100","Sankoukeito","1"
"3100","search","1"
"3100","AF","1"
"3100","BE","1"
"3100","バランス","1"
"3100","染め","1"
"3100","最上級","1"
"3100","アルペンスキー","1"
"3100","cdn","1"
"3100","ullet","1"
"3100","comedinetpdfS","1"
"3100","YNB","1"
"3100","人々","1"
"3100","身体","1"
"3100","心","1"
"3100","jpcompanyaboutusabout","1"
"3100","nest","1"
"3100","panyirsmeetingstockholder","1"
"3100","皆様","1"
"3100","筆","1"
"3100","冬季","1"
"3100","joc","1"
"3100","vancouverintroductionwear","1"
"3100","オフィシャルスポーツウエア","1"
"3100","ate","1"
"3100","companyindex","1"
"3100","outline","1"
"3100","ダイヤニトリックス","1"
"3100","nternationalGroupbrUMGABS","1"
"3100","MITSUBISHIRAYONCO","1"
"3100","comkinyokai","1"
"3100","commpacj","1"
"3100","comkinyokaisyoukai","1"
"3100","commpacjcompanies","1"
"3100","mitsubishichem","1"
"3100","hd","1"
"3100","jpsaiyo","1"
"3100","先代","1"
"3100","sdh","1"
"3100","jparticle","1"
"3100","お客","1"
"3100","保税","1"
"3100","モダン","1"
"3100","ヒント","1"
"3100","allabout","1"
"3100","jpgmgc","1"
"3100","びまき","1"
"3100","AllAbout","1"
"3100","パンティ","1"
"3100","道","1"
"3100","孔","1"
"3100","輔","1"
"3100","季刊","1"
"3100","学会","1"
"3100","落語","1"
"3100","先輩","1"
"3100","春風","1"
"3100","似顔絵","1"
"3100","評判","1"
"3100","オリジナルブランドタオル","1"
"3100","面","1"
"3100","MIKIHOUSE","1"
"3100","勢力","1"
"3100","海上","1"
"3100","キャピタル","1"
"3100","目処","1"
"3100","jiji","1"
"3100","comjczc","1"
"3100","geco","1"
"3100","relid","1"
"3100","ハロッズ","1"
"3100","チェーン","1"
"3100","母体","1"
"3100","請","1"
"3100","素人","1"
"3100","クイズ","1"
"3100","名義","1"
"3100","ど根性","1"
"3100","グループサウンズ","1"
"3100","ポジティブドリームパーソンズ","1"
"3100","ザテンダーハウス","1"
"3100","シャン","1"
"3100","tsr","1"
"3100","net","1"
"3100","jpnewstsr","1"
"3100","資金","1"
"3100","両面","1"
"3100","直販","1"
"3100","ルート","1"
"3100","np","1"
"3100","ハートウエル","1"
"3100","azone","1"
"3100","int","1"
"3100","jpindex","1"
"3100","sid","1"
"3100","AZONEINTERNATIONAL","1"
"3100","ウェブサイト","1"
"3100","citeweb","1"
"3100","nico","1"
"3100","jpsearchmanufacturekigyou","1"
"3100","detail","1"
"3100","org","1"
"3100","publisherNICO","1"
"3100","公益","1"
"3100","財団","1"
"3100","機構","1"
"3100","format","1"
"3100","面積","1"
"3100","TUNEMI","1"
"3100","中古","1"
"3100","製法","1"
"3100","DENIM","1"
"3100","jpcompanyhistoryindex","1"
"3100","WIN","1"
"3100","説","1"
"3100","俗説","1"
"3100","TV","1"
"3100","コーナー","1"
"3100","奇人","1"
"3100","変人","1"
"3100","MADEINITALY","1"
"3100","ナンバー","1"
"3100","ゴーマリソン","1"
"3100","車体","1"
"3100","大穴","1"
"3100","クロ","1"
"3100","焦り","1"
"3100","HQ","1"
"3100","表面","1"
"3100","ピット","1"
"3100","借入金","1"
"3100","費用","1"
"3100","メガ","1"
"3100","バンク","1"
"3100","いら立ち","1"
"3100","要因","1"
"3100","工学","1"
"3100","驕り","1"
"3100","実務","1"
"3100","裁判","1"
"3100","business","1"
"3100","jparticlereport","1"
"3100","申込","1"
"3100","jpnewsadr","1"
"3100","エドウイン・ホールディングス","1"
"3100","VD","1"
"3100","publisherWWDJAPAN","1"
"3100","エドウイングループ","1"
"3100","itochu","1"
"3100","jpjanews","1"
"3100","最終","1"
"3100","全額","1"
"3100","長期","1"
"3100","ポリウレタン","1"
"3100","jpcompanypresident","1"
"3100","greeting","1"
"3100","jpblogworksennshokuseiri","1"
"3100","桐","1"
"3100","profile","1"
"3100","ストレッチ","1"
"3100","撥","1"
"3100","吸水","1"
"3100","乾","1"
"3100","jpprocessing","1"
"3100","technology","1"
"3100","レジャー","1"
"3100","電極","1"
"3100","comarticleDGXNASFB","1"
"3100","Q","1"
"3100","鉄","1"
"3100","マテリアルズ","1"
"3100","コスプレダンスパーティー","1"
"3100","コスチューム","1"
"3100","パラダイス","1"
"3100","キャラクターコンテンツビジネス","1"
"3100","語源","1"
"3100","コンテンツ","1"
"3100","コミュニケーション","1"
"3100","ntents","1"
"3100","mmunication","1"
"3100","ervice","1"
"3100","PA","1"
"3100","版権","1"
"3100","体形","1"
"3100","プレイベント","1"
"3100","オンラインショッピングモール","1"
"3100","コスプレメイド","1"
"3100","喫茶","1"
"3100","絹綿","1"
"3100","ペニー","1"
"3100","オーミ・リアルエステート","1"
"3100","基板","1"
"3100","川柳","1"
"3100","サムソナイト・コーポレーション","1"
"3100","ace","1"
"3100","jpcompanypress","1"
"3100","proteca","1"
"3100","samsonite","1"
"3100","jprepair","1"
"3100","kokunai","1"
"3100","サムソナイトジャパン","1"
"3100","カスタマーサポート","1"
"3100","ProtecA","1"
"3100","プロテカ","1"
"3100","ACEGENE","1"
"3100","デラクール","1"
"3100","一大","1"
"3100","革命","1"
"3100","耐久","1"
"3100","アルファベット","1"
"3100","小文字","1"
"3100","テレビコマーシャルメッセージ","1"
"3100","いっしょ","1"
"3100","新婚","1"
"3100","いらっしゃい","1"
"3100","愛","1"
"3100","ラブ","1"
"3100","クリニック","1"
"3100","ゼロハリバートン","1"
"3100","ポリカーボネート","1"
"3100","Katakuragumi","1"
"3100","川岸","1"
"3100","z","1"
"3100","ekiKabushikiGaishaSoritsu","1"
"3100","nenKinenShashinchoFrame","1"
"3100","近代","1"
"3100","UNESCO","1"
"3100","蚕糸","1"
"3100","ヤ","1"
"3100","蚕","1"
"3100","ビタミン","1"
"3100","製剤","1"
"3100","由緒","1"
"3100","ssl","1"
"3100","eir","1"
"3100","parts","1"
"3100","netdoc","1"
"3100","tdnet","1"
"3100","スクエア","1"
"3100","スーパーマーケット","1"
"3100","アウトレットモール","1"
"3100","ワニ","1"
"3100","トレードマーク","1"
"3100","スポーツテイスト","1"
"3100","カテゴリー","1"
"3100","WEB","1"
"3100","テ","1"
"3100","ト","1"
"3100","丸洗い","1"
"3100","トレロン","1"
"3100","セーター","1"
"3100","スエード","1"
"3100","人工","1"
"3100","アルカンターラ","1"
"3100","静電気","1"
"3100","中空","1"
"3100","膜","1"
"3100","眼鏡","1"
"3100","レンズクリーンシート","1"
"3100","極細","1"
"3100","シルックトーナメント","1"
"3100","パン","1"
"3100","パシフィック","1"
"3100","トーナメント","1"
"3100","バレーボール","1"
"3100","顧問","1"
"3100","胤","1"
"3100","ミレニアム","1"
"3100","illenniumDevelopmentGoals","1"
"3100","賞","1"
"3100","CSR","1"
"3100","水","1"
"3100","温室","1"
"3100","ガス","1"
"3100","省エネ","1"
"3100","職場","1"
"3100","tionsAssociationofNewYork","1"
"3100","HumanitarianAward","1"
"3100","工学部","1"
"3100","講師","1"
"3100","city","1"
"3100","yonezawa","1"
"3100","yamagata","1"
"3100","繊","1"
"3100","巻き返し","1"
"3100","寸前","1"
"3100","大蔵","1"
"3100","ICI","1"
"3100","地位","1"
"3100","皮切り","1"
"3100","前半","1"
"3100","財務","1"
"3100","常務","1"
"3100","首脳","1"
"3100","異例","1"
"3100","態勢","1"
"3100","石油","1"
"3100","政策","1"
"3100","不況","1"
"3100","俟","1"
"3100","車","1"
"3100","外装","1"
"3100","ニュース","1"
"3100","ゼネラルモーターズ","1"
"3100","GM","1"
"3100","bloomberg","1"
"3100","jpnewsarticles","1"
"3100","SLK","1"
"3100","KLVRA","1"
"3100","Bloomberg","1"
"3100","フロント","1"
"3100","comwestnews","1"
"3100","wst","1"
"3100","ガラス","1"
"3100","ＥＶ","1"
"3100","ベンチャー","1"
"3100","四半世紀","1"
"3100","定款","1"
"3100","コーポレートガバナンス","1"
"3100","seealso","1"
"3100","ポリアミド","1"
"3100","ベーリンガーインゲルハイム","1"
"3100","端","1"
"3100","teijin","1"
"3100","jpirlibrarypresentation","1"
"3100","materialspdfpm","1"
"3100","概況","1"
"3100","kessan","1"
"3100","laboneko","1"
"3100","jpsettlements","1"
"3100","chacott","1"
"3100","comj","1"
"3100","FreedofLondon","1"
"3100","パターンオーダースーツ","1"
"3100","質","1"
"3100","後発","1"
"3100","都内","1"
"3100","スーツ","1"
"3100","レッドダイヤモンズ","1"
"3100","二子","1"
"3100","パンティー","1"
"3100","要素","1"
"3100","さわり","1"
"3100","手芸","1"
"3100","カラフル","1"
"3100","焦点","1"
"3100","腹巻","1"
"3100","量り売り","1"
"3100","公園","1"
"3100","ランチ","1"
"3100","男女","1"
"3100","店内","1"
"3100","壁面","1"
"3100","少女","1"
"3100","動物","1"
"3100","蜂","1"
"3100","蜂の巣","1"
"3100","国防","1"
"3100","人命","1"
"3100","救難","1"
"3100","人体","1"
"3100","落下傘","1"
"3100","唯一","1"
"3100","原因","1"
"3100","事故","1"
"3100","頂点","1"
"3100","コンポジット","1"
"3100","兄弟","1"
