"4050","ガス","567"
"4050","事業","348"
"4050","株式会社","248"
"4050","電力","181"
"4050","月","177"
"4050","会社","157"
"4050","都市","133"
"4050","本社","129"
"4050","企業","113"
"4050","電気","92"
"4050","一般","81"
"4050","www","81"
"4050","火力","72"
"4050","地域","70"
"4050","風力","69"
"4050","エネルギー","67"
"4050","co","61"
"4050","グループ","54"
"4050","天然","53"
"4050","http","50"
"4050","子会社","46"
"4050","html","46"
"4050","地区","44"
"4050","地方","41"
"4050","瓦斯","39"
"4050","name","38"
"4050","エリア","35"
"4050","Co","34"
"4050","石油","34"
"4050","パワー","33"
"4050","区域","33"
"4050","原子力","33"
"4050","水力","31"
"4050","Ltd","31"
"4050","規模","28"
"4050","卸","28"
"4050","accessdate","28"
"4050","株式","27"
"4050","最大","25"
"4050","社名","24"
"4050","ソーラー","24"
"4050","title","24"
"4050","date","24"
"4050","商号","23"
"4050","E","23"
"4050","利益","22"
"4050","主力","22"
"4050","社長","22"
"4050","工場","21"
"4050","太陽光","20"
"4050","産業","20"
"4050","A","20"
"4050","需要","20"
"4050","パイプライン","20"
"4050","経済","20"
"4050","Power","19"
"4050","水道","19"
"4050","工業","19"
"4050","セントラル","19"
"4050","燃料","19"
"4050","業務","19"
"4050","publisher","19"
"4050","プロパンガス","18"
"4050","中心","18"
"4050","kW","18"
"4050","国内","18"
"4050","概要","18"
"4050","環境","17"
"4050","同社","17"
"4050","家庭","16"
"4050","株主","16"
"4050","法人","16"
"4050","公営","16"
"4050","目的","16"
"4050","メガ","16"
"4050","電源","16"
"4050","urlhttp","16"
"4050","資本","15"
"4050","会長","14"
"4050","全国","14"
"4050","pdf","14"
"4050","Citeweb","14"
"4050","エナジー","13"
"4050","機器","13"
"4050","周辺","13"
"4050","コーポレート","13"
"4050","石炭","13"
"4050","住","13"
"4050","アルミ","13"
"4050","世帯","12"
"4050","スローガン","12"
"4050","Gas","11"
"4050","取締役","11"
"4050","商業","11"
"4050","水","11"
"4050","GAS","11"
"4050","協会","11"
"4050","県内","11"
"4050","英語","11"
"4050","urlhttps","11"
"4050","ウインド","10"
"4050","首都","10"
"4050","下水道","10"
"4050","北","10"
"4050","蒸気","10"
"4050","臨海","10"
"4050","効率","10"
"4050","jp","10"
"4050","システム","10"
"4050","資源","10"
"4050","バイオ","10"
"4050","マス","10"
"4050","資産","10"
"4050","MW","10"
"4050","世界","9"
"4050","市場","9"
"4050","中央","9"
"4050","ビル","9"
"4050","LNG","9"
"4050","Company","9"
"4050","ほん","9"
"4050","当社","9"
"4050","地帯","9"
"4050","中部","9"
"4050","年間","9"
"4050","売上","9"
"4050","新聞","9"
"4050","海外","9"
"4050","https","9"
"4050","情報","9"
"4050","LP","8"
"4050","熱","8"
"4050","唯一","8"
"4050","Electric","8"
"4050","gas","8"
"4050","時点","8"
"4050","通称","8"
"4050","真ん中","8"
"4050","住宅","8"
"4050","部門","8"
"4050","銀行","8"
"4050","一つ","8"
"4050","原発","8"
"4050","発行済","8"
"4050","総数","8"
"4050","連","8"
"4050","河川","8"
"4050","ダム","8"
"4050","SB","7"
"4050","全面","7"
"4050","Corporation","7"
"4050","S","7"
"4050","エンジニアリング","7"
"4050","Inc","7"
"4050","POWER","7"
"4050","システムズ","7"
"4050","全域","7"
"4050","南","7"
"4050","ファーム","7"
"4050","簡易","7"
"4050","基準","7"
"4050","他","7"
"4050","市内","7"
"4050","原料","7"
"4050","政府","7"
"4050","機構","7"
"4050","委員","7"
"4050","水系","7"
"4050","本流","7"
"4050","コークス","7"
"4050","Citenews","7"
"4050","nikkeibp","7"
"4050","純資産","7"
"4050","外部","7"
"4050","事項","7"
"4050","jpnews","7"
"4050","人物","7"
"4050","newspaper","7"
"4050","技術","7"
"4050","nikkei","7"
"4050","C","7"
"4050","高炉","7"
"4050","FP","7"
"4050","水利","7"
"4050","IPP","6"
"4050","グリーン","6"
"4050","CO","6"
"4050","LTD","6"
"4050","コンサルティング","6"
"4050","合弁","6"
"4050","中核","6"
"4050","しま","6"
"4050","公社","6"
"4050","高圧","6"
"4050","本部","6"
"4050","団地","6"
"4050","ょうどうかりょく","6"
"4050","本店","6"
"4050","大手","6"
"4050","方式","6"
"4050","所在地","6"
"4050","エル・エヌ・ジー","6"
"4050","支店","6"
"4050","CM","6"
"4050","メーター","6"
"4050","PDFlink","6"
"4050","meti","6"
"4050","go","6"
"4050","j","6"
"4050","news","6"
"4050","方針","6"
"4050","料金","6"
"4050","アルミニウム","6"
"4050","author","6"
"4050","B","6"
"4050","団体","6"
"4050","財団","6"
"4050","木質","6"
"4050","レノバ","6"
"4050","サイト","6"
"4050","PPS","5"
"4050","役員","5"
"4050","サミットウインドパワー","5"
"4050","大口","5"
"4050","残り","5"
"4050","きゅう","5"
"4050","センター","5"
"4050","パーク","5"
"4050","セクター","5"
"4050","英文","5"
"4050","タンクローリー","5"
"4050","導管","5"
"4050","上水道","5"
"4050","地元","5"
"4050","一員","5"
"4050","シンボルマーク","5"
"4050","緑地","5"
"4050","暮らし","5"
"4050","所在","5"
"4050","m","5"
"4050","げん","5"
"4050","証券","5"
"4050","熱量","5"
"4050","理念","5"
"4050","キャラクター","5"
"4050","対象","5"
"4050","ドメイン","5"
"4050","事故","5"
"4050","各種","5"
"4050","各社","5"
"4050","とうき","5"
"4050","傘下","5"
"4050","村","5"
"4050","体制","5"
"4050","プラント","5"
"4050","経常","5"
"4050","社会","5"
"4050","チーム","5"
"4050","group","5"
"4050","大型","5"
"4050","現代","5"
"4050","内容","5"
"4050","ニュース","5"
"4050","重油","5"
"4050","他社","5"
"4050","構内","5"
"4050","ホールディングス","5"
"4050","流域","5"
"4050","F","4"
"4050","低圧","4"
"4050","自家","4"
"4050","ブランド","4"
"4050","はつ","4"
"4050","サミット","4"
"4050","名称","4"
"4050","炎","4"
"4050","基地","4"
"4050","国際","4"
"4050","帝","4"
"4050","まき","4"
"4050","Kyodo","4"
"4050","もと","4"
"4050","家","4"
"4050","ハート","4"
"4050","右手","4"
"4050","炭鉱","4"
"4050","タンク","4"
"4050","基本","4"
"4050","高原","4"
"4050","タービン","4"
"4050","戸数","4"
"4050","kW×","4"
"4050","核","4"
"4050","最大手","4"
"4050","ロゴ","4"
"4050","拠点","4"
"4050","前身","4"
"4050","沿線","4"
"4050","蓄電池","4"
"4050","グリッド","4"
"4050","受け入れ","4"
"4050","わし","4"
"4050","格","4"
"4050","低位","4"
"4050","ユニット","4"
"4050","itmedia","4"
"4050","jpsmartjapanarticles","4"
"4050","民間","4"
"4050","実績","4"
"4050","コンビナート","4"
"4050","国","4"
"4050","赤字","4"
"4050","状況","4"
"4050","状態","4"
"4050","国会","4"
"4050","出典","4"
"4050","ビジネス","4"
"4050","MWhttp","4"
"4050","主体","4"
"4050","財界","4"
"4050","民営","4"
"4050","Hz","4"
"4050","条件","4"
"4050","戦前","4"
"4050","しょ","3"
"4050","Energy","3"
"4050","ダイヤモンド","3"
"4050","専業","3"
"4050","地下鉄","3"
"4050","レモン","3"
"4050","エコ","3"
"4050","内閣","3"
"4050","大臣","3"
"4050","けい","3"
"4050","市","3"
"4050","ウィンド","3"
"4050","県","3"
"4050","かし","3"
"4050","例外","3"
"4050","常磐","3"
"4050","読み","3"
"4050","筆頭","3"
"4050","風車","3"
"4050","ガスタービンコンバインドサイクル","3"
"4050","最高","3"
"4050","エヌ・ジー","3"
"4050","大戦","3"
"4050","km","3"
"4050","シェア","3"
"4050","持株","3"
"4050","K","3"
"4050","だい","3"
"4050","らい","3"
"4050","集団","3"
"4050","鉄道","3"
"4050","コジェネレーション","3"
"4050","通常","3"
"4050","資金","3"
"4050","業界","3"
"4050","東部","3"
"4050","国家","3"
"4050","政策","3"
"4050","系列","3"
"4050","りく","3"
"4050","ボイラー","3"
"4050","沿革","3"
"4050","gaiyo","3"
"4050","家数","3"
"4050","取付","3"
"4050","or","3"
"4050","L","3"
"4050","N","3"
"4050","電圧","3"
"4050","kV","3"
"4050","MVA","3"
"4050","oita","3"
"4050","収入","3"
"4050","パネル","3"
"4050","舗数","3"
"4050","ケーブル","3"
"4050","J","3"
"4050","tohoku","3"
"4050","archive","3"
"4050","goto","3"
"4050","hes","3"
"4050","tomamae","3"
"4050","com","3"
"4050","sup","3"
"4050","支流","3"
"4050","ジャパン・リニューアブル・エナジー","3"
"4050","セメント","3"
"4050","器具","3"
"4050","海水","3"
"4050","sankei","3"
"4050","n","3"
"4050","インターネット","3"
"4050","techon","3"
"4050","案件","3"
"4050","enkaku","3"
"4050","比率","3"
"4050","国軍","3"
"4050","GHQ","3"
"4050","財務","3"
"4050","周波数","3"
"4050","能力","3"
"4050","変電","3"
"4050","流れ","3"
"4050","用水","3"
"4050","長期","3"
"4050","thumb","3"
"4050","right","3"
"4050","tepco","3"
"4050","p","3"
"4050","法律","3"
"4050","u","3"
"4050","fy","3"
"4050","炭素","3"
"4050","エンジン","3"
"4050","jnfl","3"
"4050","市営","3"
"4050","戦略","3"
"4050","採算","3"
"4050","ファーストエスコ","2"
"4050","買取","2"
"4050","本業","2"
"4050","枠組み","2"
"4050","JEPX","2"
"4050","イオン","2"
"4050","エネット","2"
"4050","小型","2"
"4050","マイクロ","2"
"4050","and","2"
"4050","クリーン","2"
"4050","ベンチャー","2"
"4050","ファンド","2"
"4050","シーエナジー","2"
"4050","GDF","2"
"4050","The","2"
"4050","レベル","2"
"4050","MM","2"
"4050","オフィス","2"
"4050","ホテル","2"
"4050","コンベンション","2"
"4050","病院","2"
"4050","マンション","2"
"4050","駅","2"
"4050","ウォーター","2"
"4050","形態","2"
"4050","エネライン","2"
"4050","ぜん","2"
"4050","かん","2"
"4050","さい","2"
"4050","ケプコ","2"
"4050","キャッチフレーズ","2"
"4050","海底","2"
"4050","ろ","2"
"4050","Thermal","2"
"4050","崎","2"
"4050","ぱわ","2"
"4050","WIND","2"
"4050","山","2"
"4050","まつ","2"
"4050","ょうどうかりょくはつでん","2"
"4050","南部","2"
"4050","炭","2"
"4050","北部","2"
"4050","公共","2"
"4050","JFE","2"
"4050","タワー","2"
"4050","コード","2"
"4050","次世代","2"
"4050","時代","2"
"4050","がき","2"
"4050","シンボル","2"
"4050","カラー","2"
"4050","オレンジ","2"
"4050","財閥","2"
"4050","大都市","2"
"4050","O","2"
"4050","Natural","2"
"4050","全額","2"
"4050","市町村","2"
"4050","学園","2"
"4050","西","2"
"4050","公司","2"
"4050","員数","2"
"4050","Chubu","2"
"4050","不動産","2"
"4050","力","2"
"4050","ゅうでん","2"
"4050","そば","2"
"4050","摂家","2"
"4050","朝霞","2"
"4050","ユーティリティ","2"
"4050","Development","2"
"4050","愛称","2"
"4050","ひがし","2"
"4050","町","2"
"4050","敷地","2"
"4050","フロンティア","2"
"4050","事務所","2"
"4050","ょうでんりょく","2"
"4050","燈","2"
"4050","初","2"
"4050","中小","2"
"4050","東","2"
"4050","フロント","2"
"4050","容量","2"
"4050","人","2"
"4050","名","2"
"4050","Japan","2"
"4050","最初","2"
"4050","原子","2"
"4050","商用","2"
"4050","国策","2"
"4050","間","2"
"4050","ぱつ","2"
"4050","分社","2"
"4050","業者","2"
"4050","ふく","2"
"4050","道","2"
"4050","部分","2"
"4050","jpcompanyhistory","2"
"4050","軽金属","2"
"4050","bp","2"
"4050","BP","2"
"4050","tokyo","2"
"4050","jpPress","2"
"4050","ogakigas","2"
"4050","kajima","2"
"4050","コンバインドサイクル","2"
"4050","カマタ","2"
"4050","頭文字","2"
"4050","ナトリウム","2"
"4050","硫黄","2"
"4050","併入","2"
"4050","系統","2"
"4050","press","2"
"4050","marubeni","2"
"4050","release","2"
"4050","citeweb","2"
"4050","asahi","2"
"4050","デジタル","2"
"4050","実業","2"
"4050","ボート","2"
"4050","空港","2"
"4050","ファー","2"
"4050","レン","2"
"4050","スポンサー","2"
"4050","np","2"
"4050","ジャパネット","2"
"4050","株","2"
"4050","jpgasjigyokaiteiaomori","2"
"4050","hirosaki","2"
"4050","archivedate","2"
"4050","uji","2"
"4050","hitachi","2"
"4050","comnewsdatanews","2"
"4050","寿命","2"
"4050","鉛","2"
"4050","iib","2"
"4050","shizuoka","2"
"4050","式典","2"
"4050","岩船","2"
"4050","大石","2"
"4050","arasui","2"
"4050","市民","2"
"4050","価格","2"
"4050","コスト","2"
"4050","KW","2"
"4050","体質","2"
"4050","社","2"
"4050","洋上","2"
"4050","agency","2"
"4050","譲受","2"
"4050","余剰","2"
"4050","LPG","2"
"4050","都庁","2"
"4050","形","2"
"4050","ソフトウェア","2"
"4050","広域","2"
"4050","立地","2"
"4050","森林","2"
"4050","アーカイブ","2"
"4050","oitalng","2"
"4050","jpbusinessacceptance","2"
"4050","shtml","2"
"4050","mainichi","2"
"4050","構造","2"
"4050","中長期","2"
"4050","okiden","2"
"4050","R","2"
"4050","X","2"
"4050","地熱","2"
"4050","jpatclnews","2"
"4050","付近","2"
"4050","br","2"
"4050","chuden","2"
"4050","jpcorporatepublicitypub","2"
"4050","ケミカル","2"
"4050","最終","2"
"4050","jppress","2"
"4050","エナジーダイレクト","2"
"4050","両社","2"
"4050","enenews","2"
"4050","パートナー","2"
"4050","日本一","2"
"4050","複数","2"
"4050","トップクラス","2"
"4050","地点","2"
"4050","王国","2"
"4050","雪","2"
"4050","aipower","2"
"4050","当地","2"
"4050","右","2"
"4050","T","2"
"4050","電子","2"
"4050","大半","2"
"4050","雨","2"
"4050","起源","2"
"4050","PA","2"
"4050","スチール","2"
"4050","同区","2"
"4050","画像","2"
"4050","png","2"
"4050","テプコ","2"
"4050","アイデンティティ","2"
"4050","CI","2"
"4050","アルファベット","2"
"4050","字体","2"
"4050","字","2"
"4050","対外","2"
"4050","プラン","2"
"4050","outline","2"
"4050","商品","2"
"4050","ac","2"
"4050","フュエル","2"
"4050","JERA","2"
"4050","テレビ","2"
"4050","comarticleDGXMZO","2"
"4050","インターネットサービスプロバイダ","2"
"4050","フィルタ","2"
"4050","リング","2"
"4050","NTT","2"
"4050","gallery","2"
"4050","ファイル","2"
"4050","jpg","2"
"4050","PG","2"
"4050","プルサーマル","2"
"4050","ブロック","2"
"4050","上流","2"
"4050","生気","2"
"4050","元","2"
"4050","GenNenSecRep","2"
"4050","概況","2"
"4050","jppresspressj","2"
"4050","pr","2"
"4050","人事","2"
"4050","a","2"
"4050","b","2"
"4050","o","2"
"4050","HD","2"
"4050","白書","2"
"4050","戦時","2"
"4050","jparchives","2"
"4050","最後","2"
"4050","ナレーション","2"
"4050","金融","2"
"4050","工学","2"
"4050","リスク","2"
"4050","fhrc","2"
"4050","県庁","2"
"4050","外郭","2"
"4050","mynavi","2"
"4050","利権","2"
"4050","主義","2"
"4050","組合","2"
"4050","系図","2"
"4050","農業","2"
"4050","表面","2"
"4050","輻射熱","2"
"4050","商工","2"
"4050","会頭","2"
"4050","大輪","2"
"4050","izumisano","2"
"4050","kyuryo","2"
"4050","ページ","2"
"4050","学者","2"
"4050","FIT","1"
"4050","孫","1"
"4050","正義","1"
"4050","専門","1"
"4050","方向","1"
"4050","Corp","1"
"4050","役割","1"
"4050","ソフトバンクテレコム","1"
"4050","イーレックス","1"
"4050","EREX","1"
"4050","GREEN","1"
"4050","ELECTRICITY","1"
"4050","いばらき","1"
"4050","ファシリティ","1"
"4050","ーズ","1"
"4050","英単語","1"
"4050","energy","1"
"4050","ガスアンドパワー","1"
"4050","クリーンエナジーファクトリー","1"
"4050","CEF","1"
"4050","グリーンパワーインベストメント","1"
"4050","Green","1"
"4050","Investment","1"
"4050","常務","1"
"4050","ユーラスエナジーホールディングス","1"
"4050","社員","1"
"4050","ケイ","1"
"4050","ハイ","1"
"4050","Saisan","1"
"4050","One","1"
"4050","医療","1"
"4050","Summit","1"
"4050","Cenergy","1"
"4050","SUEZ","1"
"4050","スエズ・エンバイロメント","1"
"4050","Diamond","1"
"4050","First","1"
"4050","Service","1"
"4050","ESCO","1"
"4050","de","1"
"4050","France","1"
"4050","諸国","1"
"4050","ねつ","1"
"4050","メタ","1"
"4050","METAWATER","1"
"4050","ぱ","1"
"4050","島","1"
"4050","INNOSHIMA","1"
"4050","ょうひせいかつきょうどうくみあい","1"
"4050","SAKAE","1"
"4050","ちご","1"
"4050","ECHIGO","1"
"4050","TENNEN","1"
"4050","Eneline","1"
"4050","塩釜","1"
"4050","がま","1"
"4050","こ","1"
"4050","西口","1"
"4050","かや","1"
"4050","Kakuei","1"
"4050","総理","1"
"4050","Kamaishi","1"
"4050","KEPCO","1"
"4050","ざわ","1"
"4050","田","1"
"4050","ざき","1"
"4050","受入れ","1"
"4050","りゅう","1"
"4050","かな","1"
"4050","ざわしきぎょうきょく","1"
"4050","条例","1"
"4050","ゅうでんりょく","1"
"4050","KYUSHU","1"
"4050","ELECTRIC","1"
"4050","INC","1"
"4050","電工","1"
"4050","項","1"
"4050","くし","1"
"4050","Kimitsu","1"
"4050","Cooperative","1"
"4050","つぎ","1"
"4050","海岸","1"
"4050","ょくでんき","1"
"4050","ぃんど","1"
"4050","商社","1"
"4050","先端","1"
"4050","同町","1"
"4050","みつ","1"
"4050","びしひたち","1"
"4050","Mitsubishi","1"
"4050","Hitachi","1"
"4050","Systems","1"
"4050","温泉","1"
"4050","國","1"
"4050","Shikoku","1"
"4050","Kashima","1"
"4050","ょうどうはつでんしょ","1"
"4050","むろらん","1"
"4050","Sakata","1"
"4050","ょうどうでんりょく","1"
"4050","Joint","1"
"4050","湯","1"
"4050","はま","1"
"4050","うえ","1"
"4050","UEDA","1"
"4050","JOBAN","1"
"4050","JOINT","1"
"4050","炭田","1"
"4050","品位","1"
"4050","しん","1"
"4050","はた","1"
"4050","用途","1"
"4050","スイカ","1"
"4050","ホルダー","1"
"4050","Saibugas","1"
"4050","西部","1"
"4050","災害","1"
"4050","機関","1"
"4050","シーテック","1"
"4050","両市","1"
"4050","ローター","1"
"4050","直径","1"
"4050","近隣","1"
"4050","くらし","1"
"4050","Sennan","1"
"4050","ボトル","1"
"4050","貯油","1"
"4050","跡地","1"
"4050","せん","1"
"4050","LHV","1"
"4050","Soma","1"
"4050","びひろ","1"
"4050","中","1"
"4050","たい","1"
"4050","わん","1"
"4050","親会社","1"
"4050","Osaka","1"
"4050","おかわ","1"
"4050","ら","1"
"4050","エネ","1"
"4050","しき","1"
"4050","Liquefied","1"
"4050","受入","1"
"4050","大字","1"
"4050","Tsukuba","1"
"4050","Gakuen","1"
"4050","ゅうえん","1"
"4050","本線","1"
"4050","線路","1"
"4050","脇","1"
"4050","各戸","1"
"4050","ゅうおうせんとらるがす","1"
"4050","ゅうごくかくこうぎょうしゅうだんこうし","1"
"4050","国有","1"
"4050","ゅうごくでんりょく","1"
"4050","Chugoku","1"
"4050","島しょ","1"
"4050","ゅうぶがす","1"
"4050","河","1"
"4050","サーラグループ","1"
"4050","源流","1"
"4050","リビング","1"
"4050","特徴","1"
"4050","ゅうぶでんりょく","1"
"4050","先","1"
"4050","ひとり","1"
"4050","みそ","1"
"4050","Misono","1"
"4050","Utirity","1"
"4050","services","1"
"4050","つや","1"
"4050","張","1"
"4050","がく","1"
"4050","TOYOKO","1"
"4050","KAGAKU","1"
"4050","TYK","1"
"4050","Tokyo","1"
"4050","証","1"
"4050","バリュー","1"
"4050","チェーン","1"
"4050","一連","1"
"4050","鉱区","1"
"4050","探鉱","1"
"4050","製品","1"
"4050","ょうすいどう","1"
"4050","Waterworks","1"
"4050","service","1"
"4050","グリーンタワービル","1"
"4050","以東","1"
"4050","同名","1"
"4050","ょうとげすいどう","1"
"4050","Metropolitan","1"
"4050","Sewerage","1"
"4050","Servise","1"
"4050","ヒートポンプシステム","1"
"4050","母体","1"
"4050","エネクス","1"
"4050","エネクスグループ","1"
"4050","ょうはつでん","1"
"4050","トップ","1"
"4050","彩","1"
"4050","ニチガスグループ","1"
"4050","ょう","1"
"4050","TOHO","1"
"4050","百貨店","1"
"4050","リテイリング","1"
"4050","支線","1"
"4050","コンテナ","1"
"4050","ゆ","1"
"4050","つる","1"
"4050","みなみ","1"
"4050","DEVELOPMENT","1"
"4050","タンカー","1"
"4050","名前","1"
"4050","窒","1"
"4050","コンツェルン","1"
"4050","ひと","1"
"4050","しり","1"
"4050","ょくはつでん","1"
"4050","Atomic","1"
"4050","サイクル","1"
"4050","出身","1"
"4050","Limited","1"
"4050","証書","1"
"4050","価値","1"
"4050","現物","1"
"4050","半官半民","1"
"4050","トラスト","1"
"4050","Hassoden","1"
"4050","Generation","1"
"4050","Transmission","1"
"4050","Wind","1"
"4050","現地","1"
"4050","鉱業","1"
"4050","旧名","1"
"4050","ゅう","1"
"4050","ょうきょく","1"
"4050","Fukuyama","1"
"4050","ltd","1"
"4050","ぐ","1"
"4050","HEPCO","1"
"4050","Light","1"
"4050","up","1"
"4050","your","1"
"4050","future","1"
"4050","エネモ","1"
"4050","しゅう","1"
"4050","きた","1"
"4050","HOKURIKU","1"
"4050","GUS","1"
"4050","陸","1"
"4050","ウェブサイト","1"
"4050","rikuden","1"
"4050","花","1"
"4050","ぎ","1"
"4050","冷房","1"
"4050","冷水","1"
"4050","最下","1"
"4050","地下","1"
"4050","ヒルズエネルギーセンター","1"
"4050","ガスタービンコージェネレーションシステム","1"
"4050","Wakayama","1"
"4050","コピーライト","1"
"4050","hpec","1"
"4050","航空機","1"
"4050","製作所","1"
"4050","南西","1"
"4050","無償","1"
"4050","件数","1"
"4050","kanto","1"
"4050","jpannaihododata","1"
"4050","saitama","1"
"4050","産地","1"
"4050","公民","1"
"4050","最前線","1"
"4050","jparticletk","1"
"4050","tg","1"
"4050","Citepressrelease","1"
"4050","お客","1"
"4050","jpkigyougaiyou","1"
"4050","パート","1"
"4050","職員","1"
"4050","（株）","1"
"4050","ublisher","1"
"4050","jpnewsdigestdec","1"
"4050","tokushuindex","1"
"4050","htm","1"
"4050","ガスプレスリリース","1"
"4050","tgn","1"
"4050","jptegbusinesst","1"
"4050","trust","1"
"4050","ガスタービンエンジン","1"
"4050","煉炭","1"
"4050","有限","1"
"4050","商標","1"
"4050","・アクアクララレモンガスホールディングス","1"
"4050","M","1"
"4050","etwork","1"
"4050","電池","1"
"4050","パンフレット","1"
"4050","湾岸","1"
"4050","遊休","1"
"4050","ha","1"
"4050","godo","1"
"4050","jplocalNews","1"
"4050","有数","1"
"4050","スマートシティ","1"
"4050","kWh","1"
"4050","二酸化炭素","1"
"4050","効果","1"
"4050","件","1"
"4050","ハンファグループ","1"
"4050","Q","1"
"4050","セルズ","1"
"4050","nikkan","1"
"4050","jpnewsnkx","1"
"4050","hlak","1"
"4050","日刊","1"
"4050","社団","1"
"4050","略式","1"
"4050","ion","1"
"4050","green","1"
"4050","IONGREENELECTRICITYCO","1"
"4050","背景","1"
"4050","イノベーション","1"
"4050","リーディング","1"
"4050","カンパニー","1"
"4050","エナシティ","1"
"4050","人々","1"
"4050","活力","1"
"4050","ダイバー","1"
"4050","シティ","1"
"4050","publisherITmedia","1"
"4050","comarticlesASG","1"
"4050","G","1"
"4050","ULFA","1"
"4050","icomtop","1"
"4050","namejarahttp","1"
"4050","jara","1"
"4050","jpreport","1"
"4050","chopro","1"
"4050","rc","1"
"4050","海","1"
"4050","SmartJapan","1"
"4050","スポーツ","1"
"4050","プロサッカーリーグ","1"
"4050","リーグ","1"
"4050","nagasaki","1"
"4050","jpnewsv","1"
"4050","varen","1"
"4050","プロ","1"
"4050","ユニフォーム","1"
"4050","背中","1"
"4050","V","1"
"4050","買い取り","1"
"4050","namejara","1"
"4050","archiveurlhttps","1"
"4050","web","1"
"4050","orgweb","1"
"4050","deadlinkdate","1"
"4050","disclosure","1"
"4050","edinet","1"
"4050","fsa","1"
"4050","jpE","1"
"4050","EWBLMainController","1"
"4050","jsp","1"
"4050","verbW","1"
"4050","CXW","1"
"4050","DSPSch","1"
"4050","beanee","1"
"4050","bean","1"
"4050","parent","1"
"4050","EECommonSearchBean","1"
"4050","TIDW","1"
"4050","PIDW","1"
"4050","SESSIONKEY","1"
"4050","lgKbn","1"
"4050","pkbn","1"
"4050","skbn","1"
"4050","dskb","1"
"4050","dflg","1"
"4050","iflg","1"
"4050","preId","1"
"4050","row","1"
"4050","idx","1"
"4050","syoruiKanriNo","1"
"4050","mulE","1"
"4050","flson","1"
"4050","cal","1"
"4050","eraH","1"
"4050","yer","1"
"4050","mon","1"
"4050","pfs","1"
"4050","W","1"
"4050","半期","1"
"4050","EDINET","1"
"4050","書類","1"
"4050","namea","1"
"4050","hg","1"
"4050","jphg","1"
"4050","chunichi","1"
"4050","jparticleshizuoka","1"
"4050","CK","1"
"4050","CHUNICHIWeb","1"
"4050","town","1"
"4050","lg","1"
"4050","jpsectionkikakushinkolg","1"
"4050","d","1"
"4050","attlg","1"
"4050","z","1"
"4050","at","1"
"4050","s","1"
"4050","comnewsdetail","1"
"4050","seibugas","1"
"4050","msup","1"
"4050","MJmsup","1"
"4050","羽越","1"
"4050","水源","1"
"4050","国土","1"
"4050","支所","1"
"4050","company","1"
"4050","comservice","1"
"4050","plantslist","1"
"4050","complantslist","1"
"4050","港湾","1"
"4050","指針","1"
"4050","港","1"
"4050","後背","1"
"4050","首脳","1"
"4050","通産","1"
"4050","城下町","1"
"4050","物語","1"
"4050","大火","1"
"4050","良心","1"
"4050","宝石","1"
"4050","原油","1"
"4050","先行き","1"
"4050","方策","1"
"4050","白紙","1"
"4050","代り","1"
"4050","地金","1"
"4050","相場","1"
"4050","nest","1"
"4050","JRE","1"
"4050","citepress","1"
"4050","jre","1"
"4050","jppdfnews","1"
"4050","search","1"
"4050","AF","1"
"4050","BC","1"
"4050","BA","1"
"4050","BB","1"
"4050","同所","1"
"4050","革","1"
"4050","意向","1"
"4050","system","1"
"4050","city","1"
"4050","sapporo","1"
"4050","jpsomushusshi","1"
"4050","dantaisystemh","1"
"4050","documentsh","1"
"4050","都心","1"
"4050","taiheiyo","1"
"4050","cement","1"
"4050","jpnewsnews","1"
"4050","jpower","1"
"4050","releasenews","1"
"4050","次","1"
"4050","塩素","1"
"4050","酸","1"
"4050","ナフサ","1"
"4050","ガスタンク","1"
"4050","織姫","1"
"4050","絵","1"
"4050","サッカー","1"
"4050","ボール","1"
"4050","エスパワー","1"
"4050","トリニータ","1"
"4050","クラブ","1"
"4050","サポーター","1"
"4050","個","1"
"4050","MJm","1"
"4050","窓口","1"
"4050","受水槽","1"
"4050","高架","1"
"4050","水槽","1"
"4050","セミナー","1"
"4050","随意","1"
"4050","黒字","1"
"4050","エネ・ビジョン","1"
"4050","is","1"
"4050","comregionnews","1"
"4050","rgn","1"
"4050","バス","1"
"4050","同士","1"
"4050","親族","1"
"4050","議員","1"
"4050","相互","1"
"4050","内訳","1"
"4050","最小","1"
"4050","圓","1"
"4050","尾","1"
"4050","文庫","1"
"4050","税","1"
"4050","租税","1"
"4050","jpirmanagementmanagement","1"
"4050","jpcorporateecoindex","1"
"4050","公用","1"
"4050","cenergy","1"
"4050","Lang","1"
"4050","en","1"
"4050","short","1"
"4050","CenergyCo","1"
"4050","空中","1"
"4050","僻地","1"
"4050","農園","1"
"4050","難民","1"
"4050","キャンプ","1"
"4050","テスラ","1"
"4050","申し子","1"
"4050","夢","1"
"4050","comarticleDGXNASDZ","1"
"4050","ワン","1"
"4050","ReNew","1"
"4050","zaikei","1"
"4050","jpreleases","1"
"4050","plaza","1"
"4050","rakuten","1"
"4050","jpkingbirddiary","1"
"4050","jparticleNEWS","1"
"4050","rtnocnt","1"
"4050","浮力","1"
"4050","床","1"
"4050","沖","1"
"4050","案","1"
"4050","真っ向","1"
"4050","特命","1"
"4050","財政","1"
"4050","長官","1"
"4050","根拠","1"
"4050","アウト","1"
"4050","DHC","1"
"4050","jigyo","1"
"4050","mm","1"
"4050","dhc","1"
"4050","神","1"
"4050","主成分","1"
"4050","既設","1"
"4050","nankyo","1"
"4050","topics","1"
"4050","htmlNews","1"
"4050","Topipcs","1"
"4050","碍子","1"
"4050","NGK","1"
"4050","分野","1"
"4050","機械","1"
"4050","小池","1"
"4050","diapwr","1"
"4050","releasepress","1"
"4050","管","1"
"4050","器材","1"
"4050","ＰＵＣ","1"
"4050","名門","1"
"4050","メイン","1"
"4050","バンク","1"
"4050","武家","1"
"4050","屋敷","1"
"4050","借り入れ","1"
"4050","シェル","1"
"4050","citenews","1"
"4050","showa","1"
"4050","shell","1"
"4050","releasepr","1"
"4050","CD","1"
"4050","事例","1"
"4050","actionview","1"
"4050","id","1"
"4050","page","1"
"4050","出来事","1"
"4050","releaseteirei","1"
"4050","定例","1"
"4050","記者","1"
"4050","tech","1"
"4050","jpdmatclfeature","1"
"4050","アライアンス","1"
"4050","絵巻","1"
"4050","website","1"
"4050","Next","1"
"4050","戸","1"
"4050","原価","1"
"4050","見直し","1"
"4050","方面","1"
"4050","幹線","1"
"4050","過度","1"
"4050","ゴーサイン","1"
"4050","奥","1"
"4050","夜間","1"
"4050","ギャップ","1"
"4050","長距離","1"
"4050","のち","1"
"4050","炭火","1"
"4050","性格","1"
"4050","合理","1"
"4050","期間","1"
"4050","閣議","1"
"4050","初値","1"
"4050","多角","1"
"4050","主","1"
"4050","タイ・カエンコイ","1"
"4050","アメリカ・テナスカフロンティア","1"
"4050","ウッド","1"
"4050","カントリー","1"
"4050","クレアモント","1"
"4050","源","1"
"4050","概念","1"
"4050","責任","1"
"4050","山間","1"
"4050","未開","1"
"4050","土地","1"
"4050","灌漑","1"
"4050","一翼","1"
"4050","蔵元","1"
"4050","酒造","1"
"4050","酒蔵","1"
"4050","蔵","1"
"4050","屋根","1"
"4050","幹事","1"
"4050","communitypower","1"
"4050","comarticleDGXNASFK","1"
"4050","造り酒屋","1"
"4050","構図","1"
"4050","DA","1"
"4050","digital","1"
"4050","comarticlesDA","1"
"4050","ランナー","1"
"4050","アイパワーアセット","1"
"4050","北東","1"
"4050","有料","1"
"4050","道路","1"
"4050","定期","1"
"4050","素封","1"
"4050","初代","1"
"4050","羽","1"
"4050","頭取","1"
"4050","部会","1"
"4050","係累","1"
"4050","年鑑","1"
"4050","サテライト","1"
"4050","同市","1"
"4050","国産","1"
"4050","近郊","1"
"4050","上記","1"
"4050","茶色","1"
"4050","東北","1"
"4050","内燃","1"
"4050","リーダーシップ","1"
"4050","セプコ","1"
"4050","ヘプコ","1"
"4050","エプコ","1"
"4050","EPCO","1"
"4050","トエプコ","1"
"4050","エネプコ","1"
"4050","現時点","1"
"4050","タイプ","1"
"4050","ohoku","1"
"4050","D","1"
"4050","丸","1"
"4050","社用","1"
"4050","雨冠","1"
"4050","縦","1"
"4050","棒","1"
"4050","片仮名","1"
"4050","支社","1"
"4050","自前","1"
"4050","jpepnoticepressrelease","1"
"4050","エナジーパートナープレスリリース","1"
"4050","loop","1"
"4050","メンテナンス","1"
"4050","保険","1"
"4050","Looop","1"
"4050","looop","1"
"4050","denki","1"
"4050","titleLooop","1"
"4050","publisherLooop","1"
"4050","sdk","1"
"4050","jpassetsfilesirlibrarypdf","1"
"4050","financia","1"
"4050","all","1"
"4050","有価","1"
"4050","汽力","1"
"4050","ecologyexpress","1"
"4050","jpcontentfreeCompanyENI","1"
"4050","動力","1"
"4050","化学","1"
"4050","日報","1"
"4050","jpuploadedlife","1"
"4050","misc","1"
"4050","hermes","1"
"4050","ir","1"
"4050","lib","1"
"4050","hit","1"
"4050","jprshandle","1"
"4050","法制","1"
"4050","現況","1"
"4050","単価","1"
"4050","年報","1"
"4050","実質","1"
"4050","kessan","1"
"4050","laboneko","1"
"4050","jpsettlements","1"
"4050","keiwagas","1"
"4050","自体","1"
"4050","全般","1"
"4050","イッツ・コミュニケーションズ","1"
"4050","セット","1"
"4050","販路","1"
"4050","toyokeizai","1"
"4050","netarticles","1"
"4050","秘策","1"
"4050","yonden","1"
"4050","jpenergyp","1"
"4050","stationindex","1"
"4050","大震災","1"
"4050","LA","1"
"4050","reuters","1"
"4050","comarticlefocus","1"
"4050","ikata","1"
"4050","idJPKCN","1"
"4050","焦点","1"
"4050","ヨンデン","1"
"4050","ローマ字","1"
"4050","YONDEN","1"
"4050","チカラ","1"
"4050","DOING","1"
"4050","マスコットキャラクター","1"
"4050","広がり","1"
"4050","ネット","1"
"4050","無料","1"
"4050","新規","1"
"4050","子供","1"
"4050","ロボット","1"
"4050","サーチ","1"
"4050","ISP","1"
"4050","電信","1"
"4050","バルブ","1"
"4050","ハンドル","1"
"4050","ショールーム","1"
"4050","ガストピア","1"
"4050","ロータリー","1"
"4050","コジェネレーションシステム","1"
"4050","軌学","1"
"4050","鈴","1"
"4050","峯","1"
"4050","女子","1"
"4050","短期大学","1"
"4050","スタッフ","1"
"4050","人材","1"
"4050","ガスカストピア","1"
"4050","ガストピアセンター","1"
"4050","ork","1"
"4050","archiveurl","1"
"4050","相手","1"
"4050","垂直","1"
"4050","kyuden","1"
"4050","jpcompany","1"
"4050","index","1"
"4050","事前","1"
"4050","青色","1"
"4050","高地","1"
"4050","山岳","1"
"4050","地理","1"
"4050","歴史","1"
"4050","戦中","1"
"4050","地位","1"
"4050","ウエイト","1"
"4050","傾向","1"
"4050","傍ら","1"
"4050","同時","1"
"4050","姿勢","1"
"4050","老朽","1"
"4050","大気","1"
"4050","原因","1"
"4050","所内","1"
"4050","工程","1"
"4050","省エネルギー","1"
"4050","燃","1"
"4050","apan","1"
"4050","uclear","1"
"4050","uel","1"
"4050","imited","1"
"4050","JNFL","1"
"4050","人形","1"
"4050","ウラン","1"
"4050","パイロット","1"
"4050","負債","1"
"4050","前受金","1"
"4050","借入金","1"
"4050","jppublic","1"
"4050","部長","1"
"4050","孝","1"
"4050","corporateinfooutlineindex","1"
"4050","houko","1"
"4050","HTM","1"
"4050","条文","1"
"4050","平","1"
"4050","corporateinfohistoryindex","1"
"4050","Article","1"
"4050","ArticlesofIncorporation","1"
"4050","TEPCO","1"
"4050","enecho","1"
"4050","jpaboutwhitepaper","1"
"4050","pdfwhitepaper","1"
"4050","年次","1"
"4050","comarticleDGXNASFP","1"
"4050","Z","1"
"4050","次期","1"
"4050","弁護士","1"
"4050","仲間","1"
"4050","手腕","1"
"4050","浜","1"
"4050","町営","1"
"4050","複本","1"
"4050","遅れ","1"
"4050","NIKKEIBP","1"
"4050","一酸化","1"
"4050","タレント","1"
"4050","ユースケ・サンタマリア","1"
"4050","双方","1"
"4050","手法","1"
"4050","jpdenryokumagazinedetails","1"
"4050","コンサルタント","1"
"4050","研究所","1"
"4050","websitewww","1"
"4050","languageja","1"
"4050","モデル","1"
"4050","EnerGia","1"
"4050","エネルギア","1"
"4050","ラテン語","1"
"4050","意","1"
"4050","プラス","1"
"4050","県営","1"
"4050","経緯","1"
"4050","comarticleDGXNASJB","1"
"4050","LC","1"
"4050","都道府県","1"
"4050","全量","1"
"4050","jparticle","1"
"4050","アビーム","1"
"4050","RPA","1"
"4050","プロジェクト","1"
"4050","マイナビニュース","1"
"4050","令","1"
"4050","和","1"
"4050","LB","1"
"4050","gnesc","1"
"4050","放射線","1"
"4050","情報処理","1"
"4050","japc","1"
"4050","jpcompanygroup","1"
"4050","エネルギーソリューション","1"
"4050","かんがい","1"
"4050","確固","1"
"4050","当該","1"
"4050","基盤","1"
"4050","宝","1"
"4050","本名","1"
"4050","争い","1"
"4050","都合","1"
"4050","法廷","1"
"4050","属地","1"
"4050","形式","1"
"4050","下表","1"
"4050","下流","1"
"4050","体系","1"
"4050","総評","1"
"4050","格差","1"
"4050","賃金","1"
"4050","私物","1"
"4050","黒幕","1"
"4050","Greenish","1"
"4050","具体","1"
"4050","休耕田","1"
"4050","紫","1"
"4050","にんにく","1"
"4050","下","1"
"4050","鶏","1"
"4050","放し飼い","1"
"4050","卵","1"
"4050","日陰","1"
"4050","ハーブ","1"
"4050","キノコ","1"
"4050","ベース","1"
"4050","厨房","1"
"4050","シリーズ","1"
"4050","涼","1"
"4050","厨","1"
"4050","空気","1"
"4050","osaka","1"
"4050","cci","1"
"4050","jpShoukaiRekishirekidai","1"
"4050","歴代","1"
"4050","親密","1"
"4050","ビルヂング","1"
"4050","モダニズム","1"
"4050","傑作","1"
"4050","有形","1"
"4050","文化財","1"
"4050","jpdairinkai","1"
"4050","丘陵","1"
"4050","後身","1"
"4050","doors","1"
"4050","doshisha","1"
"4050","jpduarrepositoryir","1"
"4050","学術","1"
"4050","筆者","1"
"4050","otsu","1"
"4050","kigyo","1"
"4050","jphtmlmanabukungasg","1"
"4050","HPhttp","1"
"4050","htmlNIKKEIBP","1"
"4050","osakagas","1"
"4050","jpcompanyirlibraryarpdf","1"
"4050","春","1"
"4050","視野","1"
"4050","理由","1"
"4050","comeconomynews","1"
"4050","ecn","1"
"4050","国外","1"
"4050","目標","1"
"4050","compremiumnews","1"
"4050","prm","1"
"4050","頭打ち","1"
"4050","シェールガス","1"
"4050","攻勢","1"
"4050","シェール","1"
"4050","追い風","1"
"4050","見極め","1"
"4050","カギ","1"
"4050","素材","1"
"4050","jparticles","1"
"4050","ddm","1"
"4050","c","1"
"4050","柱","1"
"4050","朝刊","1"
"4050","左","1"
"4050","エ","1"
"4050","効力","1"
"4050","政令","1"
"4050","年配","1"
"4050","カン","1"
"4050","パイ","1"
"4050","比重","1"
"4050","経年","1"
"4050","kepco","1"
"4050","jppressre","1"
"4050","春日","1"
"4050","高砂","1"
"4050","Kandennakanoshima","1"
"4050","px","1"
"4050","半導体","1"
"4050","流体","1"
