141ビル,141ビル（いちよんいちビル）は、宮城県仙台市青葉区にある再開発ビルで、“東北地方初の総合ファッションビル”である。仙台市都心部の東一番丁通り・定禅寺通・東二番丁通り・北小路の4つの道に囲まれたブロックに建つ。市民からは「141」と省略されて呼ばれている。現在の核テナントは「仙台三越・定禅寺通り館」。
ASIAN_STAR,株式会社ASIAN STAR（えいしあんすたー）は、神奈川県横浜市西区に本社を置く不動産会社。旧社名は、株式会社陽光都市開発（英文表記：YOKO TOSHIKAIHATSU CO.）。現在は中国の法人である上海徳威企業発展有限公司グループが筆頭株主。2007年12月期まで業績は堅調に推移したが、2008年12月期に評価損等により多額の赤字を計上、50億円近くあった純資産がこの1年で3億円台にまで落ち込んだ。2011年12月期から不動産販売事業の縮小を開始。2012年12月期の連結売上高は、2007年12月期の連結売上高の10%以下に減少している。
EMCOMホールディングス,"株式会社EMCOMホールディングス（エンコムホールディングス、EMCOM HOLDINGS CO., LTD.）は、日本の不動産業・資源流通事業・ディスプレイ販売事業等をおこなう企業グループの持株会社である。前身はゲームソフト開発会社のジャレコだが、新旧分割による持株会社化（ジャレコ・ホールディングへの社名変更、会社分割による（新）ジャレコの設立）を経た後、（新）ジャレコはゲームヤロウに売却されてグループから離脱し、現在は資本関係もない。金融事業・不動産事業を中心に展開していたが、2010年以降両事業とも縮小を続け、業態転換を図っているものの、2012年は旅行商品販売事業及びK-1主催事業へ参入直後に撤退する一方、主眼に置いている資源流通事業の展開も遅れるなど、主要業務が依然定まらない状況にある。"
JAG国際エナジー,JAG国際エナジー株式会社（じぇいえいじーこくさいえなじー）は、日本アジアグループ株式会社傘下の事業会社で、不動産関連事業と再生可能エネルギーの開発事業を行う企業。
JFE都市開発,JFE都市開発株式会社（ジェイエフイーとしかいはつ、英文社名 JFE Urban Development Corporation）は、かつて存在した不動産業者（デベロッパー）である。JFEホールディングスの傘下。「遊休地の再開発によりグループで保有する不動産の有効活用と価値増大を図ること」を目的に掲げていたが、2011年（平成23年）に、当初の事業目的をほぼ達成したとして、グループ内の事業再編によって同じくJFEホールディングス傘下のJFEスチールに合併された。JFEグループの所有地の都市開発、マンション（ブランド名「グランシーナ」）の分譲などを手がけていた。
JR九州ビルマネジメント,JR九州ビルマネジメント株式会社（ジェイアールきゅうしゅうビルマネジメント）は、福岡県福岡市博多区に本社を置く、JR九州グループの不動産管理会社である。
JR大分シティ,株式会社JR大分シティ（ジェイアールおおいたシティ）は、大分県大分市に本社を置く、JR九州グループの不動産管理会社である。
JR博多シティ_(企業),株式会社JR博多シティ（ジェイアールはかたシティ）は、福岡県福岡市博多区に本社を置く、JR九州グループの不動産管理会社。
KOSHINOコーポレーション,株式会社KOSHINOコーポレーションは、不動産の賃貸・仲介・管理・サブリース・リーシングなどを主軸とし、関連企業において、農業支援（水耕栽培）、環境開発事業・イベント企画、運営事業などを行う会社である。2009年（平成21年）5月現在、堺営業所（堺市）・神戸営業所（神戸市中央区）の2箇所の営業所が置かれている。
LIXILリアルティ,"株式会社LIXILリアルティ（リクシルリアルティ、LIXIL Realty, Corp.）は、不動産売買、賃貸住宅及び社宅の管理代行などを行う株式会社LIXILグループの子会社（孫会社）である。"
MDI_(不動産会社),株式会社MDI（エムディアイ）は、東京都中央区銀座に本社を置く日本の不動産会社。2008年10月、レオパレス21創業者深山祐助とその親族である深山将史が創業。社名はそのレオパレス21の旧社名を再利用。不動産関連の業務のほか、プロ関係のアスリートマネジメントも行う。
MID都市開発,"MID都市開発株式会社（エムアイディとしかいはつ、MID Urban Development Co., Ltd.）は、大阪市北区に本社を置く不動産会社、不動産デベロッパーである。2005年（平成17年）に経営破綻した松下興産の不動産部門を前身とし、2009年（平成21年）以降は関西電力の子会社となっている。"
MRVエンゲンハリア,MRVエンゲンハリア（MRV Engenharia e Participaes S.A.）は、1979年に設立されたブラジル・ミナスジェライス州の州都ベロオリゾンテに本社を置く不動産開発業者である。中低所得者層向けの不動産開発に強みを発揮しており、75以上のブラジルの都市で営業活動を展開している。1日に100戸以上の不動産を販売しており、住宅を保有していないブラジル人が住宅を持つという夢をかなえるのに一役買っている企業である。株式はサンパウロ証券取引所に公開してあり、会社の規模では同業のシレラ・ブラジル・リアリティ、PDGレアルティに次ぐ規模に成長している。
Myアセット,株式会社Ｍｙアセット（まいあせっと、My Asset Corporation）は、千葉県松戸市小根本に本社を置く不動産会社である。2008年より「住まい創りから資産創りへ」をキャッチコピーに株式会社大成住販から社名変更。
NREG東芝不動産,NREG東芝不動産株式会社（エヌ・アール・イー・ジー とうしばふどうさん）は、日本の不動産会社である。不動産賃貸（オフィス・住宅（社宅等が中心））・住宅分譲・保守管理が主な事業。野村不動産グループと東芝グループの両方に籍を置く形になっている。
NSコーポレーション,NSコーポレーション株式会社（えぬえすコーポレーション）は、東京都港区に本社を置く建設・不動産当の管理運営、イベント・クリエイティブ制作を行う企業。1969年に株式会社資生堂の不動産関連会社として設立するが、2008年にビルメンテナンスなどを行う日本管財株式会社に株式の90％を譲渡。株式会社資生堂の連結からは外れているが、現在も株式の10％を保有しており、関係性は続いている。
NTTクレド,NTTクレド（エヌ・ティ・ティ　クレド）は、以前存在した。NTTの遊休地を活用するために設立されたデベロッパー。1999年（平成11年）4月に、他の地域会社5社と共にNTT都市開発と合併した。
NTTル・パルク,NTTル・パルクはNTT東日本の100%子会社でコインパーキングや月極駐車場といった駐車場の開発、運営業務を行っているNTTグループの企業である。
NTT都市開発,エヌ・ティ・ティ都市開発株式会社（NTTとしかいはつ、英: NTT Urban Development Corporation）は、東京に本社を置く日本の不動産会社、デベロッパーである。
OMこうべ,株式会社OMこうべ（オーエムこうべ）は、財団法人神戸市開発管理事業団と株式会社神戸ニュータウン開発センターが経営統合して、2012年10月1日より、神戸ニュータウン開発センターを存続会社として「OMこうべ」に名称変更した、神戸市が大部分を出資する第三セクターである。同市須磨区、及び西区のニュータウン内にあるショッピングセンターの開発・管理・運営を行っている。2013年10月1日、高速船神戸-関空ベイ・シャトルを運航する海上アクセス株式会社を吸収合併し、海運事業も行っている。
PDGリアルティ,PDGリアルティは、ブラジルの不動産開発業者。この方面ではシレラ・ブラジル・リアルティに次ぎ、同国で2番目に大きい事業者である。本社をリオデジャネイロに置き、リオデジャネイロ州を中心に11州56都市において、また、隣国アルゼンチンにおいて、住宅開発に焦点をおいた企業活動を展開している。2007年に、株式をBM&F Bovespaの新興市場であるノヴォ・メルカドに公開している。PDGリアルティの戦略は子会社あるいは直接、自らの手でさまざまなプロジェクトに投資をすることによって得られる成長に置いている。PDGリアルティの不動産のターゲットとして捕らえられている所得層はさまざまであり、また、不動産事業のコンサルティングビジネスにも参画している。
PHYLLITE,株式会社PHYLLITE（フィライト）は、EMCOMホールディングス傘下の不動産業等を営む会社である。旧日本中央地所。1964年（昭和39年）設立。東京銀行（現 三菱東京UFJ銀行）と共に横浜正金銀行の後継会社の一つ。宅地建物取引業者免許 東京都知事(1)第90060号、金融商品取引業者 関東財務局長（金商）第1426号。社団法人不動産流通経営協会会員。近年はフィライト（千枚岩）を活用した土壌改良材の研究・開発等、資源流通事業に業態転換を図っている。
SBIライフリビング,"SBIライフリビング株式会社（エスビーアイライフリビング、英称:SBI Life Living Co., Ltd.）は、日本の不動産会社。2006年6月20日、東証マザーズに上場したが、2015年にアドバンテッジ パートナーズ傘下に入り、5月1日付で上場廃止となった。"
THEグローバル社,株式会社THEグローバル社（ざグローバルしゃ、英: The Global Ltd.）は、東京都新宿区に本社を置く不動産会社の持株会社である。
TNC放送会館,TNC放送会館（ティーエヌシーほうそうかいかん）は、福岡県福岡市早良区百道浜にある超高層ビル、ならびに同建物の管理を行う企業。
アースウィンド,"株式会社アースウィンド（Earth Wind Co.,Ltd.）は、東京都中央区銀座に本社を置く不動産会社である。"
アース賃貸保証,株式会社アース賃貸保証（あーすちんたいほしょう）は、東京都中央区銀座に本社を置くビルマネジメント会社である。滞納賃料を保証する「賃貸保証システム」をメインに、安定した不動産運用のバックアップ・不動産物件の価値向上を目的とする「プロパティマネジメント」の受託・運営をしている。
アーネストワン,株式会社アーネストワン（ARENEST ONE CORPORATION）は、東京都西東京市に本社を置く不動産会社。マンション・戸建住宅の分譲等を行っている。飯田グループホールディングス株式会社の完全子会社。
アーバネットコーポレーション,株式会社アーバネットコーポレーションは、東京都千代田区に本社を置く不動産会社。アジールコート、グランアジールシリーズなどの自社マンション開発事業や都市開発事業が主力。
アーバンコーポレイション,株式会社アーバンコーポレイションは、広島県広島市中区に本社を置いていた不動産会社である。現在は清算済みである。
アグレ_(企業),アグレ（AGRE Empreendimentos Imobilirios S.A）は、ブラジルで最大規模の不動産開発業者である。本社をサンパウロに置き、中級あるいはそれよりも所得が高いアッパーミドルといわれる所得層向けの住宅開発を得意としている。また、アグレは、富裕層向けあるいは、中間層よりもやや所得が低いロウワーミドル向けの不動産開発にも参画しており、ホテル事業にも参加している。アグレは、サンパウロ、リオデジャネイロ、サルヴァドール、レシフェを中心に活動しており、特に大サンパウロ都市圏では、ABC地域（en、サントアンドレ、サンベルナルド・ド・カンポ、サン・カエターノ・ド・スウ）と呼ばれている産業都市群及びバイシャーダ・サンティスタ（en）と呼ばれているサンパウロとサントスの間の一帯の開発に強い。2009年に設立された会社であるが、Agra、Abyara、Klabin Segallの3社が合併して誕生した会社である。アグレの主要株主は、スペイン人の億万長者であるエンリケ・バニューエロスである。
アサヒグローバル,"アサヒグローバル株式会社（ASAHI GLOVAL Co.,Ltd.）は、三重県四日市市に本社を置く不動産会社である。注文住宅の販売を主としていて、三重県を中心に活動。その他にも、住環境に関する事業（インテリア、エクステリア、リフォーム）も展開。最近ではテレビCMも放映される。アイフルホームでは毎年販売実績が全国で3位以内に入るなど業界でも注目される。スーパートラストマンションといった事業も展開。"
アスコット_(企業),株式会社アスコットは、マンションデベロッパーである。2015年1月現在で40棟の分譲実績。東京都都心エリアを中心に中小規模の物件を開発。最寄駅から、徒歩5分以内が75％。
アゼル,株式会社アゼル（あぜる）は、かつて存在した日本の不動産会社および建設会社。東京都大田区に本社を置いていた。
アットホーム,アットホーム株式会社は、東京都大田区に本社を置く不動産情報などを提供する企業。主には不動産業者間の情報流通を担っているが、近年はインターネットを通じて消費者向けの広告も提供している。2008年11月より物件検索、物件情報公開、成約連絡や物件管理といった仲介業務のさまざまな場面を総合的に支援する「ATBB（athome Business Base）」を展開している。全国に52ヶ所の事業所がある。
アップタウン伊豆,株式会社アップタウン伊豆（アップタウンいず）は静岡県にある不動産会社。
アドバンス・マネジメント,"株式会社 アドバンス・マネジメント（英文商号：ADVANCE MANAGEMENT　co.,ltd.）は、2007年12月設立の大阪市北区にある賃貸管理会社である。"
アトリウム_(企業),"株式会社アトリウム（Atrium Co., Ltd.）は、東京都千代田区に本社を置く、日本の不動産会社。クレディセゾンの連結子会社。既存の建物を買い上げ、リノベーションを行い再販売する「不動産再生ビジネス」と、それに関わる不動産抵当の債権回収業を主な事業としている。"
アパマンショップホールディングス,"株式会社アパマンショップホールディングス（英: Apamanshop Holdings Co., Ltd.）は、不動産賃貸仲介の大手フランチャイズブランドであるアパマンショップネットワークグループにおいて、事業戦略の策定や経営管理、経営資源の最適配分を行う持株会社である。"
アピア_八千代デパート,アピア 八千代デパート（アピア やちよデパート）は、千葉県八千代市八千代台北の八千代台駅西口にある、商業ビルである。
アベストコーポレーション,株式会社アベストコーポレーションは兵庫県神戸市中央区にある不動産会社。
アルデプロ,株式会社アルデプロは、日本の不動産会社。「ARDEPRO（アルデプロ）」という社名の由来は、英語の「ardent（熱心な）」と「professionals（プロフェッショナル）」を組み合わせた造語。2008年7月期から業績が悪化し、2009年7月期には債務超過となった。2010年3月に事業再生ADR手続利用を申請し、債務の株式化などが行われた結果、2010年7月期には資産超過に回復した。その後も在庫物件の売却など資産・負債の圧縮により再建を進めたが、売却価格の低迷などで2012年7月期に再び44億円余りの純損失を計上し、債務超過に転落した。販売用不動産の処分も終了し、債務免除による特別利益の計上も行ったものの2013年7月期の債務超過解消（上場廃止回避）のめどが立たなかったため、2013年7月末日に実質的な創業者である秋元竜弥に対して12億円の第三者割当増資（債務の株式化を含む）を行い、債務超過を回避した。
アンビシャス_(不動産会社),株式会社アンビシャスは、日本の不動産会社。主に首都圏で「アンビシャス」シリーズのマンションを分譲している。2004年当時の扶桑レクセル株式会社の代表取締役社長だった安倍徹夫が、親会社大京と扶桑レクセルの合併化に対抗し、安倍氏を中心に、大京、扶桑レクセル、グローベルスの幹部社員などで約30名が設立したと言われる。
イオンタウン,"イオンタウン（英語: AEON TOWN）は、イオングループのショッピングセンターのブランド名である。なお、本記事では、本ブランドのショッピングセンターを運営する、イオングループの商業ディベロッパー企業である「イオンタウン株式会社（英語: AEON TOWN Co., Ltd.、旧社名「ロック開発」）」についても併記する。"
イオンモール,"イオンモール（英語: AEON MALL）は、イオングループが運営する「モール型ショッピングセンター」および「大型ショッピングセンター」のブランド名である。本記事では、その主な担い手企業であるイオンモール株式会社（英語: AEON MALL Co., Ltd.）についても記述する。"
いすゞエステート,いすゞエステート株式会社（いすずえすてーと）は、東京都品川区に本社を置く、賃貸管理・売買仲介・リフォーム・不動産コンサル業などを行ういすゞ自動車100%の子会社である。
イチイコーポレーション,"株式会社イチイコーポレーション（英称：ICHII CORPORATION., Ltd.）は、東京都品川区に本社を置く不動産会社である。マンスリーマンション、ゲストハウス、SOHOオフィスの運営などを主な事業としている。"
いづみ住建,株式会社いづみ住建（いづみじゅうけん）は、千葉県鎌ヶ谷市に本店を置く日本の不動産会社。主に自社ブランドによる注文建築や自社宅地開発分譲地の販売を手掛けている。
イムズ,イムズ (IMS) は、福岡県福岡市中央区天神一丁目にある、三菱地所の子会社、株式会社イムズが管理運営するファッションビル。イムズ (IMS) という名前は「Inter Media Station」の頭文字を取って名付けられた。外観は金色のタイルで装飾された八角柱。内部は建物の中央を地下2階から地上8階まで貫く大きな吹き抜けが特徴である。なお、12 - 14階も吹き抜けになっている。地元では「イムズ」「イムズビル」と認識されているが、建物の正式な名称は天神MMビル（2つのMは明治生命〈現明治安田生命〉と三菱地所の頭文字）である。
イリオス_(不動産),株式会社イリオスは東京都渋谷区千駄ヶ谷に本社を置く事業向け不動産会社。
イワクラゴールデンホーム,イワクラゴールデンホーム株式会社は、愛知県名古屋市港区に本社を置く日本の不動産会社。北海道にて知名度を誇るイワクラグループの一員。建売住宅、注文住宅、マンション事業等を手掛ける。
いわさきコーポレーション,いわさきコーポレーションは、鹿児島県鹿児島市鴨池新町に本社を置く、いわさきグループのバス・船舶部門の持株会社（中間持株会社）である。
ウェストフィールド・グループ,ウェストフィールド・グループ（Westfield Group）は、オーストラリアの不動産開発業者および小売り業者。オーストラリア証券取引所に上場している。ニュージーランド、アメリカおよびイギリスにおいても展開しており、124のショッピングモールを持つ。
ウェブクルー,株式会社ウェブクルー（英: WebCrew Inc.）は、東京都渋谷区に本社を置く自動車保険や、生命保険を中心とした様々な比較見積もりサイト「保険スクエアbang!」「ズバット」を運営する会社である。カンパニープロミス「あなたを想い、あなたと対話し、最適な選択肢を究極のタイミングで提供し、新しい発見と感動を創造し続ける」にあるように、ユーザーのライフステージに合わせた最適なサービスを提供することを目指している。
ウッドフレンズ,"株式会社ウッドフレンズ（英: Wood Friends Co., Ltd.）は、愛知県名古屋市中区に本社を置くデベロッパーである。"
エイブル,株式会社エイブルは、東京都港区に本社を置く不動産会社。不動産賃貸仲介とその関連事業を専業で行う。
エイブル&パートナーズ,株式会社エイブル＆パートナーズ（エイブルアンドパートナーズ、英語: ABLE & PARTNERS INC.）は、日本の持株会社。傘下にエイブル、CHINTAIを置く。
エコナックホールディングス,エコナックホールディングス株式会社は、東京都世田谷区に本社を置く不動産事業や各種レースや化粧品などを製造、販売する企業の事業持株会社である。
エスグラントコーポレーション,"株式会社エスグラントコーポレーション（英: S-GRANT.CO.,LTD.）は、かつて存在した東京都内中心に投資用高級ワンルームマンションを開発・販売し、賃貸管理、人材派遣業務も行う企業である。"
エスシーサービス,"株式会社エスシーサービス（SC SERVICE Co.,Ltd.）は、鳥取県米子市に本社を置く、不動産事業・損害保険・生命保険代理店・通信販売・複合カフェ事業を行う山陰信販グループの企業。"
エステート24,"エステート24ホールディングス株式会社（えすてーとにじゅうよんほーるでぃんぐす、ESTATE24HOLDINGS CO., LTD ）は、オール電化商品、太陽光発電システムの販売設置工事を行うECOソリューション事業と、不動産売買仲介業、リフォーム事業、新築分譲販売事業を行なう不動産コンサルティング事業を主とする住宅系総合販売メーカーである。"
エステート住宅産業,エステート住宅産業（エステートじゅうたくさんぎょう）は栃木県の企業。
エステムプランニング,株式会社 エステムプランニングは、日本の不動産会社。 マンション経営、投資マンションなどの物件を賃貸管理。 グループ会社の販売物件のほか他社物件も取り扱う。
エステム管理サービス,株式会社 エステム管理サービスは、日本の不動産会社。 グループ会社が販売した物件に対してマンション管理サービスを提供。
エステム住宅販売,株式会社エステム住宅販売（エステムじゅうたくはんばい）は、大阪市中央区に本社を置くマンション販売会社。株式会社日商エステム（不動産会社）のグループ企業である。
エストラスト,株式会社エストラストは、山口県下関市に本社をおく不動産会社である。
エスピー産業,エスピー産業（えすぴーさんぎょう）とは、千葉県松戸市に本社を置き、有料駐車場の営業を行う新京成電鉄グループの企業である。
エスフィット,株式会社エスフィット(S-FIT)とは、日本の不動産会社。屋号は「ヘヤギメ!」。おちまさとのプロデュースにより命名。都内を中心に、神奈川、大阪、合計13拠点で不動産仲介業を中心に行っている。
エスポア,"株式会社エスポア（英: ESPOIR Co.,Ltd.）は、愛知県名古屋市に本社を置く不動産会社。一時期はゲオグループに所属していた。"
エネルギア不動産,"エネルギア不動産（エネルギアふどうさん、EnerGia Real Estate Co.,Ltd.）は、中国電力系列の不動産事業者。中国地方内において戸建住宅の分譲、マンションの分譲、賃貸住宅・賃貸事務所の建設・運営、駐車場の建設・運営、宅地の販売、スーパー銭湯事業（天然温泉 ほの湯）、不動産活用事業等を行なっている。代表取締役社長は和森康修。早稲田大学法学部卒。"
エフ・ジェー・ネクスト,"株式会社エフ・ジェー・ネクスト（FJ Next Co., Ltd.）は東京都新宿区に本社を置く不動産会社。財産運用を目的としたマンションの販売を主に行っている。"
エムウェーブ,長野市オリンピック記念アリーナ（ながのしオリンピックきねんアリーナ）は、長野県長野市に所在する多目的アリーナ。愛称はエムウェーブ（M-WAVE）。秋季から冬季にかけては400mダブルトラックを有する屋内型スケートリンクとして営業する。施設は長野市が所有し、市・長野県と民間が出資する第三セクターの株式会社エムウェーブが指定管理者として運営管理を行っている（後述）。
エムジーホーム,"株式会社エムジーホーム（英: MG HOME CO., LTD.）は、愛知県名古屋市中区に本社を置く不動産会社である。名古屋を中心に分譲マンションの企画、販売を行っている。"
エリアリンク_(不動産),"エリアリンク株式会社 (Area link Co., Ltd.) は、東京都千代田区に本社を置く不動産運用サービス会社である。"
エンドーチェーン,株式会社エンドーチェーンは、宮城県仙台市を本拠地とする株式会社で、商業ビル「EBeanS」を仙台駅前で管理運営し、また、その他の不動産賃貸業を営んでいる。かつて、スーパーマーケットチェーン「エンドーチェーン」を東北地方を中心に展開し、当時の消費文化や芸能をリードした。
オーヴァル_(企業),株式会社オーヴァル（英文名称OVAL corp.）は、横浜市に本社を置く不動産会社。レジャー施設「赤い風船」やテーマパーク「横浜大世界」、オフィスビルなどを手がける。
オーエー・システム・プラザ,"株式会社オーエー・システム・プラザ（英: OA System Plaza Co., Ltd.）は、東京都新宿区に本社を置く企業。"
オークラヤ不動産,オークラヤ不動産（オークラヤふどうさん）は、オークラヤ住宅グループの不動産会社。グループ内の他の企業と異なり、原則として法人顧客（企業）を担当するのが特色である。オークラヤ住宅の法人営業部門を分離して、設立された。資本は、旧三和銀行の流れを汲む。三菱UFJ信託銀行、三菱UFJ不動産販売と業務を提携。
オープンハウス,"株式会社オープンハウス（英: Open House Co., Ltd.）は、東京都千代田区に本社を置く不動産販売会社である。"
おのだサンパーク,おのだサンパークは、山口県山陽小野田市中川6丁目に所在する複合商業施設。前身の「サンパークおのだ」は1983年に開業した。
オリックス不動産,オリックス不動産株式会社（オリックスふどうさん、Orix Real Estate）は、東京都に本社を置くオリックスグループの不動産会社。
オンズコンフィアンス,"株式会社オンズ・コンフィアンス(おんずこんふぃあんす、英文社名：ONZE CONFIANCE CO.,LTD.)は東京都千代田区霞が関に本社を置く総合不動産ディベロッパーである。"
カチタス,"株式会社カチタス（英: KATITAS Co.,Ltd.）は、群馬県桐生市に本社を置く不動産会社である。"
ガフィーザ,ガフィーザ（Gafisa S.A）はブラジルの建設会社、デベロッパーである。本社をブラジル・サンパウロに置き、ブラジル各地で事業を営んでいる。1954年に設立された。BM&F Bovespa、ニューヨーク証券取引所に上場している。
カリーノ,"株式会社カリーノファシリティーズ（英称:Carino facilitis Co.,Ltd.）は、熊本県熊本市に本社を置く不動産会社。かつての九州地区最大手スーパーマーケットチェーンの中核企業「株式会社寿屋」（ことぶきや）の後身企業カリーノグループの中核企業である。寿屋時代は、総合スーパー業態の寿屋、百貨店業態の寿屋百貨店、食品スーパー業態のくらし館、ディスカウント業態のキッド、および百貨店業態から衣類・雑貨に特化したAXiS等といった店舗ブランドを展開していた。"
キンキホーム,株式会社キンキホームは、奈良県奈良市に本社を置く、不動産賃貸仲介業を中心に行っている日本の企業である。グループ会社の株式会社シティホームと合わせ、下記にて店舗を展開している。宮城地区東京地区新潟地区・石川地区愛知地区滋賀地区・京都地区・大阪地区・奈良地区・和歌山地区岡山地区・広島地区香川地区福岡地区・沖縄地区
グッドマンジャパン,グッドマンジャパン株式会社は、物流不動産に特化した不動産仲介会社。物流施設に特化した不動産ファンドの組成・運営等も行う。
クラスコ,"株式会社クラスコは、石川県金沢市にある不動産会社。1963年12月に創業。金沢市,野々市市,小松市等で賃貸マンション・アパートの販売、賃貸借、管理、修理及び仲介、損害保険代理業、リノベーション事業、ビル管理、ガス販売、介護事業を手がけている。2013年12月1日に「タカラ不動産株式会社」から現社名へ変更した。同月、東京オフィスオープンしている。。"
グランディーズ,株式会社グランディーズ（ぐらんでぃーず）は、不動産の販売、建築請負、建築・不動産コンサルティングを行う会社。東京証券取引所マザーズ及び福岡証券取引所Q-Board市場上場銘柄のひとつである（証券コードは3261）。
グランディハウス,グランディハウス株式会社は、栃木県宇都宮市に本社を置く不動産会社である。北関東を中心に事業展開している。
クリード_(企業),株式会社クリードは、不動産投資・不動産運用事業を行う日本の株式会社である。
グリーンステージ,株式会社グリーンステージは、富山県富山市にある企業である。おもにショッピングセンターの開発と運営、住宅地の開発と運営、不動産売買・賃貸・仲介を業務としている。富山市に本社を置く不動産会社、株式会社OSCAR（オスカー）の子会社。
クレアスライフ,株式会社クレアスライフは、東京都港区六本木に本社を置くマンションデベロッパー・不動産会社。投資型ワンルームマンション業界最大手。傘下に不動産賃貸管理事業のクレアスレント、マンション・ビル管理事業のクレアスコミュニティー、不動産仲介・販売事業のクレアスパートナーズ、家賃債務保証事業のアーバンプライムなどの子会社でクレアスライフグループを形成。分譲マンションのブランド名は「コンシェリア」として展開。2007年6月以前の社名は菱和ライフクリエイト。
くろさき_(長野県),株式会社くろさきは、長野県長野市に本社を置く企業。スーパーマーケットスーパーくろさきなどを展開していたが、2000年（平成12年）に小売業から撤退。現在は自社不動産管理などを行なっている。
ケン・コーポレーション,株式会社ケン・コーポレーション（けんコーポレーション）は、東京都に本社を置く不動産会社。賃貸であれば月額30万円、販売であれば1億円を超えるような高額物件を主力に取り扱っている。特に、外国人向け高級物件の賃貸仲介業務においては日本でも草分け的な存在である。
コーセーアールイー,"株式会社コーセーアールイー（KOSE R.E. Co.,Ltd.）は、マンションの分譲などを行う不動産会社である。本社は福岡県福岡市中央区赤坂にある。ジャスダック及び福岡証券取引所上場。化粧品会社のコーセーとは関係がない。"
コールドウエルバンカー,コールドウエルバンカー(Coldwell Banker Real Estate LLC)はアメリカで最古の不動産会社でありグローバル展開している企業。投資ファンドである Apollo Management傘下の Realogy社のグループ企業である。日本では株式会社コールドウエルバンカーアフリエイツジャパン（英称：Coldwell Banker Affiliates of Japan Inc.）が不動産仲介業の総本部を展開している。
コスモスイニシア,"株式会社コスモスイニシア（英文名称：Cosmos Initia Co., Ltd.）は、一次取得者向けのファミリータイプのマンション開発を首都圏中心に展開する、マンション・一戸建を取り扱うデベロッパーである。2012年マンション供給戸数ランキングでは首都圏8位（922戸）。販売部門が分社化されていないことから、販売業務も直接自社で行っている。"
コマーシャル・アールイー,"株式会社コマーシャル・アールイー（英: Commercial RE Co., Ltd.）は、不動産会社。旧株式会社幸洋コーポレーション。関連会社エイエスエヌ・ジャパンの「エランデ・アパートメント」と業務協力関係。住居系賃貸仲介ポータルサイト「ドっとあ～る賃貸」のテレビCMに藤井隆、三瓶を起用。"
コミュニティワン,"コミュニティワン株式会社は東急不動産グループのマンション管理会社。東京都に本社を置き、全国各地に支店・営業所を設ける。かつて親会社であったダイア建設とは既に資本関係は無い。2014年3月現在の管理受託戸数は139,543戸。"
サイズ・コーポレーション,"株式会社サイズ・コーポレーション（Sides Corporation, Inc.）は、東京都新宿区に本社を置く、不動産会社である。"
サムティ,サムティ株式会社は、大阪市淀川区に本社を置く不動産会社である。
サンウッド,株式会社サンウッド（さんうっど、Sunwood Corporation）は、東京都港区に本社を置くマンションデベロッパー。
サンケイビル,"株式会社サンケイビルは、東京都千代田区大手町一丁目に本社を置く、フジサンケイグループのデベロッパーである。2000年以降、「管理型不動産業」から「開発型不動産業」へと転換を図り、基幹の「ビル事業」に加え、「住宅事業」、「シニア事業」へ進出。直近では「ホテル事業」を新たな成長の柱にすべく、2015年3月、株式会社グランビスタホテル&リゾートの株式取得し連結子会社化することを発表。連結売上高1,000億円も視野に入り、業界中堅として全国規模のデベロッパーに成長しつつある。2012年3月、フジ・メディア・ホールディングスの完全子会社であるフジ・メディア・サービスによる株式公開買付により、フジ・メディア・ホールディングスの連結子会社となった。フジ・メディア・ホールディングスの持ち株比率が間接保有分を含め97.50%となり、上場廃止になった。"
サンシティ_(不動産販売会社),株式会社サンシティは、子会社とともに東北地方から北陸甲信越地方を中心にマンションの販売代理業務と分譲業務を行っていた不動産会社。以前のブランド名は「サンシティ」であったが、上場後は「アヴァンツァーレ」「サンデュエル」ブランドを手がけていた。
サンシャインシティ,サンシャインシティは、東京都豊島区東池袋三丁目にある、株式会社サンシャインシティが運営する複合商業施設。東京拘置所（巣鴨プリズン）跡地を再開発して建設された。
サンセイランディック,サンセイランディックは、東京都千代田区に本社を置く不動産会社。東京証券取引所第一部上場企業（コード:3277）。
サンパークあじす,サンパークあじすは、山口県山口市阿知須に所在する複合商業施設。
サンフロンティア不動産,サンフロンティア不動産株式会社（サンフロンティアふどうさん）は東京都に本拠地を置く不動産会社。
サンヨーハウジング名古屋,"株式会社サンヨーハウジング名古屋（サンヨーハウジングなごや、英: Sanyo Housing Nagoya Co., Ltd.）は愛知県名古屋市瑞穂区に本社を置く不動産会社。社名に「名古屋」がつくが、中部エリアのほか関西エリアでも手広く事業を展開している。略称は「サンナゴ」。"
シーズクリエイト,シーズクリエイトは、日本の不動産会社である。主に首都圏で「シーズ」マンションシリーズを展開。環境共生住宅型のマンションを提供している。ロハスマンションの追求と高齢者住宅事業も推進している。
シェアパーク,シェアパークは（share park）は、株式会社シェアカンパニーが運営する日本初のシェアハウス専門の不動産仲介サイトである。
ジェイ・アールはこだて開発,ジェイ・アールはこだて開発株式会社（ジェイ・アールはこだてかいはつ）は、かつて北海道函館市に存在したJR北海道のグループ会社である。旧国鉄の分割・民営化に先んじ、青函船舶鉄道管理局管内にあった物資部が移行したものである。2014年10月に北海道キヨスクに吸収合併され、法人格が消滅した。
ジェイアールセントラルビル,"ジェイアールセントラルビル株式会社（英: JR Central Building CO.,LTD.）は、愛知県に本社を置く東海旅客鉄道(JR東海)の完全子会社（連結子会社）。"
ジェイアール西日本不動産開発,ジェイアール西日本不動産開発株式会社（ジェイアールにしにほんふどうさんかいはつ、英: JR WEST REAL ESTATE & DEVELOPMENT COMPANY）は、兵庫県に本社を置く西日本旅客鉄道(JR西日本)の完全子会社。
ジェイアール東海関西開発,ジェイアール東海関西開発株式会社（ジェイアールとうかいかんさいかいはつ、英: JR Development and Management Corporation of Kansai）は、京都府に本社を置く東海旅客鉄道(JR東海)の完全子会社（連結子会社）。JR東海が保有している不動産の管理・運営を行なっている。
ジェイアール東海静岡開発,ジェイアール東海静岡開発株式会社（ジェイアールとうかいしずおかかいはつ）は、静岡県静岡市に本社を置く不動産会社。東海旅客鉄道の子会社である。
ジェイアール東海不動産,ジェイアール東海不動産株式会社（ジェイアールとうかいふどうさん）は東京都港区と愛知県名古屋市中村区に本社を置く日本の不動産会社。東海旅客鉄道(JR東海)の完全子会社（特定子会社、連結子会社）。JR東海が保有していた不動産の管理・運営を行なっている。
ジェイアール東日本ビルディング,株式会社ジェイアール東日本ビルディング（ジェイアールひがしにほんビルディング）は、オフィスビル運営事業等を行う東日本旅客鉄道(JR東日本)の完全子会社（連結子会社）。
ジェイアール東日本都市開発,株式会社ジェイアール東日本都市開発（ジェイアールひがしにほんとしかいはつ）は、東京都に本社を置く不動産会社。東日本旅客鉄道（JR東日本）の完全子会社（連結子会社）。
シノケングループ,株式会社シノケングループは、投資用不動産販売、不動産賃貸管理などを行うグループ企業の持株会社である。
ジャパン・ホテル・リート投資法人,ジャパン・ホテル・リート投資法人（ジャパン・ホテル・リートとうしほうじん、英: Japan Hotel REIT Investment Corporation）は、東京都渋谷区にある、投資法人。
ジャパン・リビング・コミュニティ,株式会社ジャパン・リビング・コミュニティは、かつて存在した大京グループのマンション管理会社。2013年に大京アステージとの合併に伴い解散した。
ジョイント・コーポレーション,株式会社ジョイント・コーポレーションは、主に首都圏を中心に「アデニウム」シリーズのマンションを展開するマンションデベロッパー。マンション分譲の以外に不動産流動化事業も行なっており、2008年3月期においてはこの不動産流動化事業が売上高の半分以上を占めていた。しかし、2009年5月29日、会社更生法の適用を東京地方裁判所に申請した。
ジョイント・レジデンシャル不動産,株式会社ジョイント・レジデンシャル不動産（ジョイント・レジデンシャルふどうさん）は、東京都渋谷区に本社を置く関東地盤の建設・開発業者。マンション、宅地の開発、建設、販売を手がける。
シンプレクス・インベストメント・アドバイザーズ,株式会社シンプレクス・インベストメント・アドバイザーズ（Simplex Investment Advisors Inc.）は東京都に本社を置き不動産関連事業を営むグループの持株会社。以前は日興コーディアルグループの関連会社であった。現在は米国の投資顧問会社であるエートス・キャピタルの傘下。シンプレクス（旧シンプレクス・ホールディングス）は、設立母体ではあるが、現在は資本関係はない。
スター・マイカ,スター・マイカ株式会社は、東京都港区に本社を置く不動産会社。中古マンション事業、インベストメント事業、アドバイザリー事業の3つの事業を展開している。
スピナ,"株式会社スピナ（英: SPINA Co.,Ltd.）は、福岡県北九州市に本社を置く西日本鉄道（西鉄）グループの企業。不動産の賃貸、ビル管理、内装・外装工事、シロアリ駆除、緑化など土木・造園工事、タクシー・貸切バス、新日鉄構内バスによる運輸業、食品の製造・販売、ギフトの販売、携帯電話（ソフトバンク）の販売、ゴルフ練習場の運営など、事業は多岐にわたる。かつてはスーパーマーケット「スピナ」を運営していたが、2009年（平成21年）より西鉄ストアに移管している。"
すみしん不動産,すみしん不動産株式会社（すみしんふどうさん）は、かつて存在した住友信託銀行グループの不動産会社。
スリーシステム,スリーシステムは、北海道札幌市に本社を置く不動産会社。
スローライフ_(企業),"有限会社スローライフ（英称:Slow Life Co.,Ltd.）は、兵庫県たつの市に本社を置く不動産会社である。兵庫県、岡山県を中心とした田舎暮らし向けの物件を中心に扱っている。不動産業以外にモーターパラグライダーを使った航空写真事業、安心野菜を提供する飲食店なども経営する。"
ゼクス_(不動産会社),"株式会社ゼクス（ZECS co.,ltd.）は、日本の不動産会社。"
ゼファー_(不動産会社),株式会社ゼファーは、東京都千代田区に本社を置く不動産会社。分譲マンション、戸建て住宅の企画・開発・販売を行う「不動産分譲事業」及び、カンボジアにおける不動産開発事業を手掛けている。かつては不動産の証券化・流動化及び「CM事業」（建設事業）もしていた。不動産に対する金融機関からの融資の手控えなどのあおりを受け、2008年7月18日に民事再生法の適用を申請し経営破綻した。
ゼロ・コーポレーション_(企業),株式会社ゼロ・コーポレーションは京都府京都市北区に本社を置く不動産会社、住宅会社である。
センチュリー21・ジャパン,株式会社センチュリー21・ジャパン（センチュリートゥエンティワン・ジャパン、英: Century21 Real Estate Of Japan Ltd.）は、東京都港区に本社を構え、日本国内でセンチュリー21のフランチャイズを展開するフランチャイズザー（本部）。伊藤忠商事が長らく親会社となっていたが、現在は、株式50％弱を保有する筆頭株主となっている。大阪証券取引所に上場している。不動産売買系の不動産フランチャイズとしては業界最大手。
セントラルスクゥエア,"セントラルスクゥエアは、長野オリンピックの表彰式会場として使われた約4,700m2の施設である。所在地は長野県長野市鶴賀問御所町1307番地。アスファルト舗装された広場とステージで構成されており、ステージ後方の壁面には長野オリンピックを写した大型の写真パネルが展示されている。"
セントラル総合開発,セントラル総合開発株式会社（セントラルそうごうかいはつ）は、東京都千代田区に本社を置く日本の不動産会社。2006年12月22日、東京証券取引所市場第二部に上場した。
ソロンコーポレーション,株式会社ソロンコーポレーションは、 福岡県福岡市中央区薬院に本社を置く、マンションの分譲等を行なう不動産会社である。
ダイア建設,ダイア建設株式会社（ダイアけんせつ）は、神奈川県横浜市に本社を置く、かつて存在したデベロッパーである。本稿では後身のダイア建設新潟株式会社（-にいがた）及びダイア建設名古屋株式会社（-なごや）についても併せて記述する。
ダイナシティ_(不動産会社),株式会社ダイナシティ（Dynacity）は、かつて存在したマンションの分譲をはじめとする不動産事業をおこなう日本の不動産会社、不動産デベロッパー。
ダイビル,ダイビル株式会社（英称：DAIBIRU Corporation）とは、日本の大阪府大阪市北区中之島に本社を置くデベロッパー（不動産の所有、管理及び賃貸借）である。商船三井グループ。ダイビルは旧称号ないし所有建物の旧名称「大阪ビルヂング」の略称であった「大ビル」の大（おお）をダイと読み替えたものである。
ダイヤモンドシティ,"株式会社ダイヤモンドシティ（英称：DIAMOND CITY Co., Ltd.）は、かつて存在した、ショッピングセンターの開発を主な事業するデベロッパー企業で、東京都渋谷区に本社を置いていた。2007年8月21日にイオンモール株式会社に吸収合併された。コーポレートメッセージは、「愛するまち」を、あなたとつくる。以下、合併直前までについて説明する。"
ダイワマンスリー,ダイワマンスリー株式会社は、東京都千代田区飯田橋に本社を置く、家具家電付きのマンスリーマンションの賃貸、管理を行う企業。主にD-Room Stay、Biz Stayのブランドで知られている。大手住宅総合メーカーである大和ハウス工業株式会社の100%資本による子会社。コンセプトは、「清潔・便利・ゆとり・充実・安全」を追求した短期滞在型・家具家電付賃貸マンション。敷金、礼金０（ゼロ）、家具・家電の購入費用も不要で、1ヶ月～1年程度の短期での利用ができる、国内外の賃貸ニーズに幅広く応える新しいシステムを展開している。
タウンハウジング,株式会社タウンハウジングは、東京都千代田区に本社を置く不動産会社。2014年1月6日現在、1都3県に直営店舗を62店舗展開し、年間賃貸仲介件数は約3万2千件で、直営店舗のみの年間賃貸仲介件数としては、全国10位である。なお、東京都中央区日本橋に同じ社名の株式会社タウンハウジングという不動産賃貸とその仲介を行う会社があるが、特に関係はない。
タカラレーベン,株式会社タカラレーベンは、東京都新宿区（新宿住友ビル）に本社を置くマンションを中心としたデベロッパーである。会社の前名称は宝工務店。
タクトホーム,"タクトホーム株式会社（英: TACT HOME CO., LTD.）は、東京都西東京市に本社を置く不動産会社である。戸建分譲住宅の販売を主な事業としている。飯田グループホールディングス株式会社の完全子会社。"
ちまきやホールディングス,ちまきやホールディングス株式会社は、山口県山口市中市町にある企業。かつて百貨店を営業し、日本百貨店協会会員であった。
ツカサ都心開発,"ツカサ都心開発株式会社（ツカサとしんかいはつ）は、東京都にある不動産会社。不動産事業（レンタルオフィス、SOHOオフィス、マンスリーマンション）、インターネット事業（ツカサネット新聞）、福祉・介護事業（アイ・ケアツカサ株式会社）,昭和30年代村企画株式会社を展開していた。総じてツカサグループと括る。2012年に事業をグループ会社に移管しており、現在の活動実態は不明である。"
ツノダ,"株式会社ツノダ（英: Tsunoda Co., Ltd. ）は、愛知県小牧市に本社を置く、不動産賃貸業および自転車販売を行う企業である。"
ディックスクロキ,"株式会社ディックスクロキ（英称:DIX KUROKI Co., Ltd.）は、福岡市中央区に本社を置いていた不動産会社。北部九州を中心に東京・札幌・愛知・大阪などでマンション開発やマンション管理、建築請負やホテルなどの不動産開発を手掛ける総合デベロッパーだった。2008年11月14日 福岡地方裁判所に民事再生手続開始申立を行い、経営破綻した。なお、現存する同名の企業については後述する。"
テーオーシー,"株式会社テーオーシー（TOC Co., Ltd.）は、東京都品川区西五反田に本社を置く企業である。主にオフィスビルや商業ビル、展示場などの保有・賃貸、製薬事業などを行っている。"
デュアルタップ,"株式会社デュアルタップ(英文社名：Dualtap Co.,Ltd.)は、東京都港区に本社を置く不動産会社である。"
テラスモール湘南,テラスモール湘南（テラスモールしょうなん）は、神奈川県藤沢市辻堂神台一丁目の湘南C-X内に立地する複合商業施設である。事業主は特定目的会社湘南インベストメントで、住商アーバン開発株式会社が運営している。
トーシンパートナーズ,株式会社トーシンパートナーズは、東京都武蔵野市に本社を置き、フェニックスマンションシリーズなどを展開する総合不動産会社（デベロッパー）である。主に個人投資家向けの事業用不動産の販売から管理・運営をサポートし、営業活動では主に電話によるアポイント取得を行う。不動産の売買・仲介・賃貸事業も行っている。1989年に前身となるトーシンコミュニティーを設立し、2007年にトーシンパートナーズに商号を変更した。1999年から、浦和レッドダイヤモンズのオフィシャルスポンサーを務めている。また、トーシンパートナーズに所属するトライアスロン選手として、足立真梨子と井出樹里がいる。
トーセイ,トーセイ株式会社は、東京都港区虎ノ門に本社を置く不動産会社。マンションブランドは「THE・パームス」シリーズを展開。事業内容は不動産流動化や不動産開発をはじめ、不動産ファンド事業、オルタナイティブインベストメント事業など「不動産と金融の融合」をキャッチフレーズに幅広い事業展開を行っている。
トヨタオートモールクリエイト,株式会社トヨタオートモールクリエイト（英称：TOYOTA AUTOMALL DEVELOPMENT CORPORATION）は、ショッピングセンターの管理・運営事業を行う不動産会社である。
トヨタすまいるライフ,トヨタすまいるライフ株式会社（英: TOYOTA Smile Life Inc.）は、愛知県豊田市に本社を置く不動産会社。
トラストホールディングス,トラストホールディングス株式会社は、福岡県福岡市に本社を置く、駐車場事業・不動産事業・警備事業を行う持株会社。連結子会社のトラストパーク株式会社は、福岡を地盤に駐車場の運営と管理を行う会社。全国の駐車場情報が検索できるWEBサイト「とめとく情報サイト トラストナビ」を運営している。
ドレミの街,ドレミの街（ドレミのまち）は岡山県岡山市北区駅前町にある、複合商業施設である。
ニコニコ堂,"株式会社ニコニコ堂（ニコニコどう、英称：NikoNikoDo Co.,Ltd.）は、かつて熊本県熊本市に存在した企業。"
ニチモ_(不動産),ニチモ株式会社は、東京都千代田区に本社を置く日本の不動産会社。本稿では後身のニチモリアルエステート株式会社についてもあわせて記述する。
ニッショー_(愛知県),株式会社ニッショーは、愛知県名古屋市北区城見通に本社を置き、集合住宅の賃貸などを業務とする会社である。また以前は賃貸物件紹介雑誌「アパートニュース」の発行元でもあった。愛知県、岐阜県、三重県を販売エリアとした。
ノエル_(企業),川崎市に本社を置いていた不動産会社、株式会社ノエル。本稿で記す。携帯電話向けコンテンツサービスやインディーズ音楽配信サービス等を手掛けていた東京都港区の企業、株式会社ノエル。1とは無関係。リッスンジャパン（現在はエムティーアイに事業譲渡のうえで清算）と合併し、消滅した。「indiesmusic.com」については、ノエルからリッスンジャパン及びイメージクエストインタラクティブを経て、現在はエンターメディア（フェイス子会社）が運営している。コロンビアの菓子メーカー、Noel Cookies Company（英語版）。株式会社ノエルは、川崎市高津区にあった不動産会社。
パーク24,"パーク24株式会社（パークにじゅうよん、英: Park24 Co., Ltd.）は、東京を拠点とする駐車場運営会社他を所有する持株会社である。東京証券取引所1部に上場しており、駐車場管理業者としては日本国内最大手となっている。定款上の商号はパーク24株式会社であるが、登記上の商号は漢数字表記のパーク二四株式会社となっている。"
パープルタウン,パープルタウン（PURPLE TOWN）は、鳥取県倉吉市にあるショッピングセンター、また、パープルタウン株式会社は、その開発・運営を行っている企業である。1981年11月28日にオープンした。地元ではパータンの愛称で呼ばれる。
ハウスコム,ハウスコム株式会社は、日本の不動産会社。首都圏のほか、東海地方、近畿地方、九州地方で、賃貸仲介業を行っている。2014年8月時点で、全国137店舗を有する。同社は、賃貸住宅管理大手の大東建託株式会社の出資によって設立された。
ハウスフリーダム,株式会社ハウスフリーダムは、大阪・福岡を地盤とした不動産仲介、新築戸建分譲事業を行う会社。建設請負事業や、損害保険代理店事業も行っている。福岡証券取引所Q-Board市場上場銘柄のひとつである（証券コードは8996）。
ハウスマート,ハウスマート(株式会社Housmart)は、東京都渋谷区代々木に本社を置く日本の企業。不動産フリーマーケット「ハウスマート」のサービスを運営している。以下にて、不動産フリーマーケット「ハウスマート」についても記載する。
パラカ,パラカ 格子柄のひとつ。パラカチェックのシャツはプランテーション時代のハワイの労働者たちに愛用された。 日本の企業の名称。本稿で紹介する。パラカ株式会社は、時間制駐車場の管理・運営を行う企業。
パルコ_(釧路市),パルコ（閉店までの数年間はISM〈イズム〉）は、かつて北海道釧路市に存在していた複合商業施設（ホテルも含む）。社訓は「チャレンジする精神と熱い情熱を持った商人集団になろう」。東京都に本社を置くファッションビルのパルコ（旧セゾングループ）とは、資本的繋がりは全く無い。
パレットくもじ,パレットくもじは、沖縄県那覇市久茂地にある複合商業施設。管理運営会社は久茂地都市開発株式会社。核店舗はリウボウグループの百貨店事業を行う株式会社リウボウインダストリーである。
ビジネス・ワンホールディングス,ビジネス・ワンホールディングス株式会社は、福岡県福岡市中央区に本社を置く不動産管理やソフトウェア開発を行う企業の持株会社。福岡証券取引所Q-Board市場上場銘柄のひとつである（証券コードは4827）。
ピタットハウスネットワーク,ピタットハウスネットワーク株式会社は，東京都中央区日本橋に本社を置く不動産会社で、スターツコーポレーションの子会社である。ピタットハウスと略される事が多い。
ビッグ_(不動産会社),株式会社ビッグは、札幌市中央区に本社を置く不動産会社。
ヒューモス,株式会社ヒューモス（HUMOS）は、仙台市青葉区に本社を置く不動産業者。仙台市内のビル3棟や駐車場の賃貸等を主たる業務とする。
ヒューリック,"ヒューリック株式会社（英: Hulic Co., Ltd.）は、都内中心部にある不動産の保有賃貸業・投資開発事業を柱とする不動産会社、デベロッパーである。総資産は8882億円（2015年6月30日時点）、東京証券取引所第一部に上場しており、2015年6月末時点のおおよその株式時価総額は7200億円。旧富士銀行（現：みずほ銀行）の店舗、社宅等の不動産を多く保有しており、みずほフィナンシャルグループとの関係が強い。また、旧芙蓉グループの中核企業である。連結子会社には保険代理店業を行うヒューリック保険サービス（株）や、ザ・ゲートホテル雷門を運営するヒューリックホテルマネジメント（株）などがある。"
ビルディング企画,株式会社ビルディング企画（ビルディングきかく）は東京都千代田区に本社をおく、オフィスビルを中心に事業用物件の賃貸借の仲介を行う企業。
フィル・カンパニー,フィル・カンパニーは、駐車場を活用した空中店舗開発事業を行なう東京都目黒区の企業。
フージャースホールディングス,株式会社フージャースホールディングス（Hoosiers Holdings）は、東京都千代田区に本社を置く不動産会社グループの持株会社である。株式会社フージャースコーポレーションを傘下に置き、同社は2005年首都圏マンション供給戸数ランキング18位、2008年千葉県マンション供給ランキング1位。
フジ住宅,フジ住宅株式会社（ふじじゅうたく、Fuji Corporation Limited）は、大阪岸和田市に本社を置く不動産会社、デベロッパーである。
プリズミック,株式会社プリズミック（英文名称 PRISMIC Corporation）は、東京都港区に本社を置く不動産会社。
プリンセススクゥエアー,"株式会社プリンセススクゥエアー（英: Princess Square Co.,Ltd.）は、東京都渋谷区に本社を置く企業である。"
プレサンスコーポレーション,株式会社 プレサンスコーポレーションは、大阪府大阪市中央区城見1丁目に本社を置く不動産会社である。
プロスペクト_(不動産会社),株式会社プロスペクトは日本の不動産会社。首都圏を中心に「グローベルマンション」シリーズを展開。大京グループに属していた時期もあったが、2007年に大京が保有株式を投資ファンドに譲渡したために現在は同グループを離脱している。2008年にアゼルとの合併が発表されたが、不動産市況の変化などを理由に中止となった。
プロパスト,"株式会社プロパスト（英: PROPERST CO., LTD.）は、東京都港区に本社を置く総合不動産ディベロッパーである。"
プロパティエージェント,プロパティエージェント株式会社は、東京都新宿区に本社を置く、不動産会社である。
ベツダイ,株式会社ベツダイは、大分県大分市に本社を置き、マンションの建設・分譲等を行う総合不動産会社である。
ベルサール,ベルサールは、住友不動産の子会社である住友不動産ベルサール株式会社が東京都区部で運営するイベントホール・貸し会議室のブランドネーム。
ホライズンワークス,"株式会社ホライズンワークス（Horizon Works Co.,Ltd.）は、シニア層向け低価格の美容室の展開や、ホームページ、システム制作を行なう東京都の企業。設立当初は荒川区に本社を置いていたが、現在は足立区に転居している。"
マリモ_(不動産),"株式会社マリモ（英称：MARIMO Co.,Ltd.）は、日本の不動産会社。設立当初は一級建築士事務所であったが、1992年1月からは分譲マンションの開発・販売が事業の柱となっており、開発・設計・監理から販売業務までを行う。北海道から九州にかけての日本全国で「ポレスター」などのブランド名を付したマンションを手掛けている。特定の地域にこだわらず、首都圏・政令指定都市および人口5 - 30万人の地方都市を進出先とする戦略をとる。2005年7月期までの過去4年間で売上高を3倍以上に伸ばし、2005年のマンション年間発売戸数では業界12位、2006年には業界7位のデベロッパーとなった（2011年現在、業界12位）。2004年から2011年にかけて、8年連続で「発売戸数1,000戸以上」を達成。累計の供給実績は302棟・19,000戸以上を数える（2012年10月末現在）。"
まるい商事,まるい商事有限会社（まるいしょうじ）は、北海道苫小牧市に本社を置く不動産会社である。北海道の老舗デパートである「丸井今井」と似たロゴを使用しているが、関係性はない。
みずほ不動産販売,みずほ不動産販売株式会社（みずほふどうさんはんばい）は、みずほフィナンシャルグループの不動産会社。
ミニミニ,株式会社ミニミニは、東京都港区港南に本社を置く不動産仲介業であり、不動産販売店「ミニミニ」を展開する会社でもある。
ムゲンエステート,株式会社ムゲンエステートは、不動産買取再販・不動産賃貸事業を行う株式会社である。東京証券取引所マザーズ市場の上場企業である。
メッツ_(企業),株式会社メッツ（英: MET'S CORPORATION）は、東京都港区に本社を置く企業である。
モール・エスシー開発,株式会社モール・エスシー開発（モール・エスシーかいはつ、英称：Mall & SC Development Inc.）は、ショッピングセンターの店舗開発を行う、セブン&アイ・ホールディングスグループの企業である。
モリモト,株式会社モリモトは、東京都千代田区に本社を置く不動産会社。
ヤマコー,株式会社ヤマコーは、山形県山形市に本社を置く、同県内陸部を地盤とするユトリアグループの中核企業である。旧称は山形交通。
ユーライフ,"株式会社ユーライフ（英: U-LIFE CO.,LTD.）は、愛知県稲沢市に本社を置くユニーグループのデベロッパーである。"
ユニバーサル住宅販売,ユニバーサル住宅販売株式会社（ユニバーサルじゅうたくはんばい）は、神奈川県相模原市に本社を置く朝日土地建物グループの不動産会社。
ラ・アトレ,株式会社ラ・アトレは、東京都港区に本社を置く不動産会社。
ライゼ,"株式会社 ライゼ（Reise Co.,Ltd.）は、トランクルームの運営などを行う日本の企業である。大阪府大阪市北区梅田に本社を置き、東京都千代田区神田司町には東京ライゼ株式会社が置かれている。"
ライフクリエーション,株式会社ライフクリエーション（英称:LIFE CREATION Ltd.）は、大阪府大阪市に本社を置いていた不動産会社。立地を訴求したマンションブランド「クレアート」の展開の他、分譲マンションの販売、リノベーション、不動産賃貸仲介などを行っていた。
ライフステージ,株式会社ライフステージは、大阪府大阪市に本社を置く分譲マンションの企画・販売を行う不動産会社。
ライフポート西洋,"株式会社ライフポート西洋は千代田区に本社を置く日本の不動産管理会社。マンション管理受託戸数3万5,481戸、受託管理組合数900組合（2011年12月現在）。"
ランド_(不動産会社),株式会社ランドは、神奈川県横浜市西区に本社を置く不動産会社。2009年2月期以降業績が悪化し、介護サービス付きのシニア住宅事業へのシフト、債務の株式化を含む第三者割当増資や債務免除等により再建を図っている。
リウボウ,株式会社リウボウは、沖縄県那覇市松尾に本社を置き不動産賃貸業、駐車場運営業を行う企業である。自社を除くリウボウグループ9社のうち5社の親会社であり、グループの持株会社的な位置付けとなっている。但し、資本的な面では百貨店運営事業、スーパーマーケット運営事業の統括会社である株式会社リウボウホールディングスが中心となっており、また通常「リウボウ」といわれる場合は同社の子会社である株式会社リウボウインダストリーのことを示すことが多い。
リスト_(不動産),"リスト株式会社（List Co., Ltd.）は、横浜市中区にある不動産会社。新築マンション&一戸建て分譲・不動産仲介・賃貸等を行う。新築マンションのブランド名は「リストレジデンス」新築一戸建てのブランド名は「リストガーデン」。子会社のリストマネジメント株式会社により、上大岡駅前のショッピングセンターミオカ・ミオカリスト館（旧・三越上大岡店）の運営も手がける。"
リストインターナショナルリアルティ,"リストインターナショナルリアルティ株式会社（List International Ralty Co., Ltd.）は、横浜市中区にある不動産会社。"
リバー産業,リバー産業株式会社（リバーさんぎょう）は、大阪府大阪市中央区に本店（本社：大阪府岸和田市）を置く中堅の不動産デベロッパーである。大阪市内を中心に「リバーガーデン」シリーズのマンションを分譲。
リビングギャラリー,株式会社リビングギャラリーは、新潟県新潟市中央区に本社を置く不動産会社。新潟県内15店舗、東京3店舗、神奈川1店舗、千葉1店舗、福島県郡山1店舗の22店舗を展開している総合不動産企業である。賃貸仲介、管理をはじめ、不動産開発、売買、投資、賃貸コンサルティング業務など幅広く手がけている。最近では、マンションのコンバージョン、賃貸リノベーションなども手がけており、賃貸入居者向けサービスにも力をいれている。
リブ・マックス,株式会社リブ・マックスは、東京都新宿区に本社を置く不動産賃貸仲介とビジネスホテルのフランチャイズブランド。またそのチェーン本部となる企業名。日本各地に展開するウィークリーマンション、ビジネスホテルを運営する企業。
リプラス,株式会社リプラスは、かつて存在した不動産賃貸借契約の債務保証会社。本社を東京都港区に置いていた。
リブラン,"株式会社リブラン（りぶらん、英称：Livlan Co., Ltd.）は、東京都板橋区大山町17番4の「リブランビル」に本社を置く不動産会社、デベロッパーである。1998年首都圏マンション供給ランキング埼玉県5位、2001年首都圏マンション供給ランキング埼玉県11位。"
リベレステ,リベレステ株式会社は、埼玉県草加市に本社を置く不動産会社。JASDAQ上場企業。
りゅうとう,株式会社りゅうとう（Ryutou Inc.）は、沖縄県で不動産賃貸業等を営む会社。関連会社を通じて製糖事業を行っている。かつては琉球製糖株式会社として製糖事業を主力としていたが、1993年（平成5年）に製糖事業を中部製糖（現在の新中糖産業）、第一製糖（現在の第一産業）との合弁会社である翔南製糖に集約し別会社とした。現在の事業は豊見城市にある製糖工場敷地を翔南製糖へ賃貸すること、及び那覇市奧武山のレストラン街『バンヤンタウン』の運営となっている。設立時には沖縄県はアメリカ占領下にあり、その工場建設費用にはガリオア資金から100万ドルが支出されたという。株主数が2009年（平成21年）6月30日現在で8382名おり、有価証券報告書の提出が義務となる会社である。
リロ・ホールディング,"株式会社リロ・ホールディング（英: Relo Holdings, Inc.）は、リロケーションによる留守宅管理や、企業の福利厚生運営代行等を行う会社を傘下とする持株会社である。"
リロケーション・エキスパットサービス,株式会社リロケーション・エキスパットサービスは東京都新宿区に本社を置く海外赴任者向けの生活総合支援サービス提供会社。平成20年10月1日をもって、会社名を株式会社リロケーション・インターナショナルに変更した。現在の本社は東京都新宿区新宿四丁目3番25号である。
レイコフ_(企業),レイコフは、かつて大阪府に本社を置いていた不動産会社。ヘラクレス上場企業であったが、2008年3月20日に民事再生法を申請、6月に破産した。 純粋持株会社で、100％出資の子会社の経営管理業務を行っていた。REICOFは由来は「Real Estate Investment Consulting Firm」の頭文字から。
レーサム,"株式会社レーサム（英: Raysum Co., Ltd.）は、東京都千代田区に本社を置く不動産会社。"
レオパレス21,株式会社レオパレス21は、東京都中野区に本社を置く日本の大手不動産会社。アパートの建築請負・賃貸のほか、リゾート施設・介護老人ホームの運営や入居者向けブロードバンド等を行っている。かつては戸建住宅分譲やカーシェアリングも行っていた。
レキオス,株式会社レキオスは、沖縄県那覇市に本社を置く不動産会社。賃貸借信用保証業のほか、共済事業、24時間365日の緊急通知サービス、会員向けサービスなどの各種事業を「レキオス倶楽部」のブランド名で展開する。子会社の「レキオス小額短期保険株式会社」は、沖縄県内初の少額短期保険事業を行う。レキオス（Lequios）はポルトガル語で琉球人を意味する。
ロジコム,"株式会社ロジコム（Logicom, Inc.）は東京都に本社を置く不動産会社。"
ロック開発,ロック開発株式会社（ロックかいはつ）は、かつて存在したイオングループの近隣型ショッピングセンター（NSC）事業を展開・運営するデベロッパー。大和ハウス工業とイオンの共同出資により設立されていた。2011年8月31日をもって、イオンの完全子会社となり、同年9月1日にイオンタウン株式会社となった（後述）。
ワールドレジデンシャル,株式会社ワールドレジデンシャルは、東京都中央区日本橋室町に本社を置く日本の不動産会社である。
旭化成不動産レジデンス,旭化成不動産レジデンス株式会社（あさひかせいふどうさんレジデンス）は、日本の不動産会社。
安田不動産,安田不動産株式会社（やすだふどうさん）は、東京都千代田区に本社を置く、日本の不動産会社。安田保善社の残余不動産を現物出資し、その第二会社として1950年に永楽不動産という社名で発足した。1970年には創立20周年を迎え、安田不動産へ改称している。同じ旧安田財閥系の不動産会社には東京建物もあるが、東京建物は安田善次郎自らが設立した不動産会社であるのに対し、安田不動産は旧安田財閥の残余資産からスタートしている点が大きく異なる。
伊藤忠アーバンコミュニティ,"伊藤忠アーバンコミュニティ株式会社（いとうちゅうアーバンコミュニティ）は、伊藤忠商事グループのマンション管理会社。2014年3月末現在の管理戸数は7万6,728戸。"
伊藤忠ハウジング,伊藤忠ハウジング株式会社（いとうちゅうハウジング）は、伊藤忠商事（みずほグループ）系列の日本の不動産会社。グループ会社である伊藤忠商事及び伊藤忠都市開発並びに、その他事業主が開発した分譲マンション・一戸建ての販売を行っている。
伊藤忠都市開発,伊藤忠都市開発株式会社（いとうちゅうとしかいはつ）は、東京都にある不動産会社である。伊藤忠商事グループに属する。
磯村建設,株式会社磯村建設 （-いそむらけんせつ、1967年11月 設立 - 1985年9月17日 破産）は、かつて存在した日本の中堅不動産会社である。主に埼玉県大里郡寄居町の東武鉄道東上本線沿線の物件の建売住宅を販売していた。
一建設,"一建設株式会社（英文名称 HAJIME CONSTRUCTION CO., LTD）は、東京都練馬区に本社を置く建設会社（ハウスメーカー）。"
宇治電ビルディング,宇治電ビルディング（うじでんビルディング）は、日本の大阪府大阪市北区西天満四丁目にかつてあった建築物である。ここではそれならびにそのほかの地所・建物を保有するなどして不動産業を営んでいた会社についても記す。※2012年の解体後、跡地に新築された建築物の名称も「宇治電ビルディング」だが、当記事では特記以外は旧ビルについて記述する。
臼井不動産,臼井不動産株式会社（うすいふどうさん）は神奈川県横須賀市に本社を置く不動産会社。
永谷商事,永谷商事株式会社（ながたにしょうじ）は、東京都武蔵野市に本社を置く不動産会社である。1945年（昭和20年）に上野駅前で開業した手荷物預り所を経て、1959年（昭和34年）に株式会社として設立された。不動産の賃貸・仲介・管理などの業務のほか、日本の伝統芸能である、落語・講談・新内・義太夫などの公演の場である演芸場である永谷ホールを運営する。
英知建物,株式会社英知建物（えいちたてもの）は、東京都世田谷区渋谷区にある不動産会社。
横尾材木店,株式会社横尾材木店（よこおざいもくてん、英称:YOKOO CORPORATION）は、不動産事業、住宅建築事業、新築分譲事業を行う日本の不動産会社。本社所在地は、埼玉県本庄市。
岡山コンベンションセンター,岡山コンベンションセンター（おかやまコンベンションセンター、Okayama Convention Center）は岡山県岡山市北区にあるコンベンション施設である。愛称はママカリフォーラム。
沖電開発,沖電開発株式会社（おきでんかいはつ）は、沖縄電力関連子会社の不動産会社。沖縄電力の保有する不動産の総合管理を事業の中核とし、土地建物の売買・仲介、民間建設工事、リフォーム工事、賃貸アパート事業、サンゴ養殖事業等を行っている。
沖縄土地住宅,沖縄土地住宅株式会社（おきなわとちじゅうたく）は、沖縄県で不動産業を営む会社。
価値開発,価値開発株式会社（かちかいはつ）は、大正元年創業の東京都千代田区に本社を置くホテル業、不動産業、婚礼業を営む企業。近年はフィービジネスへの転換を掲げ、メイン事業をホテル事業にシフトしている。旧社名は上毛撚糸（じょうもうねんし）→ 上毛（じょうもう）→価値開発（かちかいはつ）
河合無線,河合無線株式会社（かわいむせん）は主に不動産賃貸業を営む三重県伊勢市の企業。かつてはBaX（バックス）やカワイホームセンター等のブランドで三重県全域および和歌山県南部に家電販売店やホームセンターを展開する小売業者であった。
花巻空港,"花巻空港（はなまきくうこう）は、岩手県花巻市にある地方管理空港である。いわて花巻空港の愛称がある。面積は1,722,278m2。"
岳南鉄道,岳南鉄道株式会社（がくなんてつどう、英: Gakunan Railway Company Ltd.）は、静岡県富士市今泉1丁目17番39号に本社を置く企業。富士急グループの一社。ゴルフ場事業、不動産事業、物品販売事業を行っている。かつては鉄道およびバス事業（乗合、貸切）も行っていたが、バス事業については富士急グループの富士急静岡バスに移管し撤退した。また、鉄道事業についても貨物輸送の廃止に伴い収益が悪くなったことから、2013年（平成25年）4月に、新たに設立した子会社の岳南電車株式会社（がくなんでんしゃ、Gakunan Electric Train）に移管した。本稿では岳南電車株式会社についてもあわせて記述する。
笠岡シーサイドモール,笠岡シーサイドモール（かさおかシーサイドモール KASAOKA SEA-SIDE MALL）は、岡山県笠岡市笠岡2388番地にある市内最大の複合商業施設。
関西テレビライフ,株式会社関西テレビライフは関西テレビ放送の100％子会社。駐車場ビル・スポーツクラブ、スイミングスクール（ライフスポーツKTV）を運営している。設立は1974(昭和49)年4月1日（関西テレビ興業として前身となる）。商号（社名）変更は1977(昭和52)年9月。初代社長は、溝渕初男。
関鉄筑波商事,"関鉄筑波商事株式会社（かんてつつくばしょうじ、英: Kantetsu Tsukuba Shoji Co., Ltd.）は、茨城県土浦市上坂田字浦山1446番地1に本社を置くビルの賃貸及びゴルフ練習場の経営を主な事業としている日本の企業である。関東鉄道の子会社。資本金は5,000万円。旧称筑波鉄道株式会社（つくばてつどう）で、1979年（昭和54年）から1987年（昭和62年）までは鉄道事業を行っていた。"
丸紅リアルエステートマネジメント,丸紅リアルエステートマネジメント株式会社（まるべにリアルエステートマネジメント）は、東京都港区芝5丁目の「芝520ビル」に本社を置く不動産運営・管理会社。丸紅の100%子会社である。また同じ丸紅グループに丸紅不動産販売株式会社がある。2014年12月1日に丸紅不動産株式会社から現社名に変更した。
丸美,"株式会社丸美（まるび、英称：Marubi Co.,ltd.）は、マンション管理業務と賃貸管理業務を主とするマンション総合管理会社。本社は福岡県福岡市中央区。"
岩手県住宅供給公社,岩手県住宅供給公社（いわてけんじゅうたくきょうきゅうこうしゃ）は、かつて岩手県に存在した地方住宅供給公社である。
菊池不動産,"菊池不動産株式会社（きくちふどうさん、英称：Kikuchi Real Estate Co., LTD.）は、東京都西東京市谷戸町にある菊池建設のグループ会社である。"
久米島空港,久米島空港（くめじまくうこう、Kumejima Airport ）は、沖縄県島尻郡久米島町（久米島）にある地方管理空港である。
宮古空港,"宮古空港（みやこくうこう、Miyako Airport）は、沖縄県宮古島市（宮古島）にある地方管理空港である。年間利用客数は、1,272,774人（2012年実績）。"
京王地下駐車場,京王地下駐車場株式会社（けいおうちかちゅうしゃじょう）は、京王百貨店新宿店地下にある「京王地下駐車場」及びその併設地下街「京王モール」（正式名称「京王新宿名店街」）や、京王電鉄各駅のコインロッカーを設置、月極契約で貸す事業を執り行っている会社である。京王グループに属する。本社は、東京都渋谷区幡ヶ谷一丁目。
京王不動産,京王不動産株式会社（けいおうふどうさん）は東京都渋谷区初台に本社を置く京王グループの不動産会社。京王線沿線の不動産の仲介や新築戸建の分譲が事業の中心となっているが、オフィス・マンションの管理、駐車場の管理、レンタルボックス、コインパーク、バイクパークなどの事業も展開している。
京楽エンタテインメント・リテイルズ,京楽エンタテインメント・リテイルズ株式会社（きょうらくエンタテインメント・リテイルズ）は、愛知県名古屋市中区に本社を置く商業デベロッパーである。
京急不動産,京急不動産株式会社（けいきゅうふどうさん）は東京都に本社を置く不動産会社。
京阪カインド,京阪カインド株式会社（けいはんカインド）は、京阪沿線を中心にマンション・ビル・商業施設・駐車場管理業、人材派遣業などを営む京阪グループの企業。
京阪神ビルディング,京阪神ビルディング株式会社（けいはんしんビルディング）は、オフィスビル並びにウインズ（場外勝馬投票券発売所）の建物を建設・管理する会社である。本社は大阪府大阪市に所在。
京阪電鉄不動産,"京阪電鉄不動産株式会社（けいはんでんてつふどうさん）は、京阪電気鉄道の100%出資の連結子会社（京阪グループ）。資本金は8億9,400万円 本社所在地は京阪天満橋駅上のOMMビル1階。分譲マンション・建売住宅・不動産仲介・リフォーム事業を担当する（管理は「京阪カインド（株）」が受け持つ）。大阪府守口市に本社を置く京阪不動産センターは京阪電鉄不動産および京阪グループとは無関係である。"
京成不動産,京成不動産株式会社（けいせいふどうさん）は東京都に本社を置く不動産会社。京成線沿線を中心にローズタウンのブランド名で分譲ニュータウンを開発・販売している。
近鉄不動産,近鉄不動産株式会社（きんてつふどうさん）は、大阪市に本社を持つ近鉄グループの不動産会社で、近鉄グループの不動産事業における中核会社である。親会社は近鉄グループホールディングス。社章はカタツムリをイメージしたもの。
近藤産業,"近藤産業株式会社（こんどうさんぎょう、英語：KONDO SANGYO CO., LTD.）は、かつて大阪府大阪市中央区伏見町に本社を置いていた不動産の企画から分譲までを行う不動産総合デベロッパー。「メロディーハイム」のマンション名で知られた企業。"
金秀興産,金秀興産株式会社（かねひでこうさん）は、沖縄県で不動産賃貸業を営む会社。子会社を通じて製糖事業を行っている。1993年まで第一製糖株式会社として製糖事業を行っていたが、2006年現在は工場跡地等を賃貸する不動産事業会社となっている。2006年3月期の売上構成は不動産収入業81%、保険収入業12%、その他7%となっている。
銀座センタービル,銀座センタービル（ぎんざセンタービル・Ginza Center Building）は、1967年（昭和42年）9月に旭川銀座通り商店街（地元では「15丁目」と呼ばれている）の中核施設として誕生したビル。通称「銀ビル」。地元フリーペーパー「ライナーネットワーク」の同族企業。
九州産交ランドマーク,九州産交ランドマーク株式会社（きゅうしゅうさんこうランドマーク）は、九州産業交通ホールディングス傘下において運営されているテナント管理ならびに駐車場をはじめとする不動産事業ほかレストラン・売店等や通信販売等の商事事業・広告代理店事業を営む会社である。2006年4月に前身の九州産業交通より各事業ごとに分社化され設立された。
九鉄ジェイライフ,株式会社九鉄ジェイライフ（きゅうてつジェイライフ）は、 福岡県北九州市門司区に本社を置く、マンションの分譲等を行なう不動産会社である。
恵比寿ガーデンプレイス,恵比寿ガーデンプレイス（えびすガーデンプレイス、Yebisu Garden Place）は、東京都渋谷区にある複合施設である。サッポロビール工場跡地の再開発事業として、1994年（平成6年）に開業した。
穴吹コミュニティ,"株式会社穴吹コミュニティ（あなぶきコミュニティ、Anabuki Community Inc.）は、香川県高松市に本社を置くマンション管理会社である。2014年（平成26年）3月末現在のマンション受託管理組合数は1,227組合、受託管理戸数は70,872戸である。穴吹工務店の子会社として発足し、現在はマンション分譲大手である大京グループに属する。"
穴吹興産,穴吹興産株式会社（あなぶきこうさん）は、香川県高松市に本社を置く総合不動産会社。高品質「アルファ」ブランドのマンションを展開している。正式社名は漢字書きであるが、対外的な表示はひらがな書きを混ぜた「あなぶき興産」を使用する。
穴吹工務店,株式会社穴吹工務店（あなぶきこうむてん、Anabuki Construction Inc.）は、香川県高松市に本社を置く不動産会社（デベロッパー）。2007年（平成19年）度に国内の事業主別マンション供給戸数ランキングで首位を獲得するも、世界同時不況などの影響を受けたその後の業績低迷により、2009年（平成21年）に会社更生法の適用を申請。そしてその4年後の2013年（平成25年）、大手マンション分譲業者である大京の完全子会社となる。
原弘産,株式会社 原弘産（はらこうさん）は、山口県下関市に本社を置く日本の不動産会社。
広島バスセンター,広島バスセンター（ひろしまバスセンター）は、広島県広島市中区基町6番27号にあるバスターミナル。広島市などの出資した第三セクターである株式会社広島バスセンターが運営している。
康和地所,康和地所株式会社（こうわじしょ）は、かつて存在した日本の不動産会社で、マンションのブランド名は「リリーベル」。
高野不動産,高野不動産株式会社（たかのふどうさん）は、新潟県長岡市に本社を置く不動産会社である。
国際興業,"国際興業株式会社（こくさいこうぎょう、Kokusai Kogyo Co.,Ltd. ）は、日本のバス事業を中心とした総合商社。輸入自動車販売、旅行業なども行う。みどり会会員企業。5000億円超の負債で経営危機に陥り、2004年、サーベラス・キャピタルマネジメント社に買収され、資産の大量売却によって再建を図った。そのため大幅に事業を縮小したものの、2014年には創業家に経営が戻り国際興業ホールディングスの傘下となった（国際興業#経営危機・再建を参照）。本項では不動産売買、ホテル運営などを行っている国際興業管理株式会社（こくさいこうぎょうかんり、Kokusai Kogyo Kanri Co.,Ltd. ）についても述べる。"
阪急不動産,"阪急不動産株式会社（はんきゅうふどうさん、Hankyu Realty Co., Ltd.）は、大阪府大阪市に本社を置く日本の不動産会社である。阪急阪神東宝グループの一員。みどり会の会員企業。"
阪神不動産,阪神不動産株式会社（はんしんふどうさん）は、大阪府大阪市に本社を置く日本の不動産会社である。阪急阪神東宝グループに属する、阪神電気鉄道の子会社。なお、かつて阪神電気鉄道の子会社として大阪証券取引所に上場していた同名の会社とは異なる会社である。
作州商事,作州商事株式会社（さくしゅうしょうじ）は、 福岡県福岡市博多区に本社を置く、マンションの分譲等を行なう不動産会社である。エイルマンションというブランド名でマンション分譲を展開している。また、菓子事業部を持ち、洋菓子店「ブルーフォンセ」を福岡三越に出店している。
三井の森,三井の森（みついのもり）は、三井不動産グループの不動産事業会社。おもに蓼科、軽井沢および南房総勝浦で別荘地開発やゴルフ場運営などを行なっている。2012年(平成24年)からアグリ事業（三井の森「とれたて倶楽部」）信州八ヶ岳・蓼科の高原野菜通信販売を開始した。
三井住友トラスト不動産,三井住友トラスト不動産株式会社（みついすみともとらすとふどうさん）は、三井住友信託銀行グループの不動産会社。
三井不動産,"三井不動産株式会社（みついふどうさん、英称：Mitsui Fudosan Co., Ltd.）は、東京都中央区日本橋室町二丁目の「三井本館」に本社を置く不動産会社、デベロッパーである。日本の不動産業界の最大手で、三井住友銀行、三井物産と並ぶ三井グループの中核企業である。"
三井不動産リアルティ,三井不動産リアルティ株式会社（みついふどうさんりあるてぃ）は、東京都千代田区霞が関に本社を置く不動産会社である。三井グループの企業であり、三井不動産株式会社の子会社である。旧社名は、三井不動産販売株式会社。
三井不動産リゾート,"三井不動産リゾート株式会社（みついふどうさんりぞーと、Mitsu Fudosan Resort Co.,Ltd ）は、三井不動産の完全子会社（中間持株会社）である。2007年に不採算を理由にヤマハが三井不動産に譲渡（売却）契約を締結した、ヤマハリゾート運営のリゾートホテル「合歓の郷」・「鳥羽国際ホテル」・「はいむるぶし」・「キロロリゾート」の不動産と運営会社の受け皿会社として新設され、同年10月1日付けでそれらを譲受した。これにより三井不動産は直営で国内のリゾートホテル経営に参入することになった。キロロリゾートは2012年10月にタイ資本の不動産デベロッパーに売却した。"
三井不動産レジデンシャル,"三井不動産レジデンシャル株式会社（みついふどうさんレジデンシャル）は、三井不動産グループの住宅分譲会社である。2011年（平成23年）マンション供給戸数ランキングは全国3位（4,980戸）、首都圏1位（4,043戸）、近畿圏13位（517戸）。"
三井不動産レジデンシャルサービス,"三井不動産レジデンシャルサービス株式会社（みついふどうさんレジデンシャルサービス）は、三井不動産グループのマンション管理会社である。分譲マンションの管理受託戸数は17万3,496戸。（2012年3月現在）"
三井不動産住宅リース,"三井不動産住宅リース株式会社（みついふどうさんじゅうたくリース、Mitsui Fudosan Housing Lease Co.,Ltd.）は、三井不動産グループの賃貸住宅運営管理会社である"
三井不動産商業マネジメント,三井不動産商業マネジメント株式会社（みついふどうさんしょうぎょうマネジメント）は、三井不動産グループで、「ららぽーと」（英称：LaLaPort）などの複合型大型ショッピングセンター（複合商業施設）を運営する企業である。
三栄建築設計,株式会社三栄建築設計（さんえいけんちくせっけい、英: SANEI ARCHITECTURE PLANNING CO.LTD.）は、東京都杉並区に本社を置く不動産販売会社。
三鬼商事,三鬼商事株式会社（みきしょうじ）は、東京都中央区に本社を置く不動産会社。オフィスビルのテナント仲介大手。オフィスビルのマーケット情報の発表を定期的に行っている。
三建ハウス,三建ハウス（さんけんハウス）はかつて山梨県甲府市にあった不動産会社である。
三交不動産,三交不動産株式会社（さんこうふどうさん）は、三重県津市に本社を置く不動産会社である。三重交通グループホールディングスの傘下企業であり近鉄グループに属する。主に東海地方で事業展開をしているが、首都圏や関西圏にも進出している。
三重交通グループホールディングス,三重交通グループホールディングス株式会社（みえこうつうグループホールディングス）は、三重交通、三交不動産が設立した共同持株会社である。近鉄グループに属している。東京証券取引所・名古屋証券取引所第一部上場（証券コード3232）。
三沢飛行場,三沢飛行場（みさわひこうじょう、英: Misawa Airbase）は、青森県三沢市にある飛行場。航空自衛隊とアメリカ空軍が使用し、同時に民間空港でもある飛行場である。「三沢基地」「ベース」とも呼ばれるが、一般に三沢空港として知られる。
三菱UFJ不動産販売,三菱UFJ不動産販売株式会社（みつびしユーエフジェーふどうさんはんばい）は、三菱UFJフィナンシャル・グループの不動産会社。
三菱マテリアル不動産,三菱マテリアル不動産株式会社（みつびしマテリアルふどうさん）は、東京都中野区に本社を置く不動産会社。三菱マテリアルの完全子会社。
三菱地所,"三菱地所株式会社（みつびしじしょ、英:Mitsubishi Estate Company,Limited）は、日本の大手不動産会社。総合デベロッパーとして、三井不動産と共に業界の双璧を成している。丸ビルや新丸ビル等のオフィスビルのプロパティマネジメントを担う三菱地所プロパティマネジメントや、住宅事業を担う三菱地所レジデンス、設計事業を担う三菱地所設計等をグループ内に有する。"
三菱地所・サイモン,"三菱地所・サイモン株式会社（みつびしじしょ・サイモン、英称：Mitsubishi Estate・Simon Co., Ltd.）は、日本国内でアウトレットモール「プレミアム・アウトレット」（Premium Outlets。以下PO）計9店舗を展開しているデベロッパーである。三菱地所の連結子会社。2013年2月12日付で、商号をチェルシージャパン株式会社から現商号に変更した。日本国内のアウトレットモールとしては、同様に計12店舗を展開する三井アウトレットパーク（三井不動産）と二大双璧をなす。"
三菱地所コミュニティ,三菱地所コミュニティ株式会社（みつびしじしょコミュニティ）は、三菱地所グループのマンション管理会社である。
三菱地所リアルエステートサービス,三菱地所リアルエステートサービス株式会社（みつびしじしょリアルエステートサービス）は、東京都千代田区に本社を置く、日本の不動産会社。
三菱地所レジデンス,三菱地所レジデンス株式会社（みつびしじしょレジデンス）は、東京都千代田区に本社を置く不動産会社。三菱地所の連結子会社（100%子会社）である。子会社化以前の名称は藤和不動産であり本項でも藤和不動産時代からの記述を行っている。分譲マンションの開発・販売を主たる事業とし、藤和不動産子会社化以前、かつて三菱地所本体が扱っていたブランド名を「パークハウス(Parkhouse)」、2011年、子会社化以降三菱地所レジデンスが販売するブランド名を「ザ・パークハウス（The Parkhouse）」・高級販売路線を「グラン」シリーズとしている。
三菱地所丸紅住宅サービス,"三菱地所丸紅住宅サービス株式会社（みつびしじしょまるべにじゅうたくサービス、英: Mitsubishi Jisho Marubeni Residence Services Co.,Ltd.）は、東京都港区に本社を置く三菱地所及び丸紅グループのマンション管理会社。2014年3月末現在の管理戸数は12万2,978戸。"
山口宇部空港,山口宇部空港（やまぐちうべくうこう Yamaguchi-Ube Airport）は、山口県宇部市に所在する特定地方管理空港である。
山万,山万株式会社（やままん）は、千葉県や神奈川県などで事業を行なっている不動産業者、デベロッパーおよび鉄道事業者である。本社は東京都中央区日本橋小網町に所在する。
山梨県住宅供給公社,山梨県住宅供給公社（やまなしじゅうたくきょうきゅうこうしゃ）は、山梨県にある地方住宅供給公社である。
紙屋町シャレオ,紙屋町シャレオ（かみやちょうシャレオ）は、広島市中区にある広島初の地下街。
鹿島鉄道,鹿島鉄道株式会社（かしまてつどう、英: Kashima Railway Company）は、日本の茨城県に本社を置く賃貸業を営む会社で、関東鉄道の子会社である。社名のとおり、もともとは鹿島鉄道線を運営する鉄道事業者であったが、同線は2007年4月1日に廃止された。廃線後もそのままの名称で会社は存続している。本項では鉄道事業者時代について詳述する。
寿不動産,寿不動産株式会社（ことぶきふどうさん）は、大阪府大阪市北区堂島浜に本社を置く、サントリー関係会社株式の管理、不動産賃貸業および保険代理業を行う日本の企業。
秋田共立,"秋田共立株式会社（あきたきょうりつ、英: AKITA KYORITSU Co., LTD.）は、秋田県秋田市に本社を置く不動産会社、保険代理店。"
秋田県住宅供給公社,秋田県住宅供給公社（あきたけんじゅうたくきょうきゅうこうしゃ）は、かつて秋田県に存在した地方住宅供給公社である。
秋田大町ニューシテー,株式会社秋田大町ニューシテー（あきたおおまちニューシテー）は、秋田市大町に本社のある辻兵グループの企業だった。2010年3月末で解散。
秋葉原ラジオ会館,秋葉原ラジオ会館（あきはばらラジオかいかん）は、株式会社秋葉原ラジオ会館所有の東京都千代田区外神田一丁目にある商業ビル、及びその建て替えに伴う代替ビル群。通称「ラジカン」。建物としては1962年竣工の旧ビル、旧ビルを取り壊した跡地に2014年に竣工した新ビルの2つがある。本記事では双方について扱う。
住協,株式会社住協（じゅうきょう、英文社名：JYUKYO Co. Ltd.）は、埼玉県所沢市に本社を置く不動産会社。住協建設株式会社らと「住協グループ」を構成している。
住商アーバン開発,住商アーバン開発株式会社（すみしょうアーバンかいはつ）は、住友商事の完全子会社で、同社が事業主や出資などで関係するショッピングモールの運営を事業とする商社系デベロッパーである。全国16の商業施設の運営を行っている。
住友不動産,住友不動産株式会社（すみともふどうさん）は、本店を東京都新宿区西新宿2丁目に置く住友グループの大手不動産会社で、住友グループ広報委員会にも参加する企業である。
住友不動産販売,住友不動産販売株式会社（すみともふどうさんはんばい）は、東京都新宿区西新宿に本社を置く、住友不動産グループの不動産会社。「住友の仲介STEP（ステップ）」の愛称を用いている。
住友林業ホームサービス,住友林業ホームサービス株式会社（すみともりんぎょうホームサービス）は、東京都新宿区に本社を置く、流通系の不動産会社。
出雲空港,出雲空港（いずもくうこう、Izumo Airport）は、島根県出雲市にある地方管理空港。「出雲縁結び空港」の愛称で知られる。
女満別空港,女満別空港（めまんべつくうこう、Memanbetsu Airport）は、北海道網走郡大空町女満別中央にある地方管理空港である。
商船三井興産,商船三井興産株式会社（しょうせんみついこうさん）は、商船三井グループの不動産管理会社。本社は東京都中央区、本店は大阪市北区にある。
小倉ターミナルビル,小倉ターミナルビル株式会社（こくらターミナルビル）は、福岡県北九州市小倉北区に本社を置く、JR九州グループの不動産管理会社である。
小田急不動産,小田急不動産株式会社（おだきゅうふどうさん）は、東京都渋谷区に本社を置く小田急電鉄直系の不動産会社。首都圏、宮城県仙台市域を営業基盤とし、賃貸・分譲マンション・ビルの販売・運営を行う。さらに広告事業（交通広告）も手がけている。小田急グループの住宅関連企業の再編の一環で2007年9月1日に小田急電鉄の完全子会社となり、これに伴い2007年8月28日に上場廃止となった。小田急ポイントサービスの加盟店。
昭栄,昭栄株式会社（しょうえい）は、東京都千代田区に本社を置く、不動産を軸とした投資事業を行っていた会社。オフィスビル・商業ビル等の賃貸・開発を行う「不動産事業」、自社保有株の運用を行う「有価証券投資事業」、環境事業などに投資を行う「事業投資」等を行っている。2012年7月1日、ヒューリック株式会社（初代）を吸収合併し、ヒューリック株式会社（2代目）に商号を変更した。
昭和建設,昭和建設株式会社（しょうわけんせつ）は、 福岡県久留米市に本社を置く、注文住宅販売会社である。主に九州を中心に「家族だんらんの家」というブランド名で住宅販売を行なっている。
松戸公産,松戸公産株式会社（まつどこうさん）は、松戸競輪場を運営する日本の企業である。株式会社東京ドームの100%子会社である。
松山空港,松山空港（まつやまくうこう、英: Matsuyama Airport）は、愛媛県松山市にある国管理空港。
松山港,松山港（まつやまこう）は愛媛県松山市にある港湾である。港湾管理者は愛媛県。港湾法上の重要港湾、港則法上の特定港に指定されている。万葉集に歌われた「熟田津」（にぎたつ）は松山港のうちの古三津に当たるとも考えられており、古くから瀬戸内海交通の重要拠点とされてきた。現代においても長距離フェリーや国際コンテナ船などが多く寄港する主要港として発展を続けている。
章栄不動産,"章栄不動産株式会社（しょうえいふどうさん）は、広島県広島市に本社を置く不動産会社。西日本エリアを中心に192棟（11,000戸以上）の供給実績のある『フローレンス・シリーズ』ブランドの分譲マンション事業を展開している。"
上田交通,"上田交通株式会社（うえだこうつう、英称：Ueda Kotsu Co., Ltd.）は、長野県上田市で不動産事業などを運営し、傘下に鉄道、ホテル、スキー場事業を営む子会社を擁する持株会社である。"
常口アトム,株式会社常口アトム（じょうぐちアトム）は、北海道札幌市に本社を置く不動産会社。
信和不動産,株式会社信和不動産（しんわふどうさん）は、広島県広島市に本社を置く、不動産・マンション建設事業者。ヴェルディマンション、カーサ・ヴェルディ（一戸建て）を広島市を中心に展開する。
新栄住宅,新栄住宅株式会社（しんえいじゅうたく）は、 福岡県福岡市中央区に本社を置く、マンションの分譲等を行なう不動産会社である。主に福岡県内を中心にアンピールマンションというブランド名でマンション分譲を展開している。
新横浜ステーション開発,新横浜ステーション開発株式会社（しんよこはまステーションかいはつ）は、横浜市港北区に本社を置く日本の不動産会社。東海旅客鉄道(JR東海)の完全子会社（連結子会社）。新横浜駅直結の駅ビル「新横浜中央ビル」及び商業施設「キュービックプラザ新横浜」の管理・運営。また、東海道新幹線高架下（東京 - 熱海間）の管理・賃貸・開発も行っている。
新京成エステート,新京成エステート株式会社（しんけいせいエステート）とは、新京成電鉄の子会社で、新京成電鉄所有の不動産物件の賃貸業務の管理をしている企業である。
新橋演舞場,新橋演舞場 （しんばし えんぶじょう、英語：Shinbashi Enbujo）は、東京都中央区銀座六丁目にある劇場である。開場以来、春と秋に新橋芸妓による東をどりを公演している。4月下旬もしくは5月下旬に開催される春の東をどりは東京の春の風物詩として今日でも人気がある。1940年（昭和15年）には帝国劇場を焼失した松竹が代替劇場として使用開始。以後は松竹の主要劇場として歌舞伎・新派・松竹新喜劇・新国劇・前進座公演・歌手による芝居公演などを上演している。2010年（平成22年）5月から2013年（平成25年）3月までは、改築のため休場した歌舞伎座に代わり、大歌舞伎興行の常設小屋となった。
新中糖産業,"新中糖産業株式会社（しんちゅうとうさんぎょう、Shin Chutoh Sangyo Co., Ltd.）は、不動産の賃貸を行う会社。製糖業を関連会社を通じておこなっている。創業以来の製糖事業を1993年（平成5年）に合弁会社の翔南製糖に営業譲渡し、本体としては工場跡地にショッピングセンター「サンエー西原シティ」を建設し、不動産賃貸業を行っている。"
新日鉄興和不動産,"新日鉄興和不動産株式会社（しんにってつこうわふどうさん、英文社名 NIPPON STEEL KOWA REAL ESTATE CO.,LTD.）は、日本の不動産会社（デベロッパー）で、新日鐵住金グループに属する。"
新日本ハウス_(奈良県の企業),株式会社新日本ハウス（しんにほんハウス）は、奈良県奈良市柏木町に本社を置き、自社で宅地造成・建築設計・売買を行う部門を有し、自社で造成した土地の販売及び、仲介業をメイン事業とする企業である。特徴として同社の実際の営業部長”南谷和夫”本人が、会社のイメージキャラクターとなっており、「他社には私はいません」等のメッセージと共に自社のホームページやチラシ等に掲載され、国道24号線沿いに5箇所、本社（柏木町）近くに1箇所同社の看板が設置されているが、本人のキャラクターそのものによって同社のPRに貢献している。掲載パターンとしてワンフレーズと共に本人は何故かモノトーン調で表現されており、一説によるとふくよかなボディーをスリムに魅せる為とも言われている。なお、埼玉県及び愛媛県にも同名の企業が存在するが、同社とは無関係である。
新日本建物,株式会社新日本建物（しんにほんたてもの）は、東京都新宿区に本社を置く不動産総合デベロッパー。首都圏を中心に、分譲マンション「ルネサンス」シリーズや戸建住宅「ルネタウン」シリーズなどを供給。その他、アセットソリューション事業や子会社を通じたサービスオフィスの展開なども行う。
森トラスト,"森トラスト株式会社（もりトラスト、Mori Trust Co, Ltd.）は、東京都港区に本社を置くデベロッパーである。社長は森ビル創始者・森泰吉郎の三男・森章。かつては兄の稔が社長を務める森ビルグループであったが、父の死後の1999年（平成11年）に分離し、経営面ではそれぞれ独立することになった。形式的には後述する持株会社森トラスト・ホールディングスの傘下企業となっているが、実態としては両者は同一であり、森トラストが森トラスト・グループの中心企業となっている。"
森ビル,森ビル株式会社（もりビル）は、東京都港区を拠点とする都市デベロッパーであり不動産会社である。大型再開発施設であるアークヒルズや六本木ヒルズ、商業施設のラフォーレ原宿や表参道ヒルズの運営などで知られる。多数の関連会社・関連事業を擁した森ビルグループであったが、創業者であった森泰吉郎の死後、跡を継いだ二人の兄弟の不和により森トラストが分離・独立した（詳細は後述）。
神戸ウイングスタジアム,神戸ウイングスタジアム株式会社（こうべウイングスタジアム）は、兵庫県神戸市兵庫区で御崎公園球技場の運営・管理を行う企業。競技場は神戸市が所有している。現在はネーミングライツによって名称が変更されており、「ホームズスタジアム神戸を経て2013年3月から3年間、「ノエビアスタジアム神戸」に変更されている。なお、親会社の神戸製鋼所の支援する神戸製鋼コベルコスティーラーズはこの球技場を中心にホームゲームを開催している。
神戸国際会館,神戸国際会館（こうべこくさいかいかん、英語名称：Kobe International House）は、兵庫県神戸市中央区の三宮にある大型複合施設の名称である。第三セクターの株式会社神戸国際会館が運営を行っている。
世界貿易センタービルディング,株式会社世界貿易センタービルディング（せかいぼうえき-）は、日本の不動産会社。東京浜松町にある世界貿易センタービルディングや大崎のThinkPark Tower（シンクパークタワー）など管理を行っている。
星野リゾート・リート投資法人,"星野リゾート・リート投資法人（ほしのリゾート・リートとうしほうじん、英: Hoshino Resorts Reit, Inc.）は、東京都中央区にある、投資法人。"
盛岡ターミナルビル,盛岡ターミナルビル株式会社（もりおかターミナルビル）は、岩手県盛岡市に本社を置く東日本旅客鉄道（JR東日本）の連結子会社。盛岡支社管内で、駅ビルやホテルの運営などを行っている。
盛岡バスセンター,盛岡バスセンター（もりおかバスセンター）は、盛岡市最大のバスターミナルである。1960年（昭和35年）開業。建物は老朽化が著しいが、センター内は昔ながらの雰囲気が漂っている。自動車ターミナル法の適用第1号施設である。
西鉄不動産,西鉄不動産株式会社（にしてつふどうさん）は、福岡県福岡市中央区大手門に本社を置く日本の不動産会社。西日本鉄道の子会社（西鉄グループ）である。
西武開発,"株式会社西武開発（せいぶかいはつ）は、埼玉県西部を地盤とする不動産流通会社、建売住宅のデベロッパー。埼玉県に10店舗、東京都に5店舗の支店を持つ。""西武""を冠し、ロゴマークもseibuと付くが西武グループおよびコンピュータゲームを開発しているセイブ開発とは関係ない。（なお、西武グループは西武鉄道と西武プロパティーズを通じて「西武（地名）」の名称で土地分譲・建売販売を行っているため注意が必要。"
西武不動産,西武不動産株式会社（せいぶふどうさん）は、かつて存在した西武グループの不動産会社。
西洋環境開発,株式会社西洋環境開発（せいようかんきょうかいはつ）は、日本にかつて存在した不動産デベロッパー。本社はサンシャイン60ビルに所在した。
誠ホームサービス,株式会社誠ホームサービス（まことホームサービス）は、大阪府堺市にある住宅関連の会社。
誠建設工業,株式会社誠建設工業（まことけんせつこうぎょう）とは、大阪府堺市に本社を置く、戸建て分譲住宅の建売、注文住宅の建築、リフォーム事業を行う不動産会社である。
誠和企画,誠和企画（せいわきかく、英: Seiwa Kikaku）は、東京都に本社を置く不動産会社。東京ディズニーリゾートのエンターテインメントプログラムの運営業務も行っている。
青山メインランド,株式会社青山メインランド（あおやま - ）は、東京都千代田区内神田一丁目に本社を置く不動産会社、デベロッパーである。リテール事業を主体とし、投資用マンションを強みとしている。分譲マンションのブランド名は投資用マンションを「メインステージ」とし、ファミリー用マンションを「ランドステージ」とする。分譲エリアは東京23区を中心とし、2014年のマンション供給戸数ランキングでは首都圏16位（736戸）の実績がある。
青森空港,青森空港（あおもりくうこう、英: Aomori Airport）は、青森県青森市（旧 南津軽郡浪岡町）にある地方管理空港である。
静岡ターミナル開発,静岡ターミナル開発株式会社（しずおかターミナルかいはつ）は、静岡県静岡市に本社を置く日本の不動産会社。東海旅客鉄道(JR東海)の子会社（連結子会社）。静岡駅の駅ビル「パルシェ」、沼津駅の駅ビル「アントレ」の管理・運営を行っている。
積和不動産,積和不動産株式会社（せきわふどうさん）は東京都に本社を置く不動産会社。積水ハウスの完全子会社である。主にMASTブランドで展開している。
積和不動産関西,積和不動産関西株式会社（せきわふどうさんかんさい）は大阪府に本社を置く不動産会社。積水ハウスのグループ会社である。
積和不動産九州,積和不動産九州株式会社（せきわふどうさんきゅうしゅう）は福岡県に本社を置く不動産会社。積水ハウスのグループ会社である。
積和不動産中部,積和不動産中部株式会社（せきわふどうさんちゅうぶ）は、愛知県に本社を置く不動産会社。積水ハウスのグループ会社であり、中部地方を営業エリアとする。
積和不動産東北,積和不動産東北株式会社（せきわふどうさんとうほく）は宮城県に本社を置く不動産会社。積水ハウスのグループ会社である。福島県、福島市、郡山市、いわき市、山形県、山形市、岩手県、盛岡市、北上市、秋田県、秋田市、青森県、青森市、八戸市に拠点が存在する。
川商ハウス,株式会社川商ハウス（かわしょうハウス）は、鹿児島県鹿児島市新屋敷町に本社を置く不動産会社である。
創建_(大阪市中央区),"株式会社創建（そうけん）は大阪市中央区淡路町に本社を置く、一戸建て販売やマンション販売事業、賃貸事業を営む会社である。一戸建てはルナシリーズ。マンションはルナコートシリーズとして販売しており、住宅商品として「外断熱の家Kurumu<来夢>」や「KurumuCube」「木ごこちの家」といった商品がある。また住宅ご購入後のアフターサービスとして「社長110番」や「10年後または15年後の無料リフォームサービス」等の独自のサービスで住宅販売を展開している。戸建分譲実績は（4,219戸）、マンション分譲実績は（3,302戸）。（平成23年3月現在）"
創建ホームズ,創建ホームズ株式会社（そうけんホームズ）は、東京都杉並区に本社を置き、戸建分譲、マンション事業などを行う不動産会社。特徴は、販売の外部委託によって開発と設計へ資源を集中させていることと、富裕層向けの高級物件に特化していることである。コンセプトは「夢と満足の家造り」。なお、創建（大阪市中央区）とは資本・業務的な関係は一切無い。
双日新都市開発,双日新都市開発株式会社（そうじつしんとしかいはつ）は、日本の不動産会社。旧日商岩井系で、双日グループに属する。
相鉄ビルマネジメント,株式会社相鉄ビルマネジメント（そうてつビルマネジメント、英称：Sotetsu Building Managements inc.）は、相鉄グループの不動産会社。商業施設等の不動産物件の管理に特化しており、宅地開発は相鉄グループ内の相鉄不動産、建売住宅の販売や不動産仲介は相鉄不動産販売が行っている。また、相模鉄道沿線の駅に併設する専門店街（ショッピングセンター）として「相鉄ライフ」を展開している。
相鉄不動産,"相鉄不動産株式会社（そうてつふどうさん、英称：SOTETSU REAL ESTATE Co.,Ltd.）は、大手私鉄系、相鉄グループの不動産会社。"
相鉄不動産販売,相鉄不動産販売株式会社（そうてつふどうさんはんばい）は、日本の不動産会社（相鉄グループ）。自社ブランドでの一戸建て住宅の分譲なども展開している。
総合施設管理,株式会社総合施設管理（そうごうしせつかんり）は、東京都渋谷区千駄ヶ谷に本社を置く店舗系不動産専門の管理会社である。
総合地所,総合地所株式会社（そうごうじしょ）は、日本の不動産会社。長谷工コーポレーションの子会社。類似した社名を持っていた日本綜合地所（現・大和地所レジデンス）とは直接の関係はない。
総和地所,"株式会社総和地所（そうわじしょ、SOWA　JISHO　Co.,Ltd）は、かつて存在した東京都新宿区西新宿に本社を置いていた不動産会社で、マンションの企画・開発・販売等を行っていた。"
大栄車輌,株式会社大榮車輛（だいえいしゃりょう）は、主に京成電鉄グループの車両を扱っていた鉄道車両メーカー、および不動産業を営む会社である。
大京,株式会社大京（だいきょう、Daikyo Incorporated）は、東京都渋谷区千駄ヶ谷に本社を置く日本の不動産会社である。オリックス株式会社の子会社。
大京アステージ,大京アステージ（だいきょうアステージ）は日本最大手の不動産管理会社。大京グループ。マンション管理受託戸数41万5249戸、受託管理組合数7392組合（2013年3月現在）。
大京穴吹不動産,株式会社大京穴吹不動産（だいきょうあなぶきふどうさん）は、不動産流通業を営む日本の不動産会社。大京の完全子会社である。
大阪ターミナルビル,大阪ターミナルビル株式会社は、大阪府大阪市で不動産の賃貸及び管理、商業施設の運営を行う企業。大阪ステーションシティを構成するノースゲートビルディング（大阪駅新北ビル）とサウスゲートビルディング（大阪ターミナルビル）を管理・運営する。
大阪港振興,大阪港振興株式会社（おおさかこうしんこう）は、大阪市港区に本社を置く日本の企業。
大阪地下街,大阪地下街株式会社（おおさかちかがい）は、大阪市の地下街を建設・運営する第三セクターである。大阪市が50.3%を出資している。
大阪府住宅供給公社,大阪府住宅供給公社（おおさかふじゅうたくきょうきゅうこうしゃ）は、大阪府にある地方住宅供給公社である。
大成有楽不動産販売,大成有楽不動産販売株式会社（たいせいゆうらくふどうさんはんばい）は、東京都中央区に本社を置く、日本の不動産会社。大成建設系の不動産会社「有楽土地（現大成有楽不動産）」の流通部門が独立して発足した会社。
大林新星和不動産,大林新星和不動産株式会社（おおばやししんせいわふどうさん）は、東京都千代田区にある不動産会社。日本生命系列の不動産会社であった新星和不動産株式会社と、株式会社大林組系列の不動産会社である大林不動産株式会社が合併して発足した。
大和システム,"大和システム株式会社（だいわシステム、英: Daiwa System Co., Ltd.）は、建築事業、不動産事業、温浴施設の開発・運営、マンション分譲事業などを行っていた企業である。"
大和ハウジング,大和ハウジング（だいわハウジング）は、茨城県鹿嶋市に本社を置く不動産会社。都会に住む団塊世代に田舎暮らしを提案している。
大和ハウスパーキング,大和ハウスパーキング株式会社は、大和ハウス工業傘下の駐車場運営と不動産の賃貸と分譲を行う会社。
大和ライフネクスト,大和ライフネクスト株式会社（だいわライフネクスト）は、大和ハウスグループのマンション管理会社。
大和リビング,大和リビング（だいわリビング）は、東京都江東区に本社を置く大手不動産会社。大和ハウスのグループ会社である。D-Roomのブランドで知られている。全国30万世帯のアパートマンションの管理・運営を行う。その他、定期借地権活用事業、社宅・寮管理代行事業、リフォーム事業、保険代理店などを行っている。2015年現在、テレビCMに上野樹里を起用している。
大和住販,"大和住販株式会社(だいわじゅうはん、英称:Daiwajuhan Co., Ltd.)は、神奈川県横浜市神奈川区橋本町2丁目1-30「に本社を置く不動産会社である。不動産情報誌＆WEB（フリーペーパー）「ホームガイド」の発行も手がける。「だいわじゅうはん♪」というキャッチフレーズはFMヨコハマでも馴染みがある。"
大和情報サービス,大和情報サービス株式会社（だいわじょうほうサービス）は、DISシステム（不動産賃貸）・施設管理運営事業を行う企業。社名に情報サービスと含まれるが、システムインテグレーターではない。「情報サービス」の「情報」は不動産物件情報の意であり、「サービス」も、建物オーナー・土地オーナー・テナントを結びつけるサービスの提供を意味する。また社名が類似している大和システムは同根（ダイワハウスグループとして設立）であるが、別企業である。主幹事業は、建物を賃貸する不動産賃貸業である。最近では、新規事業であるトランクルームにも力を入れている。
大和地所レジデンス,"大和地所レジデンス株式会社（だいわじしょレジデンス、DAIWA LAND RESIDENCE CO.,LTD.）は、マンションの分譲を中心に展開する日本の不動産会社（デベロッパー）である。"
第一不動産,第一不動産（だいいちふどうさん）は、かつて存在した日本の不動産業者である。東京・新宿を拠点とし、バブル期には国内外での盛んな不動産投資で知られたものの、2007年（平成19年）1月に倒産した。最期の3年半は、社名を「株式会社エフ・アール・イー」に変えて営業していた。全盛期には、子会社にノンバンクの第一コーポレーション（JASDAQ上場）などを抱える「第一不動産グループ」の中核会社でもあった。
拓伸,株式会社 拓伸（たくしん）は、滋賀県草津市に本社がある住宅関連企業。
淡路フェリーボート,淡路フェリーボート株式会社（あわじフェリーボート）は、兵庫県神戸市垂水区に本社を置く企業。かつて、兵庫県神戸市須磨区と津名郡東浦町（現・淡路市）の間と、三原郡西淡町（現・南あわじ市）と徳島県鳴門市の間を、それぞれ結ぶ短距離内航フェリー航路を運航していた。初代取締役会長は、井植歳男（三洋電機創業者、東浦町名誉町民）。現在はフェリー事業は行っていないが、社名を変えずにゴルフ場「洲本ゴルフ倶楽部」を経営しているほか、関連会社でホテルや自動車教習所、飲食事業などを運営している。大阪証券取引所（現在の東京証券取引所）2部に上場していた。
中央コーポレーション,株式会社中央コーポレーション（ちゅうおうコーポレーション、Chuo Corporation）は、 東京都千代田区内神田本社を置く企業。旧本社所在地は愛知県名古屋市中区。
中央三井信不動産,中央三井信不動産株式会社（ちゅうおうみついしんふどうさん）は、かつて存在した日本の不動産会社。中央三井信託銀行グループの会社であったが、住友信託銀行と中央三井信託銀行との合併に伴い、2012年（平成24年）4月1日に住友信託銀行グループのすみしん不動産を存続会社として合併を行い消滅した。
中央住宅,株式会社中央住宅は、ポラスグループ傘下の筆頭会社。戸建分譲事業、注文住宅事業、総合不動産流通事業、分譲マンション事業を展開している。
中国SC開発,中国SC開発株式会社（ちゅうごくエスシーかいはつ）は広島県広島市南区に本社を置く西日本旅客鉄道（JR西日本）の不動産関連子会社。同社広島支社管内で駅ビルの開発や運営にあたっている。近年は小型駅ビル形式のアイスタ（AISTA、「Ai Station Plaza」の略造語で、「愛される」「出会いの」「待ち合わせの」駅プラザの意味を持つ）を展開する。
中電不動産,"中電不動産株式会社（ちゅうでんふどうさん、英: Chuden Real Estate Co., Inc. ）は、愛知県名古屋市中区に本社を置く中部電力グループの不動産会社である。"
駐車場綜合研究所,株式会社駐車場綜合研究所（ちゅうしゃじょうそうごうけんきゅうじょ）は、東京都渋谷区に本社を置く、日本の駐車場管理運営及び、駐車場コンサルティング会社である。2007年10月30日、東京証券取引所マザーズ上場。証券コードは3251。
朝日ビルディング,株式会社朝日ビルディング（あさひビルディング）は、大阪市北区中之島にある、朝日新聞社関連のビルディング建築・運営を携わる会社である。
朝日土地建物,朝日土地建物株式会社（あさひとちたてものかぶしきがいしゃ）は、東京都町田市に本社を置く不動産会社である。
長江実業,長江実業（集団）有限公司（Cheung Kong (Holdings) Limited）は、中華人民共和国・香港を本拠とする香港最大の企業グループ。現会長の李嘉誠が1950年代に長江工業有限公司として創業し、その後香港の発展と共に主導的地位を築きあげた。長江実業として1972年に香港証券取引所に上場。香港で最大の不動産開発企業のひとつであり、商工業などその他の産業でも重要な地位を占める。現社長兼副会長は、現会長李嘉誠の長男、李澤鉅（Victor Li）。
長谷工コミュニティ,長谷工コミュニティ（はせこうコミュニティ）は、長谷工コーポレーショングループのマンション管理会社である。
長谷工スマイルコミュニティ,株式会社長谷工スマイルコミュニティ（はせこうスマイルコミュニティ）は、日本の建築物管理会社。
長野バスターミナル,長野バスターミナル（ながのバスターミナル）は、長野県長野市中御所岡田町178-2にあるバスターミナル。自動車ターミナル法に規定される一般バスターミナルである。第三セクターの株式会社長野バスターミナルが運営する。
鳥取駅バスターミナル,鳥取駅バスターミナル（とっとりえきバスターミナル）は、鳥取県鳥取市東品治町106番地にあるバスターミナルを含む建物の総称。建物の正式名称は「鳥取バスターミナル」、停留所の正式名称は「鳥取駅」だが、鳥取駅に隣接していることから「鳥取駅バスターミナル」と呼ばれ、現在のバスの時刻表には後者の名称でのみ掲載されている。
鶴見臨港鉄道,鶴見臨港鉄道株式会社（つるみりんこうてつどう）は、かつて神奈川県にて鉄道事業・軌道事業を営んでいた会社である。現在の東日本旅客鉄道（JR東日本）鶴見線にあたる鉄道路線を建設・運営していたが、1943年に戦時買収により国有化された。会社自体は、鉄道路線の戦時買収後もそのまま存続し、鶴見・川崎の埋め立て造成を行った東亜建設工業（旧浅野財閥系）の傍系企業として、不動産の賃貸や売買、管理等の事業として鉄道事業から完全に退いた後も社名を変更することなく現存している。
鉄鋼ビルディング,鉄鋼ビルディング（てっこうビルディング）は、東京都千代田区丸の内のオフィスビル。
東栄住宅,株式会社東栄住宅（とうえいじゅうたく）は、東京都西東京市に本社を置く不動産会社。飯田グループホールディングス株式会社の完全子会社。
東急コミュニティー,株式会社東急コミュニティー（とうきゅうコミュニティー、Tokyu Community Corp.）はマンション管理の受託運営を中心に、ビルマネジメント、ビルメンテナンス、プロパティマネジメントなどを行う東急不動産グループの大手不動産管理会社である。
東急ファシリティサービス,"東急ファシリティサービス株式会社（とうきゅうファシリティサービス　英称:Tokyu Facility Service Co.,Ltd.）は、東京都目黒区にあるビルマネジメント、労働者派遣事業等を行う、東急グループの会社である。2002年7月1日、東急管財が東急サービスに吸収される形で誕生した。"
東急モールズデベロップメント,株式会社東急モールズデベロップメント（とうきゅうモールズデベロップメント）は、東急系の商業施設を運営する東京急行電鉄の子会社。東急グループの一企業。2006年4月1日に東急商業開発と東急マーチャンダイジング アンド マネージメントの統合により発足した。
東急リゾート,東急リゾート（とうきゅうリゾート、英称:Tokyu Resort Corporation）は、東京都港区南青山に本社を置く、東急不動産グループに属する別荘・リゾート専業の不動産仲介会社。リゾート専業の不動産取り扱い企業として日本最大の規模を誇る。主に別荘地、一戸建て別荘、リゾートマンションの売買仲介のほかに、東急不動産やその他事業主が開発した新築物件の販売代理、会員制リゾートホテル「東急ハーヴェストクラブ」の販売代理、ゴルフ会員権の売買仲介を行っている。
東急リバブル,"東急リバブル株式会社（とうきゅうリバブル、英：TOKYU LIVABLE, INC.）は東京都渋谷区道玄坂に本社を置く、東急不動産グループの不動産会社。"
東急不動産,東急不動産株式会社（とうきゅうふどうさん、TOKYU LAND CORPORATION）は、日本の総合不動産会社。東急グループの1社。総合不動産では、業界4位。東急グループの本拠地でもある渋谷のほか、都内に約100棟のオフィスビルを所有している。
東急不動産ホールディングス,東急不動産ホールディングス株式会社（とうきゅうふどうさんホールディングス、英:  Tokyu Fudosan Holdings Corporation ）は、東急不動産・東急コミュニティー・東急リバブル・東急ハンズなどを傘下に持つ持株会社である。
東京テレポートセンター,株式会社東京テレポートセンター（とうきょうテレポートセンター）は、東京都で東京臨海副都心を中心に、東京臨海部でビル、施設等の開発運営などを行っている東京都などが間接出資する第三セクター会社である。
東京ビルディング_(不動産会社),東京ビルディング株式会社（とうきょう－） は、商業ビルの賃貸を中心にマンションの分譲・賃貸も行っている不動産デベロッパーである。丸の内にあるオフィスビル「東京ビルディング」とは全く関係ない。
東京駅一番街,東京駅一番街（とうきょうえきいちばんがい）は、東京都千代田区と中央区に跨る、東京駅八重洲口にある商業施設。
東京海上日動ファシリティーズ,東京海上日動ファシリティーズ株式会社（とうきょうかいじょうにちどうファシリティーズ）は東京海上グループのビル管理、不動産会社。
東京楽天地,株式会社東京楽天地（とうきょうらくてんち）は、阪急阪神東宝グループに属する企業である。東京都墨田区錦糸町周辺で、映画興行や不動産業を営む。1937年（昭和12年）創業。市川市柏井町（船橋法典駅北方）に温浴施設『楽天地天然温泉法典の湯』、2006年4月にはオリナスの中に『TOHOシネマズ錦糸町』を開業した。
東京建物,東京建物株式会社（とうきょうたてもの）は、安田財閥の創始者、安田善次郎が1896年（明治29年）に設立した日本で最も古い歴史を持つ総合不動産会社である。
東京建物不動産販売,東京建物不動産販売株式会社（とうきょうたてものふどうさんはんばい）は、東京都中央区に本社を置く不動産会社。東京建物の完全子会社にあたり、主に「仲介」、「アセットソリューション」、「販売受託」、「賃貸」の4つの事業を展開している。
東京交通会館,東京交通会館（とうきょうこうつうかいかん）は、東京都千代田区有楽町二丁目の有楽町駅前に所在するオフィスフロア・展示場などを有する「東京交通会館ビルディング」の複合商業施設としての名称。また、同ビルと複数の不動産物件を所有する第三セクター（東京都所管）のビル運営会社である。
東京国際空港ターミナル,東京国際空港ターミナル株式会社（とうきょうこくさいくうこうターミナル、Tokyo International Air Terminal Corporation）は、東京国際空港（羽田空港）の国際線旅客ターミナルビルの整備・運営を主な事業とする会社。略称は、TIAT（ティアット）。
東京天理教館,株式会社東京天理教館（とうきょうてんりきょうかん）は、日本の不動産会社である。
東京都住宅供給公社,東京都住宅供給公社（とうきょうとじゅうたくきょうきゅうこうしゃ）は、東京都にある地方住宅供給公社である。
東新住建,"東新住建株式会社（とうしんじゅうけん、Toshin Housing Co., Ltd. ）は、愛知県稲沢市に本社を置く総合建設会社である。分譲住宅事業では愛知県10年連続着工数第1位の実績が上げていたが現在は請負建築事業を主軸にした事業を展開している。また東新ホームズのブランド名で注文住宅事業も展開しており稲沢市と清須市にショールームを開設している。"
東電不動産,東電不動産株式会社（とうでんふどうさん）は東京電力の子会社で、東京都台東区に本社を置く不動産会社。オフィスビルの賃貸や住宅分譲、ビジネスホテル事業などを行う。
東電用地,"東電用地株式会社（とうでんようち、英: TODEN-YOCHI CO.,INC.）は、東京電力管内の送電・変電用地等の管理を行う企業。"
東都_(不動産会社),株式会社東都（とうと）は、東京都狛江市に本社を置く不動産会社である。小田急線・京王線沿線を中心に賃貸仲介・賃貸管理・マンスリーマンション・コインパーキング・アセットマネジメント事業などを行っている。2007年1月に創業者の事業継承ニーズに応える形でオリックス株式会社が資本参加、2010年1月に株式会社リロ・ホールディングの連結子会社となった。
東日本住宅,東日本住宅株式会社は、東京都新宿区に本社を置く、不動産企業である。
東武タワースカイツリー,東武タワースカイツリー株式会社（とうぶタワースカイツリー）は、東京都墨田区押上にある東京スカイツリーを中心とした開発プロジェクトの事業会社。
東武ランドシステム,東武ランドシステム株式会社（とうぶらんどしすてむ）は、東京都墨田区に本社を置く東武グループの不動産会社・商社。東武鉄道各線沿線を中心に同社分譲物件の販売代理、自社でのマンション・戸建の分譲・管理等を行っている。また、東武トレーディングのブランドでクラシックCDの輸入も行っている。なお、中古物件の仲介及び賃貸は2010年に東武プロパティーズに事業譲渡された。
東武住販,株式会社東武住販（とうぶじゅうはん）は、山口県下関市に本店を置く不動産会社。下関市をはじめとする山口県中西部・福岡県にて不動産業（主に中古不動産の売買仲介や賃貸住宅の斡旋）を展開する他、介護福祉用品のレンタル、保険代理店などの事業を行う。「東武」と名がつくが、関東地方で運輸事業・流通事業などを手がける東武グループ（東武鉄道グループ）や北海道でスーパーマーケットを手がける東武とは無関係。また、埼玉県ふじみ野市にも同名の不動産会社がある（埼玉県知事免許）が、同じく無関係。
東宝住宅,東宝住宅（とうほうじゅうたく）は、 福岡県北九州市小倉北区に本社を置く、マンションの分譲等を行なう不動産会社である。主にホワイトキャッスル（北九州都市圏）、フリーディア（福岡都市圏）などのブランド名でマンション分譲を展開している。また、岡部産業やなかやしきなど北九州市を地盤とする同業他社とマンションの共同開発も手がけている。
東宝不動産,"東宝不動産株式会社（とうほうふどうさん、英: Toho Real Estate Co., Ltd.）は、東京都千代田区に本社を置く阪急阪神東宝グループの不動産会社。東宝の子会社。"
東邦モーターズ,東邦モーターズ（とうほうモーターズ）は、自動車販売を主な業務としてきた日本の企業である。1992年までは自動車輸入業務も行っており、2008年2月に自動車関係業務から撤退した現在でも東京都目黒区目黒大橋のマンションや元品川営業所（現在のBMW東京　品川営業所）などの不動産を所有し、不動産賃貸業を営み、法人としては存続している。
東邦不動産,"東邦不動産株式会社（とうほうふどうさん、Toho Real Estate Co., Ltd.）は、愛知県名古屋市熱田区に本社を置く不動産会社である。"
東和不動産,"東和不動産株式会社（とうわふどうさん、英: Towa Realestate Co., Ltd.）は、名古屋駅前のミッドランドスクエアやセンチュリー豊田ビルなどを中心とするトヨタグループの不動産会社である。"
藤和ハウス,"株式会社藤和ハウス（とうわはうす,Towa House Co,Ltd）は、東京都西東京市に本社を置き、東京都多摩地域を中心に店舗を展開する不動産会社である。藤和ハウスは、東栄住宅、アーネストワン、飯田産業といった同じ多摩地区に本拠を持つ中堅不動産会社の一角を占める。前記3社は上場企業であるが、藤和ハウスは未上場である。なお、藤和ハウスは、大手不動産会社の藤和不動産（現・三菱地所レジデンス）とは関係がない。主に多摩地域で建売住宅事業や仲介事業、マンション販売を中心に行って来たが、一般的な建売ではなく、土地を販売してその上で同社提携の住宅メーカーと土地購入客が契約して自由な設計による住宅を建設する「セレシス」と呼ばれるシステムを導入し、細かなニーズにも答えられるようにした。"
徳島興発,徳島興発株式会社（とくしまこうはつ）は、徳島県徳島市幸町に本社を置く、四国放送関連子会社の不動産会社。
徳島工芸村,徳島工芸村株式会社（とくしまこうげいむら）は、徳島県徳島市山城町に本社を置く、不動産の賃貸借及び管理に関する業務を行っている企業。かつては徳島県の伝統的工芸品や特産品の販売・伝統工芸の体験などが行われていたが、2006年3月31日にこれらの営業を終了しており、現在はコールセンターやローカルラジオ局、物産センターなどが入居する賃貸施設となっている。徳島県立産業観光交流センター（アスティとくしま）、徳島県立男女共同参画交流センター（フレアとくしま）と隣接している。
徳島都市開発,徳島都市開発 株式会社（とくしまとしかいはつ）は、徳島県徳島市の徳島駅前再開発ビルアミコビル内に本社を置く不動産会社。
那覇バスターミナル,那覇バスターミナル（なはバスターミナル）は、沖縄県那覇市泉崎にあるバスターミナルで、沖縄島最大規模のバスターミナルである。ゆいレール旭橋駅前。那覇バスターミナル株式会社が管理、運営している。
南海不動産,南海不動産（なんかいふどうさん）は、大阪市浪速区に本社を置く南海グループの不動産会社である。
日産ネットワークホールディングス,"日産ネットワークホールディングス株式会社（にっさんネットワークホールディングス、Nissan Network Holdings Co., Ltd.）は、日産自動車における、不動産の所有、売買、貸借などを行う企業である。"
日住サービス,株式会社日住サービス（にちじゅうサービス）は、大阪市北区に本社を置く不動産会社。
日神不動産,日神不動産株式会社（にっしんふどうさん）は、日本の不動産会社。
日成アドバンス,"株式会社日成アドバンス（にっせいあどばんす、英文商号：NISSEI ADVANCE　co.,ltd.）は、2001年11月設立の大阪市北区に本社を置く不動産会社である。大阪、神戸を中心に「アドバンス」のブランド名で、主に投資用としてマンションを分譲している。"
日拓グループ,日拓グループ（にったく-　）とは、東京都を中心に不動産開発（所有・賃貸・管理）、貸ビル業、パチンコ店（パチスロ専業店を含む）・ゲームセンターを展開している企業。1965年創業。日拓ホーム株式会社、日拓不動産株式会社、日拓リアルエステート株式会社の3社を抱える。レジャーアミューズメント部門のパチンコホール「エスパス日拓」16店舗・パチスロ「スロットクラブ日拓」6店舗・ゲームセンター「GAME エスパス日拓」2店舗の運営等を手がけることで知られる。かつて1973年の1年間のみ、プロ野球球団「日拓ホームフライヤーズ」を所有していた。
日鉄住金興産,"日鉄住金興産株式会社（にってつすみきんこうさん、英文社名 NIPPON STEEL & SUMIKIN KOSAN CO.,LTD.）は、日本の不動産会社で、新日鐵住金グループに属する。"
日本アセットマーケティング,"日本アセットマーケティング株式会社（英: Japan Asset Marketing Co.,Ltd.）は、日本の不動産会社。"
日本ウェルスマネジメント,株式会社日本ウェルスマネジメント（にほんウェルネスマネジメント）は、東京都港区東新橋に本店を置く不動産会社。バリューアップ型の不動産再生事業。
日本ヴェルテック,"株式会社日本ヴェルテック（英文商号：NIHON VERTEX　co.,ltd.）は、1996年6月設立の大阪市北区に本社を置く不動産会社である。「アスヴェル」のブランド名で関西地区を中心に宅地分譲しており、最近は長州力を起用したCMを放送して話題を集めている（HPで長州CMを視聴可能）。投資用のマンション販売が中心で販売・管理等も行う他、関連会社ではマンスリー事業も行っている。"
日本エスコン,株式会社日本エスコン（にほんエスコン、英称:ES-CON JAPAN Ltd.）は、東京都千代田区に本社を置く不動産会社。企画・コンセプトを訴求した分譲マンションブランド「ネバーランド」、「レ・ジェイド」、「ジェイド」の展開、首都圏を中心に展開する賃貸マンションブランド「リーフコンフォート」の他、商業施設、医療施設、ホテルなどの不動産開発も手掛ける総合デベロッパー。
日本エスリード,日本エスリード株式会社（にほんエスリード）は、大阪府大阪市福島区に本社を置く不動産会社。
日本コミュニティ,日本コミュニティ株式会社（にほんコミュニティ）は、福岡市城南区に本社を置く不動産会社。
日本ネットワークサービス_(マンション管理会社),"株式会社日本ネットワークサービスは神戸市中央区に本社を置く日本の不動産管理会社。マンション管理受託戸数1万2,659戸、受託管理組合数395組合（2011年7月現在）。"
日本パーキング,日本パーキング株式会社（にほんぱーきんぐ）は、東京都千代田区に本社を置く、日本の不動産会社。NPC24Hのブランドでコインパーキングの運営を行っている。
日本ビルド,日本ビルド株式会社は、群馬県前橋市に本社を置くISホールディングスグループの不動産事業会社である。
日本空港ビルデング,日本空港ビルデング株式会社（にほんくうこうびるでんぐ）は、東京国際空港（羽田空港）における国内線旅客ターミナルビルを建設・管理運営する空港機能施設事業者（空港法第15条）である。羽田空港国内線旅客ターミナルビルのオーナー企業としてその管理・運営を行うほか、成田・中部・関西の各国際空港では免税店の運営等を行っている。
日本商業開発,"日本商業開発株式会社（にほんしょうぎょうかいはつ、英: Nippon Commercial Development Co., Ltd.）は、大阪府大阪市中央区に本社を置く企業。"
日本生命球場,日本生命球場（にほんせいめいきゅうじょう、Nippon Life Insurance Baseball Stadium、1950年 - 1997年）は、かつて大阪府大阪市中央区森ノ宮中央二丁目1-55にあった野球場で、名称の通り日本生命保険（日生）が所有し、日生が10%を出資する関連会社の株式会社日本生命球場が運営していた。通称は「日生球場」（にっせいきゅうじょう）。
日本総合住生活,日本総合住生活株式会社（にほんそうごうじゅうせいかつ）は、独立行政法人都市再生機構が出資する住宅管理サポート企業。賃貸および分譲の集合住宅団地の住環境整備や、住居者のための生活サポート、セーフティネット維持など、住民をはじめ、管理組合および都市機構の要望に添う形で数多くの事業を手がけている。
日本駐車場開発,"日本駐車場開発株式会社（にほんちゅうしゃじょうかいはつ、英: NIPPON PARKING DEVELOPMENT CO., LTD.）は、日本の不動産会社。略称は「日駐」。東京証券取引所市場第1部に上場し、証券コードは2353。"
日本土地建物,"日本土地建物株式会社（にほんとちたてもの、英: NIPPON TOCHI-TATEMONO Co.,Ltd.）は、東京都千代田区に本社を置く不動産会社。"
日立アーバンインベストメント,株式会社日立アーバンインベストメント（ひたちアーバンインベストメント）は、東京都千代田区に本社を置く日立グループの不動産会社。
能代中央都市開発,能代中央都市開発株式会社（のしろちゅうおうとしかいはつ）は、秋田県能代市に本社を置き、ジャスコ能代店を核店舗とする「能代ショッピングセンター」の開発や管理を行っていた会社。
波止浜興産,波止浜興産（はしはまこうさん）は、愛媛県今治市に本社を置く企業。設立当初は波止浜地区の塩田から出た副産物で肥料の製造を行っていたが、塩田廃止に伴い不動産事業などに進出し業態を変化させている。
博多ステーションビル,株式会社博多ステーションビル（はかたステーションビル）は、福岡県福岡市で不動産の賃貸及び管理、商業施設の運営を行う企業。主に博多駅の商業施設を運営する。また、博多ステーションビルは1963年（昭和38年）から2007年（平成19年）まで存在した、同社が運営していた博多駅博多口の駅ビルの名称でもあった。本項ではこれについてもあわせて記す。
八重洲地下街,八重洲地下街（やえすちかがい）は、東京都中央区八重洲の東京駅八重洲口広場地下と広場に隣接する道路の地下に広がる地下商店街、およびそれを経営している企業（八重洲地下街株式会社）の名称である。本項では、株式会社八重洲地下街の運営する地下駐車場（八重洲駐車場）、および同駐車場に直結している首都高速道路八重洲線八重洲出入口についても記す。
飯田グループホールディングス,"飯田グループホールディングス株式会社（いいだグループホールディングス、英語: Iida Group Holdings Co., Ltd.）は、不動産会社を統括する日本の持株会社。"
飯田産業,"株式会社飯田産業（いいださんぎょう、英語: Iida Home Max Co., Ltd.）は、日本の不動産会社。飯田グループホールディングス株式会社の完全子会社。"
尾張屋_(不動産),株式会社尾張屋（おわりや）は、埼玉県さいたま市浦和区常盤に本社を置く企業。不動産売買、不動産売買仲介・賃貸仲介、不動産賃貸管理、リフォームなどを手がける。ショッピングセンターなどに不動産展示場を展開し、埼玉県を中心に8店舗を展開している。現在の会社は、1964年創業で、屋号から換算すると91年（2015年2月現在）を迎える、埼玉県でも老舗の企業である。スーパー経営時には売上高は300億円であった。
美保飛行場,美保飛行場（みほひこうじょう）は、鳥取県境港市（敷地の一部は米子市）にある共用飛行場である。防衛省が管理しており、航空自衛隊美保基地（みほきち、JASDF Miho Airbase）の滑走路を民間航空機が利用する共用飛行場である。通称米子空港（よなごくうこう Yonago Airport）、愛称を米子鬼太郎空港としている。
菱サ・ビルウェア,"株式会社菱サ・ビルウェア（りょうサ・ビルウェア、RYO-SA BUILWARE Co., Ltd.）は、東京都豊島区に本社を置く三菱電機グループの建物管理会社。三菱電機ビルテクノサービスの完全子会社で、社名の「菱サ」は三菱電機ビルテクノサービスの旧社名「菱電サービス」の略称。ビル運営管理・マンション管理・リフォームを行っており、2013年3月時点のマンション管理戸数は1万9,063戸（保証委託契約対象物件：1万6,471戸）。"
不動産証券化協会,一般社団法人不動産証券化協会（いっぱんしゃだんほうじん-ふどうさんしょうけんかきょうかい、THE ASSOCIATION FOR REAL ESTATE SECURITIZATION）は、不動産証券化商品の社会的信用確保と投資家保護を活動の目的として設立された公益法人。公益法人制度改革に伴い、2011年4月1日より一般社団法人となる。
不動産中央情報センター,不動産中央情報センター（ふどうさんちゅうおうじょうほうセンター）は、福岡県北九州市に本社を置く不動産会社。
不動産流通経営協会,一般社団法人不動産流通経営協会（いっぱんしゃだんほうじんふどうさんりゅうつうけいえいきょうかい、略称：FRK）は、不動産流通を業務の中心とする住宅・不動産会社を会員とする業界団体。インターネット上で、不動産物件情報専門のホームページ「ホームナビ」を運営している。元国土交通省所管。
富士観光開発,富士観光開発株式会社（ふじかんこうかいはつ）は、山梨県南都留郡富士河口湖町に本社を置く不動産会社。主に富士五湖周辺において不動産開発およびゴルフ場やスキー場などのリゾート開発を手がけているほか、物販や地ビール醸造などの事業も行っている。なお、同じ町内に「富士観光興業」という鳴沢氷穴を管理している会社があるが、こちらは富士急グループの企業であり、富士観光開発とは一切関係がない。
扶桑レクセル,扶桑レクセル株式会社（ふそう - ）は、かつて存在した日本の不動産会社。大京の子会社であったが2009年3月1日に大京に簡易吸収合併された。合併後にエンジニアリング部門は扶桑エンジニアリングに分割され、現在はIHI扶桑エンジニアリングとなっている。
福岡リート,福岡リート投資法人（英: Fukuoka REIT Corporation）は、福岡市博多区にある、投資法人。
福岡地所,福岡地所株式会社（ふくおかじしょ）は福岡県に本社に置き、商業施設の開発、都市開発などを行っている、グループ企業。通称「FJ」
福住_(企業),株式会社福住（ふくじゅう）は、 福岡県福岡市中央区天神に本社を置く不動産会社である。
物産不動産,物産不動産株式会社（ぶっさんふどうさん）は、三井物産グループの不動産会社。
文化放送ブレーン,文化放送ブレーン（ぶんかほうそうブレーン）は、かつて存在した日本の就職情報サービス会社。1990年代には就職情報サービスで業界4位の企業だった。2000年以降、事業再編と社名変更を繰り返し、2006年に不動産会社SBIパートナーズとしてSBIホールディングスと合併し、解散した。
平和不動産,"平和不動産株式会社（へいわふどうさん、英: Heiwa Real Estate Co., Ltd.）は、証券取引所設備の賃貸を軸にする不動産会社。"
別大興産,株式会社別大興産（べつだいこうさん）は、大分県別府市船小路町に本社を置く不動産会社である。
別府鉄道,別府鉄道株式会社（べふてつどう）は、かつて兵庫県西南部で鉄道事業を行っていた会社。1984年に鉄道事業から撤退した後は、タクシーならびに貸切バス事業者として営業を続けた。本社は兵庫県加古川市。鉄道事業は貨物輸送が主体だったが、旅客営業も行っていた。輸送量の減少により、1984年2月1日国鉄ダイヤ改正（操車場の廃止と貨物列車大整理）を機会に、貨物輸送の維持ができなくなり、全線が廃止された。2010年（平成22年）1月、同社から一部の部門が独立する形で、別府タクシーへタクシー事業・派遣事業・運行管理事業を譲渡した。以後、不動産管理会社として存続し、2012年11月30日より多木化学の完全子会社化を予定していたが、中止となった。
宝エステートサービス,宝エステートサービス株式会社（たからエステートサービス）は、愛知県名古屋市熱田区神宮四丁目に本社がある不動産業・不動産仲介業・建設業・ビルメンテナンス・警備業を手掛ける企業であり、宝グループの一員である。
北海道空港,北海道空港株式会社（ほっかいどうくうこう）は、新千歳空港ターミナルビルを所有、管理・運営し、同ターミナル内で物品販売を行う日本の株式会社である。
毎日コムネット,株式会社毎日コムネット（まいにちコムネット）は東京都千代田区に本社を置く不動産会社。学生向け賃貸アパート開発が主軸。
名古屋ステーション開発,名古屋ステーション開発株式会社（なごやステーションかいはつ）は、愛知県名古屋市中村区に本社を置くデベロッパーである。東海旅客鉄道(JR東海)の完全子会社（連結子会社）。
名古屋ビルデイング,"名古屋ビルデイング株式会社（なごやビルデイング、英: Nagoya Building Co., Ltd.）は、愛知県名古屋市中区に本社を置く不動産会社である。不動産の賃貸、コンサルティング、ビル管理等を主な事業としている。ここでは、同社が名古屋駅前に保有する複合ビル「名古屋ビルデイング」についても記述する。"
名鉄不動産,名鉄不動産株式会社（めいてつふどうさん）は、愛知県名古屋市中村区に本社を置く名鉄グループの不動産会社である。
明治地所,明治地所株式会社（めいじじしょ）は、神奈川県南部を中心に不動産の売買・仲介および賃貸借業務を行う日本の不動産会社である。
明豊エンタープライズ,株式会社明豊エンタープライズ（めいほうエンタープライズ）は、東京都目黒区に本社を置く不動産会社。外断熱工法のマンション、シェルゼシリーズを展開している。
明和地所,明和地所株式会社（めいわじしょ）はマンション専門のデベロッパーである。
野村リビングサポート,"野村リビングサポート株式会社（のむらリビングサポート）は、かつて存在した日本のマンション管理会社・不動産会社で、野村不動産グループの一員。2013年9月末現在の管理戸数は127,822戸。2014年4月1日、野村ビルマネジメントと合併、野村不動産パートナーズとなった。"
野村殖産,野村殖産株式会社（のむらしょくさん）は、大阪市中央区に本社を置く不動産業務・農林業務を行う企業。野村徳七により設立された旧野村財閥に属している。
野村不動産アーバンネット,野村不動産アーバンネット株式会社（のむらふどうさんアーバンネット）は、東京都に本社を置く不動産流通会社。
野村不動産パートナーズ,野村不動産パートナーズ株式会社（のむらふどうさんパートナーズ）は、日本の不動産会社、建築物およびマンション管理会社。
野村不動産ホールディングス,野村不動産ホールディングス株式会社（のむらふどうさんホールディングス）は、傘下に野村不動産株式会社などを持つ持株会社。野村ホールディングス系、野村土地建物株式会社の関連会社。
立飛企業,立飛企業株式会社（たちひきぎょう）は、かつて存在した主に不動産賃貸業を営む日本の企業。本社は東京都立川市。前身は航空機メーカーである立川飛行機株式会社であり（1955年に立飛企業へ商号変更）、第二次世界大戦期までは主として帝国陸軍の航空部隊を顧客とする軍用機を製造していた。通称は立川・立飛等。関連会社に新立川航空機株式会社があり、株式を相互持ち合いしていた。2012年4月には持株会社である株式会社立飛ホールディングスが設立され、立飛企業は新立川航空機と共に事業部門別に再編成されている。
両銀不動産,両銀不動産株式会社（りょうぎんふどうさん）は、山形県山形市に本社を置く不動産関連企業。
良和ハウス,株式会社良和ハウス（りょうわハウス）は、広島県広島市に本社を置く、不動産・マンション仲介・賃貸借・管理運営を中心とした不動産業者。広島県内賃貸管理戸数一位。
浪速管理,株式会社浪速管理（なにわかんり）は、大阪市西区に本社を置く、独立系のマンション管理会社である。
和歌山県住宅供給公社,和歌山県住宅供給公社（わかやまけんじゅうたくきょうきゅうこうしゃ）は、和歌山県の地方住宅供給公社。
和田興産,和田興産株式会社（わだこうさん、英: WADAKOHSAN CORPORATION）は、兵庫県神戸市中央区栄町通に本社を置く総合不動産・ディベロッパーである。
