3M,3M Company（スリーエム）は、アメリカ合衆国ミネソタ州セントポール郊外のメープルウッドに本拠地を置く、世界的化学・電気素材メーカーである。この会社の社名は2002年までMinnesota Mining & Manufacturing Co.（ミネソタ・マイニング・アンド・マニュファクチュアリング社）が使用されていたが、その後略称である、3Mを使用した「3M Company」に変更されている。
ADEKA,ADEKA（アデカ）は、古河グループ（古河三水会）の化学工業製品・業務用食品事業を担う化学品メーカー。商標の一つにリス印がある。旧称は旭電化工業株式会社（あさひでんかこうぎょう）。2006年5月1日より現社名に変更した。
AGCマテックス,AGCマテックスは繊維強化プラスチック（FRP）や樹脂製品の製造を行う企業。旭硝子の子会社。
BASFジャパン,BASFジャパン株式会社（ビーエーエスエフジャパン）は、ドイツに本拠を置く世界最大の総合化学メーカー「BASF」の日本法人である。
BOCグループ,BOCグループ (The BOC Group) は、イギリスに本社をおく国際的な工業ガスメーカーである。2006年9月、ドイツのリンデに買収され、現在はリンデグループ傘下である。
DIC_(企業),DIC株式会社（ディーアイシー、英語表記DIC Corporation、略称DIC）は、東京都中央区に本社を置く化学工業メーカー。主力商品はインク。
DOWA_IPクリエイション,"DOWA IPクリエイション 株式会社（どうわあいぴーくりえいしょん、英文社名：DOWA IP Creation Co., Ltd.）は、岡山県岡山市に本社を置く鉄粉の製造を行うDOWAエレクトロニクスの関連会社である。"
DOWAエフテック,"DOWAエフテック 株式会社 （どうわえふてっく、英文社名：DOWA F-Tec Co.,Ltd.）は、岡山県久米郡美咲町に本社を置くフェライト粉の製造を行うDOWAエレクトロニクスの関連会社である。"
DOWAハイテック,"DOWAハイテック 株式会社 （どうわハイテック、英文社名：DOWA HIGHTECH CO.,LTD.）は、埼玉県本庄市に本社を置くケミカル品の製造とめっき加工を行うDOWAエレクトロニクスとDOWAメタルテックの関連会社である。電池材料の製造は世界トップシェアを誇る。"
JNC,JNC株式会社（ジェイエヌシー）は、日本の化学メーカーである。チッソ株式会社の完全子会社。2011年1月12日にチッソの子会社として設立された後、同年3月31日にチッソから事業譲渡を受けて翌4月1日に営業を開始した。チッソによると、JNCには「Japan New Chisso」の意味が込められている。
JNC石油化学,JNC石油化学株式会社（ジェイエヌシーせきゆかがく）は日本の化学メーカー。チッソ株式会社の完全子会社（JNC株式会社を介する間接所有）。
JSR,"JSR株式会社（ジェイエスアール、英: JSR Corporation）は、日本の化学メーカーである。1957年、合成ゴムの国産化を目指して政府および関連民間企業の出資（出資比率は政府40%、民間企業60%）によって設立された国策会社・日本合成ゴム株式会社を前身とする。1969年に完全民営化し、事業の多角化を進める。創立40周年を迎えた1997年、現社名（日本合成ゴム株式会社の英文社名 Japan Synthetic Rubber Co.,Ltd.に由来）に商号変更した。高分子化学分野で培った研究開発力を活かして技術革新を進め、ファインケミカルを第二の収益柱としている。世界トップシェア商品をいくつも生み出しており、信越化学、日東電工と並び、化学業界屈指の高収益企業である。企業理念は""Materials Innovation""。"
KHネオケム,KHネオケム株式会社は、協和酵工業（現・協和発酵キリン）の化学品部門を、化学品製造子会社である協和油化へ統合し、2004年に発足した化学品メーカー。協和酵工業創業以来の事業である、アルコールやエステル、溶剤を強みとする。
MICS化学,"MICS化学株式会社（ミックスかがく、英: MICS Chemical Co., Ltd.）は、愛知県愛知郡東郷町に本社を置く多層チューブフィルムを製造する企業。"
NMソルト,株式会社NMソルト（エムエヌソルト、英文名称NM SALT Corporation.）は、三井物産と南海化学工業により共同出資により設立された、和歌山市に本社を置く製塩メーカーである。
NSファーファ・ジャパン,"NSファーファ・ジャパン株式会社（エヌ・エス・ファーファ・ジャパン-、英称：NS FaFa Japan Co., Ltd.）は、東京都墨田区に本社を置く洗剤、石鹸の製造販売をおこなう企業である。本社名の「NS」は、旧社名であるニッサン石鹸 (Nissan Soap) から由来しており、そこに主力ブランドである「ファーファ」を冠している。"
NUC_(企業),株式会社NUC（エヌユーシー、英文名称NUC Corporation）は、東燃ゼネラル石油グループの化学メーカー。ポリエチレン樹脂の製造を行う。
OATアグリオ,"OATアグリオ株式会社（OAT Agrio Co., Ltd. ）は、東京都千代田区に本社を置く、農薬・肥料などを製造・販売する企業である。自社で開発したベンフラカルブを使用した殺虫剤（商品名オンコル）やシフルメトフェンを使用した殺ダニ剤（商品名ダニサラバ）を主力商品とする。大塚化学から独立した企業だが、分社化の際に大塚グループを離脱しており、現在は同グループとの資本関係はない。"
PSジャパン,PSジャパン株式会社（ピーエスジャパン、英文名称PS Japan Corporation.）は、旭化成ケミカルズと出光興産の共同出資による合成樹脂メーカー。ポリスチレン樹脂の製造・販売を行う。三井化学と住友化学の合弁の日本ポリスチレンが2009年秋に撤退し、日本の汎用ポリスチレン樹脂メーカーはPSジャパンと、東洋スチレン（電気化学工業・新日鉄住金化学・ダイセル3社合弁）、DICの3社に集約された。
SCジョンソン,"SCジョンソンは、アメリカ合衆国の家庭用化成品メーカー。洗剤等を製造販売している。1886年にサミュエル・カーティス・ジョンソン・シニア（Samuel Curtis Johnson, Sr.）が創業。日本法人はジョンソン株式会社。旧社名はジョンソン・ワックス (Johnson Wax) → SCジョンソン・ワックス (SC Johnson Wax)。"
SGLカーボン,SGLカーボン（独：エス・ゲー・エル、英：エス・ジーエル - ・カーボン）は、ドイツに本社を置くSGLグループ傘下の炭素製品の世界最大規模メーカーのことである。
SIサイエンス,SIサイエンス株式会社は、埼玉県北葛飾郡杉戸町に本社を構える、各種安定同位体標識試薬を製造販売し、それらを用いた受託分析業務も行う日本の企業である。元素分析装置とそれらの消耗品類も製造販売している。日本で唯一の重窒素濃縮メーカーとして重窒素を製造している。
TSテクノロジー,株式会社 Transition State Technology（英：Transition State Technology Company Limited）は、山口県宇部市に本社を置く企業。略称は「TSテクノロジー」または「TSTCL」。研究開発（化学合成分野）の受託を行う。
UMG_ABS,UMG ABS株式会社（ユーエムジー・エービーエス）は、東京都中央区に本社を置く化学メーカー。宇部興産、三菱レイヨン、ゼネラル・エレクトリック (GE) が出資する合弁会社であり、ABS樹脂の生産、販売を行なっている。
UPGホールディングス,株式会社UPGホールディングスは、千葉県野田市に本社を置く産業用塗料を製造販売を行う企業。
アース製薬,"アース製薬株式会社（アースせいやく、Earth Chemical Co., Ltd.）は、東京都千代田区に本社を置く、殺虫剤など衛生薬品の製造・販売をおこなう日本の日用品製造メーカーである。大日本除虫菊（金鳥）、フマキラー、エステー、小林製薬と共に日本を代表する日用品メーカーの一つである。"
アイアイメディカル,アイアイメディカル株式会社（英: AIAI Medical Inc.）は、岡山県赤磐市に本社を置く化粧品メーカーである。ニキビ予防石鹸などの製造販売を行う。
アイカ工業,"アイカ工業株式会社（アイカこうぎょう、英: Aica Kogyo Company, Limited）は、愛知県清須市に本社を置く化粧板などの住宅関連用品・接着剤を製造、販売している企業である。"
アイビー化粧品,株式会社アイビー化粧品（あいびーけいしょうひん、IVY Cosmetics Corporation ）は、東京都港区に本社を置く化粧品、美容補助商品、化粧雑貨品等を中心とした製造及び販売する企業である。
アキレス_(化学工業),アキレス株式会社は、ゴム・プラスチックなどの素材を開発・製造する会社。社名と同じブランド名でゴムボートや靴を製造・販売しており、一般消費者にはそちらでのなじみが深い。
アクゾノーベル,アクゾノーベル（オランダ語名称Akzo Nobel N.V.）は、オランダに本社のある化学メーカー。本項では日本法人のアクゾノーベル株式会社についても述べる。
アグロ_カネショウ,アグロ カネショウ株式会社は、東京都港区に本社を置く農薬会社。提携先である三井物産が同社株式を1割超保有している。
アサヒペン,株式会社 アサヒペン（Asahipen Corp.）は、大阪府大阪市鶴見区と東京都江東区に本社を置く塗料や各種製品の輸入・製造ならびに販売をおこなう企業である。コーポレート・スローガンは「住まいをまもり、暮らしをまもる。」。
アステックペイントジャパン,株式会社アステックペイントジャパン（あすてっくぺいんとじゃぱん、ASTEC PAINTS JAPAN INC.）は福岡県糟屋郡志免町に本社をおく塗料の輸入・製造加工・販売をおこなう企業である。2014年より自社工場での国内生産を開始した。
アテナ工業,"アテナ工業株式会社（アテナこうぎょう、Athena Kogyo Co., Ltd. ）は、岐阜県関市に本社を置くカップラーメンや弁当など食品を中心とした容器を製造・販売する企業である。"
アテニア,株式会社アテニア（英: Attenir Corporation）は、横浜市栄区に本社を置く、化粧品・健康食品の製造および販売を行う企業。ファンケルグループの一員である。
アトムサポート,アトムサポートは、東京都板橋区に本社を置く塗料メーカーである。テンプレート:基礎情報会社
アモーレパシフィック,アモーレパシフィックは、大韓民国最大の化粧品メーカー。
アルテコ,株式会社アルテコは、大阪府茨木市に本社を置く接着剤の製造業。
アルビオン_(企業),"株式会社アルビオン（ALBION Co.,Ltd）は、東京都中央区銀座に本社を置く大手化粧品メーカーである。コーセーの系列関連会社。高級化粧品を主とする化粧品メーカーの中では、国内大手に位置している。主な販路は化粧品専門店・百貨店。"
アルボース,株式会社 アルボース（ARBOS corporation.）は大阪府大阪市中央区備後町に本社を置く業務用洗剤の製造販売をおこなう企業である。
アロン化成,アロン化成株式会社（アロンかせい）は、東京都品川区に本社を置く合成樹脂の製造業者。東亞合成の子会社。
イオン化粧品,"イオン化粧品株式会社 (英語: ION COSMETICS Co., Ltd.) は、大阪府大阪狭山市に本社を置く化粧品メーカーである。"
イサム塗料,イサム塗料株式会社（イサムとりょう）は大阪府大阪市福島区鷺洲に本社を置く塗料メーカーである。1927年創業。
イノアックコーポレーション,株式会社イノアックコーポレーション（Inoac Corporation）は、愛知県名古屋市中村区と東京都品川区に本社を置く高分子化学製品メーカーである。
イハラケミカル工業,イハラケミカル工業株式会社（ - こうぎょう）は、JA系列の農薬の製造・販売を行う企業である。
イプサ,イプサ（IPSA）は、1986年に資生堂の子会社として設立された化粧品のブランド。東京・赤坂に本社を置く。資生堂が開発し、別会社を設立して販売しているブランドには、このほかにアユーラ、ディシラ、エテュセなどがあり、かつては「アウト・オブ・シセイドー」と呼ばれていたが、2010年から「ノンエス（資生堂）」と呼ばれる。
インターナショナル・フレバー・アンド・フレグランス,インターナショナル・フレーバー・アンド・フレグランス（IFF、Internarional Flavors and Fragrances）はニューヨークに本社を置く大手香料メーカー。食品用香料（フレーバー）と香粧品用香料（フレグランス）の取扱いをしている。世界31カ国に進出している多国籍企業で、市場シェアはジボダン、フィルメニッヒに次ぐ3番目である。株価指数のS&P 500に含まれる一社である。
ヴイテック,ヴイテック株式会社（英文名称V-Tech Corporation）は、かつて塩化ビニル樹脂、塩ビモノマーおよび苛性ソーダなどの電解製品の製造を行っていた企業。三菱化学と東亞合成の合弁により設立された。塩化ビニル樹脂の販売量は日本国内第5位であった。
ウテナ,株式会社ウテナ（UTENA）は、東京都世田谷区に本社を置く化粧品、ヘアケア商品を製造、販売する化粧品メーカーである。
エア・ウォーター,エア・ウォーター株式会社（英: AIR WATER INC.）は、本店を札幌市中央区に、本社を大阪市中央区に置く、総合ガス企業で、2000年（平成12年）4月に大同ほくさんと共同酸素が合併し誕生した。大陽日酸、日本エア・リキードと並び、日本での3大産業ガスメーカーの一つである。大同ほくさんは本来、元・外資系（エアプロダクツ・グループ）、一方の共同酸素は元・住友金属・住友系であった。
エイボン・プロダクツ,"エイボン・プロダクツは、アメリカ合衆国に本拠を置く化粧品の製造販売を行っている企業。エイボン・プロダクツ インコーポレイテッド（Avon Products, Inc.）はニューヨーク証券取引所に上場している（NYSE: AVP）。1886年、ニューヨークのチェンバース・ストリート126番地でデビッド・H・マコーネルが創設した。"
エクセルシャノン,株式会社エクセルシャノン（英称 EXCEL SHANON Corporation.）はトクヤマの連結子会社で、塩化ビニル樹脂製サッシをはじめとする建材の製造を行う。
エスケー化研,エスケー化研株式会社（エスケーかけん）は、大阪府茨木市に本社を置く建築用塗料ならびに建材の製造販売をおこなう企業である。1955年創業。
エステー,エステー株式会社（英: S. T. Corporation）は、日本の日用雑貨メーカー。主に家庭向け消臭剤、防虫剤、除湿剤、冷蔵庫脱臭剤などを販売している。本社所在地は東京都新宿区下落合。2007年8月1日にエステー化学（エステーかがく）から社名を変更した。
エテュセ,エテュセ (ettusais) は、化粧品などを販売する日本の株式会社であり、資生堂グループ会社。同社が販売する化粧品のブランド名でもある。ettusaisというブランド名は、フランスの若い女性の間で使われる「et tu sais?（ね、ね、知ってる？）」という意味の話し言葉を由来としている。
エフピコ,株式会社エフピコ（英: FP Corporation）は、広島県福山市に本社を置く食品容器の製造・販売等の会社である。
エム・アイ化粧品,"エム・アイ化粧品株式会社（エム・アイけしょうひん、英: MI COSMETICS CO.,LTD.）は、愛知県名古屋市に本社を置く化粧品メーカーである。"
エムシー・ファーティコム,エムシー・ファーティコム株式会社は、東京都千代田区に本社を置く肥料メーカーである。肥料開発、技術普及、化成品販売、および輸出・原料販売を主な事業内容とする。社名はMitsubishi Corporation（三菱商事）、Fertilizer（肥料）、Communication（コミュニケーション）からなる造語である。
オーシカ,株式会社オーシカは、東京都板橋区に本社を置き、接着剤、工業薬品、合板、木材加工品などの製造販売を行っている企業である。
オッペン化粧品,オッペン化粧品株式会社（オッペンけしょうひん）は大阪府吹田市岸部南に本社を置く、化粧品（スキンケア・メークアップ・ヘア＆ボディケア）・健康食品などの製造・販売をおこなう企業である。
オフテクス,株式会社 オフテクス（OPHTECS Corporation.）は兵庫県神戸市中央区港島南町に本社を置くコンタクトレンズケア用品メーカーである。1981年創業。
オリヂナル,オリヂナル株式会社は、東京都江東区毛利に本社を置く、ハンドクリームを中心とする化粧品、医薬部外品の製造・販売をおこなう企業である。ハンドクリーム「ももの花」の発売元であると共に、口中香剤「カオール」など息の長いロングセラー製品を多数持つ。また日本初の香水「オリヂナル香水」を発売したことでもその名を知られる。
カーリットホールディングス,"カーリットホールディングス株式会社（英語表記 Carlit Holdings Co., Ltd.）は、日本カーリット株式会社などを傘下に持つ持株会社。東京証券取引所市場第1部に上場しており、証券コードは4275。日本カーリット株式会社（にほんカーリット-、英語表記 Japan Carlit Co.,Ltd.）は、日本の製造業者で電気系化学品、電子材料等の製造および販売をおこなう企業。 紙パルプ向けの漂白剤などの電気系化学品の製造をはじめ、自動車等に搭載される発炎筒や産業用の爆破材料、プリンタ用材料やPDP用光機能材料、液晶パネル等向けのイオン導電材料、燃料電池向けコンデンサ、半導体、無機材料などの製造を手がける。また、導電性高分子アルミ固体コンデンサ、光触媒材料の開発でも成果をあげている。近年では、子会社のジェーシーボトリング株式会社によりボトリング事業にも進出し、伊藤園からの受注を拡大させている。"
カシュー_(企業),カシュー株式会社は、埼玉県さいたま市北区に本社を置く塗料メーカーである。1950年に同社が発明し、カシュー・ナットにちなんで名付けられた漆系合成樹脂塗料『カシュー』などを製造している。
カネカ,株式会社 カネカ（英称:Kaneka Corporation）は、大阪府大阪市北区中之島と東京都港区赤坂に本社を置く日本の化学メーカーである。
カネボウ_(1887-2008),"カネボウ株式会社（英文社名：Kanebo, Ltd.）は、かつて繊維・化粧品・食品・薬品・日用品などの事業を展開していた日本の会社。2007年6月30日に解散決議をし、同時に清算会社として海岸ベルマネジメント株式会社（かいがんベルマネジメント）に商号変更。2008年11月11日、トリニティ・インベストメント株式会社に清算目的で吸収合併されて消滅した。"
カネボウ化粧品,"株式会社カネボウ化粧品（カネボウけしょうひん、英語：Kanebo Cosmetics Inc.）は、日本に本社を持つ化粧品会社のひとつ。旧カネボウ株式会社から化粧品事業を切り離して2004年（平成16年）5月に発足した会社。現在は東京証券取引所1部上場の花王株式会社の完全子会社。カネボウ化粧品の2004年度の日本国内の化粧品出荷高は181,554百万円（つまりおよそ1816億円）。 シェアに関しては7.9%であり、それは資生堂（1位）、花王（2位）に次ぐものであった 。"
カネヨ石鹸,カネヨ石鹸株式会社（カネヨせっけん）は東京都荒川区東尾久に拠点を置く日本の家庭用や業務用の洗剤メーカーである。
カモ井加工紙,カモ井加工紙（かもいかこうし）は、岡山県倉敷市片島町に本社を置く粘着テープ等の製造を行う企業である。
クノー工業,クノー工業株式会社（クノーこうぎょう、Kunoh Ltd. ）は、かつて東京都品川区西五反田に本社を置いていた自動二輪用ヘルメット・シールド・ゴーグルなどを製造販売していた企業である。
クボタシーアイ,"クボタシーアイ株式会社（英称：Kubota-C.I.Co,Ltd. 、略称：KC）は、塩ビ管・継手をはじめとするプラスチック管材の製造・販売を手がける日本の会社。クボタとシーアイ化成が出資している会社である。本社所在地は大阪府大阪市浪速区。但し登記上の本店は大阪府堺市西区石津西町14-2である。"
クミアイ化学工業,"クミアイ化学工業株式会社（クミアイかがくこうぎょう、英: Kumiai Chemical Industry Co., Ltd.）は、JA系列の農薬専業の化学薬品メーカー。本社所在地は東京都台東区池之端一丁目4番26号。東京証券取引所市場第一部上場（証券コード:4996）。"
クムホタイヤ,クムホタイヤ（Kumho Tire 、錦湖（クムホ/きんこ）タイヤ、）は韓国のタイヤメーカーである。社長はキム・チャンギュ。
グラクソ・スミスクライン,"グラクソ・スミスクライン（GlaxoSmithKline, LSE: GSK NYSE: GSK）は、イギリスに本社を置く世界第6位(2012,2013,2014年)(2009年は第4位）の売上と規模を誇るグローバル製薬企業。日本では、グラクソ・スミスクライン株式会社（GlaxoSmithKline K.K.）が現地法人として置かれている。略称はGSK。"
クラシエホームプロダクツ,"クラシエホームプロダクツ株式会社（英: Kracie Home Products, Ltd.）は、クラシエホールディングスのトイレタリー部門における商品の開発、製造、販売を行う子会社。"
クラシエホールディングス,"クラシエホールディングス株式会社（英: Kracie Holdings, Ltd.）とは、東京都港区に本社を置き、傘下にて日用品、医薬品（漢方薬）、食品などの事業を行う持株会社である。2007年7月1日にカネボウ・トリニティ・ホールディングスより社名変更した。会長はホーユー社長の水野真紀夫である。現在はホーユーの完全子会社となったため、中間持株会社となっている。"
グラシム・インダストリーズ,グラシム・インダストリーズ（英語：Grasim Industries Limited）は、インドのマハーラーシュトラ州ムンバイに本社を置くセメントおよび繊維製造会社。
クラスターテクノロジー,クラスターテクノロジー株式会社は、複合材料・精密成形品・ナノテク関連製品などの研究開発・製造・販売を行う日本の企業である。
クラブコスメチックス,株式会社クラブコスメチックスは、大阪市に本拠を置く化粧品メーカーである。「クラブ洗粉」を発売した中山太陽堂（なかやまたいようどう）を前身とする。
クラレ,"株式会社 クラレ（英: KURARAY CO.,LTD）は、化学、繊維をはじめとする日本の化学企業グループである。創業の地である岡山県倉敷市酒津の倉敷事業所に本店を置くが、実質的な本社機能は東京都千代田区大手町一丁目1番3号（大手センタービル）の東京本社、及び大阪府大阪市北区角田町8番1号（梅田阪急ビル　オフィスタワー）の大阪本社にある。"
クレハ,株式会社クレハ（英: KUREHA CORPORATION）は、家庭用品、工業化学品、合成樹脂、医薬品、農薬などを中心とする中堅化学メーカー。福島県いわき市に主力工場を有する。「クレラップ」などの家庭用品部門が特に有名。かつては抗がん剤「クレスチン」（第一三共との共同販売）の売上げも大きかった。
コーセー,株式会社コーセー（英称：KOS Corporation）は、主に化粧品の製造、販売を行う日本の企業である。
コープケミカル,"コープケミカル株式会社（英文名称Co-op Chemical Co.,Ltd.）は、東日本地区を地盤とする肥料メーカー。リン酸系化学肥料を主力とするほか、鉱物系の新素材も製造している。JA全農系であるが、三菱マテリアルや三菱ガス化学、三菱レイヨンなども出資しており、三菱グループとの繋がりも強い。"
コタ,コタ株式会社は、京都府久世郡久御山町に本社を置くシャンプー、リンス、整髪料などの美容室向け頭髪用化粧品を製造販売する企業。
コニシ,"コニシ株式会社（Konishi Co., Ltd.）は、大阪府大阪市中央区道修町と東京都千代田区神田錦町に本社を置く接着剤の製造販売をおこなう企業である。みどり会の会員企業である。"
ザ・ボディショップ,ザ・ボディショップ (The Body Shop) は、イギリスウェスト・サセックス州リトルハンプトン(en:Littlehampton)に本社を置く化粧品メーカーである。2006年には、ロレアルに買収された。なお、日本における製品の販売は、イオンが出資するイオンフォレストがヘッドフランチャイジーとして行っており、1990年に日本第1号店が東京都渋谷区神宮前に「表参道店」として出店された。
サカタインクス,サカタインクス株式会社は、大阪市西区に本社を置く日本の化学メーカー。
サロン_ド_フルベール,株式会社サロン ド フルベール（英: SALON DE FLOUVEIL Corporation）は、大阪市西区西本町に本社を置いていた、訪問販売制の宅配用化粧品・医薬部外品・健康食品を扱う企業である。 シンボルマークは「メビウス」。
サンアロマー,サンアロマー株式会社（英文名称SunAllomer Ltd.）は、ポリプロピレン樹脂の製造・加工・販売を行う化学メーカー。バセル・インターナショナル・ホールディングズ (50%) とエスディーケイ・サンライズ投資 (50%) の合弁会社。エスディーケイ・サンライズ投資は、昭和電工 (65%) と JX日鉱日石エネルギー (35%) の合弁会社である。実質的にライオンデルバセルと昭和電工、 JX日鉱日石エネルギーの合弁事業であると言える。
サンエー化研,"株式会社サンエー化研（さんえーかけん、Sun A.Kaken Co., Ltd.）は、プラスチック複合加工製品メーカー。1942年（昭和17年）設立。"
サンケイ化学,"サンケイ化学株式会社（サンケイかがく、英: SANKEI CHEMICAL CO., LTD.）は、鹿児島県鹿児島市に本社を置き、農薬類の製造を専業とする化学会社である。福岡証券取引所単独上場銘柄のひとつである（証券コードは4995）。"
サンスター,サンスター株式会社（Sunstar Inc.）は、日用品・トイレタリー用品メーカーである。本社は大阪府高槻市に所在。みどり会の会員企業である。かつては、大阪証券取引所に上場していた。
サンデーペイント,"サンデーペイント株式会社（英称：SUNDAY PAINT CO.,LTD.）は、大阪市此花区に本社を置く、家庭用塗料の製造販売をおこなう企業である。"
サンノプコ,サンノプコは、京都府京都市に本社を置く三洋化成工業株式会社直系の化学メーカーである。
シーアイ化成,"シーアイ化成株式会社（シーアイかせい、英文社名:C.I.Kasei CO.,LTD.）は、伊藤忠グループの農業用フィルム、化粧シート、包装用収縮フィルムのメーカーである。"
シーケム,"株式会社シーケム（英文社名 C-Chem Co., Ltd.）は、コールタール製品を製造する化学メーカーである。"
シーピー化成,シーピー化成株式会社（シーピーかせい）は、岡山県井原市にある食品用トレー・食品包装資材を製造する企業。1999年（平成11年）にISO9002を取得。2002年（平成14年）にISO9001:2000へ移行。
シーボン,株式会社 シーボンは、神奈川県川崎市に本社を置く、化粧品の研究開発・製造・販売を行う日本の企業である。
ジーンフロンティア,ジーンフロンティア (Genefrontier) とは、投資育成ベンチャーのITXと臨床検査のBML、情報システム構築のインフォコムの3社で立ち上げたバイオベンチャーで、2003年2月14日に設立。2010年10月13日、カネカの関連子会社となった。本社は千葉県柏市にある。いくつかの柱となるテーマを持つことで、従来のバイオベンチャーとは異なる発展を遂げようとしている。
ジェイ・プラス,株式会社ジェイ・プラスは、東京都千代田区に本社を置く化学メーカー。協和醗酵工業（現・協和発酵キリン）と三菱化学 の合弁会社として発足、可塑剤（かそざい）の開発、製造、販売を行っている。国内トップシェアを占め、代表的な可塑剤であるフタル酸エステルでは国内3か所に生産拠点を持つほか、特殊可塑剤も有する、総合可塑剤メーカー。
ジェクス_(企業),"ジェクス株式会社（JEX Co.,Ltd.）は大阪府大阪市中央区谷町に本社を置く、コンドームやベビー用品などの衛生・生活用品を主とした医療品を扱う総合医療品企業である。"
シグマ_アルドリッチ_ジャパン,"シグマ アルドリッチ ジャパン株式会社(Sigma-Aldrich Japan K.K.)は、東京都品川区に本社を置く試薬の製造販売メーカー。シグマ アルドリッチ（Sigma-Aldrich Co.,）の日本法人である。"
ジャパンモーターサービス_(さいたま市),株式会社ジャパンモーターサービスは、埼玉県さいたま市南区に本社を置く、日本の化学メーカーである。
シャボン玉石けん,シャボン玉石けん株式会社（シャボンだませっけん）は、福岡県北九州市若松区南二島に本社を置く、無添加石鹸の製造をおこなうメーカーである。
シャンソン化粧品,株式会社シャンソン化粧品（シャンソンけしょうひん）は、静岡県静岡市駿河区に本社を置く、日本の化粧品、健康食品メーカーである。化粧品は主に訪問販売、及び美容室での対面販売に重点を置いている。また、エステティックサロンの経営、宝飾品の販売も行っている。以前はテレビCMも放送されていたが、近年は全国はもちろん、静岡県内でもほとんど放送されていない。従って男性やその会社に携わることのない人にとっては、その「会社所有の女子バスケットボールチームの活躍によって」名前を知るに過ぎない。また、一般的にアサヒ飲料の商品として認識されている「十六茶」は、元々はシャンソン化粧品が開発したもので、アサヒ飲料はシャンソン化粧品との業務提携によって製造販売している。
シュアラスター,シュアラスター株式会社（SurLuster K.K.）は、東京都港区西新橋に本社を置く自動車ワックスのメーカーである。
シュワルツコフヘンケル,シュワルツコフ ヘンケル株式会社（Schwarzkopf & Henkel K.K.）は、ドイツのヘンケルグループに属する日本の化粧品会社である。本社は東京都品川区東品川（天王洲アイル）に所在。旧社名は山発産業（やまはつさんぎょう）株式会社。
ジョルジオ_アルマーニ_コスメティックス,ジョルジオ アルマーニ コスメティックス（Giorgio Armani Cosmetics）は、イタリアのファッションブランド・アルマーニが展開する化粧品・香水事業部門で、ロレアルグループに属する。1980年代初期に、香水ラインの展開をスタートした際に、ロレアル（元ヘレナ・ルビンスタイン）とライセンス契約を締結して誕生した。
ジョンソン_(企業),"ジョンソン株式会社（英: Johnson Company, Limited）は、主に家庭用洗剤を製造、販売する化学メーカー。アメリカのSCジョンソン社の日本法人である。本社は神奈川県横浜市西区。ちなみに、アメリカ合衆国の製薬、医療機器その他のヘルスケア関連製品を取り扱う多国籍企業である『ジョンソン・エンド・ジョンソン』とは関係ない。"
シンロイヒ,"シンロイヒ株式会社（英文商号：SINLOIHI CO., LTD.）は神奈川県鎌倉市に本社を置く、日本国内最大手の有機蛍光顔料メーカー。"
スガイ化学工業,スガイ化学工業株式会社（スガイかがくこうぎょう）は、和歌山県和歌山市に本社を置く農薬・医薬品の中間物などを製造・販売するメーカーである。
スギムラ化学工業,"スギムラ化学工業株式会社（英: SUGIMURA Chemical Industrial Co.,Ltd.）は、愛知県名古屋市中区に本社を置く特殊化学製品メーカー。"
ステラ_ケミファ,ステラ ケミファ株式会社は大阪府大阪市中央区淡路町に本社を置く、高純度薬品を製造販売する化学メーカーである。
スパイバー,Spiber（スパイバー）は、山形県鶴岡市に本社を置く繊維企業。
スミザーズオアシス,スミザーズオアシス（Smithers-Oasis）社はアメリカオハイオ州に本社を置き、世界各地に支社（現地法人を含む）を有する企業である。日本には現地法人であるスミザーズオアシス・ジャパン株式会社（東京都・中野区）が設けられており、活発な営業活動と製品開発が行われている。主要製品はフローラルフォームで、商品名オアシス (OASIS) は一般名詞化しつつある。フローラルフォームは、吸水性の高い多孔質のスポンジで、花屋やフラワーデザイナーが花を固定する土台や、農業の育苗用培地などに用いる。会社は、オアシスの開発により、1954年に設立された。オアシスは主に発泡体合成樹脂を原料とし、セル構造と発泡技術により、その品質を大きく左右するが、スミザーズオアシス社は創業以来50年に渡り、大学の研究室や研究機関との協力の下に研究を重ねており、品質の向上と自然環境保護の立場から、芸術と科学の両面より取り組んでいる。
スモカ歯磨,スモカ歯磨株式会社（スモカはみがき）は、大阪府大阪市西淀川区御幣島に本社を置く、歯磨剤・歯ブラシなどのオーラルケア用品を中心にトイレタリー用品を製造販売している企業である。創業から今日まで販売され続けているタバコのヤニ取り歯磨「スモカ歯磨」の販売元であり、戦前に同製品の広告文案を手掛け、広告の鬼才と謳われた片岡敏郎による広告でその名を知る者も多い。
スリーエム_ジャパン,スリーエム ジャパン株式会社（スリーエム ジャパン、英称：3M Japan Limited）は、米国3M社が100%出資する化学・電気関連のメーカー。主に3Mの製品の販売を行っている。旧社名、住友スリーエム株式会社（英称：Sumitomo 3M Limited）。現在の企業スローガンは、「わくわくをみんなでカタチに」。
セブンツーセブン,"株式会社 セブンツーセブン（Seven Two Seven Co.,Ltd.）は、大阪府大阪市中央区に本社を置く化粧品メーカーである。"
セメダイン,"セメダイン株式会社 (Cemedine Co., Ltd.) は、接着剤のメーカー。同社のブランド名でもある。"
セントラル硝子,"セントラル硝子株式会社（セントラルがらす、英: Central Glass Co., Ltd.）は、 東京都千代田区に本社があるガラス製品・化学品を製造する日本の企業。設立の経緯から証券区分は化学になっている。"
ソーマ化粧品,"ソーマ化粧品株式会社（SOMA COSMETIC Co.,LTD.）は、大阪府大阪市中央区に本社を置く化粧品販売会社である。1933年創業。"
ソシエダード・キミカ・イ・ミネラ・デ・チリ,ソシエダード・キミカ・イ・ミネラ・デ・チリ（直訳すればチリ鉱業化学会社、Sociedad Qumica y Minera de Chile、SQM）は、チリ・サンティアゴに本社を置く化学メーカーである。チリを代表する化学メーカーであり、ヨウ素やリチウムの生産を行っている。SQMが生産している化学製品の原料の多くが、アタカマ砂漠によって産出されている。
タイガースポリマー,タイガースポリマー株式会社（Tigers Polymer Corporation）は、大阪府豊中市に本社を構える自動車部品、ゴムシート、樹脂ホース製造を手掛ける企業。家電用ホースはシェア6割。自動車用吸気系部品分野では本田技研工業に部品を供給している。社名の「タイガース」は、創業が寅年（1938年、昭和13年）であることに由来する。
ダイキアクシス,ダイキアクシス株式会社は、愛媛県松山市に本社をもつ、浄化槽等の各種排水処理装置の総合プラントメーカー。
ダイセル,株式会社 ダイセル（Daicel Corporation.）は、大阪市北区大深町と東京都港区港南に本社を置く日本の大手化学品メーカーである。
ダイセルファインケム,ダイセルファインケム株式会社は、株式会社ダイセル（旧・ダイセル化学工業株式会社）傘下で化学製品を製造・販売する企業である。株式会社ダイセルの完全出資子会社。本社は東京都中央区。
ダイゾー,"株式会社ダイゾー（英語: Daizo Corporation）は、日本の化学メーカー。旧社名は株式会社大阪造船所（おおさかぞうせんじょ、英語: Osaka Shipbuilding Co.,Ltd.）。かつては造船業を展開していた。"
ダイトーケミックス,ダイトーケミックス株式会社は、大阪市鶴見区に本社をおく、半導体・医療・写真用などの感光性材料製造会社である。
ダイヤケミカル,"株式会社ダイヤケミカル（Dia Chemical Co.,Ltd.）は、大阪府豊中市に本社を置く、自動車用芳香剤や一般化学用品の製造販売をおこなう企業である。1962年創業。"
タカギセイコー,株式会社タカギセイコーは、富山県高岡市に本社を置く自動車などのプラスチック製品およびその金型などを製造、販売する企業である。
タカラバイオ,タカラバイオ株式会社は、滋賀県草津市に本社を置く、宝ホールディングス傘下のバイオテクノロジー関連の研究開発型企業である。遺伝子工学技術を中心としたバイオテクノロジーに強みがある。バイオ研究用試薬の製造販売、研究受託サービス、健康食品・キノコの製造販売を行っている。
タキロン,"タキロン株式会社（Takiron Co., Ltd.）は大阪府大阪市北区梅田のノースゲートビルディングに本社を置く合成樹脂製品の製造・加工・販売をおこなう企業である。1919年創業。コーポレート・スローガンは「暮らしと環境を考えるプラスチック技術」。"
ダリヤ,株式会社 ダリヤ（英: DARIYA CORPORATION）は、愛知県名古屋市中区丸の内三丁目に本社を置く、主にヘアカラーなどを製造、販売するトイレタリーメーカーである。社名は創業時にヒットした製品「ミスダリヤポマード」に因むものである。
チタン工業,"チタン工業株式会社（チタンこうぎょう、英: Titan Kogyo, Ltd.）は、山口県宇部市に本社を置く酸化チタン、酸化鉄を製造する企業。"
チッソ,チッソ株式会社 (CHISSO CORPORATION) は、水俣病の補償業務を専業とする日本の企業である。元来は化学工業メーカーであったが、2011年3月31日をもって事業部門を中核子会社のJNCに移管した。登記上の本店を大阪市北区中之島 に、本社を東京都千代田区大手町に置く。戦後の高度成長期に、水俣病を引き起こしたことで知られる。旭化成、積水化学工業、積水ハウス、信越化学工業、センコー、日本ガスなどの母体企業でもある。主な子会社・関連会社として、JNC、JNC石油化学（旧：チッソ石油化学）（事業所：千葉県市原市）、九州化学工業（工場：福岡県北九州市）、JNCファイバーズ（旧：チッソポリプロ繊維・事業所：滋賀県守山市）や、ポリプロピレン事業合弁会社の日本ポリプロなどがある。また、日本国内の合弁相手に吉野石膏や同社と同根である旭化成がある。
ちふれ化粧品,株式会社ちふれ化粧品（ちふれけしょうひん）は日本の化粧品メーカーである。本社は埼玉県川越市芳野台2-8-59。「ちふれ」は地婦連（全国地域婦人団体連絡協議会）に由来する。
テイカ,テイカ株式会社は、大阪府大阪市に本社を置く化学メーカーである。東証1部上場企業。
デクセリアルズ,デクセリアルズ株式会社は、粘着テープ、接着剤などを製造する日本の企業である。かつてはソニーグループの一員であったが、2012年（平成24年）9月に日本政策投資銀行とユニゾン・キャピタルグループの投資ファンドとが出資する持株会社に売却された。2015年（平成27年）7月、東証1部に再上場を果たした。
テクノポリマー,テクノポリマー株式会社は、東京都港区に本社を置く日本の化学メーカー。現在、合成ゴム大手のJSR株式会社の100%子会社として、ABS樹脂を中心とした各種スチレン系樹脂を製造している。
デュポン,デュポン（Du Pont）は、アメリカ合衆国の化学会社。規模は世界第3位・アメリカで第2位（世界最大はBASF）。なおアメリカ国内では英語読みで「デュポント」と発音される。正式社名はE. I. du Pont de Nemours and Company （イー・アイ・デュポン・ド・ヌムール・アンド・カンパニー）で、本社はデラウェア州ウィルミントン市に存在する。創業は1802年。資本金は111億3600万USドル。創業者はフランス出身のユグノーでエミグレ（フランス革命後に国外へ逃亡した人々）であるエルテール・イレネー・デュポン (1771-1834) 。メロン財閥、ロックフェラー財閥と並ぶアメリカの三大財閥と称されることもある。Safety（安全）、Health（健康）、Environment（環境）、Ethics（企業倫理）を企業理念としている。
テラボウ,テラボウ株式会社は、大阪府貝塚市に本社を置く合成樹脂加工会社である。ユニチカの完全子会社。2013年（平成25年）6月までの社名は寺田紡績株式会社（てらだぼうせき）であったが、紡績事業からは1995年（平成7年）にすでに撤退、その後は合成樹脂加工事業を行っている。津田川河口付近には大正時代に建てられたレンガ造りの工場が残り（地図）、映画『岸和田少年愚連隊』（1996年）のロケーション撮影に使用された。
トウペ,株式会社トウペ（英称：TOHPE CORPORATION）は、大阪府堺市西区に本社を置く塗料メーカーである。日本ゼオン株式会社の完全子会社。旧社名は東亜ペイント。製品・事業に、塗料（各種合成樹脂塗料・ラッカー類・水系塗料・油性塗料・シンナー類）、接着剤、合成樹脂加工剤、合成ゴムの製造販売、塗料関連設備・機器類の販売、建物外装塗装工事請負がある。産業向け塗料が主力で、路面標示材は高シェア。販売会社のトウペ販売などを有しトウペグループを構成している。
ドクターシーラボ,"株式会社ドクターシーラボ（英: Dr. Ci:Labo Co., Ltd.）は、日本の化粧品会社。「アクアコラーゲン」を主成分とした基礎化粧品を中心として健康食品・美容機器等を取り扱っている。「シーラボ」の名称は、本化粧品の開発に主関与したシロノクリニック・Sea（海）・ビタミンC・コラーゲン（Collagen）にちなんでいる"
トクヤマ,株式会社トクヤマ（英: Tokuyama Corporation）は、日本の大手総合化学工業メーカー。登記上の本店（徳山製造所）を創業地である山口県周南市（旧徳山市）御影町に置く。また東京都千代田区に東京本部を設置する。さらに開発・製造拠点として山口県周南市と茨城県神栖市に工場を、茨城県つくば市に研究所を持つ。みどり会（UFJグループ）の会員企業である。2015年3月期決算では、マレーシアの多結晶シリコン工場で半導体向け製品の生産開始のめどが立たないとして、748億円の減損処理を実施したほか、連結で653億49百万円の過去最大の赤字を計上した。これに伴い当時の社長が引責辞任したほか、東京本部の規模を半数に縮小し、徳山製造所などに移転するなどの経営改革を行うと発表している。
トリケミカル研究所,株式会社トリケミカル研究所（トリケミカルけんきゅうしょ）は、山梨県上野原市に本社を置く臭化水素などの半導体用高純度化学材料の研究開発・製造・販売を行う企業である。
ドレンシー,"ドレンシー 株式会社 （どれんしー、英文社名：Dorency Co.,Ltd.）は、岡山県浅口市に本社を置く食品鮮度保持材の製造・販売を行う会社である。"
ナイカイ塩業,ナイカイ塩業 株式会社は、岡山県倉敷市に本社を置く日本の塩の製造・販売を行う会社。化学工学会特別会員企業。
ナガオ_(岡山県),"ナガオ 株式会社 （ながお、英文社名：Nagao Co.,Ltd.）は、岡山県岡山市に本社を置く、硫化ソーダの製造を行う会社である。"
ナチュラ,ナチュラ（Natura）、正式名称ナチュラ・コスメティコス（Natura Cosmticos S/A）は、ブラジルを代表する化粧品メーカーである。1969年に創業し、2004年に、サンパウロ証券取引所に上場した。1974年に、直接販売をセールス・モデルに採用した。2008年には80万人以上の「コンサルタント」がアルゼンチン、ブラジル、チリ、コロンビア、フランス、メキシコ、ペルーにいる。2006年にはエイボン社の売上高を抜いた。それ以来、ナチュラは、自然派化粧品を標榜している。製品には天然由来の素材を使用しており、環境保護にも重点を置いている。2009年上半期の売上高は前年同期比で22%増の18.9億レアルであり、2004年に新規公開して以来株価は、213%上昇している。
ナトコ,"ナトコ株式会社（英: NATOCO CO., LTD.）は、愛知県みよし市に本社を置く産業用塗料を製造する企業。"
ナリス化粧品,株式会社 ナリス化粧品（ナリスけしょうひん）は、大阪府大阪市福島区海老江に本社を置く訪問販売を販売形態とする大手化粧品メーカーである（とくに大阪環状線か阪神本線に乗っていると「ナリス」のロゴが入ったネオンサインが見えてくるので、その高い建物がそれとわかる（本社屋ではない））。コーポレート・スローガンは「美しさを科学する」。「ナリス」の名称は、英語の「Nourishment」（滋養を与える）が由来である。
ニイタカ,株式会社ニイタカは、大阪府大阪市淀川区に本社を置く業務用洗剤・固形燃料などを製造する企業。社名のニイタカは地名の「新高」から採っている。
ニチバン,"ニチバン株式会社（英文名称：Nichiban Co., Ltd.）は、日常の様々なテープ材を製造、販売するメーカー。コーポレート・スローガンは「FOR BETTER BEING いつも笑顔でいたいから - ニチバン」。"
ニフコ,株式会社ニフコ(英文名:Nifco Inc.)は、主にプラスチック工業用ファスナー、精密生成品を中心に製造する大手部品メーカーである。東京証券取引所第一部上場企業。工業用ファスナー部門では約70%のマーケットシェアを誇り、同部門1位である。ワンタッチバックル（英:Fastex backle）で有名。傘下に英字新聞社「ジャパンタイムズ」を擁する。かつては外国語ラジオ放送局「Inter FM」の筆頭株主であったが、株式をテレビ東京ブロードバンドに売却し経営から撤退している。
ニベア花王,ニベア花王株式会社（ニベアかおう）は、世界的なスキンケアブランド「NIVEA」を持つドイツの化粧品会社バイヤスドルフと、日本の日用品・化粧品大手の花王が設立した合弁会社である。ニベア以外にもバイヤスドルフ社のいくつかのブランドを販売する。事業所は、東京都中央区新富。
ノエビア,"株式会社ノエビア（英語：NOEVIR Co.,Ltd.）は、兵庫県神戸市中央区港島中町に本社を置く日本の化粧品メーカーである。"
ノエビアホールディングス,"株式会社ノエビアホールディングス（英語：Noevir Holdings Co., Ltd.）は、化粧品メーカーの株式会社ノエビアや医薬品・健康食品メーカーの常盤薬品工業株式会社等を傘下に収める持株会社である。"
ハーバー研究所,"株式会社ハーバー研究所（英: HABA Laboratories, Inc.）は、東京都千代田区に本社を置く化粧品・栄養補助食品のメーカーである。"
バイエル_(企業),バイエル（独: Bayer AG）は、ドイツのノルトライン＝ヴェストファーレン州レバークーゼンに本部を置く1863年創業の化学工業及び製薬会社である。社名の由来は創業者の姓である。解熱鎮痛薬アスピリンを製品化する。
ハイポネックスジャパン,"株式会社 ハイポネックスジャパン（HYPONeX JAPAN CORP.,LTD.）は、大阪府大阪市淀川区宮原に本社を置く園芸用肥料・園芸用品の輸入・販売などをおこなう企業である。1962年設立。"
バイヤスドルフ,バイヤスドルフ（Beiersdorf、FWB: BEI）は、ドイツの化粧品メーカーである。ハンブルクを拠点に活動する多国的ケア会社である。
ハニー化成,ハニー化成株式会社（ハニーかせい）は兵庫県神戸市長田区に本社を置く、塗料、化成品の製造をおこなう企業である。1952年創業。
ハリマ化成,"ハリマ化成株式会社（ハリマかせい）は、2012年10月1日より純粋持株会社体制となり、商号をハリマ化成グループ株式会社（ハリマかせいグループ、英称：Harima Chemicals Group, Inc.）に変更。それに伴い、新たに設立したハリマ化成株式会社が事業を継承。ハリマ化成グループ株式会社は、グループ経営戦略の策定・推進、樹脂・化成品、製紙用薬品、電子材料事業を主とする各事業会社の経営管理を行う。本店を東京都中央区日本橋に、本社を東京都中央区日本橋と大阪市中央区今橋に置く。"
ハンコックタイヤ,ハンコックタイヤ（Hankook Tire 、韓国（ハンコック/ハングク/かんこく）タイヤ、）は大韓民国のタイヤメーカーである。
ピアス_(企業),ピアス株式会社（Pias Corporation）は大阪府大阪市北区豊崎に本社を置く、化粧品の製造販売会社ならびにグループ企業である。1947年創業ならびに設立。
ファインケミカルジャパン,ファインケミカルジャパン株式会社は、東京都江東区に本社を置く工業化学製品の製造販売を行う化学工業である。
ファシル,株式会社ファシル（FACIL）はコンタクトレンズの販売を行うグループ。
ファンケル,株式会社ファンケル（英: FANCL Corporation）は、神奈川県横浜市中区に本社を置く化粧品・健康食品のメーカーである。
フクビ化学工業,フクビ化学工業株式会社（フクビかがくこうぎょう）は、福井県福井市に本社を置く化学工業メーカー。主に化学樹脂建材を生産し、プラスチック異形押出成形を得意としている。
フジクラコンポーネンツ,株式会社フジクラコンポーネンツは、フジクラ（旧：藤倉電線）系の金属加工製品・ゴムモールド製品・・プラスチック成形加工製品の製造・販売を主とする企業である。
フジプレアム,フジプレアム株式会社（Fujipream Corporation）は、兵庫県姫路市飾西に本社を置くPDP用光学フィルターなどの製品を製造している化学品製造企業である。
フタバ化学,"株式会社フタバ化学（フタバかがく、FUTABA CHEMICAL CO., Ltd.）は、愛知県名古屋市中村区に本社を置くボディーソープメーカー。"
フタムラ化学,"フタムラ化学株式会社（フタムラかがく、FUTAMURA CHEMICAL CO.,LTD.）は、愛知県名古屋市中村区に本社を置く日本の化学製品製造企業である。"
フマキラー,フマキラー株式会社（英: Fumakilla Limited）は東京都千代田区に本社を置く、殺虫剤など衛生薬品の製造・販売を行う日本の日用品メーカーである。
プライムポリマー,"株式会社プライムポリマー（英文名称Prime Polymer Co., Ltd.）は、ポリプロピレン樹脂・ポリエチレン樹脂の製造・加工・販売を行う化学メーカー。三井化学(65％)、出光興産(35％)の合弁会社。"
ブラジル・エコディーゼル,ブラジル・エコディーゼル（Brasil Ecodiesel Indstria e Comrcio de Biocombustveis e leos Vegetais S.A.）は、ブラジル・リオデジャネイロに本社を置くブラジル最大規模のバイオエタノール製造メーカーである。2003年に設立された。2010年現在、年間64万のバイオエタノールを製造できる6つのプラントを保有している。6つのプラントは、稼動順に	Floriano（ピアウイ州・2005年8月）、Crates（セアラー州・2006年10月）、Iraquara（バイーア州・2006年11月）、Porto Nacional（トカンティンス州、2007年5月）、Rosrio do Sul（リオグランデ・ド・スル州、2007年6月）、Itaqui（マラニョン州・2007年6月）にある。2006年11月には、BM&F Bovespaに株式を新規公開した。
プラス・テク,プラス・テク株式会社は、茨城県に本社を置く、各種プラスチック材料の製造販売を行う企業である。
フローラ_(企業),"株式会社 フローラ（ Flora Co., Ltd.）は、三重県四日市市馳出町に本社を置く化学薬品メーカーである。植物活力剤の「HB-101」や消臭剤「ニオイノンノ」の発売元としてその名を知られる。"
プロクター・アンド・ギャンブル・ジャパン,プロクター・アンド・ギャンブル・ジャパン株式会社（P&Gジャパン、The Procter&Gamble Company of Japan Limited）は、アメリカ合衆国に本拠を置く世界最大の一般消費財メーカーである、プロクター・アンド・ギャンブル（P&G）の日本における子会社であり、P&Gの名称で活動している。日本は販売戦略の重要な拠点と位置づけられており、シニアエグゼクティブオフィサーの桐山一憲、2013年までP&G米国本社のCEOだったボブ・マクドナルドもP&Gジャパンの社長を経験している。台所用洗剤（英: Dishwashing liquid）では「ジョイ」発売以来、業界トップシェアを保っている。
ペガサスキャンドル,ペガサスキャンドルは、キャンドル（ろうそく）及び付随する備品や演出機材を製造販売する会社である。ウェディング（結婚式）キャンドルのなかでもメモリアルキャンドルは2006年で累計500万本を製造販売している。創業地は岡山県倉敷市。
ヘキスト_(化学メーカー),"ヘキスト (Hoechst AG) はかつてドイツに本拠を置いた総合化学企業で、世界有数の製薬会社でもあった。1910年、世界で最初の梅毒に対する特効薬である砒素化合物製剤をサルバルサン(ラテン語でSalvareは「救う」の意味)と名付け製造販売した。現在は合併によりサノフィ・アベンティスに吸収されている。現在でもヘキストの名のついた製品（染色試薬の「ヘキスト33258」など）がある。なお窯業のヘキスト陶磁器工房とは創業地が同じであるが、直接の関係はない。　　1863年、ヘーヒスト（Hchst, 現在フランクフルト市内の地区）に染料会社として設立され、後に地名にちなんで""Farbwerke Hoechst AG""（「ヘキスト染料会社」の意、国外事業のためにつづりを変えた）の名を用いた。1925年、他の多数の化学企業と合同してIG・ファルベンとなったが、1951年に解体され、ヘキストはフランクフルトに再設立された。1987年、アメリカ子会社がアメリカの化学企業セラニーズと合併し、ヘキスト・セラニーズとなった。1995年にはヘキスト・セラニーズがさらにアメリカの化学企業マリオン・メレル・ダウと合併してヘキスト・マリオン・ルセルとなり、巨大製薬企業としてヘキストグループの中核となった。1999年、ヘキストはローヌ・プーランと合併してアベンティスとなった。これに伴い、ヘキストの化学事業の多くが分離され、再びセラニーズとして独立した。アベンティスはさらに2004年合併によりサノフィ・アベンティスとなった。"
ペリカン石鹸,"株式会社ペリカン石鹸（ペリカンせっけん、英文名称Pelican Soap Co.,Ltd.）は、東京都港区に本社を置き、化粧品や石鹸の製造販売を行う企業。自社ブランドのほか、他の化粧品会社からの受託生産やホテル向けアメニティグッズ、百貨店ブランドの贈答品の製造も行っている。"
ペンギンワックス,"ペンギンワックス株式会社（Penguin Wax Co.,Ltd.）は、大阪府大阪市東成区東中本に本社を置く業務用ワックスやそれに類するフロアメンテナンス用機器の製造販売をおこなう企業である。1942年創業。"
ホーユー,"ホーユー株式会社（英: Hoyu Co.,Ltd.）は、主に白髪染め、ブリーチなどヘアカラー製品および大衆薬を製造、販売するトイレタリー及び医薬品メーカーである。本社は愛知県名古屋市。"
ポーラ_(企業),株式会社ポーラ（POLA Inc.）は、主に婦人用の化粧品の製造・販売を行う企業である。本社は東京都品川区西五反田2丁目2番3号にある。
ホクサン,"ホクサン株式会社（Hokusan Co.,Ltd.）は、農薬などの製造を行う日本の企業。2007年度の売上の約84%が農薬、約10%が培土で占められている。第一三共とホクレンが共同出資しており、売上の約9割がホクレン向けである。第一三共の持分法適用関連会社。"
ポバール興業,"ポバール興業株式会社（ポバールこうぎょう、英称:POVAL KOGYO CO.,LTD.）は、愛知県名古屋市中村区に本社を置く工業用ベルトやガラス研磨部材等の樹脂加工品の製造・販売を業務とする会社である。名古屋証券取引所第二部単独上場銘柄のひとつである（証券コードは4247）。旧商号は神田製作所。タイ王国、韓国、中華人民共和国に連結子会社を持つ。"
ポラテクノ,株式会社ポラテクノは、新潟県上越市に本社を置く液晶ディスプレイの偏光フィルムなどの開発・製造・販売を行う企業である。1991年、日本化薬と有沢製作所の合弁会社として設立された。日本化薬の子会社、有沢製作所の持分法適用会社。
マックス_(石鹸メーカー),"株式会社 マックス（英称：MAX Co.,Ltd.)は、大阪府八尾市に本社を置く、石鹸の製造販売をおこなう企業である。1905年創業。"
マックスファクター,マックスファクター (Max Factor) は、ポーランド系ユダヤ人の美容師、マックス・ファクター（1877年 - 1938年）が、1909年に設立した化粧品メーカーである。現在は、1991年に同社を買収したプロクター・アンド・ギャンブル (P&G) による化粧品ブランドとなっている。
マナック,マナック株式会社は、広島県福山市に本社を置く難燃材や化学薬品などを製造販売するメーカーである。
マルフクケミファ,マルフクケミファ株式会社は群馬県邑楽郡千代田町に拠点を置く日本の家庭用や業務用の洗剤メーカーである。
マンダム,株式会社マンダム（英語：Mandom Corporation）は、大阪府大阪市中央区十二軒町に本社を置く、日本の化粧品メーカーである。主にヘアフォームを中心とした男性用化粧品においてシェアは国内トップに位置するが、ライバル会社の資生堂が奪回した年もあり、両社の攻防が続いている。
ミツエイ,ミツエイ株式会社は、福島県いわき市中部工業団地に拠点を置く日本の家庭用や業務用の洗剤メーカーである。
ミツワ石鹸,ミツワ石鹸（ミツワせっけん）は、1860年から1975年にかけて、日本国で石鹸・洗濯洗剤の製造販売を行っていたメーカーおよび同社の販売する石鹸のブランド、また、2008年に玉の肌石鹸により設立され2014年まで事業を行っていた石鹸のメーカーである。旧会社は1975年に業績不振に陥って倒産し、事業は同社が旭電化工業、第一工業製薬と共同で設立した日本サンホームの後身であるプロクター・アンド・ギャンブル・サンホーム（P&Gサンホーム、現・P&Gジャパン）に継承された。2007年に玉の肌石鹸が「ミツワ石鹸」の商標権を取得、2008年4月1日に、同社が全額を出資し、子会社として「ミツワ石鹸株式会社」を設立したが、2014年12月31日をもって事業の一部を玉の肌石鹸に譲渡して業務を終了した。
ミライアル,"ミライアル株式会社（英: Miraial CO., LTD.）は、東京都豊島区に本社を置くプラスチック成形メーカーである。"
ミルボン,"株式会社ミルボン（英: Milbon Co., Ltd.）は、美容サロン用ヘア化粧品専門企業。"
ムトー精工,"ムトー精工株式会社（ムトーせいこう、MUTO CO., LTD. ）は、岐阜県各務原市に本社を置く、主にソニー向けのプラスチック部品およびその金型を製造・販売する企業である。"
メイスイ,株式会社メイスイは、浄水器などの水処理機器の製造販売を行っている日本の会社。大阪市西区に本社を置く。
メイト_(岡山県),"株式会社 メイト （めいと、英文社名：Mate Co.,Ltd.）は、岡山県和気郡和気町に本社を置くプラスチックマグネット原料製造販売を行う会社である。"
メネデール,"メネデール株式会社（MENEDAEL Co.,Ltd.）は大阪府大阪市北区に本社を置く園芸用活力剤及び肥料メーカーである。1954年設立。"
モルトベーネ,"モルトベーネ（MOLTOBENE,INC）はヘアメイク商品を製造・販売するモルトベーネグループ株式会社の基幹会社である。本社所在地は新宿区高田馬場。"
ヤスハラケミカル,ヤスハラケミカル株式会社は、広島県府中市に本社をおく日本の化学工業メーカー。主にテルペン製品が主力である。
ヤマサキ,株式会社ヤマサキは、広島県広島市に本社を置く、化粧品、および医薬部外品の製造・販売を行なう企業である。
ヤヨイ化学工業,ヤヨイ化学工業株式会社（ヤヨイかがくこうぎょう）は、富山県高岡市に本社を置く澱粉系接着剤や補修剤などの製造・販売を行う企業である。
ユニ・チャーム,ユニ・チャーム株式会社（英称：Unicharm Corporation）は、生理用品、紙おむつ（赤ちゃん用、大人用）などの衛生用品の大手メーカーである。みどり会の会員企業でもある。
ライオン_(企業),ライオン株式会社（英称：Lion Corporation）は、洗剤、石鹸、歯磨きなどトイレタリー用品、医薬品、化学品を手がける日本の大手メーカー。本社は東京都墨田区本所にあり、東京証券取引所第一部に上場している。なお、事務機器の「ライオン事務器」や菓子メーカーの「ライオン菓子」とは何ら関係はない（ちなみにライオン事務器は大塚商会系列である）。
ライオン・スペシャリティ・ケミカルズ,"ライオン・スペシャリティ・ケミカルズ株式会社（英文名称LION SPECIALTY CHEMICALS CO., Ltd.）は、ライオンの完全子会社の化学メーカー。界面活性剤や脂肪酸を始めとする化学製品の製造販売を行う。2015年6月までの初代・ライオン・スペシャリティ・ケミカルズは、2014年までライオンとアクゾノーベルとの合弁会社であったライオン・アクゾ株式会社が、合弁解消により商号変更したもの。2015年7月1日、ライオン本体の化学品事業と一方社油脂工業、初代・ライオン・スペシャリティ・ケミカルズの3社に分かれていた事業を統合。存続会社となった一方社油脂工業が2代目のライオン・スペシャリティ・ケミカルズとなった。"
ライオンケミカル,ライオンケミカル株式会社は、和歌山県有田市に本社を置く化学工業メーカー。主に蚊取線香や入浴剤などの製造を行う。
ライオンハイジーン,ライオンハイジーン株式会社（らいおんはいじーん）は主に業務用製品を製造・販売するライオンの関連会社である。
ラサ工業,"ラサ工業株式会社（Rasa Industries, LTD）は、日本の化学メーカー。社名は、1907年（明治40年）にラサ島（沖大東島）で肥料の原料となるリン鉱石を採掘したことに由来する。リン鉱石の採掘が行われなくなった現在でも沖大東島全体がラサ工業の私有地となっている。化学肥料を軸に鉱山・非鉄金属製錬、石炭採掘、化学事業（硫酸・リン化合物製造）、鉱山・工業機械製造と有機的な複合事業を行っていた。ラサ島の他に、岩手県田老鉱山、宮崎県見立鉱山、山形県田川炭鉱を所有・経営していた。また、戦前には沖縄県の慶良間諸島屋嘉比島及び久場島で慶良鉱山（銅）を、日本領「新南群島」となっていた南沙諸島（スプラトリー諸島）で燐鉱採掘をおこなっていた他、鯛生金山を経営していた鯛生産業と合併した関係から大分県や鹿児島県に金山を複数所有していた時期もあった。現在は祖業である肥料・鉱山・製錬・硫酸事業からは撤退している。現在では化成品、機械、電子材料を軸として事業を展開している。シリコンウェハー再生事業では世界的な大手メーカーであったが、2010年度末を以て同事業から撤退した。なお、ラサ商事は同社の商社部門子会社として設立されたが、後に大平洋金属系となり、現在は独立系の商社となっている（ラサ工業・大平洋金属との取引関係は続いている）。"
リケンテクノス,リケンテクノス株式会社（Riken technos Corporation.）は、東京都中央区に本社を置く化学メーカーである。東京証券取引所1部上場企業。
リケンファブロ,リケンファブロ株式会社（Riken fabro Corporation.）は、東京都千代田区に本社を置く化学メーカーである。リケンテクノス株式会社が2012年10月に三井化学株式会社の子会社である三井化学ファブロ株式会社を買収し、ラップ事業を統合して設立された企業である。
リスロン,"リスロン株式会社(英文社名：RISURON Co.,Ltd.)は、大阪市西区北堀江2丁目に本社を置く主に業務用の化学製品のメーカーである。大阪、東京をはじめとして全国28箇所に営業拠点を有する。”リスロン”の商票登録をしているのはこの会社である。"
リンレイ,株式会社リンレイは、主に業務用・家庭用等の清掃用化学製品の製造・開発・販売を手がける化学メーカーである。
ルミカ,株式会社ルミカ（LUMICA CORPORATION）は、ケミカルライトをはじめとする化学発光体などの製造・販売を行う企業。
レインボー薬品,"レインボー薬品株式会社（レインボーやくひん、英文名称Rainbow Chemical Co.,Ltd）は、住友化学グループの農業資材メーカー。主に家庭園芸用の農薬・肥料類を取り扱う。ネコソギシリーズは家庭園芸用除草剤で大きなシェアを持つ。"
レキットベンキーザー・ジャパン,レキットベンキーザー・ジャパン株式会社（Reckitt Benckiser Japan Ltd.）は、日本のトイレタリー用品メーカーで、イギリスのスラウ（ロンドン郊外の都市）に本社を置くReckitt Benckiser社の日本法人である。
レック_(企業),"レック株式会社（LEC, INC.）は、東京都中央区日本橋浜町に本社を置く、企業向け販促用家庭用品を製造する企業である。主力商品は清掃関係の「激落ちくんシリーズ」（CMキャラクターは関根麻里　前任者：堀ちえみ）。"
ロイヤル化粧品,"ロイヤル化粧品株式会社（ロイヤルけしょうひん、英文社名：Royal Cosmetics Co., Ltd.）は東京都港区六本木に本社を置く、化粧品・医薬部外品・健康食品の製造・販売メーカー。代表取締役会長の桃園忠により、 1987年（昭和62年）に設立された。コーポレートメッセージは「美しさとロマンをあなたへ」。純金箔入りの基礎化粧品「ロイヤルハーブ」シリーズを主に製造する。"
ローレル_(化粧品ブランド),ローレル (LAUREL)は、北海道砂川市に本社を置く化粧品メーカー「株式会社ローレル」の自社ブランド名。
ロケット石鹸,"ロケット石鹸株式会社（Rocket Soap Co.,Ltd.）は福岡県嘉麻市に登記上本店、同県飯塚市に本社を置く各種石鹸・洗剤メーカーである。1949年創業。"
ロックペイント,"ロックペイント株式会社（Rock Paint Co.,Ltd.）は、大阪府大阪市西淀川区姫島に本社を置く塗料の製造販売をおこなう企業である。1929年創業。自動車補修用塗料の中心的存在としてその名を広く知られている。"
ロレアル,ロレアル( L'Oral) は、フランスのクリシーに本部を置く世界最大の化粧品会社である。特に、化粧品、ヘアカラー、ヘアケア、スキンケア、日焼け防止、香水の分野を中心に発展した。また、皮膚病学や調剤の分野の活動も盛んである。また、アメリカでは、ナノテク分野の最大規模の特許権者でもある。
ロンシール工業,ロンシール工業株式会社（ロンシールこうぎょう、英文名称Lonseal Corporation.）は、軟質塩化ビニール製品などを生産する化学メーカー。社名は同社の塩ビレザーシートの商品名から採られている。
ワカサ,"ワカサ株式会社（Wakasa Co.,Ltd.）は、大阪府大阪市福島区に本社を置く肝油を中心とした栄養補助食品の製造販売をおこなう企業である。1884年創業。"
ワタナベ工業,ワタナベ工業株式会社（わたなべこうぎょう）は岡山県倉敷市連島町西之浦に本社を置く人工芝、ニードルパンチカーペット、吸着カーペット、電気カーペット（ホットカーペット）、パウチクック（ポリ袋レシピ）に適した日本製食品用ポリ袋などの製造・販売を主な事業とするプラスチック加工メーカーである。
旭化学工業,"旭化学工業株式会社（あさひかがくこうぎょう、英: Asahi Kagaku Kogyo Co., Ltd. ）は、愛知県安城市に本社を置くプラスチックの成形加工メーカー。"
旭化成,旭化成株式会社（あさひかせい）は、化学、繊維、住宅、建材、エレクトロニクス、医薬品、医療等の事業を行う各種事業会社を統括する純粋持株会社である。東京都千代田区神田神保町に本社を置く。
旭化成酸素,"旭化成酸素 株式会社 （あさひかせいさんそ、英文社名：Asahi Kasei Sanso Co.,Ltd.）は、岡山県岡山市に本社を置く産業用ガスの製造・販売を行う会社。"
伊勢化学工業,伊勢化学工業株式会社（いせかがくこうぎょう）は、旭硝子子会社の専門化学メーカーである。ヨウ素及びヨウ素化合物、電池材料に使用される金属化合物の生産や、天然ガスの採取・販売を行っている。特に、ヨウ素は、日本、アメリカ、チリのみで生産されているもので、伊勢化学工業は、日本のヨウ素生産量の4割以上、世界の生産量の約12%を供給する世界的有力メーカーである。地中から汲み上げられた鹹水を原料としてヨウ素を製造している。鹹水の採取地は千葉県の南関東ガス田及び宮崎県の宮崎ガス田である。
伊勢半,株式会社伊勢半（いせはん）は、日本の総合化粧品メーカーである。
伊東胡蝶園,伊東胡蝶園（いとうこちょうえん、1904年 創業 - 1997年 清算）は、かつて存在した日本の化粧品メーカーである。「御園白粉」で知られ、出版社「玄文社」を起こして出版事業も行った。第二次世界大戦後の「パピリオ」の前身である。
宇部エクシモ,宇部エクシモ株式会社（うべエクシモ）は東京都中央区に本社を置く樹脂製品の製造業者。 光通信関連商品、液晶パネル用部材、2層CCL、FRP製品・包装資材・合成繊維などの開発、製造、販売を行う。宇部興産と日東紡績との合弁会社として1966年に設立された。
宇部フィルム,宇部フィルム株式会社（うべフィルム、英: Ube Film Company Ltd.）は、山口県山陽小野田市に本社を置くプラスチックフィルム製品の製造・販売事業者。
宇部丸善ポリエチレン,"宇部丸善ポリエチレン株式会社（うべまるぜんポリエチレン、英文社名：Ube-Maruzen Polyethlene Co,Ltd.）は、日本の化学メーカーである。"
宇部興産,"宇部興産株式会社（うべこうさん、英: Ube Industries, Ltd.）は日本の大手総合化学メーカー。略称はUBE。証券業界では宇部興、拠点がある山口県西部では単に興産と略される場合も多い。"
塩野香料,塩野香料株式会社（しおのこうりょう）は、大阪府大阪市に本社を置く香料メーカーである。創業は1808年（文化5年）で、業歴は200年を超える。2005年の調査では、売上高は日本の香料業界第7位であった。
岡山化工,"岡山化工 株式会社 （おかやまかこう、英文社名：Okayama Kako Co.,Ltd.）は、岡山県加賀郡吉備中央町に本社を置く、塗料の製造を行う大日本塗料の関連会社である。"
岡山化成,"岡山化成株式会社（おかやまかせい、英: OKAYAMA CHEMICAL CO.,LTD.）は、大阪府大阪市西区に本社を置く化学メーカー。1968年に設立し、1970年8月に岡山県倉敷市の水島工場の操業を開始した。イオン交換膜法による電解事業を行い、塩素や水酸化ナトリウムなどを製造する。旭化成ケミカルズとダイソーの折半出資であるが、旭化成から塩素の供給を受けていた三菱化学がポリ塩化ビニルの製造から撤退し主要供給先を失ったこと、エポキシ樹脂部門を強化するダイソーが、原料となる塩素の安定供給を求めていることから2012年4月1日付で旭化成ケミカルズは保有する株式をダイソーに譲渡し、合弁を解消。ダイソーの完全子会社となった。"
屋久島電工,"屋久島電工株式会社（やくしまでんこう、英: YAKUSHIMA DENKO CO.,LTD.）は、東京都中央区に本社、鹿児島県熊毛郡屋久島町に事業所を置く企業。日本で唯一炭化ケイ素の製造を行うほか、屋久島島内に3か所の水力発電所を有し、農協や九州電力などを通じて島内の一般家庭へ電力の供給を行う。"
下関三井化学,"下関三井化学株式会社（しものせきみついかがく、英: Shimonoseki Mitsui Chemicals, Inc.）は、山口県下関市に本社と工場を置く化学メーカー。リン酸をはじめ、リンの化合物を主力とする。三井化学の完全子会社。"
化薬アクゾ,"化薬アクゾ株式会社（かやくアクゾ、英文名称KAYAKU AKZO CO., LTD.）は、日本化薬とアクゾノーベルの合弁の化学メーカー。合成樹脂の硬化・重合反応に用いられる有機過酸化物の製造を行う。"
加美乃素本舗,株式会社 加美乃素本舗（かみのもとほんぽ）は、兵庫県神戸市中央区に本社を置く育毛剤を中心とした化粧品と医薬品・医薬部外品のメーカーである。1932年に世界に先駆けて養毛剤「加美乃素」を発売。以来、同社ではヘアケア製品の製造・販売を手掛けている。また、それと並行してスキンケア製品も取り扱っている。
花王,花王株式会社（かおう、英語：Kao Corporation）は、東京都中央区日本橋茅場町に本社を置く大手化学メーカーである。家庭用や業務用の洗剤、トイレタリー用品、化粧品、食品を製造しており、洗剤、トイレタリー国内首位、化粧品は2位（子会社含め）となっている。東京証券取引所に一部上場している。同じ化粧品メーカーのカネボウ化粧品を100％子会社に持っている。原料からの一貫生産と物流・販売システムに強みがあり、国内外に多くの工場や販売拠点をもっている。現在のCI（コーポレートアイデンティティ）は、「自然と調和する こころ豊かな毎日をめざして」である。
花王プロフェッショナル・サービス,花王プロフェッショナル・サービスは花王の業務品事業部門が、社内分社化により設立した会社。本社は東京都墨田区文花の花王のすみだ事業所内に置いている。
関西ペイント,"関西ペイント株式会社（かんさいペイント、KANSAI PAINT CO.,LTD.）は大阪府大阪市中央区に本社を置く総合塗料の製造販売をおこなう企業である。"
関東化学,"関東化学株式会社（かんとうかがく、英字表記:Kanto Chemical Co., Inc.）は、東京都の化学工業メーカー。"
関東電化工業,"関東電化工業株式会社（かんとうでんかこうぎょう、英文社名：Kanto Denka Kogyo Co.,Ltd）は、曹達化学やフッ素化学、有機溶剤の製造などを行う古河グループの化学会社である。"
丸善石油化学,"丸善石油化学株式会社（まるぜんせきゆかがく、英文社名：Maruzen Petrochemical CO,LTD.）は、日本の石油化学メーカー。略称は丸善石化、丸化。みどり会の会員企業である。1959年（昭和34年）に丸善石油（現在のコスモ石油）の石油化学部門が分離独立し発足した。現在はコスモ石油のほかに、宇部興産、電気化学工業、チッソ、コスモ松山石油からの出資を受ける。千葉県市原市にエチレンセンターを保有し、化学メーカーに基礎石油化学製品を供給している。2010年のエチレン生産量は日本国内第4位である。また、溶剤や各種新素材の製造・販売・輸出入も手がける。"
丸東産業,丸東産業株式会社（まるとうさんぎょう）は、福岡県小郡市に本社を置く、包装用フィルムなどを製造する会社である。久光製薬と凸版印刷の関連会社で、福岡証券取引所単独上場銘柄のひとつである（証券コードは7894）。
丸尾カルシウム,"丸尾カルシウム株式会社（まるおかるしうむ、Maruo Calcium Co.,Ltd.）は、兵庫県明石市に本社を置く炭酸カルシウムの総合メーカーである。"
奇美実業,奇美実業（中国語: 奇美實業股有限公司、英文社名：Chimei Corporation）は、台湾の化学工業を中心とする企業グループ及びその中心企業。分野は合成樹脂・繊維・バイオテクノロジー・石油化学・電子部品・食品と多岐に渡る。本社は台南市仁徳区にある。日本語では「チーメイ」と表記されることもある。
久保孝ペイント,久保孝ペイント株式会社（くぼこうペイント）は、大阪府大阪市東淀川区に本社を置く総合塗料メーカーである。1924年創業。
牛乳石鹸共進社,牛乳石共進社株式会社（ぎゅうにゅうせっけんきょうしんしゃ）は、化粧石鹸・シャンプー・化粧品などの製造・販売を手掛ける日本のトイレタリー企業。本社所在地は、大阪府大阪市城東区今福西2丁目。一般には、「牛乳石鹸」という通称が広く知られている。
京セラケミカル,京セラケミカル株式会社（きょうセラケミカル、KYOCERA Chemical Corporation）は、東京都品川区に本社を置く、化学製品の製造販売を行う企業。
共和レザー,共和レザー株式会社（きょうわレザー）は、静岡県浜松市南区に本社を置く合成樹脂製品を製造するトヨタグループの企業で、自動車用内装皮革の最大手。
興人,"株式会社興人（こうじん、英: Kohjin co.,Ltd.）は、化学繊維の製造を目的に発足し、化成品や樹脂フィルムなどの製造販売を行う企業。オイルショック後の不況と事業多角化のための借入金増加により、1975年に会社更生法の適用を受け、当時としては戦後最大の倒産となった。のちに更生を果たし、2006年には三菱商事の連結子会社となった。"
桐灰化学,桐灰化学株式会社（きりばいかがく）は、大阪市淀川区新高に本社を置く、主に使い捨てカイロなどの家庭用日用品を製造販売する会社である。
銀座ステファニー化粧品,銀座ステファニー化粧品株式会社は、東京都港区に本社を置く、化粧品・健康食品の製造・販売を中心に行う企業である。
九州大栄工業,九州大栄工業株式会社（きゅうしゅうだいえいこうぎょう）は佐賀県三養基郡みやき町に本社を置く、プラスチック射出成形品の製造、二次加工（塗装、印刷、溶着、組立）を一貫して行う企業である。また製品設計、金型設計・製造も自社で行い、自動車部品等の製造を行なっている。プラスチック樹脂加工を主力とし、日本国内に3拠点を持つ大栄グループの主力拠点。なお、2008年8月より、九州工業大学および他2社と共同研究を行い、石油系プラスチックの代替原料として、おがくずなどの木質系資源を利用した木質プラスチックの基礎技術を確立、実証試験中である。この研究は、経済産業省中小企業庁の平成21年度「戦略的基盤技術高度化支援事業」による支援事業となっている。2003年5月にISO14001を取得し、2004年12月にはISO9001を取得した。
熊本酸素,熊本酸素株式会社（くまもとさんそ）は、熊本県熊本市に本社を置く酸素ガスなどを製造、販売するメーカーである。
熊野油脂,"熊野油脂株式会社（くまのゆし、KUMANO YUSHI CO.,LTD.）は、愛知県瀬戸市熊野町に本社を置く、化粧品、医薬部外品、シャンプー、石鹸、洗剤の製造販売を行う企業。1952年設立。資本金は3000万円。"
群栄化学工業,群栄化学工業株式会社（ぐんえいかがくこうぎょう）は、群馬県高崎市に本社を置く化学メーカーである。製造拠点は群馬県高崎市と滋賀県湖南市にある。
健康コーポレーション,"健康コーポレーション株式会社（けんこうコーポレーション、英称: Kenkou Corporation, Inc.）は、健康食品やダイエット食品の製造・販売を行っている傘下子会社を総括する事業持株会社である。札幌証券取引所の新興企業向け市場アンビシャスに上場している。2007年7月に乳製品メーカーの弘乳舎を子会社化し、乳製品事業にも参入したが、2013年9月にはアスラポート・ダイニングに譲渡した。"
古河ケミカルズ,"古河ケミカルズ株式会社（ふるかわケミカルズ、英文社名：FURUKAWA CHEMICALS CO.,LTD.）は、大阪府大阪市西淀川区に本社を置く化学メーカーである。古河機械金属グループの化成品事業を担う中核事業会社（連結子会社）で、古河グループに属している。"
戸田工業,戸田工業株式会社（とだこうぎょう）は、広島県大竹市に本社を置く化学メーカーである。トナー材料、着色剤、フェライト（磁性材料）、リチウムイオン二次電池材料などを製造販売し、磁気テープや切符などに実用化されている。
互応化学工業,互応化学工業株式会社は京都府宇治市に本社をおく、プリント配線板用レジストインクや、合繊織物溶剤の製造と販売を行う会社。2012年からは海外での化粧品原料事業の展開にも力を入れている。
呉工業,呉工業株式会社（くれこうぎょう、英文表記：KURE Engineering Ltd、略称：KUREもしくはKURE CRC）は、東京都目黒区に本社を置く、潤滑剤・自動車関連用品（ワックス・洗浄剤等）・生活関連製品（消臭スプレー・メガネ洗浄剤）のメーカーである。
光陽化学工業,光陽化学工業株式会社（こうようかがくこうぎょう）は、大阪府大阪市城東区森之宮に本社を置く、写真製版ならびに印刷用機材及び化学工業薬品の製造販売をおこなう会社である。1958年創業。
光和精鉱,光和精鉱株式会社（こうわせいこう）は、福岡県北九州市に本社を置く、廃棄物処理業者である。新日本製鐵（現・新日鐵住金）と、DOWAホールディングス傘下のDOWAエコシステムが共同で出資する。
広栄化学工業,"広栄化学工業株式会社（こうえいかがくこうぎょう） 大阪府大阪市に本社のあるピリジン等を製造する企業。本項で扱う。 千葉県習志野市にある珪酸ソーダ等を製造する企業。広栄化学工業株式会社（こうえいかがくこうぎょう、英文社名：Koei Chemical Co., Ltd.）は、大阪市城東区放出西に本社を置く、住化グループ（住友化学グループ）の化学会社である。"
荒川化学工業,"荒川化学工業株式会社（あらかわかがくこうぎょう、英: Arakawa Chemical Industries, Ltd.）は、松やにを蒸留・精製して作るロジンの化合物を中心とした製紙用薬品、合成樹脂類等の製造を行う化学メーカーである。"
高圧ガス工業,"高圧ガス工業株式会社（こうあつガスこうぎょう、KOATSU GAS KOGYO CO., LTD.）は、大阪市に本社を置く、産業ガス・化成品などの製造、販売を行う企業。"
高砂香料工業,高砂香料工業株式会社（たかさごこうりょうこうぎょう、Takasago International Corporation）は、日本最大の香料メーカー。本社所在地は東京都大田区蒲田5-37-1アロマスクエア。1920年2月に創業。資本金92億円。東京証券取引所一部上場企業（化学に分類）。2013年の世界市場におけるシェアは5.2％で5番目。支店は大阪・名古屋・福岡、出張所・連絡所は札幌・仙台・静岡・広島・徳島、総合研究所が平塚（神奈川県）、工場が平塚・磐田（静岡県）・鹿島（茨城県） にある。2001年のノーベル化学賞を受賞した野依良治（名古屋大学教授）は同社の取締役のひとり。現在、本社が置かれているアロマスクエアは同社東京工場跡地である。2013年4月10日午前11時10分頃、神奈川県平塚市にある平塚工場で火災が発生。工場の周辺には煙とともに強い臭いが広がったため、警察などが半径400メートル以内の住民に対し避難するよう呼びかけ、近くの中学校におよそ160人が避難した。3階建ての建物・延べ6300平方メートルのうち、2階と3階の部分が全焼。約6時間燃え続けてほぼ鎮圧(火の勢いが収まった)された。
高田香料,高田香料株式会社（たかたこうりょう）は、兵庫県尼崎市に本社を置く香料メーカーであり、主として食品向けの香料の製造を行う。創業は1935年。2005年の調査では、売上高は日本の香料業界第11位であった。
根本特殊化学,"根本特殊化学株式会社（ねもととくしゅかがく、英文社名Nemoto & Co., Ltd.）は、夜光塗料や防災用品の製造などを行う化学メーカーである。"
堺化学工業,"堺化学工業株式会社（さかいかがくこうぎょう、Sakai Chemical Industry Co.,Ltd.）は、大阪府堺市堺区戎之町西に本社を置く酸化チタンなどの化学製品を製造・販売する総合化学企業である。"
三井化学,三井化学株式会社（みついかがく）は、三井グループの総合化学メーカーである。山口県和木町で工場を開業以後、事業拡大・海外展開を行い、三井東圧化学と三井石油化学工業との合併を経て、1997年（平成9年）10月1日に三井化学となる。
三井化学東セロ,三井化学東セロ株式会社（みついかがくとうセロ、英社名：Mitsui Chemicals Tohcello Inc.）は、三井化学系のフィルムメーカー。セロハン製造メーカーとして1929年（昭和4年）に東京で創業、ポリプロピレンフィルム等のプラスチックフィルムへ事業を拡大、2009年（平成21年）4月には三井化学の100%子会社となり、同グループのフィルム/シート事業の中核を担う。
三協_(熊本県の企業),三協株式会社（さんきょう）は、熊本県熊本市に本社および工場を置く、家庭用洗剤などを製造している企業である。代表取締役社長は宮本紀一郎。1916年（大正5年）創業。旧社名は三協油脂株式会社（さんきょうゆし）。ミツエイ株式会社（福島県いわき市）のグループ企業で、三協株式会社製の商品の販売はミツエイが行っており、ミツエイ製品の製造事業に徹した会社として機能している。
三協化学,三協化学株式会社（さんきょうかがく）は愛知県名古屋市東区に本社を置く、有機工業薬品、溶剤、工業用洗浄剤、シンナー、各種中間原料（塗料・インキ・接着剤等）の総合メーカーである。
三光合成,三光合成株式会社（さんこうごうせい）は、富山県南砺市に本社を置く合成樹脂成形品およびその関連製品を製造販売する企業である。
三省製薬,"三省製薬株式会社（さんしょうせいやく、SANSHO SEIYAKU Co., Ltd.）は福岡県大野城市に本社を置く、化粧品の成分および製品の開発、製造、販売を行う日本の企業。通販化粧品ブランド「DERMED（デルメッド）」の製造販売元でもある。"
三菱ガス化学,"三菱ガス化学株式会社（みつびしガスかがく、Mitsubishi Gas Chemical Company, Inc.、登記社名:三菱瓦斯化学株式会社）は、日本の化学メーカー。三菱グループの一員であり、三菱金曜会及び三菱広報委員会の会員企業である。"
三菱ケミカルホールディングス,株式会社三菱ケミカルホールディングス（みつびしケミカルホールディングス）は、東京都千代田区に本社を置く日本の持株会社である。東証一部上場。
三菱化学,三菱化学株式会社（みつびしかがく）は、東京都千代田区に本社を置く日本の総合化学メーカー。三菱グループに属し、三菱ケミカルホールディングスの完全子会社。他に三菱樹脂および田辺三菱製薬、三菱レイヨンを傘下に抱える三菱ケミカルホールディングスは日本最大級の総合化学会社にして、ダウケミカル・BASF・デュポン・バイエルに続く世界第5位である（2015年現在）。三菱金曜会及び三菱広報委員会の会員企業であり、三菱ケミカルホールディングス傘下の事業会社では三菱樹脂と三菱レイヨンも三菱化学同様三菱金曜会と三菱広報委員会の会員企業である。
三菱化学アグリ,三菱化学アグリ株式会社（みつびしかがくアグリ）は、三菱化学グループの肥料メーカー。農業用・家庭園芸用肥料の製造・販売や、花の宅配事業などを行っていた。2009年10月1日、チッソ旭肥料株式会社と合併し、ジェイカムアグリ株式会社となる。
三菱樹脂,三菱樹脂株式会社（みつびしじゅし）は、東京都千代田区丸の内に本社を置く、三菱グループの大手樹脂加工メーカーである。三菱ケミカルホールディングスの完全子会社。
三洋化成工業,"三洋化成工業株式会社（さんようかせいこうぎょう、英: Sanyo Chemical Industries, Ltd.）は、日本の化学メーカー。界面活性剤・高吸水性樹脂が主力。豊田通商と東レの関連会社。"
三和化学工業,"三和化学工業株式会社（さんわかがくこうぎょう、英称：Sanwa Chemical Industry Co.,Ltd. ）は、大阪府柏原市高井田に本社を置く石鹸の製造をおこなう企業である。"
山本化学工業,山本化学工業株式会社（やまもとかがくこうぎょう、英称：Yamamoto Corporation）は、大阪府大阪市生野区に本社を置く医療機器、放射線遮蔽素材、ウェットスーツ素材、複合特殊ゴム製品を製造する日本の企業である。
四国トーセロ,"四国トーセロ株式会社（しこくトーセロ、英社名：Shikoku Tohcello Co., Ltd.）は、徳島県徳島市応神町吉成にある三井化学東セロ株式会社（三井化学系）の子会社であるフィルムメーカー。"
四国化成工業,四国化成工業株式会社（しこくかせいこうぎょう）は、香川県丸亀市に本社を置く化学工業メーカー。内装壁材や門扉、カーポートなど建材の製造・販売も行っている。
四日市合成,"四日市合成株式会社（よっかいちごうせい、英文名称Yokkaichi Chemical Co.,Ltd.）は、三重県四日市市に本社・工場を置く化学メーカー。三菱化学と第一工業製薬の共同出資により設立され、各種ファインケミカル製品の製造を行う。2011年（平成23年）4月1日に三菱化学が保有する株式を全て第一工業製薬が買い取り、100％子会社とした。"
資生堂,"株式会社資生堂（しせいどう、英語：Shiseido Company, Limited）は、化粧品の製造・販売を主な事業とする日本の企業である。"
資生堂ホネケーキ工業,資生堂ホネケーキ工業株式会社（しせいどうホネケーキこうぎょう、英称:Shiseido Honey-cake Industry Inc.）は大阪府茨木市に本社を置く化粧品・石鹸等のトイレタリー製品の製造をおこなう企業。資生堂の持分法適用関連会社である。
児玉化学工業,"児玉化学工業株式会社（こだまかがくこうぎょう、英文名称Kodama Chemical Industry Co,. LTD.）は、東京都に本社を置く化学メーカー。三菱ケミカルホールディングスグループに属し、住宅設備・自動車向け合成樹脂加工や、産業機器の製造などを行う。"
寺岡製作所,株式会社寺岡製作所（てらおかせいさくしょ）は、包装用テープ・電気産業用テープを製造する日本の企業。近年ではデジタル家電に使用される電子・電機用テープの製造など付加価値の高い製品の製造に注力している。計量器やPOSで知られる寺岡精工とは無関係である。
鹿島塩ビモノマー,鹿島塩ビモノマー株式会社（かしまえんビモノマー）は、茨城県神栖市に本社を置く化学メーカー。
鹿島電解,鹿島電解株式会社（かしまでんかい）は、茨城県神栖市に本社を置く化学メーカー。
住化カラー,"住化カラー株式会社（すみかからー、SUMIKA COLOR CO., LTD.）は、大阪市中央区に本社を置く、住化グループの化学メーカーである。顔料、着色剤、機能性材料の開発・製造を行っている。"
住化スタイロン_ポリカーボネート,住化スタイロン ポリカーボネート株式会社（すみかスタイロン ポリカーボネート、英: Sumika Styron Polycarbonate Limited）は、住友化学とトリンセオホールディングB.V.（旧：スタイロンホールディングB.V.）の合弁事業による合成樹脂メーカー。かつてはABS樹脂の製造も行っていたが、現在はポリカーボネート樹脂専業である。2011年4月1日に、住友ダウ株式会社（英: Sumitomo Dow Limited）より商号変更。
住化プラステック,"住化プラステック株式会社（すみかぷらすてっく、Sumika Plastech Co., Ltd.）は、東京都中央区に本社を置く、住化グループの化学メーカーである。"
住友ベークライト,住友ベークライト株式会社（すみともべーくらいと）は、本店を、東京都品川区東品川に置き、住友化学株式会社の持分法適用会社で、住友グループ広報委員会にも参加する樹脂加工会社である。
住友化学,"住友化学株式会社（すみともかがく、Sumitomo Chemical Company, Limited）は、住友グループの大手総合化学メーカーである。国内化学メーカーとしては、三菱ケミカルホールディングスに次いで第2位。主要子会社としては、大日本住友製薬が挙げられる。住友グループの中核企業で、住友グループ広報委員会にも参加する企業であり、三井住友銀行、住友金属工業（現・新日鐵住金、現在は住友グループを離脱）とともに、住友御三家の一角をなしていた中核企業でもある。2001年（平成13年）4月三井化学との経営統合が基本合意されたが、その後白紙撤回された。サウジアラビアの国営企業サウジ・アラムコ（サウジアラビアン・オイル・カンパニー）社と合弁で石油精製と石油化学の一体型コンプレックスを建設・運営するラービグ計画を推進中である。2009年（平成21年）4月9日、エタンからエチレンを精製する、当該コンビナートの基幹設備であるエタンクラッカーの稼動を発表した。"
住友化学園芸,住友化学園芸株式会社（すみともかがくえんげい、英文名称Sumitomo chemical garden products inc.）は、住友化学グループの農業資材メーカー。主に家庭園芸用の農薬・肥料類を取り扱う。
住友精化,"住友精化株式会社（すみともせいか、英文名：Sumitomo Seika Chemicals Company, Limited）は、本店を兵庫県加古郡播磨町に、本社を大阪市中央区と東京都千代田区に置く、住友化学株式会社の持分法適用会社で、住友グループ広報委員会にも参加する化学メーカーである。元々は肥料の製造を中心におこなっていたが、1960年代に事業を転換し、現在は主に吸水性樹脂を中心としたファインケミカルの大手として、その名を知られている。"
小川香料,"小川香料株式会社（おがわこうりょう、英称：Ogawa & Co.,Ltd.）は、東京都中央区日本橋本町に本社を置く香料の製造販売をおこなう企業である。日本第3位の香料メーカー。支店は大阪、研究所は浦安市（千葉県）、工場は津山市（岡山県）・阿見町（茨城県）、海外事業所は台北市（台湾）にある。グループ会社にサンダイヤ株式会社がある。大阪市中央区の小川香料大阪支店ビルは、建築家・本間乙彦によるアールデコ調のビルで、平成21年1月8日に登録有形文化財（建造物）に登録されている。"
小島化学薬品,"小島化学薬品株式会社（こじまかがくやくひん、英称:Kojima Chemicals Co.,Ltd.）は、埼玉県狭山市柏原に本社を置く貴金属を中心とした事業展開をしている企業である。"
小野産業,"小野産業 (英語: Ono Sangyo Co.,Ltd.) は、自動車、医療、遊戯機器関連の樹脂製品・プラスチック成形加工の企業。独自開発の高速ヒートサイクル成形（ＲＨＣＭ）技術など。"
小野田化学工業,小野田化学工業株式会社（おのだかがくこうぎょう）は、肥料・飼料・建材などの製造を行う化学メーカーである。リン酸化合物、ケイ酸化合物、フッ化物などを主力とする。慶應義塾大学の教授だった山口太郎の発明による焼成燐肥製造法を工業化するために小野田セメントにより発足。山口は2代目の社長となる。
小林製薬,"小林製薬株式会社（こばやしせいやく、Kobayashi Pharmaceutical Co., Ltd.）は、大阪市中央区道修町四丁目に本社を置く、医薬品と衛生雑貨（トイレタリー）の企画・製造・販売をおこなう日本の企業である。コーポレート・スローガンは「""あったらいいな""をカタチにする」。"
昭和化工,昭和化工株式会社（しょうわかこう、英称：Showa Kako Corp.）は、大阪府吹田市芳野町に本社を置く、主に有機合成による化成品の製造販売をおこなう企業である。
昭和金属工業,"昭和金属工業株式会社（しょうわきんぞくこうぎょう、 SHOWA KINZOKU KOGYO Co.,Ltd.）は、茨城県桜川市に本社を構える、親会社を日油株式会社とする火工品製造メーカー。親会社である日油株式会社の化薬事業部に属している。最近は自動車用安全部品用火工品(E-GG)事業に注力している。"
昭和電工,昭和電工株式会社（しょうわでんこう、英: Showa Denko K.K.）は日本の化学工業会社。戦前は森コンツェルンの中核企業であった。森矗昶が設立した日本電気工業と、味の素傘下で、やはり森が経営に参加した昭和肥料の合併により、1939年（昭和14年）6月に設立された。「昭和電工」という社名は、この両社名を組み合わせたものに由来する。2011年（平成23年）3月7日より、同社グループのスローガンとして「具体化。」（英文では”Shaping Ideas”）が制定され、あわせて鉛筆をモチーフとしたシンボルマークも制定された。
昭和電工ガスプロダクツ,昭和電工ガスプロダクツ株式会社（しょうわでんこうガスプロダクツ）は、日本の化学メーカー。
松本油脂製薬,松本油脂製薬株式会社（まつもとゆしせいやく）は、大阪府八尾市渋川町に本社を置く、主に界面活性剤などを製造する化学品製造企業である。1926年（大正15年）創業。みどり会会員企業である。
上野製薬,上野製薬株式会社（うえのせいやく、英称：UENO FINE CHEMICALS INDUSTRY.LTD.）は、大阪府大阪市中央区高麗橋に本社を置く、化学薬品や食品添加物等の製造を中心とする化学工業品製造企業である。
信越ポリマー,"信越ポリマー株式会社（しんえつポリマー、英称：Shin-Etsu Polymer Co., Ltd.）は、1960年9月に設立された日本の化学メーカーである。親会社の信越化学工業が生産した塩ビ樹脂・珪素樹脂等を原料とした加工品製造を主としている。携帯電話ボタン製造は世界首位。ウエハ容器では世界第2位である。"
信越化学工業,"信越化学工業株式会社（しんえつかがくこうぎょう、英: Shin-Etsu Chemical Co., Ltd.）は、東京都千代田区大手町に本社を置く、日本の化学メーカーである。東京証券取引所・名古屋証券取引所一部上場。"
新日化エポキシ製造,新日化エポキシ製造株式会社（しんにっかエポキシせいぞう）は、新日鉄住金化学グループの化学メーカーである。エポキシ樹脂を製造する。
新日鉄住金化学,"新日鉄住金化学株式会社（しんにってつすみきんかがく、英文社名 NIPPON STEEL & SUMIKIN CHEMICAL CO., LTD.）は、新日鐵住金グループの化学メーカー。主に石炭化学・石油化学分野の事業を行う。"
新日本石油化学,新日本石油化学株式会社（しんにほんせきゆかがく）は、かつて存在した新日本石油グループの石油化学メーカー。2008年（平成20年）4月に新日本石油の石油精製を担う新日本石油精製に吸収合併された。
新日本理化,"新日本理化株式会社（しんにほんりか、英：New Japan Chemical co., ltd.）は、大阪府大阪市に本社を置く、天然油脂や石油から各種添加剤、界面活性剤、合成樹脂原料等を製造する化学メーカーである。"
真田嘉商店,有限会社 真田嘉商店（さなだよししょうてん）は、香川県高松市塩上町に本社を置く自転車やスクーター、オートバイ等の乗用に関する商品を製造している企業である。
神東塗料,"神東塗料株式会社（しんとうとりょう、英文社名:SHINTO PAINT CO., LTD.）は、兵庫県尼崎市南塚口町に本社を置く、住化グループの塗料メーカーである。塗料は国内4位。自動車用塗料で米国デュポンと提携。水性塗料が70%を占める。"
水谷ペイント,水谷ペイント株式会社（みずたにペイント）は大阪府大阪市淀川区に本社を置き、塗料用樹脂の合成、塗料の製造販売及びその関連業務を行う企業である。
水島合金鉄,"水島合金鉄 株式会社 （みずしまごうきんてつ、英文社名：Mizushima Ferroalloy Co.,Ltd.）は、岡山県倉敷市水島に本社を置くマンガン系合金鉄の製造販売を行うJFEスチールの関連会社である。"
星光PMC,星光PMC株式会社（せいこうピーエムシー、Seiko PMC Corporation）は、日本の化学メーカー。DICの子会社。「PMC」は「Paper Making Chemicals」の頭文字。
生科研,"株式会社生科研（せいかけん、Seikaken Co.,Ltd.）は、熊本県阿蘇郡西原村に本社を置く土壌用肥料の製造・販売、土壌分析や土壌改良剤・ミネラル剤・作物栄養剤の研究開発、製造、販売を行う企業。創始者の中島常充が提唱する「中島農法」の土壌分析や認証などで知られる。"
西日本シロアリ,株式会社西日本シロアリ（にしにっぽんしろあり）は、鹿児島県鹿児島市新屋敷町に本社を置く害虫駆除業者である。
石原ケミカル,石原ケミカル株式会社（いしはらけみかる）は兵庫県神戸市兵庫区に本社を置く化学薬品メーカーである。金属表面処理剤の大手。めっき液でシェア6割強を持つ。そのほか電子材料や自動車用化学製品も手がける。平成25年10月1日に旧社名（石原薬品株式会社）から社名を変更した。東京証券取引所第二部に上場している。
石原産業,石原産業株式会社（いしはらさんぎょう）は、大阪府大阪市西区に本社を置く大手化学メーカーである。主力工場は四日市市石原地区に、滋賀県草津市に中央研究所を持つ。
積水化学工業,積水化学工業株式会社（せきすいかがくこうぎょう）は、本店・大阪本社を大阪府大阪市北区に、東京本社を東京都港区に置く、住宅、管工機材、住宅建材や建材用の化成品、高機能プラスチックなどを中心に製造する大手樹脂加工メーカーである。
積水化成品工業,"積水化成品工業株式会社（せきすいかせいひんこうぎょう、Sekisui Plastics Co., Ltd.）は、発泡樹脂（EPS=発泡スチロール）を製造する最大手の企業である。"
積水樹脂,積水樹脂株式会社（せきすいじゅし、英: Sekisui Jushi Corporation）は、大阪府大阪市北区に本社を置く防音壁、人工芝、防護柵、梱包材などを製造、販売する化学メーカーである。積水化学工業の関連会社。
赤穂化成,"赤穂化成株式会社（あこうかせい、英称:Ako Kasei Co.,Ltd.）は、兵庫県赤穂市坂越に本社を置く海洋深層水を加工した飲料水や食品などを製造・販売する企業である。"
川崎化成工業,川崎化成工業株式会社（かわさきかせいこうぎょう、英文名称KAWASAKI KASEI CHEMICALS LTD.）は、無水フタル酸などの有機酸製品の製造を行う化学メーカー。かつては三菱化学の関連会社であったが、現在はエア・ウォーターの子会社。東証二部上場。
川上塗料,川上塗料株式会社は、兵庫県尼崎市に本社をおく、各種塗料の製造・販売を行う企業である。
曽田香料,"曽田香料株式会社（そだこうりょう、Soda Aromatic Co., Ltd.）は、日本第3位の香料メーカー。1915年（大正4年）創業。"
素数_(企業),素数株式会社（そすう Sosu Company Limited.）は、日本の化粧品・健康食品製造販売会社。東京都渋谷区に本社がある。
多木化学,"多木化学株式会社（たきかがく、英称：Taki Chemical Co., Ltd.）は兵庫県加古川市別府町に本社を置く複合肥料・化学品製造企業である。1885年創業。"
太平化学製品,太平化学製品株式会社（たいへいかがくせいひん）は、埼玉県川口市に本社を置く、合成樹脂や化成品の製造販売を行う企業である。東ソー株式会社の子会社。
太陽油脂,太陽油脂株式会社（たいようゆし）は、洗剤・石鹸・食用加工油脂などを製造する企業。本社所在地は神奈川県横浜市神奈川区守屋町。石鹸や化粧品は一般にはパックスブランドで知られている。
大橋化学工業,大橋化学工業株式会社（おおはしかがくこうぎょう、英称：OHASHI CHEMICAL INDUSTRIES LTD.）は、大阪府茨木市畑田町に本社を置く、塗料の製造販売をおこなう企業である。1928年創業。
大阪有機化学工業,大阪有機化学工業株式会社（おおさかゆうきかがくこうぎょう、英: OSAKA ORGANIC CHEMICAL INDUSTRY LTD）は、大阪府大阪市中央区に本社を置く日本の化学メーカーである。
大成ラミック,大成ラミック株式会社（たいせいラミック）は、埼玉県白岡市に本社を置くプラスチックフィルムなどを製造、販売するメーカーである。
大倉工業,"大倉工業株式会社（おおくらこうぎょう、英: Okura Industrial Co.,Ltd.）は、香川県丸亀市に本社を置く合成樹脂フィルムなどを製造する加工メーカー。"
大塚化学,"大塚化学株式会社（おおつかかがく、Otsuka Chemical Co., Ltd.）は、大塚グループの化学メーカーである。"
大同塗料,大同塗料株式会社（だいどうとりょう、英称：DAIDO CORPORATION.）は、大阪府大阪市淀川区に本社を置く塗料の製造販売をおこなう企業である。
大日精化工業,"大日精化工業株式会社（だいにちせいかこうぎょう、Dainichiseika Color & Chemicals Mfg.Co.,Ltd.）は、顔料や着色剤等の製造販売を行う日本の化学会社。事業内容は以下のとおり。 無機・有機顔料及び加工顔料 プラスチック用着色剤 繊維用着色剤 印刷インキ・コーティング材及び関連機材 合成皮革材料などポリウレタン樹脂 天然由来高分子及びパーソナルケア関連材料 機能性付与材料 CCMシステムの製造及び販売"
大日本除虫菊,大日本除虫菊株式会社（だいにほんじょちゅうぎく）は、大阪府大阪市西区土佐堀に本社を置く、殺虫剤など衛生薬品の製造・販売をおこなう日本の日用品メーカーである。みどり会加盟企業である。
大日本塗料,"大日本塗料株式会社（だいにっぽんとりょう、DAI NIPPON TORYO CO., LTD.）は関西ペイント・日本ペイントに次ぐ、日本国内第3位の総合塗料メーカー。"
大洋化学工業,大洋化学工業（たいようかがくこうぎょう）は、富山県小矢部市に本社を置く肥料の製造・販売を行う企業である。
大陽日酸,大陽日酸株式会社（たいようにっさん、Taiyo Nippon Sanso Corporation）とは日本の産業ガスメーカーである。日本エア・リキード、エア・ウォーターと並び、日本での三大産業ガスメーカーの一つで、産業ガス事業では国内最大シェア。世界第5位。また日本国内最大の安定同位体メーカーでもある。海外では北米、東南アジア、インド等において積極的に事業展開している。さらに魔法瓶のサーモスを傘下に持つことでも知られる。
大和酸素,"大和酸素 株式会社 （だいわさんそ、英文社名：Daiwa Sanso Co.,Ltd.）は、岡山県岡山市に本社を置く酸素・高圧ガスの製造・販売を行う会社である。酸素・液化酸素など高圧ガスの製造販売は、事業の約60%を占める。愛媛県松山市に本社を置く、大和酸素工業とは無関係である。"
第一稀元素化学工業,第一稀元素化学工業株式会社（だいいちきげんそかがくこうぎょう）は、大阪府大阪市住之江区に本社を置く自動車排気ガス触媒や燃料電池車向けなどのジルコニウム化合物首位のメーカーである。世界シェア40～50%を占めるトップ企業である。ジルコニウム化合物を原料として自動車排ガス触媒、酸素センサー、ブレーキなどが作られていて、国内の自動車メーカーの酸素センサーについてはほぼ独占供給をしている。東証の第2部に上場している。
第一工業製薬,第一工業製薬株式会社（だいいちこうぎょうせいやく、英: DKS Co. Ltd.）は、産業・工業用の薬剤、添加剤、助剤などを製造販売している日本の化学品メーカーである。1909年（明治42年）に創業し、界面活性剤をはじめ、高分子材料、ウレタン、樹脂薬剤などを扱う。非イオン界面活性剤、カルボキシメチルセルロース(CMC)、シュガーエステルなどの分野で高いシェアを持つ。1918年（大正7年）に株式会社創立。本社は京都市に所在。
第一石鹸,第一石鹸株式会社（だいいちせっけん）は、群馬県邑楽郡板倉町に本社を置く洗剤医薬部外品化粧品などを製造する企業。豊田通商の関連会社。
谷口インキ製造,谷口インキ製造株式会社（たにぐちインキせいぞう）は、印刷用機材やインクの製造販売を主な事業とする日本の企業。
中央化学,"中央化学株式会社（ちゅうおうかがく、英文名称：Chuo Kagaku Co., Ltd.）は、プラスチック製食品包装容器メーカー。1961年1月創立。プラスチック製食品包装容器の製造及び販売を行っている。"
中外写真薬品,"中外写真薬品株式会社（英社名：CHUGAI PHOTO CEMICAL Co.,Ltd.）は、日本の写真現像薬品の製造を主とする企業である。"
中国化工,"中国化工 株式会社 （ちゅうごくかこう、英文社名：Chugoku Kako Co.,Ltd.）は、岡山県倉敷市に本社を置く粘着テープの製造を行う日本触媒の関連会社である。"
中国化薬,"中国化薬株式会社（ちゅうごくかやく、CHUGOKUKAYAKU CO.,LTD）は、広島県呉市に本社を置く化学薬品製造、武器製造のメーカー。自衛隊向けや、H-IIAロケット用の特殊な火薬類・火工品の製造、化学合成品の製造、飲料品の販売をしている。"
中国精油,"中国精油 株式会社 （ちゅうごくせいゆ、英文社名：Chusei Oil Co.,Ltd.）は、岡山県岡山市に本社を置く、石油化学品及び化学品の蒸留受託を行う会社である。"
中野製薬,中野製薬株式会社（なかのせいやく）は、京都市山科区に本社を置く、シャンプーやヘアワックスをはじめとするヘアスタイリング用品の製造・販売を行う化粧品会社である。
長岡香料,長岡香料株式会社（ながおかこうりょう）は、大阪府大阪市に本社を置く香料メーカーである。創業は1895年。2005年の調査では、売上高は日本の香料業界第5位であった。
長谷川香料,"長谷川香料株式会社（はせがわこうりょう、英称：T. HASEGAWA CO., LTD.）は、東京都中央区に本社を置く日本の香料メーカーである。香料で国内2位のシェアを誇り、特に飲料用に圧倒的シェアを持つことで知られる。また2011年の世界市場シェアは2.6％で8番目に位置する。"
鶴見曹達,"鶴見曹達株式会社（つるみソーダ、英文名称Tsurumi Soda Co.,Ltd.）は、かつて存在した苛性ソーダや塩素など電解製品の製造を行う企業。2002年（平成14年）7月に東亞合成の完全子会社となったが、その後2013年（平成25年）1月には同じく完全子会社の日本純薬と共に東亞合成へ吸収合併された。"
帝人ファーマ,帝人ファーマ株式会社（ていじんファーマ、英: TEIJIN PHARMA LIMITED.）は東京都千代田区に本社を置く、帝人グループの製薬会社。骨・関節系、呼吸器系、代謝・循環器系の医薬品や在宅医療機器の製造・販売を行う。2009年に、40年ぶりの痛風・高尿酸血症治療薬であるフェブキソスタットを発売した（日本国内では2011年発売）。
帝人化成,帝人化成株式会社（ていじんかせい、英文名称Teijin Chemicals Ltd.）は、かつて存在した帝人グループの化学メーカー。コンパクトディスク用のポリカーボネート樹脂や難燃剤、農薬などの製造を行っていた。(事業は、帝人株式会社、池田興業株式会社に継続される。)
天然新素材科学研究所,"天然新素材科学研究所株式会社（てんねんしんそざいかがくけんきゅうしょ、英語: Research Institute for Novel Natural-Materials Co., Ltd.）は、日本の化学メーカー。略称はTSK。"
天馬_(企業),天馬株式会社（てんま）は、東京都北区に本社を置くプラスチック製品のメーカー。
田岡化学工業,"田岡化学工業株式会社（たおかかがくこうぎょう、英文名：Taoka Chemical Company, Limited）は、大阪市淀川区に本社を置く、住化グループの化学メーカーである。染料、接着剤から医・農薬中間体など精密化学分野へ。インド、シンガポールにも子会社を持つ。"
田中化学研究所,株式会社田中化学研究所（たなかかがくけんきゅうじょ）は、福井県福井市に本社を置く化学工業メーカー。主に二次電池の正極材料を研究、開発、生産している。
東ソー,東ソー株式会社（とうソー、英: TOSOH CORPORATION）は、日本の総合化学メーカー。本社は東京都港区にあるが、登記上本店は山口県周南市（旧・新南陽市）。旧社名は東洋曹達工業。東京証券取引所一部上場。同社の企業メッセージは「明日のしあわせを化学する」である。
東リ,東リ株式会社（とうリ、英: TOLI Corporation）は、床材、家庭用の壁紙、カーペット、カーテン、住宅建材を製造販売する会社。兵庫県伊丹市に本社がある。戦前は山口財閥の唯一の生産企業であった。社名の類似性から化学繊維メーカーの東レ株式会社と混同されることがある。両社に関係はないが、カーペット事業などで取引があり、ビジネス関係は深い。また他に、社名が類似している会社に東ソー株式会社や旧東邦レーヨン株式会社（現・東邦テナックス）がある。
東レ・ダウコーニング,"東レ・ダウコーニング株式会社（とうレダウコーニング、Dow Corning Toray Co.,Ltd.）は、ダウコーニング・ホールディング・ジャパンと東レの合弁会社。ダウコーニング・ホールディング・ジャパン、東レのそれぞれの出資比率は65%と35%である。"
東京ガスケミカル,"東京ガスケミカル株式会社（とうきょうガスケミカル、英: Tokyo Gas Chemicals Co., Ltd.）は東京ガスグループに属し、各種産業用ガスや化成品の製造・販売を行う企業。都市ガスを石炭から製造していた当時はコールタールやベンゼンなどが主力であったが、都市ガスの供給システムが天然ガス（メタン）に切り替わった現在ではLNG冷熱を利用した各種液化ガスの供給が増えている。"
東京応化工業,"東京応化工業株式会社（とうきょうおうかこうぎょう、TOKYO OHKA KOGYO Co., Ltd.）は、半導体・プリント基板製造に用いるフォトレジスト（感光性樹脂）等の製造を行う日本の化学会社である。"
東京化成工業,"東京化成工業株式会社（とうきょうかせいこうぎょう、Tokyo Chemical Industry Co., Ltd.）は、東京都中央区に本社を置く、化学品の製造会社。試薬を主体に、化成品や受託製造にも対応している。欧米や中国にも海外拠点を持つ。"
東山フイルム,"東山フイルム株式会社（ひがしやまフイルム、英: HIGASHIYAMA FILM CO., LTD.）は、愛知県名古屋市守山区に本社を置くフィルム加工メーカー。"
東燃化学,東燃化学合同会社（とうねんかがく、英文名称Tonen Chemical Corporation.）は、東燃ゼネラル石油子会社の化学メーカー。合成樹脂原料など石油化学製品の製造を行う。
東邦化学工業,"東邦化学工業株式会社（とうほうかがくこうぎょう、英: TOHO Chemical Industry Co.,Ltd.）は、東京都中央区に本社を置く界面活性剤を主力とする化学メーカーである。東京証券取引所2部上場企業。"
東北東ソー化学,"東北東ソー化学株式会社（とうほくとうソーかがく、英: TOHOKU TOSOH CHEMICAL CO.,LTD）は、山形県酒田市に本社を置く化学メーカー。東ソーの完全子会社で、無機化学品や化学肥料などの製造を行う。前身となる鐵興社は1925年に創業した。"
東名化成,"東名化成株式会社（とうめいかせい、英: Tomei Kasei Co.,Ltd. ）は、愛知県日進市に本社を置く日本の化成品のメーカー。倉敷紡績の100%子会社で、ポリウレタンフォーム製品などの製造加工販売を主要事業としている。"
東洋インキSCホールディングス,"東洋インキSCホールディングス株式会社（とうようインキエスシーホールディングス、TOYO INK SC HOLDINGS CO., LTD.）は、日本の化学メーカー。"
東洋スチレン,"東洋スチレン株式会社（とうようスチレン、英文名称 TOYO STYRENE Co., Ltd.）は、ポリスチレンを製造する化学メーカー。電気化学工業と新日鐵化学（現・新日鉄住金化学）・ダイセル化学工業（現・ダイセル）の3社の事業を統合して1999年（平成11年）に発足した。"
東洋合成工業,東洋合成工業株式会社（とうようごうせいこうぎょう）は、東京都台東区に本社を置く有機工業薬品・有機溶剤等の製造・販売事業者。
東亞合成,東亞合成株式会社（とうあごうせい）は、瞬間接着剤である「アロンアルフア」などを製造している化学メーカーである。接着剤のほかにアクリル製品、苛性ソーダなどの基礎化学品、紫外線硬化型樹脂などの機能材料、その他樹脂加工製品を扱っている。HSD（Holography System Development） FORUMメンバー企業。三井グループ（三井月曜会に所属）。
筒中プラスチック工業,"筒中プラスチック工業株式会社（つつなかぷらすっちっくこうぎょう、英文名：TSUTSUNAKA PLASTIC INDUSTRY Co.,Ltd.）は、かつて存在した住友グループ（住化グループ）の化学会社である。　大阪府大阪市に本社を置いていた。"
藤森工業,"藤森工業株式会社(ふじもりこうぎょう、英:FUJIMORI KOGYO CO.,LTD)は、東京都新宿区に本社を置く包装資材製造メーカー。『ZACROS』というハウスネームを制定している。2014年4月1日に創立100周年を迎える。"
藤倉化成,藤倉化成株式会社（ふじくら・かせい）は、フジクラ（旧：藤倉電線株式会社）系のアクリル樹脂派生製品の4事業を柱とする、プラスチックコーティング材大手の化学企業である。
内外ゴム,内外ゴム株式会社（ないがい - ）は、自動車用チューブや配管器材、フロート、ダイヤフラム、軟式野球ボール、ソフトボール、サンダルなどのゴム製品、加速度センサの製造・販売を行う日本の企業である。本社は兵庫県明石市。
南海化学,"南海化学株式会社（なんかいかがく、英称：Nankai Chemical Industry Co.,Ltd.）は、大阪府に本社を置く化学メーカー。和歌山市と高知市に工場を有し、基礎化学品の製造を行う。"
日亜化学工業,日亜化学工業株式会社（にちあかがくこうぎょう）は徳島県阿南市に本社を持つ化学会社。略称として、日亜（にちあ）・日亜化学（にちあかがく）等と言われる。発光ダイオードなどの電子デバイスや蛍光灯などに使われる蛍光体を扱う。以前はストレプトマイシンの製造にも携わっていた。
日華化学,日華化学株式会社（にっかかがく）は、福井県福井市に本社を置く企業。繊維加工用界面活性剤の製造・販売を主力に、業務用洗剤・化粧品の製造・販売やバイオ事業などを展開する。
日弘ビックス,"日弘ビックス株式会社（にっこうビックス、英文名称NIKKO BICS Co.,Ltd.）は、「コロナー」ブランドの合成樹脂用顔料系着色材の製造を行う企業。分散技術に強みを持ち、特に白の顔料を得意とする。ホワイトボード用マーカーをはじめとする文具用顔料や、携帯電話のボディなどに使われる機能色材でも独自の技術を持つ。"
日産化学工業,日産化学工業株式会社（にっさんかがくこうぎょう）は、1887年（明治20年）4月、日本最初の化学肥料製造会社として誕生した日本の化学会社。
日東エフシー,"日東エフシー株式会社（にっとうエフシー、英: Nitto FC Co., Ltd.）は、愛知県名古屋市港区に本社を置く、化学肥料メーカーである。"
日東ライフテック,日東ライフテック株式会社（にっとう-、NITTO LIFETEC CORPORATION）は無溶剤粘着テープの製造・開発・販売および通気材料、ヘルスケア製品の製造・開発・販売を行う企業。日東電工の子会社である。特に溶剤を使わない接着（ホットメルト、粘着テープなど）の技術開発に強みを持っている。
日東製油,日東製油株式会社（にっとうせいゆ）は、大阪府大阪市西淀川区御幣島に本社を置く、工業用潤滑油の製造をおこなう企業である。1934年創業。
日東電工,日東電工株式会社（にっとうでんこう、英: Nitto Denko Corporation）は、大阪市に本社を置く、粘着テープなどの包装材料・半導体関連材料・光学フィルムなどを製造する株式会社である。三和グループ・みどり会に加盟。
日之出化学工業,日之出化学工業株式会社（ひのでかがくこうぎょう）は、京都府舞鶴市に本社を置く日本の企業。1949年(昭和24年)、当時の国家的な最重要課題であった食糧増産政策に基づき、燐酸質肥料の一種である熔成燐酸肥料(通称「ようりん」)メーカーとして東京都港区に設立された。1970年(昭和45年)には販売等に関して三井グループの化学企業である電気化学工業と業務提携を行うが、現在に至るまで「ようりん」のトップメーカーとして知られる。なお、1985年(昭和60年)には本社機能を主力工場がある舞鶴市へと移転した。
日宝化学,日宝化学株式会社（にっぽうかがく）は、東京都中央区に本社を置く日本の化学品メーカーである。南関東ガス田から鹹水を採取し、ヨウ素を生産することを目的に設立された。日本触媒が66.9%の株式を所有している。
日本アルキルアルミ,"日本アルキルアルミ株式会社（にっぽんアルキルアルミ、英文名称Nippon Aluminum Alkyls, Ltd.）は、アルキルアルミニウムをはじめとする有機金属化合物やその誘導体の製造を行う企業。三井化学と、アメリカのアルベマールコーポレーションの折半出資の合弁事業である。"
日本アルコール産業,日本アルコール産業株式会社（にっぽんアルコールさんぎょう）は、日本アルコール産業株式会社法（平成17年法律第32号）に基づいて、酒税法で規定されている酒類ではない発酵アルコール（工業用アルコール）の製造販売等を行う特殊会社。通称はJ.alco（ジェー・アルコ）。海外から輸入した粗留のアルコールを精製しているが、国産・海外産の糖蜜を原料にして発酵過程からの製造も行っている（鹿児島県・出水工場）。アルコールのほかにも、発酵過程から出る副生物から肥料や肥料・飼料の原料も製造しており、またアルコールを使用した除菌・消臭剤なども製造している。
日本エア・リキード,日本エア・リキード株式会社は、東京都港区に本社を置く産業ガスの大手メーカー。大陽日酸、エア・ウォーターと並び、日本の3大産業ガスメーカーの1つである。親会社の仏エア・リキード社は、世界シェア第1位。
日本エイアンドエル,日本エイアンドエル株式会社（にっぽんエイアンドエル、英: NIPPON A&L INC.）は、住友化学と三井化学の共同出資による化学メーカー。社名のA（ABS樹脂）&L（Latex=ラテックス）が示すとおり、合成樹脂と合成ゴムの製造が中心である。
日本エンバイロケミカルズ,日本エンバイロケミカルズ株式会社（にほんエンバイロケミカルズ）は、かつて存在した日本の化学品会社。大阪府大阪市西区千代崎三丁目に本社を置いていた。
日本オキシラン,"日本オキシラン株式会社（にほんオキシラン、英: Nihon Oxirane Co.,Ltd.）は、住友化学グループの化学メーカーである。"
日本カーバイド工業,日本カーバイド工業株式会社（にっぽんカーバイドこうぎょう）は、1935年に誕生した日本の化学会社。
日本カニゼン,"日本カニゼン株式会社（JAPAN KANIGEN Co., Ltd.）は、東京都足立区に本社を置く、日本パーカライジング株式会社が100%出資する無電解めっきを日本で初めて工業化した企業。"
日本ゼオン,日本ゼオン株式会社（にっぽんゼオン、英: Zeon Corporation）は、東京都千代田区丸の内に本社を置く古河グループの化学メーカーである。元は塩化ビニル樹脂のメーカーとして、米国B.F.グッドリッチ・ケミカル社の資本と技術で設立されたが、現在では特殊合成ゴムや高機能樹脂をメインとしており、合成ゴムではJSRと双璧をなす。
日本ダイオネクス,日本ダイオネクス株式会社（にっぽんだいおねくす）は、イオンクロマトグラフ、HPLC、高速溶媒抽出装置、クロマトグラフィーマネジメントシステムの輸入、販売、開発、アフターサービスを行っている。
日本デコラックス,"日本デコラックス株式会社（にほんデコラックス、英: NIHON DECOLUXE CO., LTD.）は、愛知県丹羽郡扶桑町に本社を置く建築材料メーカー。メラミン化粧板やケミカルアンカーなどの製造販売を行っている。"
日本パーオキサイド,"日本パーオキサイド株式会社（にっぽんパーオキサイド、英: Nippon Peroxide Co.,Ltd.）は、かつて存在した過酸化水素などの無機化学薬品の製造を行っていた化学メーカー。保土谷化学工業の完全子会社であったが、2013年7月1日に吸収合併された。"
日本パーカーライジング広島工場,"株式会社日本パーカーライジング広島工場（にほんパーカーライジングひろしまこうじょう、NIHON PARKERIZING HIROSHIMA WORKS Co., Ltd.）は、広島県広島市中区大手町に本社を置く、金属表面処理、道路標識、道路標示の製造・販売などを行う会社。"
日本パーカライジング,"日本パーカライジング株式会社（にほんパーカライジング、Nihon Parkerizing Co., Ltd.）は、東京都中央区日本橋に本社を置く、金属表面処理などを行う会社。"
日本バルカー工業,"日本バルカー工業株式会社（にっぽんばるかーこうぎょう、英: Nippon Valqua Industries, Ltd.）は、東京都品川区に本社を置く産業用のふっ素樹脂や高機能ゴムなど素材製品のメーカーである。バルカー（VALQUA）とは、「Value」と「Quality」の二つの単語を組み合わせた造語。"
日本ヒルズ・コルゲート,日本ヒルズ・コルゲート株式会社(にほんひるず・こるげーと、Hill's-Colgate（JAPAN）Ltd.)は、ペットフード（ドッグフード・キャットフード）の販売メーカーである。親会社はアメリカ企業の「ヒルズ ペット ニュートリション インク」である。ちなみに、「コルゲート」は歯磨きメーカーの米国コルゲート・パルモリブ(en:Colgate-Palmolive)に由来し、かつて花王との合弁会社として「こどもコルゲート」などの商品を販売していた（花王製品一覧も参照のこと）。ペットフードを取り扱う企業としては唯一、東京ディズニーリゾートの参加企業（スポンサー）として、「ペットクラブ」（東京ディズニーランド・東京ディズニーシー）を提供していた。（2006年9月3日付で契約を解消）
日本ファインケム,株式会社日本ファインケムは、日本の化学メーカー。
日本ペイント,日本ペイント株式会社（にっぽんペイント）は、東京都品川区に本社を置く汎用塗料の製造販売をおこなう企業である。会社の通称は「ニッペ」で、家庭用塗料には「ニッペホームペイント」とつく商品が多い。2014年10月1日、持株会社体制への移行に伴い、従来の日本ペイント株式会社は日本ペイントホールディングス株式会社に商号変更され持株会社となり、新設分割により事業会社の日本ペイント株式会社が設立された。2015年4月1日、日本ペイントグループは事業別に子会社を再編。2014年設立の日本ペイント株式会社から汎用塗料事業以外の事業を他の子会社に分割し、同社は日本ペイント販売株式会社に吸収合併され、日本ペイント株式会社（3代目）に商号変更した。本項では、持株会社化以前の日本ペイントおよび現在の事業会社たる日本ペイントについて記す。コーポレート・スローガンはBasic&New、それより前のスローガンは「豊かな心で未来をひらく」であった。
日本ペイントホールディングス,日本ペイントホールディングス株式会社（にっぽんペイントホールディングス）は、大阪府大阪市北区に本社を置く日本ペイントグループの持株会社。
日本ボーサイ工業,株式会社日本ボーサイ工業（にほんボーサイこうぎょう）は、東京都府中市新町に本社を置く道路反射鏡、道路標識などを製造、販売、設置などを行っている化学メーカーである。
日本ポリウレタン工業,"日本ポリウレタン工業株式会社（にっぽんポリウレタンこうぎょう、英: Nippon Polyurethane Industry Co.,Ltd.）は、かつて存在したポリウレタンおよびその誘導体の製造を行っていた日本の企業。2014年10月に東ソーに吸収合併された。"
日本ポリグル,日本ポリグル株式会社（にほんポリグル）は、ポリグルタミン酸の製造販売を中心に、水質浄化事業を行っている会社。
日本ポリケム,日本ポリケム株式会社（英文名称Japan polychem Corporation.）は、東京都千代田区に本社を置く三菱化学100%出資の純粋持株会社（中間持株会社）。日本ポリプロ、日本ポリエチレン、ダイヤテックス、Mytex Polymers US Corpの4社を傘下に持つ。
日本ポリスチレン,日本ポリスチレン株式会社（にほんポリスチレン、英文名称Japan PolyStyrene Inc.）は、住友化学と三井化学のポリスチレン事業を統合して設立された合成樹脂メーカー。市場動向の変動により、2009年秋に操業を停止した。かつて存在した日本ポリスチレン工業（略称NPS、2001年に親会社の昭和電工と合併）は別会社であり、直接のつながりはない。
日本ポリプロ,日本ポリプロ株式会社（英文名称Japan Polypropylene Corporation）は、ポリプロピレン樹脂の製造を行う化学メーカー。2003年（平成15年）10月に日本ポリケム（65%）とJNC石油化学（当時の商号はチッソ石油化学）（35%）の共同出資により設立されたが、日本ポリケムは三菱化学の、JNC石油化学はJNCのそれぞれ100%出資であるため、実質上は三菱化学とJNCの合弁事業であると言える。
日本マタイ,日本マタイ株式会社（にほんマタイ）は、包装容器を製造販売する会社。
日本メナード化粧品,日本メナード化粧品株式会社（にほんメナードけしょうひん）は名古屋市中区丸の内に本社を置く、化粧品・医薬部外品・健康食品の製造・販売メーカー。
日本ユピカ,日本ユピカ株式会社（にほんユピカ）は、三菱ガス化学と東洋紡の合弁による合成樹脂メーカーである。1977年に、両社の不飽和ポリエステル樹脂事業を統合して設立された。
日本液炭,日本液炭株式会社（にっぽんえきたん）は、日本の炭酸ガスメーカー。炭酸ガスシェアは日本国内首位。
日本化学工業,日本化学工業株式会社（にほんかがくこうぎょう）は、東京都江東区に本社を置く化学メーカー。日本の無機化学の分野では首位級である。
日本化成,日本化成株式会社（にっぽんかせい）は、福島県いわき市に本店を、東京都中央区に本社を置く、化学工業メーカーである。なお同名異音となる建材メーカー「日本化成（にほんかせい）」とは無関係。
日本化薬,日本化薬株式会社（にっぽんかやく）は、東京都千代田区に本社を置く薬品メーカー。医薬品や農薬などの薬品のほか火薬なども製造している。火薬事業から出発し、日本初のダイナマイトを製造した。日本を代表する株価指数である日経225にも採用されている会社である。
日本合成化学工業,"日本合成化学工業株式会社（にっぽんごうせいかがくこうぎょう、英文名称The Nippon Synthetic Chemical Industry Co.,Ltd.）は、大阪府に本社を置く化学メーカー。三菱化学グループに属し、酢酸や機能性樹脂の製造を行う。"
日本触媒,"株式会社日本触媒（にっぽんしょくばい、英称：Nippon Shokubai Co., Ltd.）は、大阪市中央区高麗橋と東京都千代田区内幸町に本社を置く化学品製造企業である。1941年創業。"
日本酢ビ・ポバール,"日本酢ビ・ポバール株式会社（にほんさくビ・ポバール、英文名称JAPAN VAM & POVAL CO.,LTD.）は、酢酸ビニルやポバール（ポリビニルアルコール）の製造を行う企業。信越化学工業とユニチカの共同出資により設立されたが、現在は信越化学工業の100%子会社となっている。"
日本製紙ケミカル,"日本製紙ケミカル株式会社（にっぽんせいしケミカル、英文社名 NIPPON PAPER Chemicals CO., LTD.）は、かつて存在した日本製紙グループの化成品メーカー。日本国内で唯一溶解パルプを製造していたほか、カルボキシメチルセルロースなどの機能性化成品、塩素化ポリオレフィンなどの機能性コーティング樹脂、ディスプレイ用機能性フィルムなどの製造を手がけていた。2012年10月1日、親会社の日本製紙に吸収合併され、同社のケミカル事業本部となった。"
日本曹達,"日本曹達株式会社（にほんソーダ、英文名:Nippon Soda Co., Ltd.）は、東京都千代田区に本社がある日本の化学会社。略称は「日曹」（にっそう）。かつては日曹コンツェルンの中核企業であった。"
日本特殊塗料,日本特殊塗料株式会社（にほんとくしゅとりょう）は東京都北区に本社を置く化学メーカー。航空機用塗料や遮熱塗料など特種用途塗料、および防音材などの自動車部品の製造を行う。遮熱塗料の日本における市場占有率は首位である。
日本農薬,"日本農薬株式会社（にほんのうやく、英: Nihon Nohyaku Co., Ltd.）は、東京都中央区に本社を置く、古河グループの農薬・医薬品などを製造する企業である。自社で抗真菌成分のラノコナゾールを創製しており、医療用医薬品は「アスタット」の商品名でマルホが、一般用医薬品は「ピロエースZ」・「ウィンダム」の商品名で第一三共ヘルスケアがそれぞれ製造販売している（かつては製造も手掛けていたが、現在はそれぞれの販売会社で製造・販売を手掛けている）。"
日油,日油株式会社（にちゆ、NOF CORPORATION）は、日産コンツェルンに由来する日本の化学メーカー。旧日本油脂株式会社。「バイオから宇宙まで」のキャッチフレーズが示すように、油化、化成、化薬、食品、機能フィルム、ライフサイエンス、電材、DDS（ドラッグデリバリーシステム）、防錆と幅広い事業をカバーする多角化企業である。化成事業で生産している有機過酸化物、機能フィルム事業で生産しているプラズマテレビ用の反射防止フィルムは、国内、海外ともに高いシェアを誇る。化薬事業においては、H-IIAロケット打ち上げ用固体推進薬のメーカーとして、宇宙開発事業に携わっている。
日立化成,"日立化成株式会社（ひたちかせい）は、日立製作所の化学部門が独立した日立グループの大手化学（樹脂加工・機能性化学）メーカー。半導体材料などで多数の世界トップシェア製品を有し、リチウムイオン二次電池用負極材で最大手。日立グループの代表的企業であり、かつては日立金属・旧日立電線とともに、日立御三家と呼ばれていた。新神戸電機などを含む約60社、人員17,000人以上を擁する日立化成グループを独自に形成している。日立グループの中でも、自主独立して事業運営されており社長も生え抜きである。また、利益の面でも日立グループを牽引しており、日本経済新聞社発表の「優れた会社ランキング」において、毎年、上位（2005年、2006年は日立グループでトップ）にランクインしている。一部上場。委員会設置会社。"
白元,株式会社 白元（はくげん）は、かつて防虫剤、脱臭剤、化粧品、殺虫剤などを製造販売していた総合日用品メーカーである。2014年（平成26年）9月1日にアース製薬株式会社の子会社である白元アース株式会社へ事業を譲渡し、現在は民事再生手続中。
白元アース,白元アース株式会社（はくげんアース）は、防虫剤、脱臭剤、化粧品、殺虫剤などを製造販売している総合日用品メーカーで、アース製薬グループの企業である。経営破綻した白元の事業譲渡の受け皿として設立された。
富士シリシア化学,富士シリシア化学株式会社（ふじシリシアかがく）は、日本の化学製品メーカー。本社は愛知県春日井市。
富士チタン工業,富士チタン工業株式会社（ふじちたんこうぎょう）は、化合繊用酸化チタン及びチタン酸バリウムなど電子材料を中心とする無機酸化物材料メーカーである。日本で最初に酸化チタン製造の工業化に成功して以来、国内外の化繊・合繊メーカーや電子部品メーカーにファインセラミックス材料を供給している。同社は酸化チタン工業化のため、石原産業と旭化成工業（現・旭化成）の合弁により設立。その後、株式上場するも経営不振や旭化成のグループ事業再編等もあって石原産業が完全子会社化、現在に至る。
富士フイルム,富士フイルム株式会社（ふじフイルム、英語: Fujifilm Corporation）は、日本の精密化学メーカーである。カメラ、デジタルカメラ、一般・エックス線写真・映画用フィルムから印画紙（プリント）、現像装置などに至る写真システムの一式、複写機などのOA機器などのほか、化粧品や健康食品も製造・販売している。略称は「富士フイルム」、「富士」、「フジ」、「富士写」など。本社は東京都港区に2箇所置いている。東京ミッドタウン本社と西麻布本社（高樹町）で、登記上の本店は後者にある。
富士フイルムホールディングス,富士フイルムホールディングス株式会社（ふじフイルムホールディングス、英語：FUJIFILM Holdings Corporation）は、富士フイルムと富士ゼロックスを傘下に持つ持株会社である。
富士フレーバー,富士フレーバー株式会社（ふじフレーバー）は、東京都羽村市に本社を置く香料メーカーである。日本たばこ産業の100%子会社であり、タバコ・食品向け香料のおよび害虫誘引剤の製造を行う。創業は1971年。2005年の調査では、売上高は日本の香料業界第8位であった。
扶桑化学工業,"扶桑化学工業株式会社（ふそうかがくこうぎょう、英文社名：Fuso Chemical Co., Ltd.）は、本社を大阪府大阪市中央区高麗橋に、東京本社を東京都中央区日本橋小舟町に置く化学品メーカーである。リンゴ酸・クエン酸などの果実酸や半導体研磨剤原料の超高純度コロイダルシリカでは世界的に大きなシェアを確保しており、経済産業省が2014年3月に公表した「グローバルニッチトップ企業100選」に選ばれている。"
平尾賛平商店,平尾賛平商店（ひらおさんぺいしょうてん、1878年 開業 - 1954年 廃業）は、かつて東京に存在した日本の化粧品メーカーである。レート（仏語LAIT）ブランドで知られる。「乳」を意味する語「lait」は、フランス語の発音では「レ」であり、そのつづりは英語読みであるものの、フランス語を化粧品名にした日本初の企業である。
米山薬品工業,"米山薬品工業株式会社（よねやまやくひんこうぎょう、英文社名：YONEYAMA YAKUHIN KOGYO CO.,LTD）は、大阪府大阪市中央区に本社を置く、化学品の製造会社。試薬を主体に、医薬品の製造販売も行っている。"
保土谷化学工業,"保土谷化学工業（ほどがやかがくこうぎょう、HODOGAYA CHEMICAL CO.,LTD.）は、旧興銀系の化学メーカー。染料や曹達化学を中心に、近年では機能性樹脂や電子材料も得意とする。その名が示すとおり横浜市保土ケ谷区が発祥地であるが、社名に「ケ」の字は入らない。また、現在保土ケ谷区内に事業所等は置かれていない。"
北海道曹達,"北海道曹達株式会社（ほっかいどうソーダ、英: HOKKAIDO SODA CO.,LTD.）は、北海道苫小牧市に本社を置く化学メーカー。塩素や水酸化ナトリウム（苛性ソーダ）などのソーダ化学製品を中心に製造する。北海道内における凍結防止剤の市場占有率は約9割を占め、化粧品原料などの多角化も進めている。青函連絡船による化成品航送が実施されていた頃は、後述の液化塩素や苛性ソーダ用の私有貨車を保有していた。"
北興化学工業,北興化学工業株式会社（ほくこうかがくこうぎょう、Hokko Chemical Industry）は、日本の化学メーカー。旧野村財閥系。農薬部門は全農と密接な関係を持ち、全農の販売網を通じて国内農薬市場の約10%を占めている。ファインケミカル部門は有機化合物の合成を得意とし、グリニャール反応は世界でもトップレベルにある。
北原産業,株式会社北原産業（きたはらさんぎょう）は、岡山県倉敷市にある総合食品容器メーカーである。東京都中央区に東京支店を設置し、日本全国を販売エリアとして展開している。
本州化学工業,"本州化学工業株式会社（ほんしゅうかがくこうぎょう、Honshu Chemical Industry Co.,Ltd.）は、液晶ポリマー用ビフェノール、フォトレジスト材料、ビタミンE原料等の製造を行う日本の化学会社である。三井グループと関係が深い。"
味の素ファインテクノ,"味の素ファインテクノ株式会社（あじのもとファインテクノ、英文名称Ajinomoto Fine-Techno Co.,Inc.）は、味の素グループの化学メーカー。"
未来工業,未来工業株式会社（みらいこうぎょう）は、電気設備資材、給排水設備およびガス設備資材の製造販売を行う会社。劇団が前身で残業ゼロ経営を標榜している。創業者・山田昭男は相談役を務めて居たが2014年7月30日に逝去している。2006年9月21日をもって、純粋持株会社であった未来株式会社を吸収合併し、未来グループ各社を統括する事業持株会社となった。
明化産業,明化産業株式会社（めいかさんぎょう）は、大阪府大阪市天王寺区に本社を置く化粧品製造企業である。1945年創業。
悠香,株式会社悠香（ゆうか）は、福岡県大野城市に本社を置く化粧品・医薬部外品製造会社。
有希化学,有希化学株式会社 （ゆうきかがく）は、新潟県新潟市江南区に本社を置く化学工業製品の製造販売を行う企業である。
有機合成薬品工業,有機合成薬品工業株式会社（ゆうきごうせいやくひんこうぎょう）は、東京都中央区に本社を置く日本の化学品メーカーである。
有沢製作所,株式会社有沢製作所（ありさわせいさくしょ）は、新潟県上越市に本社を置くエレクトロニクス関連材料などの開発・製造・販売を行う企業である。プリント基板向けの電子材料、レンズなど光学ディスプレー材料が主力。
淀川ヒューテック,淀川ヒューテック株式会社（よどがわヒューテック）は、大阪府吹田市江坂町に本社を置くフッ素樹脂を主とする化成品メーカーである。
理研香料工業,理研香料工業株式会社（りけんこうりょうこうぎょう）は、東京都港区に本社を置く香料メーカーである。鈴木梅太郎、大河内正敏らによって発明された合成清酒の製造副産物である高級アルコール類から香料を製造することを目的とし、理化学研究所を母体として1952年に設立された。食品・香粧品香料のほか、都市ガス等の着臭剤の製造を行う。
立石春洋堂,株式会社 立石春洋堂（たていししゅんようどう）は、大阪府東大阪市に本社を置く日本の化学用品メーカー。主に殺虫剤や日用品の製造・販売を行っている。ブランド名は『ヘキサチン』。
林純薬,"林純薬工業株式会社（はやしじゅんやくこうぎょう、英字表記：Hayashi Pure Chemical Ind.,Ltd. ）は、電子材料および試薬の製造・販売を行う化学メーカーである。本社を大阪市中央区内平野町に置く。"
鈴裕化学,"株式会社鈴裕化学（すずひろかがく、英: Suzuhiro Chemical Co., Ltd.）は、茨城県守谷市に本社を置く化学工業メーカーである。合成樹脂用難燃剤、難燃助剤の研究開発と製造を専門に行っている。"
和光ケミカル,"株式会社和光ケミカル（わこうケミカル、英称: WAKO CHEMICAL, LTD.）は、神奈川県小田原市に本社を置く日本の潤滑油、添加剤、カーケア・メインテナンス製品の製造・開発・販売を行う企業。1972年（昭和47年）創業。ブランド名はWAKO'S（ワコーズ）。"
和光純薬工業,"和光純薬工業株式会社（わこうじゅんやくこうぎょう-、英文:Wako Pure Chemical Industries, Ltd.）は、大阪府大阪市中央区道修町三丁目に本社を置く、武田薬品グループの化学会社である。"
和信ペイント,和信ペイント株式会社（わしんペイント）は、埼玉県幸手市に本社を置く家庭用塗料メーカーである。木工用ニスの専門メーカーとして知られる。
和泉化成,"和泉化成株式会社（いずみかせい、IZUMI KASEI Co.,Ltd.）は、愛知県一宮市に本社を置くプラスチック製品メーカーである。"
