AOpen,AOpen Inc.（エーオープン インコーポレイテッド 繁体字:建碁股有限公司）とは、マザーボード、光ディスクドライブ、入力装置などのコンピュータパーツを製造する台湾の電機メーカーである。
BMB,株式会社BMB（英称：BMB Corporation）（旧商号：株式会社ユーズ・BMB エンタテイメント）は、かつて存在した通信カラオケ機器の製造・開発・運用を事業とする会社。2010年5月にエクシングヘ吸収合併され消滅している。海外向けの関連会社（インターナショナル、中国（上海）、韓国）は2010年10月現在BMBを名乗りつづけている（外部リンク参照）。
CBC_(企業),CBC株式会社（シービーシー）は、東京都中央区に本社を置く、化学品、合成樹脂、医薬品、農薬、食品、医療機器、監視用レンズやカメラ等のセキュリティ機器、情報通信機器部品、アパレル、その他の輸出入・国内販売及び製造を手がける会社である。商社機能と製造会社機能の両方を強みとし「創造商社」という独自のビジネスモデルを標榜している。かつては、カネボウと共同で、乳酸菌・チルド飲料メーカーエルビーに出資していたが、カネボウがアサヒビール（現・アサヒグループホールディングス）にエルビーの株式を譲渡したため、アサヒグループとの関係が深まっている。旧社名は中外貿易株式会社といい、1999年2月に英社名の頭文字をとってCBCと改称した。
DCMジャパン,"DCMジャパン株式会社（英称:DCM Japan Co., Ltd.）は、カーマ・ダイキ・ホーマック・三井物産の4社によって設立された共同物流会社であったが、2010年（平成22年）3月1日付で親会社であるDCM Japanホールディングス（現：DCMホールディングス）に吸収合併された。"
Digi-Key,Digi-Key（ディジ・キー）は、アメリカ合衆国ミネソタ州に本拠を構える電子部品の通信販売を行う企業、およびその通販サイトである。2006年10月現在、進出している国は創業国であるアメリカのほか、以下進出順にカナダ・日本・イギリス・ドイツ・フランス・韓国・中国（香港含む）・シンガポールである。
DKSHジャパン,DKSHジャパン株式会社（ディーケーエスエイチジャパン、旧日本シイベルヘグナー）とは、スイスのチューリッヒに本社を置くDKSHグループ日本法人の商社である。
ENEOSウイング,株式会社ENEOSウイング（エネオスウイング、英: ENEOS WING Corporation）は、石油販売（ガソリンスタンド）などを行っている日本の企業である。複数の石油元売業者と契約しており、自社ブランド「Ikko」の看板と供給先の看板を並べて掲げている。他社とは異なり、直営店による店舗展開を図っている。2013年2月1日には鈴与商事の子会社である鈴与エネルギー株式会社と共同持株会社のJ&Sフリートホールディングス株式会社（JX日鉱日石エネルギー 60%、鈴与商事 40%）を設立し事業統合した。2014年3月にブランドマークを刷新し、「Ikko」などの旧屋号の看板から順次「ENEOS WING」の看板に切り替えられている。
ENEOSフロンティア,株式会社ENEOSフロンティア（エネオスフロンティア）は、東京都中央区銀座に本社を置く、エネルギー販売会社である。JX日鉱日石エネルギーの完全子会社。
GSIクレオス,株式会社GSIクレオス（ジーエスアイクレオス）は、日本の繊維、衣料、工業原料、模型関連製品を製造販売する総合企業である。
JALUX,株式会社JALUX（ジャルックス、英: JALUX Inc.）は、双日グループの商社。
JFE商事エレクトロニクス,JFE商事エレクトロニクス株式会社（ジェイエフイーしょうじ-、英称:JFE SHOJI ELECTRONICS CORPORATION）は、集積回路などの半導体製品の仕入れ販売を行うJFE商事傘下の卸売業者。主に川崎マイクロエレクトロニクスの製品を販売している。
JFE商事ホールディングス,JFE商事ホールディングス（ジェイエフイーしょうじホールディングス）は、かつて存在したJFEスチールグループの持株会社（中間持株会社）である。JFE商事などを傘下にもっていた。
JF鶴見花き,株式会社 JF鶴見花き（ジェイエフつるみかき）は、大阪府大阪市鶴見区に本社を置く花き卸売会社である。ちなみに、JFとは持株会社ジャパン・フロリカルチャー・ホールディングスの略称である。
JRC_(出版取次),株式会社JRC（ジェイ・アール・シー）は、人文、社会科学書専門の出版取次会社。四十社余りの一手扱いで取引する出版社は小規模なところばかりであり、代行で営業も行う。また、運営する倉庫を兼ねた店売所において一般の人にも販売をしている。代表取締役の後藤克寛以下全社員は、人文書に強かった取次会社の鈴木書店出身であり、この鈴木書店が2001年12月に廃業した。2003年、その後継となるべく設立されたのが人文・社会科学書流通センター（通称：JRC）である。2007年1月、通称に合わせ社名をJRCもしくはジェイ・アール・シーに改称した。
JR九州商事,JR九州商事株式会社（ジェイアールきゅうしゅうしょうじ、英: Kyushu Japan Railway Trading Co.ltd）は福岡県福岡市博多区に本社を置く、JR九州グループの商社。九州旅客鉄道（JR九州）の子会社。
KFE_JAPAN,"KFE JAPAN株式会社（ケイ・エフ・イー・ジャパン、英: KFE JAPAN Co., Ltd.）は、神奈川県横浜市港北区に本社を置くプリント基板製造委託・販売企業である。"
KISCO,KISCO株式会社（キスコ）は大阪市中央区に本社を置く独立系の化学品専門商社である。企業スローガンは「明日を創造しよう」。
M'sRealize,株式会社エムズリアライズは、愛知県名古屋市に本社を置く自動車部品企画製造を主とする会社。
Men'sMax,Men’sMax（メンズマックス）は、日本の企業株式会社エンジョイトイズが開発及び販売しているオナホールなどのアダルトグッズ（性具）ブランドである。
Misumi,株式会社Misumi（ミスミ）は、鹿児島県鹿児島市卸本町に本社を置く企業で、鹿児島県・熊本県・宮崎県でエネルギー・外食・カルチャー・天然水販売などを展開。福岡証券取引所単独上場銘柄のひとつである（証券コードは7441）。コーポレートスローガンは「夢に、前向き」である。
MPアグロ,MPアグロ株式会社（エムピーアグロ）は、動物用医薬品等を卸売する企業で、メディパルホールディングスグループの一社である。
NaITO,"株式会社NaITO（ナイトウ、英: Naito & Co.,Ltd.）は、東京都北区に本社を置く機械工具の専門商社。"
NESTAGE,株式会社ネステージ（英: NESTAGE Co. Ltd.）は、ゲームソフト販売店のフランチャイズチェーン「TVパニック」「wanpaku」を経営する愛知県名古屋市の企業。かつては「COMG!」「ギャングスター」などのチェーンも展開していた。日本テレビゲーム商業組合、日本コンパクトディスク・ビデオレンタル商業組合（CDVJ）及び日本フランチャイズチェーン協会（JFA）会員。2011年4月14日にゲオの子会社となり、2014年6月1日に吸収合併された。
NI帝人商事,"NI帝人商事株式会社（エヌアイていじんしょうじ、英称: N.I. TEIJIN SHOJI CO., LTD.）は、帝人系の商社である。衣料製品、繊維原料、インテリア関連製品、建設資材、樹脂製品、フィルム製品などの輸出入取引及び国内販売を主要事業とする。2001年に日商岩井アパレル株式会社を吸収合併し、帝人商事株式会社からNI帝人商事株式会社に社名変更。2012年10月に帝人ファイバー株式会社のアパレル事業を統合し帝人フロンティアとなった。"
OCHIホールディングス,"OCHIホールディングス株式会社（英文社名：OCHI HOLDINGS CO.,LTD）は、福岡県福岡市中央区に本社を置く住宅建材商社。"
OKAMURA,株式会社OKAMURA（おかむら）は、日本の総合技術商社。船舶用機器、水力・火力発電用機器の販売から、原子力発電所点検工事用機器の設計・製作・据付に至るまで一貫して業務を行う。
OUGホールディングス,OUGホールディングスは、大阪中央卸売市場の水産物卸売り。
PALTAC,株式会社PALTAC（パルタック、英: PALTAC CORPORATION）とは、大阪府大阪市に本社を置き、全国のドラッグストア、コンビニエンスストア、スーパーマーケット、ホームセンター等の小売業社に化粧品・日用品・一般用医薬品を卸販売する企業で、メディパルホールディングスグループの一社である。2008年4月に元小林製薬のグループ会社であったコバショウと合併。2009年4月に商号を変更し、現在に至る。
PALTEK,株式会社PALTEK（パルテック）は、神奈川県横浜市港北区新横浜に本社を置く半導体専門商社。定款上は「株式会社PALTEK」だが、登記上の商号は「株式会社パルテック」で、アルファベットが商号に使用可能となった現在もそのままになっている。
SS_UNITED_GROUP,SS UNITED GROUP（エスエス・ユナイテッド・グループ）は、中華人民共和国（香港）に本拠地を置く石油商社。2007年3月時点での社長は齋藤剛寿が務めていた。
TEMCO,株式会社TEMCO（テムコ、英: TEMCO corporation）は、かつて愛知県豊田市に本社を置いていた自動車生産ラインの設計・製造を行う機械メーカー機能を併せ持つ豊田通商グループの機器販売商社。2010年（平成22年）10月1日 - 設備の設計製作に関わる部門を同じく豊田通商の連結子会社の豊通テクノプロト株式会社（現株式会社豊通テクノ）に譲渡、設計を除く全部門と豊通マシナリー、豊通エスケー、DICOの3社が合併（存続会社はTEMCO）をし豊通マシナリーへ社名を変更した。エンジニアリング部門がトヨタグループとの取引に特化しているのに対し、商社部門は、トヨタグループ以外の企業を多く顧客に持っているのが特徴であった。
TOKAI,TOKAI（トーカイ）は、LPガス事業を行う日本の株式会社である。登記上の商号は株式会社ザ・トーカイ。ガス事業のほか、ADSL回線の卸及びインターネットサービスプロバイダ事業、住宅建築事業、保険事業、ウォーターサーバー事業も行っている。
TRUCK-ONE,株式会社TRUCK-ONE（トラックワン）は、山口県下松市に本社を置く中古商用車の販売・買い取りを行う会社。福岡証券取引所Q-Board市場上場銘柄のひとつである（証券コードは3041）。
アークコア,株式会社アークコアは、中古オートバイ買取専門店「ゲオバイク」を全国展開する会社である。業界第2位。ソフトレンタル店も兼営する。名証セントレックス上場。
アース・スター_エンターテイメント,株式会社アース・スター エンターテイメント (EARTH STAR Entertainment) は、東京都渋谷区に本拠を置く日本の出版社。雑誌・写真集などの出版のほか、映像・音楽の企画・製作・販売やタレントのマネージメントを手がける。カルチュア・コンビニエンス・クラブの持分法適用会社である。
アイ・エム・アイ_(卸売業),アイ・エム・アイ株式会社（あいえむあい）は、医療機器の販売・レンタル・メンテナンス・教育サービスを行う企業である。1974年創立。本社所在地は埼玉県越谷市に本社を構える日本国内企業で、医療機器の販売・レンタル・メンテンス・教育サービスを行っている。
アイ・テック,株式会社アイ・テックは、静岡県静岡市清水区に本社を置く鉄鋼専門の商社。
アイク_(卸売),アイク株式会社 (AIC) は、かつて存在した開発輸入などを行う日本の商社。イオンの子会社。日本で企画した商品を国内外のメーカーに作らせ、トップバリュなどのブランドで販売している。衣料品などの非食料品を中心に扱っていたが、最近では食料品の取扱高も大きくなっている。
アイスコ,株式会社アイスコ（あいすこ）は横浜市泉区に本社を置くアイスクリーム・冷凍食品の専門商社。  英文名称はICECO Corporation.。神奈川県を中心に「スーパー生鮮館TAIGA」の名でスーパーマーケット事業も行っている。
アイリン,アイリン（AIRIN）は、愛知県名古屋市北区水草町に本社を置く下着卸売業。
アグリ_(企業),株式会社アグリは佐賀県佐賀市に本社を置く、果樹の人工交配資材や農産品の販売および生産物開発を行う企業である。1989年4月創業、1991年3月設立。
アスティ_(企業),株式会社アスティ (AS'TY INC.) は広島県広島市に本社を置く、衣料品・アクセサリーなどアパレル全般の製造・卸売を手がける企業。現在の会社は持株会社となったF&Aアクアホールディングス（旧・株式会社アスティ、現・ヨンドシーホールディングス）の会社分割により誕生した事業会社である。卸売りがメインだが、広島市南区京橋町（広島駅前）に会員制小売事業のアパレルビル「ラポール」を所有・運営する。エフ・ディ・シィ・プロダクツやフジなど、親会社より規模が大きい子会社を持っていた事でも知られる。
アスティス,"株式会社アスティス （英: ASTIS CO.,LTD.）は、医薬品・衛生材料・化粧品の卸売を中心とする日本の企業。現在はスズケングループの一社である。医薬品の卸売手。地盤の四国地方では2位。社名は「A:阿波、S:讃岐、T:土佐、I:伊予」からとったものである。AとIは「愛」を意味する。Sは四国の「S」である。"
アステム,"株式会社アステム（ASTEM, Inc.）は、医薬品・衛生材料・化粧品の卸売を中心とする企業である。医薬品の卸売大手。"
アスト,アスト株式会社（英文名称：AST CORPORATION）は、ティッシュ、トイレットペーパー等の家庭紙卸売業における大手企業。アストとはドイツ語で「枝」を意味する。
アストモスエネルギー,アストモスエネルギー株式会社は、出光興産グループと三菱商事グループの液化石油ガス（LPガス）部門が統合して発足したLPガス商社である。
アスモ_(卸売業),株式会社アスモは、東京都新宿区に本社を置く商社。もともとは大阪府大阪市住之江区に本社を置く、食肉の販売や給食サービスなどを展開する企業であり、これらを事業をグループ会社に分割した現在は、それら企業の経営管理を行っている。かつては飲食店、居酒屋の運営も手掛けており、一時期堂島ホテルの運営も行っていた。
アズワン,アズワン株式会社（AS ONE Corporation.）は、大阪府大阪市西区江戸堀に本社を置く、研究用機器ならびに計測機器・科学機器の販売をおこなう企業である。1933年創業。
アゼアス,アゼアス株式会社は、東京都千代田区に本社を置く防護服・環境資機材、たたみ資材・アパレル資材の販売を行う会社。米国デュポン社製の防護服販売が主力。繊維と畳資材を扱う株式会社千代田屋と、裏地などの資材を扱うニチウラ株式会社が合併し、設立された。
アップルインターナショナル,アップルインターナショナル株式会社は、三重県四日市市に本社を置く中古車を輸出、買取、販売する企業である。
アップルオートネットワーク,アップルオートネットワーク株式会社（ Apple　Auto　Network　Co．，Ltd ）は、自動車の査定、買取、販売のフランチャイズチェーン「アップル（ Apple ）」を運営する日本の企業である。
アドバンストマテリアルジャパン,アドバンストマテリアルジャパン株式会社（英文名称Advanced Material Japan.）は、旧蝶理系の金属商社。レアメタル（希少金属）を専門に扱う。
アドプラス,"有限会社アドプラス（ADPLUS co,Ltd.）は、熊本市中央区八王寺町に本社を置く、写真機材の輸入・日本における店舗販売や、自社オリジナルブランドであるGIZMONを運営している企業である。"
アトル,株式会社アトルはメディパルホールディングスグループの一社で、福岡市博多区に本社を置き、九州・沖縄地区にて医療用医薬品等の卸売・販売を行う企業である。
アペックス_(輸入商社),"株式会社アペックス (APEX Co., Ltd.) は、群馬県高崎市に本社を置く、寝具を中心とした繊維商品などの輸入・販売を主な事業とする商社である。"
アペル,"株式会社アペル（Apelle Co.,Ltd）は長崎県佐世保市に本社を持つパン、菓子の卸売を行う会社。フランソアグループ。"
あらた,株式会社あらたは、東京都江東区に本社を置く日用雑貨を取り扱う商社である。
アルコニックス,アルコニックス株式会社（英: Alconix Corporation）は、東京都に本社を置く非鉄金属製品などを扱う商社である。双日の関連会社。
アルテック_(卸売業),"アルテック株式会社（英: Altech Co., Ltd.）は、東京都中央区に本社を置く、産業機械等を扱う専門商社。"
アルフレッサ,アルフレッサ株式会社（英: Alfresa Corporation）は、東京都千代田区に本社を置く、アルフレッサ ホールディングス傘下の医薬品、医療用検査試薬、医療用機器などの卸業者である。
アルフレッサ_ヘルスケア,アルフレッサ ヘルスケア株式会社（英: Alfresa Healthcare Corporation）は、東京都中央区に本社を置く一般用医薬品、医薬部外品、育児用乳製品、雑貨等の卸売・販売を行う会社である。2011年10月に丹平中田株式会社（たんぺいなかた）がグループ会社のシーエス薬品株式会社のセルフメディケーション卸売事業（一般用医薬品等卸売事業）と統合し、商号変更した。
アルフレッサ_ホールディングス,アルフレッサ ホールディングス株式会社（英称：Alfresa Holdings Corporation）は、東京都千代田区に本社を構える医薬品卸の持株会社である。
アルフレッサ日建産業,アルフレッサ日建産業株式会社（アルフレッサにっけんさんぎょう）は、岐阜市を本社に置くアルフレッサ ホールディングス傘下の総合医薬品卸会社である。
イーケイジャパン,株式会社イーケイジャパンは、福岡県太宰府市に本社を置く、「ELEKIT（エレキット）」というブランド名で電子ホビー商品等の製造、販売を行なう企業である。
イーネット・フロンティア,"株式会社イーネット・フロンティア（英: E-NET FRONTIER Co.,Ltd.）は、日本の映像コンテンツ制作会社である。ゲオグループの一社。代表者は濱口大輔。「イーネット・フロンティア」のレーベル名で映像ソフトの企画・制作・販売および卸売を行っている。"
イエローハット,株式会社イエローハット（英称：Yellow Hat Ltd.）は、東京都中央区に本社を置くカー用品チェーン。東証1部上場企業。
イズミック,株式会社イズミック（英: Izmic Corporation.）は、愛知県名古屋市中区に本社を置く酒類および食品商社。盛田株式会社の系列会社であり、盛田エンタプライズ、ココストアと共にMICSグループを形成している。
イデアインターナショナル,株式会社イデアインターナショナルは、東京都港区に本社をおく、インテリア雑貨等の企画、卸・小売りを行う企業である。2013年に健康コーポレーションの傘下となった。
イワキ_(卸売業),イワキ株式会社は、東京都中央区に本社を置く医薬品卸の企業である。
インスパイアー,インスパイアー株式会社は、東京都中央区に本社を置くセキュリティ専門商社。主要取扱商品は、ファイアウォールソフト「FireWall-1」、統合セキュリティアプライアンス（UTM）の販売、セキュリティ技術者の教育、研修、人材派遣など。2007年にはモバイルにおけるPKI(公開鍵基盤)による認証サービス「FC-mGate」のサービスを開始。フォーバル傘下で創業したが、2003年3月期以降経常赤字が続いている。財務建て直しのため、都築電気元社長の都築省吾が設立したファンドがTOBで株式を取得、親会社となった。同ファンドは本TOBのために設立された特定目的会社。
インパクト二十一,"株式会社インパクト二十一（インパクトにじゅういち、IMPACT 21 CO., LTD.）は、ラルフローレンを展開していたアパレルメーカー。かつてはオンワード樫山のグループ企業であった。本社は東京都中央区日本橋にあった。"
インポートロッサ,株式会社インポートロッサ (import Rossa) は1978年に設立された洋装・洋品輸入製造卸業社である。婦人服ブランド「ロッサオリジナル」を抱え、服飾を中心にバッグなどのグッズ、ジュエリー、輸入家具までを取り扱っている。
ウーム,ウーム (WOmB) は兵庫県神戸市に本社を置く日本のファッションブランド。
ウェッズ,"株式会社ウェッズ（英文社名Weds Co., ltd. ）は東京都大田区に本社を置く、自動車用アルミホイール・スチールホイールを中心とした自動車部品・用品の販売会社。SUPER GTに参戦するRACING PROJECT BANDOHのスポンサーとして有名。"
エーリング,エーリング（Hering）は、1880年に創業したブラジルの衣料品メーカー、衣料品ブランドである。ブラジルで最古の部類に入る衣料品ブランドである。ラテンアメリカ最大の衣料品メーカーである。エーリングと類似しているブランドといえば、アメリカ合衆国のGAPであり、廉価な衣料品を製造、販売している。ロゴマークには2匹のニシンを使用している。本社をサンタカタリーナ州のBlumenauに置いており、本社と主力工場もその地に置いている。エーリングは公共サービスを除けば、Blumenauで最大の雇用主ともなっている。エーリングの製品は、世界中に輸出されており、ブラジル国内においては社会的責任を最も果たしている企業の1つと目されている。
エクソンモービル,エクソンモービル（英:Exxon Mobil Corporation）は、アメリカ合衆国テキサス州に本社を置く、総合エネルギー企業である。国際石油資本であり、スーパーメジャーと呼ばれる6社の内の一社である。また民間石油会社としては世界最大の企業である。日本においてもEMGマーケティング合同会社を親会社とするエクソンモービル・ジャパングループを展開している。
エコートレーディング,エコートレーディング株式会社は、ペット用品の卸売を主要事業とする商社である。兵庫県西宮市鳴尾浜に本社を置く。独立系ではあり業界のパイオニアである。業界大手のペット用品卸である。
エコグリーン,株式会社エコグリーンは、連結子会社である株式会社バイオイノベーションを含めたエコグリーングループとして、木質バイオマス再資源化事業を中核に据えた事業展開を行っている。自社工場及び協力工場で生産される木質バイオマスを年間約15万トン流通させ（２０１４年度実績）、事業活動を通して地球的課題であるＣＯ２抑制している。
エスケイジャパン,"株式会社エスケイジャパン（SK JAPAN Co., LTD.）は、大阪府大阪市に所在する企業。ゲームセンター向け景品の企画・製造販売が主力である。代表取締役社長は、八百博徳。なお、福岡県筑紫野市にある家電メーカーのエスケイジャパン株式会社とは無関係である。"
エディオンコミュニケーションズ,"株式会社エディオンコミュニケーションズ（英: EDION COMMUNICATIONS Co., Ltd.）は、愛知県名古屋市中村区に本社を置く携帯電話の販売代理店である。"
エトワール海渡,"株式会社エトワール海渡（エトワールかいと、ETOILE KAITO & CO.,INC.）は、服飾品を中心に扱う会員制商社である。"
エネクスフリート,エネクスフリートは石油販売（ガソリンスタンド、インタンク向け販売）を主な事業とし、ガソリンスタンドに併設する形でファミリーマート、カーコンビニ倶楽部のフランチャイズ展開、中古車販売などを行っている日本の企業。複数の石油元売業者（JX、コスモ石油、シェル石油、カーエネクス）と契約しており、自社ブランド「エネフリ」の看板と供給元の看板を並べて掲げている。主に運送会社を中心とした顧客層で、トレーラーなどの大型車が給油可能なガソリンスタンドを2011年現在約150店舗展開している。2011年現在、伊藤忠エネクスの軽油販売の60%、ガソリン販売の15%を占める。ホームセンターのコーナンとは創業者が同じ。
エネサンスホールディングス,株式会社エネサンスホールディングスは、住友商事と昭和シェル石油が出資するエネルギー供給会社。2008年7月1日、 昭石ガスと住商エルピーガス・ホールディングスの合併により誕生。LPガスを主としたエネルギーの供給、家庭生活製品やサービスの提供という2本柱で「ホームソリューションビジネス」を展開。
エネサンス北海道,"株式会社エネサンス北海道（エネサンスほっかいどう、英: enessance Hokkaido Co.,Ltd.）は北海道札幌市中央区に本社を置く、プロパンガスを主力とするエネルギー販売会社である。住友商事グループの一員である。"
エバルス,株式会社エバルスは、メディパルホールディングスグループの一社で、広島市中区と岡山市北区の二本社制を採用している医薬品・医療機器の卸売会社で、中国地方全域で展開している。
エル・アイ・ビー,株式会社エル・アイ・ビー（える・あい・びー）は、島根県浜田市に本社を置く貿易会社である。社名のエル・アイ・ビー（LIB）は、「Light　International Business」の略である。
エレクトリ,株式会社エレクトリは、映像機器・音響機器の輸入・販売などを行う企業。本社は東京都豊島区。1980年に米McIntosh社の製品の輸入代理店となっている。2007年にMcIntosh社がD&Mホールディングス傘下となったため、D&Mが子会社マッキントッシュ・ジャパンを設立して日本での代理店となったが、2012年に傘下を離れたため再びエレクトリが輸入販売業務を行なっている。
エレクトロニック・アーツ,エレクトロニック・アーツ（Electronic Arts、略称：EA、NASDAQ: EA）とはアメリカの大手ビデオゲーム・コンピューターゲーム販売会社である。本社はカリフォルニア州サンマテオ郡にある。
エレマテック,エレマテック株式会社（英: Elematec Corporation）は、東京都港区に本社を置く日本のエレクトロニクス商社。
オーシャンローズ,オーシャンローズ 2012年にＨＴＢクルーズ株式会社が長崎市－上海市間で運航した格安クルーズ船。元は新日本海フェリーの「フェリーらべんだあ」。日中関係の険悪化により数ヶ月で運航廃止した。 香川県の水産会社。本項で解説する。株式会社オーシャンローズは、香川県観音寺市に本社を置き水産加工品の製造及び販売を行っていた商社、メーカーである。日本たばこ産業グループ傘下。株式会社加ト吉の水産事業本部が、事業再編により分社化したもの。社名の由来は、加ト吉時代より販売している海老加工品の商品ブランド名より。
オータケ,株式会社オータケ（英: OTAKE CORPORATION）は、愛知県名古屋市中村区に本社を置く管工機材の専門商社である。
オートアールズ,"株式会社オートアールズ（ Auto R's. Co., Ltd.）は、埼玉県本庄市に本部を置く、ベイシアグループでカー用品店のチェーンである「オートアールズ」や「カインズオート」等を運営している企業である。"
オートバックスセブン,"株式会社オートバックスセブン（Autobacs Seven Co., Ltd.）は、東京都江東区に本社を置き、カー用品店最大手のチェーンである「オートバックス」や「スーパーオートバックス」等を運営、またはフランチャイズ展開している企業である。代表取締役社長は、湧田節夫。"
オオモリ薬品,オオモリ薬品株式会社（おおもりやくひん）は、かつて東京都千代田区に本社を置く、医薬品卸売業であった。塩野義製薬系医薬品卸。現在は首都圏・近畿圏はスズケン、東北はバイタルネット、中国はセイエル、四国は幸燿、九州は翔薬である。
オーリック_(企業),株式会社オーリックは、福岡県福岡市中央区に本社を置く、酒類および食品類の卸売などを営む会社。本項では、鹿児島県鹿児島市に本社を置く関連会社、株式会社酒のキンコーについても、記述する。
オールジャパンドラッグ,オールジャパンドラッグは日本の医薬品小売業ボランタリー・チェーン及びそのプライベート・ブランドを販売する株式会社の名称である。略称はAJD。
オールジャパンメガネチェーン,オールジャパンメガネチェーンとはボランタリーチェーンで展開する協同組合である。
オテロジャパン,株式会社オテロジャパンは、東京都江東区永代に本社を置く商社。スペインに在るワイナリーと独占輸入契約の下、他には手に入らないワインの輸入販売を行う。
カーギルジャパン,株式会社カーギルジャパンは、カーギルグループに属する食品、農産品、金融商品、工業用品および関連サポートを扱う商社であり、東京都千代田区に本社を置く。1956年に穀物など一次産品の輸入を主体に営業を開始し、「株式会社東食」と2007年6月に合併し株式会社カーギルジャパンへと商号を変更した。
カーチスホールディングス,"株式会社カーチスホールディングス（CARCHS Holdings Co.,Ltd.）は、「カーチス」（CARCHS）の名称で中古自動車の買取、販売事業を営む企業グループの持株会社。自動車買取においては、中核子会社である株式会社カーチスが8年連続お客様満足度No.1を受賞している。"
ガステックサービス,"ガステックサービス株式会社（英: GASTEC SERVICE, INC.）は、愛知県豊橋市に本社を置くLPガス事業者である。"
カナカン,カナカン株式会社は、主に食料品および酒類の卸売事業を行っている企業である。福井県、石川県、富山県、新潟県の4県で事業を展開している。本社は石川県金沢市にある。
カナックス,株式会社カナックスは、愛媛県松山市に本社を置き造船資材等を主に扱う商社。新来島どっくグループに属している。
カナデン,株式会社カナデンは、三菱電機系のエレクトロニクスの大手専門商社である。重電・電子機器から半導体、情報通信、FA・OA機器などを展開している。東京証券取引所の第一部に上場している。
カノークス,株式会社カノークス（Canox Corporation）は、名古屋市西区那古野に本社を置く鉄鋼専門商社である。
カミ商事,カミ商事株式会社（カミしょうじ）は、紙関係を専門に扱う商社である。
カメイ,カメイ株式会社（英: Kamei Corporation）は、仙台市を拠点とする総合商社。石油・LPガスなどエネルギー関連を中心に、食料品や酒類・住宅設備機器・損害保険・薬局などの事業を展開している。
ガリバーインターナショナル,"株式会社ガリバーインターナショナル（英: GULLIVER INTERNATIONAL CO.,LTD.）は、東京都千代田区に本社を置く自動車の買取・販売会社。"
カワイモデル,株式会社カワイモデルは、東京都千代田区に本社を置く鉄道模型メーカー。現存する日本最古の鉄道模型メーカーとして知られる。
カワサキ_(大阪府),株式会社カワサキは、服飾品の製造販売、不動産の賃貸、倉庫業、ホテル業を営む株式会社。主力の服飾事業は、シェニール織製品のブランド「レイクアルスター」「アンテモール」があり、高級タオルや婦人向けの身の回り品（バッグ、ハンカチ）、婦人服、トイレタリー製品を製造販売している。ホテルニューオータニ大阪などに直営店を営業している。その他、賃貸・倉庫事業として大阪府に倉庫19棟を有している。ホテル事業として泉大津市で「ホテルレイクアルスターアルザ泉大津」を営業（本家さぬきやに業務委託）している。売上構成は服飾事業84.1%、賃貸・倉庫事業15.8%、その他事業0.1%となっている。
カンサイ,株式会社カンサイは、福岡県福岡市博多区に本社を置く総合卸商社である。
キグナス石油,キグナス石油株式会社（キグナスせきゆ、KYGNUS SEKIYU Co.）は、石油製品・石油化学製品の販売などを行う理研グループの企業である。ガソリンスタンドのブランド名「KYGNUS」の由来ははくちょう座を意味するシグナス（CYGNUS）から。かつては、エクソンモービルグループ傘下であったが、2004年12月からは三愛石油の傘下となっている。
キシヤ,株式会社キシヤは、福岡県を中心に北部九州が地盤の総合医療機器商社。
キタノ商事,"キタノ商事株式会社（KITANO SHOJI Co.,Ltd.）は、大阪府大阪市北区大淀南に本社を置く輸入食料品を扱う商社である。1948年創業。"
キムラ_(建設資材),株式会社キムラは、北海道札幌市に本社を置く、住宅・建築資材総合商社。主に住宅資材の卸売りやビル用の資材、不動産販売やホームセンターの運営などを行う。本社所在地は北海道札幌市東区北6条東2丁目3番1号。
キヤノンマーケティングジャパン,キヤノンマーケティングジャパン株式会社（英: Canon Marketing Japan Inc.）は、日本市場におけるキヤノンブランド製品の直販、卸売や修理などのサポートなどを行う企業である。東証一部上場。本社は品川グランドコモンズ地区に位置する、キヤノンSタワーである。「サービス創造企業グループ」への変革を目指して構造改革を行っており、キヤノン製品の販売・サポートに加え、ITソリューションビジネスの拡大や産業・医療分野への進出、海外でのビジネス展開にも力を入れている。
キャプテン_インダストリーズ,株式会社キャプテン インダストリーズは、東京都江戸川区船堀に本社を持つ工作機械の周辺機器の輸出入商社である。
キューブイノベーション,株式会社キューブイノベーションは、測定器・計測器購入のサイト「測定キューブ」を運営している企業。
キョクトウ・アソシエイツ,"株式会社 キョクトウ・アソシエイツ（KYOKUTO ASSOCIATES Co.,Ltd.）は、大阪府大阪市西区江戸堀に本社を置く、主に学童向けの学習帳、文具を製造、販売する文具メーカーである。1922年創業。"
キリンビールマーケティング,キリンビールマーケティング株式会社は、麒麟麦酒株式会社商品の販売を担う目的で2012年に設立された企業で、キリンホールディングスからみると孫会社にあたる。
キングダム_(映像制作会社),株式会社キングダムは、日本の映像制作会社。主に着エロのDVDを手掛けている。2004年5月21日設立。本社所在地は、大阪府大阪市浪速区日本橋3-4-9 エグゼレジデンスタワー507号。
キントー,キントーは滋賀県彦根市小泉町に本社を置く、生活用品・家具などの輸入・販売の会社。
クインランド,株式会社クインランド は、かつて存在したwebサイト構築を行う企業。本社を兵庫県神戸市、東京支社を東京都港区虎ノ門5丁目11番地2号オランダヒルズ森タワー14階に置いていた。日本エル・シー・エー（日本LCA）で経営コンサルタントをしていた吉村一哉が独立、父親の会社を特別清算後の1996年に創業した。クインランドの“クイン”は数字の5(quintet)を意味し、創業者の理念 交通費、食費、教育費、娯楽費、住宅費の5つ（この五つは絶対になくならないマーケット）、または株主、顧客、社員、取引業者、社会の5つに由来した。2005年度に事業を分社化し純粋持株会社になったものの、2006年6月1日、100%子会社の株式会社DMESを吸収合併した事により再び事業持株会社へと移行した。2007年10月18日、民事再生手続を大阪地方裁判所に対し申し立てをおこなった。しかし資金繰り安定化策がとれず、事業承継に相当な時間を要することから、10月25日に自己破産を申請、同日破産手続開始決定となった。
グッドマン_(医療機器販売),"株式会社グッドマン（英: Goodman Co., Ltd.）は、愛知県名古屋市中区に本社を置く医療機器商社。"
クニミ薬品,クニミ薬品株式会社（クニミやくひん）は、徳島県美馬郡脇町（現美馬市）に本社を置いていた医薬品・衛生材料・化粧品の卸売を中心とする日本の企業。現在はスズケングループの一社アスティスである。医薬品の卸売手。
クラシエフーズ,"クラシエフーズ株式会社（英文名称：Kracie Foods, Ltd.）は、クラシエホールディングスの食品部門を担う子会社。主に菓子類やアイスクリームなどを販売している。"
クラシエホームプロダクツ,"クラシエホームプロダクツ株式会社（英: Kracie Home Products, Ltd.）は、クラシエホールディングスのトイレタリー部門における商品の開発、製造、販売を行う子会社。"
クラシエ薬品,"クラシエ薬品株式会社（クラシエやくひん、英: Kracie Pharmaceutical, Ltd.）とはクラシエホールディングスの薬品事業を担う関連子会社である。"
グランケープ,"株式会社グランケープ（ぐらんけーぷ、英: Grandcape Co.,Ltd.）は、東京都中央区に本社を置く商社である。2010年7月より、インターネットによる通販サイト（グランケープ・オンラインショップ）を開設。"
グリーンクロス,"株式会社グリーンクロス（英: Green Cross Co., Ltd.）は、福岡県福岡市中央区に本社を置く交通標識などの安全機材用品の販売およびレンタルを主力事業とする卸売業者。福岡証券取引所単独上場銘柄のひとつである（証券コードは7533）。"
グリーンフーズ,株式会社グリーンフーズは、大阪府大阪市中央区に本社を置く、アナゴ、鶏卵商品その他食料品の販売を行っていた商社である。2012年12月より事業を停止している。テーブルマーク株式会社（現・テーブルマークホールディングス株式会社）の完全子会社で、日本たばこ産業グループ。
グリーンマックス,株式会社グリーンマックス (GREENMAX) は、日本の鉄道模型メーカー。
クリバース,"クリバース株式会社（英称:CREVERSE CO., LTD）は、京都府城陽市に本社を置くLEDメーカー。創業は1986年（昭和61年）。創業者は、代表取締役の一松 秀延。"
グリムス,"株式会社グリムス(英文表記：gremz,Inc.)は、持株会社として東京都品川区に本社を置き、企業向けの電子ブレーカー、住宅用太陽光発電システム、LED照明の販売とグリムスグループ内新規事業の創出を主な事業とする複数の事業会社を保有する企業である。東京証券取引所のJASDAQに上場している。"
クリムゾン_(企業),株式会社クリムゾンは、東京都墨田区に本社を置く衣類商社である。カジュアル衣料の卸売りを行なっている。
クリヤマ,クリヤマ株式会社は、大阪市淀川区に本社を置く、ゴム・合成樹脂製品を主体にした産業用資材、建設用資材、スポーツ施設用資材の製造、販売、施工を主業とする企業。現在の法人は2代目で、1939年創業の「クリヤマ株式会社」が2012年10月1日を持って持株会社に移行し、社名をクリヤマホールディングス株式会社に改めた上で同社から事業譲渡を受けた会社で、クリヤマホールディングスグループのアジア地域における中核事業会社の位置づけを持つ。
クリヤマホールディングス,クリヤマホールディングス株式会社はクリヤマグループを統括する持株会社。東京証券取引所第二部上場（証券コード：3355）。
グレートアンドグランド,"グレートアンドグランド株式会社（英文表記：Great & Grand Co., Ltd.）は日本のドラッグストア向けプライベートブランド商品開発会社である。略称はG&G。"
クレブ,株式会社クレブは、新潟県南魚沼郡湯沢町に本社を置く、レンタルスキー、スノーボード、スノーアクセサリー、業務用リゾート用品卸・スポーツ小売会社である。
グローバルアジアホールディングス,グローバルアジアホールディングス株式会社（Global Asia Holdings Inc.）はネット広告事業等を行う会社。
クロスプラス,クロスプラス株式会社（英: CROSS PLUS INC.）は、愛知県名古屋市西区花の木に本社を置く、婦人服及び子供服を扱う会社である。
クワザワ,株式会社クワザワ（英: KUWAZAWA CORPORATION）は、北海道札幌市白石区に本社を置く建設資材商社。札幌証券取引所の単独上場企業のひとつである(証券コードは8104）
ケイティケイ,ケイティケイ株式会社（英: ktk Inc.）は、愛知県名古屋市東区に本社を置くリサイクルトナーやOAサプライ商品販売会社。
ケーエスケー,株式会社ケーエスケーは、大阪市中央区に本社を置く、医薬品・医療機器等の卸売及び販売を行う企業である。
ケニス,ケニス株式会社は、大阪市北区に本社がある日本の専門商社である。
コーアガス日本,株式会社コーアガス日本（コーアガスにほん）は、鹿児島県内を中心とする液化石油ガス（プロパンガス）販売事業者である。
コーンズエージー,コーンズ・エージーは、日本の酪農・農業機械の輸入商社。
コスモ・バイオ,"コスモ・バイオ株式会社（Cosmo Bio Co., Ltd.）は東京都江東区にあるバイオ研究用試薬、研究用機器の商社である。販売店として、株式会社高長(本社、柏営業所、多摩営業所含む)、岩井化学薬品、家田化学、利根化学、理科研、伊勢久、和研薬、八洲薬品、不二化学、広瀬化学、広島和光、正晃などがある。"
コスモシステムズ,コスモシステムズ株式会社は広島市に本社を置く診療所・薬局向けレセプトコンピュータ等の販売・サポートを中心とする企業である。中国地方を地盤とする。2010年4月1日より健康器具『ふみんぐ』を販売開始する。
コタベ,"株式会社コタベ （こたべ、英: KOTABE CO.,LTD）は、山口県下関市に本社を置き、電子材料関連、官公庁、自動車関連、鉄鋼、食品等の各分野へ化学品をはじめとして、設備機器・食品添加物等の様々な商品を、国内及び国外にて取引する化学品専門商社である。1953年4月創業。"
コバショウ,株式会社コバショウは、かつて存在した薬局・薬店・ドラッグストア・スーパーその他小売店への一般用医薬品を中心に、健康食品・コンタクトケア用品・日用雑貨・乳製品等の卸売及び販売を行っていた企業。東京都中央区に本社を置いていた。2008年4月1日、同じメディセオ・パルタックホールディングスグループに属するパルタックに吸収合併され解散した。なお、パルタックは商号を株式会社パルタックKSへ変更した。
コンドーテック,コンドーテック（KONDOTEC）株式会社は大阪府大阪市西区と東京都江東区に本社を置く建設資材、環境関連資材の仕入販売を行う専門商社。自社で建設金物を製造も行っており、メーカー機能を備える。
サウンドハウス,株式会社サウンドハウスは、千葉県成田市にある、業務用音響機器、楽器・舞台照明機器の輸出入、及び販売を手がけるディーラー、ディストリビューターである。1993年創立、1994年に設立。
サクマエンジニアリング,"株式会社サクマエンジニアリング(Sakuma Engineering Co.,Ltd.)は、茨城県常総市に本社を置くトライク、サイドカーの製造販売輸出入を行う企業である。その他、トレーラー、EZステア、バックギアなども製造している。"
サトー商会,株式会社サトー商会（サトーしょうかい）は、宮城県仙台市宮城野区に本社を置く業務用食品卸売商社である。また、業務用食品直売センターという「一般向け販売店」も行っている。
ザナックス,株式会社 ザナックス (XANAX Corp.) は、大阪府大阪市浪速区に本社を置く、主にグラブを中心とする野球用品メーカーである。1947年創業。コーポレート・スローガンは「人とスポーツの未来へ。」
サノ,株式会社サノ（さの）は、 秋田県秋田市卸町に本社を置く、「臨床卸部門」「研究・分析用薬品卸部門」「工業用薬品卸部門」を展開する企業。
サハダイヤモンド,株式会社サハダイヤモンド（英称：SAKHA DIAMOND Corp.）は東京都墨田区に本社を置くロシア連邦サハ共和国産ダイヤモンドの加工及び製造販売を事業とする会社。東京証券取引所ジャスダック上場銘柄の一つである(証券コードは9898）。サハ共和国に研磨工場を持つ。2015年現在の代表取締役社長は欧陸之星鑽石（上海）有限公司総裁や上海ダイヤモンド取引所理事、ベルギー・ダイヤモンド高等議会中国主席などを務める姜杰。
ザラ_(ファッションブランド),"ザラ (ZARA) は、スペイン・ガリシア州のアパレルメーカーであるインディテックスが展開するファッションブランド。ガリシア語とスペイン語でではサラ ['θaa] と濁らずに読む。2011年10月末現在で世界中に1,603店舗を持つ。"
サン・ダイコー,"株式会社サン・ダイコー（SUNDAICO, Inc.）は、大分県大分市に本社を置く、総合卸業者である。"
サンエイ薬品,サンエイ薬品株式会社（さんえいやくひん）は、徳島県徳島市中吉野町に本社を置いていた医薬品・衛生材料を卸す企業。現在メディセオ・パルタックホールディングスグループの一社「よんやく」である。
サンエス_(菓子卸売企業),株式会社サンエスは、かつて東京都足立区に本社を置いていた菓子専門の卸売企業である。
サングリーン,"株式会社サングリーン（英: Sungreen.Co.,LTD.）は、愛知県名古屋市守山区に本社を置くエクステリア専門商社。"
サングリン太陽園,株式会社サングリン太陽園（サングリンたいようえん）は、北海道にある農業資材の卸会社。1917年に創業し、来年で100周年を迎える老舗の会社。事業本部は北海道札幌市白石区。
サンゲツ,"株式会社サンゲツ（英: Sangetsu Co., Ltd.）は、愛知県名古屋市西区に本社を置く、インテリア商品を扱う専門商社である。カーテン、壁紙、床材などを総合的に扱い、インテリア業界の最大手として知られる。創業は嘉永年間と古く、表具店「山月堂」が始まり。東京証券取引所第1部上場。"
サンヨープレジャー,株式会社サンヨープレジャー（英称:SANYO PLEASURE GROUP）は、岡山市北区に本社を置く玩具の卸売及び小売業者。岡山県内において玩具店『こどもや』を運営する。テーマパーク『おもちゃ王国』の親会社でもある。かつては中鉄ストアと提携しており、同店にテナント出店していた店舗(一宮店・吉備店)にはサンヨートイズの店名を冠していた。ただし、これに関しては中鉄流通グループの破綻および中鉄ストアの撤退に伴い業態そのものを廃止させている。
サンリオ,"株式会社サンリオ（Sanrio Company, Ltd.）は、主にソーシャルコミュニケーションギフト商品（プレゼント用品）の企画・販売、グリーティングカードの企画・販売を事業とする株式会社。1960年（昭和35年）8月10日、山梨県産の絹製品を販売する同県の外郭団体「山梨シルクセンター」を独立させ、株式会社山梨シルクセンターとして資本金100万円で設立。1973年（昭和48年）、商号を株式会社サンリオに変更。社長は、創業時から2012年現在まで辻信太郎である。"
サンリバー_(大阪市),サンリバー はプラスチック製品を製造・販売する会社。
サンリン,サンリン株式会社は、長野県東筑摩郡山形村に本社を置くガソリンスタンド経営、液化石油ガス（LPG）の製造、販売を中心に行う企業である。液化石油ガス事業ではバルク供給を早くから実施していた。なお、山形村に本社を移転する際、近隣市へのアクセスの良さを考慮したといわれている。
シアタープロダクツ,シアタープロダクツ（THEATRE PRODUCTS）は、日本のファッションブランド、プレタポルテブランド。ファッションデザイナーの武内昭と中西妙佳、プレスプロデューサーの金森香によって2001年10月に設立した。デザイナーである竹内昭と中西妙佳はともにエスモードジャポンの卒業生。「劇場」をブランドコンセプトとし、エンターテイニングでパフォーマンスの強いプレゼンテーションが特徴。服の製作から販売までの全過程を「演出」と捉え、服そのものから着る人の時間・空間までもプロデュースすることに拘り、自らを「服を作る劇団」と称する。2006年よりユニクロとのコラボレートアイテム（デザイナーズ・インビテーション・プロジェクト）を発表。
シーエスロジネット,株式会社シーエスロジネット（英: CS LOGINET INC.）は、愛知県名古屋市中川区に本社を置く企業。
シーエス薬品,シーエス薬品株式会社（シーエスやくひん）は、名古屋市中区に本社を置く、医療機器、医療用検査試薬などの卸売販売を行う企業である。現在はアルフレッサグループの一社。ノーシンなどの製品を販売するアラクスに出資している。
ジーエフシー,ジーエフシー株式会社は、岐阜県羽島郡笠松町に本社を置く業務用食料品卸売企業。
シーキューブ_(エンジニアリングサービス),"株式会社シーキューブ（英: C.CUBE,Inc）は、総合エンジニアリングサービスを行う会社。シーキューブ株式会社という会社も存在するが関係性は無い。3次元CAD、2次元CAD、設計用技術計算ソフト、CADデータ変換ソフトウェアなどのCAD関連ソフトウェアの専門店サイト「CAD百貨」を運営する。"
シークス,シークス株式会社は、大阪市中央区に本社を置く、電子・機械部品を中心とした商社である。EMS事業も手がけ国内最大手、世界13位。前身は印刷インキ大手のサカタインクス株式会社の海外事業部である。事業は、EMS部門、設計開発部門、電子機器部門、機械部門、ケミカル分野等の部門の4つの柱から構成される。
ジーマ_(企業),"ジーマ株式会社（英称:GIMA CO,LTD.）は、沖縄県浦添市西洲に本社を置く物流・卸売会社。英語表記は「GIMA」。主に食料品を取り扱う。"
ジェイアール西日本商事,ジェイアール西日本商事株式会社（ジェイアールにしにほんしょうじ、英: JAPAN RAILWAY WEST TRADING Co.）は、兵庫県尼崎市に本社を置く、西日本旅客鉄道(JR西日本)の子会社（連結子会社）。
ジェイアール東海商事,ジェイアール東海商事株式会社（ジェイアールとうかいしょうじ、英: JR Tokai Corporation）は、愛知県名古屋市中村区に本社を置く東海旅客鉄道(JR東海)の子会社（連結子会社）。
ジェイズ・コミュニケーション,ジェイズ・コミュニケーション株式会社は、大阪市淀川区に本社を置くネットワークインテグレータである。
ジェイリーグエンタープライズ,株式会社ジェイリーグエンタープライズは、日本プロサッカーリーグ（Jリーグ）の関連法人である。
ジェーアンドシー,"株式会社ジェイアンドシー（英: J&C co.,ltd.）は、茨城県ひたちなか市に本社を置く総合石材問屋。石材の輸入・施工・販売を行う。インターネットによる各種石材の販売への取組等業界に先駆けた革新的な石材問屋でもある。"
ジオスコーポレーション,ジオスコーポレーション株式会社は、かつて存在した日本の企業。愛知県名古屋市中区大須に本社を置き、英会話教室や学習塾の運営のほかアジアン雑貨・家具の輸入販売を行っていた。
シネックスインフォテック,シネックスインフォテック株式会社（英: SYNNEX Infotec Corporation）は、パソコンなどのOA機器を扱う商社である。パソコン周辺機器では珍しい、木材の質感を生かしたデザインのUSBメモリなどを展開するmonoDOブランドをもつ。かつては丸紅グループの「丸紅インフォテック株式会社」であった。なお、「株式会社シネックス」は米国法人の関連会社であったが、現在はMCJ傘下であり、同社と直接の関係はない。
シフレ,株式会社シフレは、埼玉県越谷市に本社を置く、主にスーツケース・鞄の製造販売を行う会社。
シモジマ,"株式会社シモジマ（SHIMOJIMA Co., Ltd.）は、包装用品、店舗用装飾品、慶弔用品、事務用品などを扱う文具メーカー。本社は東京都台東区浅草橋。ギフトなどの包装、店舗の装飾品に強みを持ち、専門店を展開。ラッピングの講習会なども行っている。東名阪地区を中心に直営店舗を持つほか、包装・雑貨専門店「パッケージプラザ」のフランチャイズ事業を全国展開している。"
シャディ,"シャディ株式会社（Shaddy Co., Ltd.）は、東京都港区に本社を置くギフト販売会社である。大阪を発祥の地とし、以前は松原市に本社を置いていた。"
シャルレ,"株式会社シャルレ（Charle Co.,Ltd.）は、女性用下着を中心とした衣料商社。代理店・特約店による訪問販売形式で商品を提供している。近年は訪問販売以外にも力を入れており、インターネットやカタログによる通信販売もある。2014年9月には同社初の店舗である「CHARLE the STORE」を大阪市中央区西心斎橋に出店。本社は兵庫県神戸市須磨区弥栄台3丁目1番2号。キャッチコピーは『女性を元気にする日本一のグループへ』。"
シューマート,株式会社シューマート（SHOEMART）は、長野県長野市に本社を置く靴の小売・卸売・開発会社。
ショウエー,株式会社ショウエーは、かつて青森県青森市に本社を置いていた、医薬品・医療機器をおもに取り扱う企業である。
シリコンパワー,シリコンパワー（Silicon-Power computer and communications）は、台湾台北市に本社を置く、メモリーカードなどのメディア関連のメーカーである。日本、オランダに支社を持つ。
シンワフーズケミカル,シンワフーズケミカル株式会社は東京都江東区に本社を置く、食品添加物を主に取り扱う商社。
スーツネット,スーツネット（SuitsNET）は、広島県広島市に本社を置く、インターネット専門の紳士衣料通信販売サイト。本社は株式会社スーツネット（英語名：SuitsNET INC.）。
スズケン,"株式会社スズケン（英: SUZUKEN CO.,LTD.）は、愛知県に本社を置き、主として医療用医薬品卸売業を営む会社である。"
スズケン沖縄,株式会社スズケン沖縄（スズケンおきなわ）は、沖縄県那覇市松川に本社を置く医薬品・医療機器をとり扱う企業であった。 医科向医薬品80%・家庭用医薬品20%の販売構成であった。県下の薬局薬店約500店。病院医院200軒を客先としていた。
スズケン沖縄薬品,株式会社スズケン沖縄薬品（スズケンおきなわやくひん）は、沖縄県那覇市に本社を置くスズケングループの一社であり、主として医療用医薬品の卸売を営む会社である。
スズケン岩手,株式会社スズケン岩手（スズケンいわて）は、岩手県に本社を置き、医療用医薬品・医療機器の卸売業を行う会社。旧社名は、熊谷薬品株式会社（くまがいやくひん）。
スズデン,スズデン株式会社（Suzuden Corporation）は、東京都文京区湯島に本社を置く制御機器、情報・通信機器、電子機器、デバイス機器、電設資材などを扱う商社である。東京証券取引所一部上場企業。プライベートブランドUbon(ユーボン)を展開しており、豊富な商品ラインナップを揃えている。以前は秋葉原で小売部門の俺コンアキバを運営していたが、2013年3月28日に店舗を閉鎖している。
スターゼン,スターゼン株式会社は、東京都港区に本社を置く食肉専門の商社である。食肉の生産・加工・販売および食肉の輸入・販売のほか、ハム・ソーセージなど食肉加工品の製造・販売も行っている。
スターティア,スターティア株式会社は、日本の企業。東京・横浜・大阪・名古屋・福岡を拠点とする企業に対して、電子ブック作成ソフトをはじめとするIT製品、ネットワーク構築、クラウド関連サービスからオフィスの設計・ファシリティまで、オフィスの通信インフラをワンストップで総合的に提供するクラウド・アプリケーションベンダーである。2005年12月、東証マザーズに上場。2014年2月、東証一部に市場変更。
すてきナイスグループ,すてきナイスグループ株式会社は、神奈川県横浜市鶴見区に本社を置く住宅建築用資材の国内流通・輸入販売事業、住宅分譲・不動産仲介事業などを行っている会社。以前はナイス日榮という社名であったが、無関係の商工ローン業者「日栄」（現日本保証）と混同され、会社のイメージを損なうことから、2000年に「日榮」を取ってナイスという社名となった。2007年、持株会社への移行により現社名に変更している。
ステッドラー,ステッドラー（独: STAEDTLER Mars GmbH & Co. KG）は、ドイツ・ニュルンベルクに本拠を置く、筆記具や製図用品の世界的なメーカーである。
ストライダーズ,株式会社ストライダーズは東京都に本社を置く投資事業を展開する会社。創業時はパソコン周辺機器の販売を行っていた。かつてはMP3プレイヤー販売、０円パソコン、PCのパーツ等の販売も手掛けていた。現在は不動産管理業（トラストアドバイザーズ）、ホテル（成田ゲートウェイホテル、倉敷ロイヤルアートホテル）の事業が中心。その他、海外の企業との業務提携など
セイエル,株式会社セイエルは、広島市に本社を置く、医薬品、衛生材料、化粧品の卸売事業を中心とする企業。東邦ホールディングスの傘下である。
ゼスプリ・インターナショナル・ジャパン,ゼスプリ・インターナショナル・ジャパン株式会社（ZESPRI International Japan K.K.）は、東京都千代田区に本社を置くゼスプリブランドのキウイフルーツを輸入販売する商社である。
ゼット_(企業),ゼット株式会社（ZETT Corporation.）は大阪府大阪市天王寺区に本社を置くスポーツ用品卸売業である。
セトヤ薬品,セトヤ薬品株式会社（セトヤやくひん）は、徳島県徳島市万代町に本社を置いていた医療用医薬品、動物用医薬品、一般医薬品、検査試薬、医療機器・用具等の卸販売する企業。現在アルフレッサグループの一社「四国アルフレッサ」である。
ゼファー_(発電機メーカー),ゼファー株式会社は、日本の風力、太陽光、水力などの再生可能エネルギーの機器の開発をしている会社。伊藤瞭介が設立した。ゼファーは屋外サイン事業に電通と電通アドギアと業務提携契約を2012年1月1日に締結することを発表した。
セルフ大西,セルフ大西（セルフおおにし）は大阪市中央区に所在する衣料卸売問屋である。
ゼンノリタケ,"株式会社ゼンノリタケ（英: Zennoritake Co., Ltd.）は、愛知県名古屋市に本社を置く研削材の販売会社。"
ソーダニッカ,ソーダニッカ株式会社は、苛性ソーダ・塩素酸ソーダ・過酸化水素など曹達工業薬品・製紙用薬品を中心に取り扱う商社である。社名の「ソーダ」はナトリウムの化合物を指し、炭酸飲料であるソーダ水は取り扱っていない。また、「ニッカ」は1979年に合併した新日化産業に由来しており、ニッカウヰスキーとの関連はない。かつては苛性ソーダなどの化成品用私有貨車を保有していた。
ソピック,株式会社ソピックは、神奈川県横浜市南区に本社を置く企業である。
ソフテック_(南国市),"株式会社ソフテック（英語：SOFTEC,Inc.）は、高知県南国市蛍が丘一丁目4番地に本社をおく株式会社である。高知県内の医療・流通・金融業界のITシステム設計を主な業務としている。また、Visual Shotという画像管理ソフトウェアをパッケージ販売している。"
ダイキサウンド,"ダイキサウンド株式会社（英: Daiki Sound Co., Ltd.）は、インディーズを主体とするレコード流通会社。現在の法人は、1999年に設立された（旧）ダイキサウンド株式会社が持株会社制移行に伴い、株式会社フォンツ・ホールディングス（現:レッド・プラネット・ジャパン）へ商号変更した際に、事業会社として新設分割により設立されたものである。"
ダイトーエムイー,"ダイトーエムイー株式会社（英: Daito ME Co., Ltd.）は、愛知県春日井市に本社を置く電子機器商社。また製造部門を持ち産業用カスタムパソコンやロボットエンジニアリング、生分解性プラスチックの製造を行っている。"
ダイワボウホールディングス,"ダイワボウホールディングス株式会社（英称:Daiwabo Holdings Co., Ltd.）は、日本のOA機器の販売を行う商社や繊維メーカーを統括する持株会社である。本社は大阪市。"
ダイワボウ情報システム,ダイワボウ情報システム株式会社（ダイワボウじょうほうシステム）は、大阪府大阪市中央区に本社を置くパソコンなどのOA機器の販売を行う商社である。
タカショー,株式会社タカショーは、和歌山県海南市に本社を置く、ガーデニング関連製品の開発・製造・販売・輸入の大手。ガーデニング品の取り扱いは国内トップクラスである。
タカチホ_(卸売業),株式会社タカチホは、長野県長野市に本社を置く土産品の製造、卸、販売および一般小売、スーパー銭湯の経営を行う企業である。
タキゲン製造,"タキゲン製造株式会社（タキゲンせいぞう、TAKIGEN MFG. CO., LTD.）は、日本の産業用金物を扱うトップメーカーである。特に、配電盤、分電盤、キュービクルなどの密閉用筐体に欠かせない「蝶番」、「錠前」、「ステー」、「ハンドル」などの部品を扱っている。本社は東京都品川区西五反田1-24-4。日本に17支店と韓国ソウル、中国上海、タイ バンコクに支店があり、直販を行っている。"
タキタ,株式会社タキタは、福島県郡山市に本社を置いた、主に医薬品・医療用機器の卸業を営む企業だった。現在は、アルフレッサ ホールディングスグループの一社「恒和薬品」である。
タキヒヨー,"タキヒヨー株式会社（英: Takihyo Co., Ltd.）は、名古屋市西区牛島の名古屋ルーセントタワー内に本社を置く繊維商社。"
たけびし,株式会社たけびしは、京都府京都市右京区に本社を置く三菱電機系列の電気機器を取り扱う商社である。
タケモトピアノ,タケモトピアノ株式会社は、大阪府堺市堺区に本社を置く中古ピアノの買取・販売を行う企業である。九州・中国・関西・中部・関東の各地方の幅広い地域でピアノの買取業務を行い、ヨーロッパ・米国・オセアニア・東南アジアなど、世界約50ヶ国に輸出を行っている。
タジマヤ,株式会社タジマヤは、日本の菓子・食品・日用雑貨・業務用品の小売および現金問屋である。本社は東京都台東区根岸（上野支店）に所在。
タビオ,タビオ株式会社(Tabio Corporation)は、大阪府大阪市浪速区に本社を置く、靴下の企画・製造・販売を主業とする企業。
チェルト,チェルト株式会社は、千葉市美浜区に本社を置くイオングループの企業で、総務や資材の調達・管理などの補助及び、飲料自動販売機を中心としたリフレッシュ空間の創造を行う企業であった。2010年（平成22年）9月1日をもって同じイオングループでビルメンテナンス事業を手がけるイオンディライト株式会社と合併・解散した。
チップワンストップ,"株式会社チップワンストップ（英: Chip One Stop, Inc.）は、神奈川県横浜市港北区に本社を置く電子部品・半導体の通販サイト運営会社である。"
ティ・エム・シィ,"株式会社ティ・エム・シィ（英: TMC Company, Ltd.）は、ギター関連を中心とした楽器及びアクセサリーの輸出入及び国内卸販売などを行う商社である。自社ブランドにLive Line（ライブライン）がある。"
ティーアンドエス,"株式会社ティーアンドエス（英: T&S Co.,Ltd.）は、埼玉県越谷市に本社を置く各種スーツケースの製造販売をおこなう会社である。2002年創業。"
ティーエスアルフレッサ,ティーエスアルフレッサ株式会社はアルフレッサ ホールディングス傘下で、広島市に本社を置く医薬品、医療機器及び化粧品の卸売を中心とする企業である。中国地方を地盤とする。
ティムコ,株式会社ティムコ（英称：TIEMCO Ltd.）は、東京都墨田区にある日本の釣具・アウトドアメーカー。米フェンウィックブランドや米オービス社製品、米サイエンティフィック・アングラーズ社製品、スウェーデンのループ社製品等の正規輸入代理店のほか、ＴＭＣブランド、サイトマスターブランド、フォックスファイヤーブランド等、自社ブランドのフィッシング用品・アウトドア用品の企画開発、販売及び輸出を行っている。
テーオー小笠原,株式会社テーオー小笠原（テーオーおがさわら）は、北海道函館市に本社を置き、百貨店・ホームセンター・スーパーマーケット・住宅・木材・不動産・自動車ディーラー・消費者金融（北海道知事（1）渡第00878号）などをはじめとした多数の事業を展開している企業。主に道南圏の渡島地方・檜山地方を中心に店舗展開している。また、函館市との関わりが強い青森県にも進出しているほか、木材事業部は全国に支店がある。
テクノアソシエ,"株式会社テクノアソシエ（英: Techno Associe Co., Ltd.）は、大阪府大阪市西区に本社を置く金属・化成品部材を扱う商社である。住友グループ企業。ネジの販売首位。"
テクノアルファ,テクノアルファ株式会社は、東京都品川区に本社を置くワイヤボンダなどの半導体製造装置や電子材料の輸出入などを行う商社である。
デザインアーク,株式会社デザインアークは、大阪府大阪市西区に本社を置く住宅関連機器、金属建材（インテリア、外構、エクステリア）などの製造、販売、施工を行う企業である。大手住宅総合メーカーである大和ハウス工業株式会社の100%資本による子会社。
デジキューブ,"株式会社デジキューブ （DigiCube Co., Ltd.）は、かつて存在した日本のゲームソフトウェア会社。1996年2月、コンビニエンスストアにおけるエンターテイメントソフトの販売を主たる目的としてスクウェア（現スクウェア・エニックス）が設立した。スクウェアのゲームソフトのサウンドトラックCDや「アルティマニア」など、攻略本の出版事業、オリジナルのゲームタイトル発売も行っていた。後に、旧エニックス、ナムコ、カプコン、カルチュア・コンビニエンス・クラブ等も出資した。社名の由来は、デジタルとスクウェア（四角形）の多角化（立方体）である。"
テリロジー,株式会社テリロジーは、東京都千代田区に本社を置く海外のハードウェアやソフトウェア製品の輸入販売を行う会社。企業内通信システム構築・保守が主力。
デンセン,株式会社デンセンは、長野県長野市に本社を持つ電設資材の卸売を行う企業。旧社名上田電線電気工業株式会社。
テンピュール・シーリー・ジャパン,テンピュール・シーリー・ジャパン有限会社（英：TEMPUR SEALY Japan Ltd.）はテンピュール・シーリー・インターナショナル（米国）の子会社である。
テンポスバスターズ,"株式会社テンポスバスターズ（英文社名：TENPOS BUSTERS Co.,Ltd.）は、厨房機器等を販売している企業であり、現在はジャスダック（銘柄コード2751）に上場している。社名の由来は「テンポス」＝店舗の複数形と「バスターズ」＝掃除人である。"
トイズハート,トイズハート株式会社（Toy's Heart Inc.）は、1983年に設立された日本の株式会社である。エンターテイメント分野の雑誌、書籍、映像メディア、ファンシーグッズ等の流通を行っている。
ドウシシャ,株式会社ドウシシャ（Doshisha Corporation.）は、大阪府と東京都に本社を置くプライベートブランド（PB）商品の企画・開発・販売、ナショナルブランド（NB）商品の仕入・販売、および小売支援サービスを中心とした独自のビジネスモデル、「流通サービス業」を営む企業である。
トーカン_(卸売),"株式会社トーカン（英: TOKAN Co., Ltd.）は、愛知県名古屋市熱田区に本社を置く食品卸売会社である。主力取引先はユニーグループである。東海地方でラジオCMされている問屋スーパートーエーも運営する。社名の通り、乾物の椎茸、海苔を主に取り扱っている。"
トーハン,株式会社トーハン（英: TOHAN Corporation）は、東京都新宿区に本社を置く、出版物専門商社。
トーホー,株式会社トーホーは、神戸市東灘区に本社を置く総合食品卸グループの持株会社。東京証券取引所1部、福岡証券取引所上場企業。業務用食品卸の最大手。
ドーム_(企業),株式会社ドーム（DOME CORPORATION）はスポーツ関連事業を展開する日本の輸入製造販売会社。
トーメンエレクトロニクス,トーメンエレクトロニクス（英: Tomen Electronics）は、東京都港区に本社を置く、豊田通商グループの半導体商社である。2014年12月30日、豊田通商の完全子会社となった。
トーメンデバイス,株式会社トーメンデバイス（英: TOMEN DEVICES CORPORATION）は、東京都中央区に本社を置く豊田通商の連結子会社であり、サムスン電子の日本における販売代理店である。
トクヤク,株式会社トクヤクは、徳島県徳島市川内町に本社を置く医薬品卸売業の企業であった。現在は東邦薬品グループの一社「株式会社幸燿」である。
トトス,トトス(TOTOS)は、韓国に本社を置くバドミントン用品メーカーである。2008年9月に日本支社を開設した。バドミントン用品の他に、日本支社では韓国コスメ（アカスリタオル）やハングル表記名刺の作成・販売も手がけている。
トミタヘルスケア,"株式会社トミタヘルスケア（英称:TOMITA Healthcare Co., Ltd.）は、熊本県熊本市中央区にある一般用医薬品・日用品の卸売をする企業。富田薬品株式会社の傘下である。"
トラスコ中山,"トラスコ中山株式会社（トラスコなかやま、TRUSCO NAKAYAMA CORPORATION）は、工具や屋外作業現場用機具専門の卸売企業。プライベートブランド「TRUSCO」を35,400アイテム（2014年3月31日現在）展開する。創業55周年の2014年3月、本社機能を大阪市西区から東京都港区に移転し、登記上の本店も東京に変更された。第52期より決算期3月31日が12月31日に変更となった。創業者は中山注次。"
トレド_(企業),株式会社トレド（旧社名：中国テープ販売）は、広島県広島市安佐南区に本社を置くオーディオ・ビジュアル・ソフト（CD・DVD・カセットテープ等）卸販売を手掛ける企業である。
ナ・デックス,"株式会社ナ・デックス（英: Nadex Co., Ltd.）は、愛知県名古屋市中区に本社を置く機械商社。"
ナガイレーベン,"ナガイレーベン株式会社（英: Nagaileben co., Ltd.）は、白衣や靴の販売を行う企業。東証1部に上場している。"
ナガオカトレーディング,"株式会社ナガオカトレーディング（Nagaoka Trading Co.,Ltd.）は、東京都渋谷区に本社があるオーディオ・ビジュアル関連アクセサリー販売会社。かつては旧・株式会社ナガオカの営業部門だった。1990年（平成2年）の会社設立以降、現在までレコード針をはじめとしてオーディオ用アクセサリーの製品開発・販売を手掛けている。"
ナカノ薬品,ナカノ薬品株式会社（なかのやくひん）は、栃木県を営業区域とし、主として医療用医薬品の卸売を営む会社である。岩手県のスズケン岩手、中国地方のサンキ、四国地方のアスティス、九州地方の翔薬、沖縄県のスズケン沖縄薬品とともにスズケングループの一社である。
ナシオ,株式会社ナシオ（英称: NASIO Corporation）は、北海道札幌市西区に本社を置く菓子の卸売企業。
ナショナル物産,ナショナル物産株式会社（-ぶっさん）は、東北新社の連結子会社で、記録メディアの販売、高級家具・布地の輸入販売、スーパーマーケットの経営を行う会社である。
ナス物産,"ナス物産株式会社（なすぶっさん、英文名称：NAS TRADING CO.,LTD.）は、東京都中央区日本橋大伝馬町に本社をおく、日本冶金工業・NASグループのステンレス専門商社である。"
ナラサキ産業,ナラサキ産業株式会社（ならさきさんぎょう）は、北海道札幌市に本店を置く産業機械の販売などの業務の総合商社で東証2部上場企業。
ニイウス_コー,ニイウス コー株式会社（英称： NIWS Co. HQ Ltd.）はかつて存在し東京都中央区に本社を置いていた純粋持株会社。主な子会社にUNIX基盤のSIを手掛けるニイウス株式会社（解散）を擁していた。1997年から2004年まで、日本IBM最優秀ビジネスパートナー（日本IBMプレミア・ビジネス・パートナー）を8年連続で受賞した。2008年4月30日、過去5会計年度にわたる循環取引を利用した粉飾決算で、売上高にして682億円の過大計上がされていたことを発表し、民事再生法を申請した。
ニチモウ,"ニチモウ株式会社（英: NICHIMO CO.,LTD）は、漁具や食品機械、加工食品材料の製造を行う企業。東証一部に上場している。昭和初期より漁船燃料の販売を行い、一時期は日網石油精製として石油元売事業を行っていた。石油元売事業は、現在はキグナス石油に引き継がれている。"
ニチリウ永瀬,ニチリウ永瀬（にちりうながせ）は福岡県福岡市に本社を置く肥料・飼料卸売商社。
ニッセイコム,株式会社 ニッセイコムは、東京都品川区に本社を置く日立グループの一社で、システムインテグレーション（SI）や情報通信機器販売事業などを中心に行う企業。
ニットートレーディング,ニットートレーディング (Nitto Trading) はかつて存在した日本の企業。ノリタケカンパニーリミテドの子会社であり、アメリカなど海外向けに中国製陶磁器、食器を販売していた。前身は有限会社日東貿易商会で、2000年に組織を変更し株式会社ニットートレーディングとなった。業績が芳しくなかった事もあり、自社製品へ事業を集約するため2006年9月30日に解散した。
ニューパック住友,株式会社ニューパック住友（ニューパックすみとも、N.P.S CORPORATION）は、愛媛県新居浜市に本社を置く企業である。配送業務を含めた包装資材・梱包資材の総合卸商社業を中心に、包装機器や梱包用備品の店頭販売、リサイクル事業なども行う。
ぬ利彦,ぬ利彦（ぬりひこ）は東京都中央区にある酒類・食品等の卸売会社。
ネクステージ九州,株式会社ネクステージ九州（ネクステージきゅうしゅう）は、かつて存在した三菱商事石油とJX日鉱日石エネルギーが合弁で設立した会社で、石油販売（ガソリンスタンドの運営）などを行っている日本の企業であった。
ネクステージ中国,株式会社ネクステージ中国（ネクステージちゅうごく）は、かつて存在した三菱商事石油と新日本石油（現・JX日鉱日石エネルギー）が合弁で設立した会社で、石油販売（ガソリンスタンドの運営）などを行っている日本の企業であった。
ネクスト_(アダルトビデオ),株式会社ネクストは、日本のアダルト販売会社。旧名称は株式会社ネクストイレブンクラブ。アダルトビデオメーカー（有限会社ネクストイレブン、株式会社スターパラダイス等）数社を擁するネクストグループの中核企業である。
ネットワークバリューコンポネンツ,株式会社ネットワークバリューコンポネンツは、神奈川県横須賀市に本社を置く独立系ネットワークインテグレーターである。
ノア_(LED照明卸),株式会社ノアはLED照明機器商品・部品の販売・据付・メンテナンス等を行う商社。
パールライス宮城,株式会社パールライス宮城（ぱーるらいすみやぎ）は、宮城県黒川郡大和町にある米穀卸販売業を主体とする企業。
バイク王&カンパニー,株式会社バイク王＆カンパニー（旧社名：株式会社アイケイコーポレーション）は、大手オートバイ買取専門店「バイク王」を全国展開する会社である。また、オートバイ買取・販売以外に、2006年3月から駐車場機器製造販売会社の「カーテック株式会社（現・カーコム株式会社）」との合弁会社として、駐車場事業を営む株式会社パーク王を新たに設立し、「パーク王」として営業を開始した。
バイタルネット,株式会社バイタルネットは、宮城県仙台市に本社を置く医薬品卸である。 東邦薬品の「株式会社葦の会」の一社である。
ハイパー_(商社),株式会社ハイパー（英: HYPER Inc.）は、東京都中央区に本社を置くコンピューターおよび周辺機器販売・保守および事務用品・機器などを販売する商社・アスクルエージェント。
パシフィックソーワ,株式会社パシフィックソーワ（英: PACIFIC SOWA CORPORATION）は、東京都千代田区に本社を置く大平洋金属グループの商社である。
パナソニック_コンシューマーマーケティング,パナソニック コンシューマーマーケティング (Panasonic Consumer Marketing) は、パナソニック製電化製品の卸販売を行うパナソニックグループの企業である。松下電器マーケティング部門・松下ライフエレクトロニクス双方を合併して設立された。
パナソニック_ホームエンジニアリング,パナソニック ホームエンジニアリング株式会社は、パナソニックグループの住宅設備販売を担当する会社である。パナソニックのリビングショウルームを全国に展開している。
ハナノキ_(企業),"株式会社ハナノキ（HANANOKI CO., LTD. ）は、愛知県北名古屋市に本社を置く米穀関係の卸販売を手掛ける企業である。"
ハピネット,株式会社ハピネット（英: Happinet Corporation）は、バンダイナムコグループの中核複合商社。玩具卸業国内首位。映像・音楽やキャラクタービジネスに強い。
ハリマ共和物産,ハリマ共和物産株式会社 （はりまきょうわぶっさん）は、兵庫県姫路市飾東町に本社を置く商社である。
ビー・グリーン,"株式会社 ビー・グリーン（英語: V-Green Co., Ltd.）は、日本の商社。食品の輸入販売事業を展開している。"
ヒガ・インダストリーズ,株式会社ヒガ・インダストリーズは、食材の輸入・販売を行う会社。創業者は、ハワイ生まれ日系3世のアーネスト・エム・比嘉（ヒガ・アーネスト・マツオ）。
ビザン薬局,有限会社ビザン薬局（ビザンやっきょく）は、徳島県徳島市紺屋町に本社があった医薬品・衛生材料を卸す企業。現在メディセオ・パルタックホールディングスグループの一社「よんやく」である。
ビズネット,ビズネット株式会社（英: Biznet Corporation）は、文具・オフィス関連用品商社。プラス株式会社の連結子会社である。
ビバックス,株式会社ビバックスは、広島県広島市にある清涼飲料水の販売を行う会社である。かつてはペプシコーラの有力ボトラーの1つであったが、現在はキリンビバレッジの子会社で、中国・四国エリアにおける同社製品の販売を担当している。
ビューティ花壇,"株式会社ビューティ花壇（ビューティかだん、英: Beauty Kadan Co.,Ltd.）は生花の卸売や生花祭壇の企画・設営を行う企業。東証マザーズに上場している。"
ファイネス,株式会社ファイネスは、石川県金沢市に本社を置く医療用医薬品、臨床検査用試薬、動物用医薬品、医療機器等の総合卸販売をしている企業である。東邦ホールディングスの「共創未来グループ」の一社でもある。
フィールズ_(企業),フィールズ株式会社は、日本の企画開発、仕入、販売会社。
フードサービスネットワーク,"株式会社フードサービスネットワーク（Food Service Network Co.,Ltd.）は、全国的に店舗を展開しているローソンの主にチルド物流を担っていた会社。三菱商事の子会社。2003年4月より前の商号は株式会社エフエスエヌ（FSN）。"
フーマイスターエレクトロニクス,株式会社フーマイスターエレクトロニクスは、東京都千代田区に本社を置く韓国LG向け株式会社日立製作所製電子部品（半導体はルネサス製）輸出を主力とする商社。
フェバリット,株式会社フェバリットは、恐竜関連商品等の輸出入及び販売を行う卸売企業。滋賀県彦根市に本社を置く。
フォーク_(企業),フォーク株式会社は、メディカルウエア、作業服、ユニフォーム等の企画、製造、販売を行う企業。本社は、埼玉県加須市にある。
フォーバル,株式会社フォーバル（FORVAL Corporation）は、中小企業に対し、ビジネスフォン・OA機器・セキュリティーシステム・web作成サービス等の販売を行う企業。代表取締役会長は大久保秀夫。
フォレストホールディングス,株式会社フォレストホールディングスは、株式会社アステムをはじめとする医薬品、医療機器の卸販売等の事業を行う企業の株式を保有する純粋持株会社である。当社を中心とする企業グループは、フォレストグループと呼ばれる。
フジクラ・ダイヤケーブル,株式会社フジクラ・ダイヤケーブルは、東京都中央区築地に本社を置く企業である。フジクラ・三菱電線工業・西日本電線の3社の各社が蓄積してきた技術、開発力を継承、発展させる目的、建設・電販市場における合弁販売会社として設立された。
フジデン,株式会社フジデンは、東京都江東区木場に本社を置く電線の専門商社で、フジクラ（旧：藤倉電線）系である。
ブライト_(企業),株式会社ブライト（BRIGHT CORPORATION）は、日本のオートバイの輸入、卸販売を行う企業。
ブラザー販売,"ブラザー販売株式会社（ブラザーはんばい、英: BROTHER SALES, LTD.）は、愛知県名古屋市瑞穂区に本社を置く企業である。"
プランニンググループ,プランニンググループ株式会社は、防犯カメラ・LED照明の販売施工を行う日本の企業。現在は主に店舗系のセキュリティと照明を請け負っている。
プリマ楽器,"株式会社プリマ楽器（ぷりまがっき、英称：Prima Gakki Co.,Ltd.）は、楽器・楽譜の卸業を行う日本の音楽総合卸商社である。"
プリンセストラヤ,プリンセストラヤは、東京都台東区に本拠を構えるアパレル・装飾品・ファッション関連企業である。1939年3月創業。プリンセスバッグやダコタなどのファッションブランドを展開している。
プレストコーポレーション,株式会社プレストコーポレーション（PRESTO CORPORATION）はオートバイの輸入、卸売を行う、日本の企業である。
フレッシュ・デルモンテ・ジャパン,"フレッシュ・デルモンテ・ジャパン株式会社（Fresh Del Monte Japan Co., Ltd.）は、東京都渋谷区恵比寿に本社を置く、果物・野菜の輸入販売をする商社である。"
フレット_(企業),株式会社フレットは、石川県金沢市に本社を置く医療用医薬品、臨床検査用試薬、動物用医薬品、医療機器等の総合卸販売をしている企業であった。現在は、「株式会社　ファイネス」である。東邦薬品の「共創未来グループ」の一社でもある。
プロダクト・イノベーション,"株式会社プロダクト・イノベーション（英文表記：Product Innovation Co., Ltd.）は日本のドラッグストア向けプライベートブランド商品開発会社である。略称はPi。"
プロト_(企業),株式会社プロト（英: PLOT.Inc）は、愛知県刈谷市にある自動車、オートバイ部品の企画・製造・販売を行う企業である。また、オリジナルオートバイ「ロードホッパー」の製造販売も行っている。
ベイクック,ベイクックコーポレーション株式会社は、長野県長野市にある米穀販売業を主体とする企業。
ペッパーフードサービス,株式会社ペッパーフードサービスは、同社が経営するステーキを中心としたレストランチェーンであるペッパーランチをはじめとした外食産業企業で、東京都墨田区に本社を構える。
ヘレウス,ドイツ、ハーナウに本社を置くヘレウス・ホールディング社（Heraeus Holding GmbH）は、160年以上の歴史を有するグローバルカンパニーの1社である。高温技術を駆使した貴金属製品や素材、工業用センサー、医療用製品、石英ガラス、そして特殊光源を製造している。
ボーネルンド,ボーネルンド(BrneLund)は日本の玩具会社。
ほくやく,株式会社ほくやくは、北海道札幌市に本社を置き、主として医薬品卸を行う会社である。「株式会社バレオ」を前身とし、現在はほくやく・竹山ホールディングスの100%子会社となっている。東邦薬品の「株式会社葦の会」の一社でもある。
ほくやく・竹山ホールディングス,株式会社ほくやく・竹山ホールディングス（ほくやくたけやまホールディングス）は、北海道札幌市中央区に本社を置く医薬品卸ほくやくと医療機器卸竹山の経営統合により設立された持株会社である。札幌証券取引所の単独上場企業のひとつである(証券コードは3055）
ボスインターナショナル,"ボスインターナショナル株式会社（BOSS INTERNATIONAL Co.,LTD）は、大阪府大阪市中央区安土町4番11号 エンパイアビル5F Bに本社を置く、電子部品の貿易商社である。"
ホルベイン画材,ホルベイン画材は、大阪市中央区に所在する画材の総合メーカー。ホルベインブランドの他、スイスの画材ブランドのカランダッシュ、ドイツの製図器ブランドのロットリングの日本での正規代理店。
マクニカ,"株式会社マクニカ（英: MACNICA, Inc.）は、神奈川県横浜市港北区に本社を置く半導体などの電子部品関連専門商社。"
マツザワ,株式会社マツザワは、長野県下伊那郡高森町に本社を置く土産品の企画、製造、卸、販売および小売、飲食店の経営を行う企業であり、マツザワグループの中核企業である。特殊マーケットである高速道路のサービスエリアやJRの駅構内、空港港内などへ3温度帯（常温/冷蔵/冷凍）の流通が可能な設備（倉庫/車両）を保有している。中部山岳国立公園内と言う特殊地域への配送許可も保有しており、上高地・乗鞍高原・立山黒部アルペンルートなど極めて特殊な地域への物流も担う。
マルアイ商事,マルアイ商事株式会社は、水産加工品メーカー株式会社マルアイ（愛知県名古屋市）の慶弔ギフト・百貨店専門ギフトを販売する会社として、1966年7月、同社により設立。東海地区を営業地盤としている。2005年4月、株式会社マルアイ同様、静岡県静岡市に本社を置く食品メーカー、はごろもフーズ株式会社の子会社となる。
マルイチ産商,"株式会社マルイチ産商（マルイチさんしょう、英: MARUICHI Co.,Ltd.）は、水産物を中心に、食料品全般を扱う卸売会社。名証2部上場。中部地方や関東などで事業を展開、特に長野県で高いシェアを持つ。"
マルカイコーポレーション,マルカイコーポレーション株式会社（Marukai Corporation.）は、大阪府大阪市西区京町堀に本社を置く、食品・酒類・雑貨類の輸入販売をおこなう企業である。1938年創業。
マルカキカイ,マルカキカイ株式会社は、大阪府茨木市に本社を置く工作機械、建設機械の専門商社。海外へ多くの拠点を持ち、海外進出企業の支援を得意としている。
マルタケ,株式会社マルタケは、新潟市西区に本社を置く医薬品・医療機器等の卸売を行っている企業である。
マルヤマエクセル,"マルヤマエクセル株式会社（英: MARUYAMA EXCELL Co., Ltd.）は、消火器などの販売をおこなっている企業。"
ミエライス,株式会社ミエライス（みえらいす）は、三重県津市に本社を置く米穀製品専門の商社。
ミスミグループ本社,株式会社ミスミグループ本社（ミスミグループほんしゃ、英: MISUMI Group Inc.）は、東京都文京区に本社を置く機械加工製品の販売などを行う持株会社。製造業の生産ラインや開発部門で必要とされるFA（Factory Automation）事業、金型用の精密機械部品事業、同社ブランド以外の他社商品も扱うVONA (Variation & One-stop by New Alliance)の３つの事業で成長している。ＦＡ・金型用部品の専門商社株式会社ミスミが中核。
ミタチ産業,"ミタチ産業株式会社（ミタチさんぎょう、英: Mitachi Co., Ltd.）は、愛知県名古屋市中区に本社を置く電子部品の専門商社。"
ミツウロコ,株式会社ミツウロコは、東京都中央区に本社を置く石油製品・LPガス・固形燃料などの販売を行う企業である。現在の法人は、2011年、（旧）株式会社ミツウロコ（現・株式会社ミツウロコグループホールディングス）が持株会社に移行した際に、エネルギー関連事業の受け皿として設立された。
ミツウロコグループホールディングス,株式会社ミツウロコグループホールディングスは、東京都中央区に本社を置く石油製品・LPガス・固形燃料の販売などを行う企業グループの持株会社である。2011年に持株会社制へ移行する際に株式会社ミツウロコから商号変更した。
ミツヤス,株式会社ミツヤスは、東京都23区西部及び多摩地域の飲食店向けに食材の卸売りを行う食品卸売会社。飲食業界、給食業界、惣菜業界向けに卸売り、小売を行うほかに、各種印刷も手掛けている。
ミヤセキ,ミヤセキ株式会社は、宮城県仙台市青葉区に本社を置く、かつて東北地方において石油販売（ガソリンスタンドの運営）を行っていた企業である。
ミューチュアル,株式会社ミューチュアルは、大阪府大阪市北区に本社を置き、医薬品業界・化粧品業界・製菓等の食品業界向けに自動包装機械などの製作・輸入出販売、並びに工業用ダイヤモンド販売や包装資材販売などの事業を行う企業である。
ムトウ_(医療),株式会社ムトウは、主として医療用機器の販売を行う会社。
メディアージュ_(卸売業),株式会社メディアージュは、2004年に設立された日本のコンテンツ販売会社。日本のイメージDVDメーカー、「キングダム」「竹書房」「エスデジタル」「グレイトワークス」の発売する映像ソフト（DVD、BD）の販売を行う。
メディセオ,株式会社メディセオは、東京都中央区に本社を置く、医療用医薬品等の卸売事業を行う業界最大手の企業で、メディパルホールディングスグループの中枢を担っている。2009年10月に株式会社クラヤ三星堂（くらやさんせいどう、KURAYA SANSEIDO Inc.）から社名変更した。
メディパルホールディングス,"株式会社メディパルホールディングスは、医療用医薬品、一般用医薬品、医療機器、日用品、化粧品、トイレタリーを主力取り扱い品目とする流通グループ。東京都中央区に本社を置いている。連結売上高は2兆5,000億円を越え、日本国内最大規模である。"
メトロ_(小売業),メトロ AG（メトロ アーゲー、Metro AG）はドイツの企業グループ。
モリタ_(歯科医療),株式会社モリタ（J.MORITA CORPORATION）は、吹田市垂水町三丁目に本社を置く、歯科医療の総合商社である。歯科材料・大型器械・情報機器の卸販売では56.4％のシェア（2013年度実績）を持つ。
モリリン,モリリン株式会社（Moririn Co.Ltd.）は、愛知県一宮市に本社を置く繊維専門商社である。1662年（寛文2年）に創業された老舗企業の一社としてその名を知られている。
モンペリ,モンペリ（Monpllie）は、日本のボランタリー・チェーン「月の友グローサーズチェーン(TGC)」が展開するコンビニエンスストアの店舗名である。同チェーンは茨城県最大手（1998年の報道より）の酒類卸売業者「合資会社月の友」が主宰している。
ヤガミ,株式会社ヤガミ（英: Yagami Inc.）は、愛知県名古屋市中区に本社を置く教育理科機器や保健福祉機器の専門商社。
ヤギ_(企業),株式会社ヤギは、大阪府大阪市中央区に本社を置く老舗の繊維専門商社である。
ヤナセ,"株式会社ヤナセ（英: YANASE & Co., Ltd.）は、伊藤忠商事傘下の輸入自動車および中古車の販売業者（ディーラー）。かつては、「いいものだけを世界から」というキャッチフレーズを全面に出し、テレビ・ラジオの番組提供などでCMも放映され、欧米自動車ブランドの輸入者（インポーター）でもあったが、2002年（平成14年）までにはそれら全ての輸入権をメーカー系インポーターに譲渡した（後述）。近年中古車販売の比率が上昇しており、現在の販売台数のおおむね45%は中古車である[1]。2015年現在のキャッチフレーズは「クルマはつくらない。クルマのある人生をつくっている。」"
ヤマエ久野,ヤマエ久野株式会社（ヤマエひさの）は、福岡市博多区に本社がある、食品商社。福岡証券取引所単独上場銘柄のひとつである（証券コードは8108）。
ヤマタネ,株式会社ヤマタネ（英称:Yamatane Corporation）は、倉庫業準大手、米（コメ）の卸売大手の企業。東京証券取引所第1部上場。
ユアサ・フナショク,"ユアサ・フナショク株式会社（英: Yuasa Funashoku Co.,Ltd.）は、千葉県船橋市に本社を置く食品卸会社である。"
ユアサ商事,ユアサ商事株式会社（ユアサしょうじ）は、東京都中央区に本社を置く1666年創業の商社である。
ユービーアイソフト,ユービーアイソフト（Ubisoft Entertainment）は、フランスに本社を置くコンピュータゲームの開発・販売会社である。2014年現在、世界19ヵ国に29の開発スタジオがあり、開発スタッフ約7800人を含む約9200人のスタッフを抱える。日本法人は1994年にユービーアイソフト株式会社として設立された。
ユービーアイソフト,ユービーアイソフト（Ubisoft Entertainment）は、フランスに本社を置くコンピュータゲームの開発・販売会社である。2014年現在、世界19ヵ国に29の開発スタジオがあり、開発スタッフ約7800人を含む約9200人のスタッフを抱える。日本法人は1994年にユービーアイソフト株式会社として設立された。
ユナイト_(共同仕入会社),株式会社ユナイトは、岩手県盛岡市に存在したスーパーマーケット事業を運営する企業による共同仕入会社。2010年5月31日に解散した。
ヨンキュウ,株式会社ヨンキュウは、愛媛県宇和島市に本社を置く日本の水産商社である。JASDAQ上場。
よんやく,株式会社よんやくは愛媛県伊予郡砥部町に本社を置く、メディパルホールディングス傘下の医薬品及び衛生材料の卸売を行う企業である。
ラクーン_(企業),"株式会社ラクーン（英: Raccoon Co., Ltd.）は、東京都に本社を置く商社である。小売業者向け卸サイトのスーパーデリバリーが事業の中心である。"
ラサ商事,ラサ商事株式会社（ラサしょうじ、英：Rasa Corporation）は、日本の商社である。
ラスタバナナ,株式会社ラスタバナナは、愛知県名古屋市中区に本社を置く携帯電話周辺アクセサリー専門メーカー。
ラナップ,"株式会社ラナップ（英文社名RUNUP Co.,Ltd.）は、音響機器やソフトウェアの企画・流通を行っている日本の企業。"
リードオフジャパン,"リードオフジャパン株式会社（英語名:Lead-off Japan Co., Ltd.）は1985年設立の食品・酒類を取り扱う商社である。主な取り扱い商品は、アップルタイザー（飲料）、ハーシー（チョコレートシロップ）などである。"
リードヘルスケア,株式会社リードヘルスケアは、福岡県北九州市と東京都中央区に本社を置く、一般用医薬品、医薬部外品、健康食品、介護用品、化粧品、乳製品、日用雑貨などのヘルスケア関連商品の総合卸業者である。前社名は「株式会社アステムヘルスケア」。
リーバイス,リーバイ・ストラウス(Levi Strauss & Co.)は、アメリカを拠点とするアパレルメーカーであり、ジーンズのリーバイス(Levi's)で知られている。ただし、業務縮小に伴いアメリカ国内での同社のジーンズ生産は一部プレミアムラインを残すのみである。日本法人はリーバイ・ストラウス ジャパン株式会社。
リコージャパン,"リコージャパン株式会社（英語: Ricoh Japan Co., Ltd.） は、光学機器などの製造を行っているメーカーであるリコーの販売子会社であり、主に複写機、ファクシミリ、レーザープリンターやそれらの複合機、デジタルカメラの販売・保守などを行っている。2010年7月1日、首都圏と信越地方の地域統括会社であるリコー販売株式会社を存続会社として、リコー北海道、リコー東北、リコー中部、リコー関西、リコー中国、リコー九州を合併、リコー販売事業本部の機能を移管し、現在の商号となった。2014年7月1日、リコーテクノシステムズ株式会社、リコービジネスエキスパート株式会社の2社を吸収合併するとともに、リコーITソリューションズ株式会社の市場IT事業を会社分割により承継した。リコー製品のみならず、各社パソコンやサーバをはじめとするIT関連機器の販売も行っている。理研グループ。"
リコー関西,リコー関西株式会社（リコーかんさい） は、光学機器などの製造を行っているメーカーであるリコーの販売子会社であり、主に複写機、ファクシミリ、レーザープリンターやそれらの複合機、デジタルカメラの販売を行っていた。リコーグループでは関西・四国の地域統括販売会社であり、メーカーの支店機能も有した。リコー製品のみならず、各社パソコンやサーバをはじめとするIT関連機器の販売も行っているほか、独自でASP事業、CADスクールも展開していた。2010年7月、リコー関西含む国内販売会社7社が合併しリコージャパン株式会社となった。
リコー九州,リコー九州株式会社（リコーきゅうしゅう） は、光学機器などの製造を行っているメーカーであるリコーの販売子会社であり、メーカーの支店機能も有した。主に複写機、ファクシミリ、レーザープリンターやそれらの複合機、デジタルカメラの販売を行っていた。リコーグループでは九州地方の地域統括販売会社。リコー製品のみならず、各社パソコンやサーバをはじめとするIT関連機器の販売も行っていた。2010年7月、リコー九州含む国内販売会社7社が合併しリコージャパン株式会社となった。
リコー中国,リコー中国株式会社（りこーちゅうごく） は、光学機器などの製造を行っているメーカーであるリコーの販売子会社であり、メーカーの支店機能も有した。主に複写機、ファクシミリ、レーザープリンターやそれらの複合機、デジタルカメラの販売を行っていた。リコーグループでは中国地方の地域統括販売会社。リコー製品のみならず、各社パソコンやサーバをはじめとするIT関連機器の販売も行っていた。2010年7月、リコー中国含む国内販売会社7社が合併しリコージャパン株式会社となった。
リコー中部,"リコー中部株式会社（リコーちゅうぶ、英: Ricoh Chubu Co., Ltd.） は、2010年の国内販売会社の統合時まで存在したリコーの販売会社である。光学機器などの製造を行っているメーカーであるリコーの販売子会社であり、主に複写機、ファクシミリ、レーザープリンターやそれらの複合機、デジタルカメラの販売を行っていた。リコーグループでは中部地方の地域統括販売会社としての機能を持っており、メーカーの支店機能も有した。リコー製品のみならず、各社パソコンやサーバをはじめとするIT関連機器の販売も行っていた。2010年7月、リコー中部含む国内販売会社7社が合併しリコージャパン株式会社となった。"
リコー東北,リコー東北株式会社（リコーとうほく） は、宮城県仙台市青葉区に本社をおく、リコーの地域統括販売会社。1949年 - 理研光学工業株式会社（現社名：株式会社リコー）仙台出張所としてスタート。リコーグループで東北エリアを担当する販売会社であり、メーカーの支店機能も有した。リコー製品のみならず、各社パソコンやサーバをはじめとするIT関連機器の販売も行っていた。直販と代販の比率は6：4。東北六県でのＰＰＣ（普通紙複写機）のシェアは28％である。東北楽天ゴールデンイーグルスの公式スポンサーでもある。宮城県内には、リコーグループの製造子会社東北リコー株式会社（本社：宮城県柴田郡）も当時存在し、混同されやすかった。2010年7月、リコー東北含む国内販売会社7社が合併しリコージャパン株式会社となった。
リコー北海道,リコー北海道株式会社（リコーほっかいどう） は、光学機器などの製造を行っているメーカーであるリコーの販売子会社であり、メーカーの支店機能も有していた。主に複写機、ファクシミリ、レーザープリンターやそれらの複合機、デジタルカメラの販売を行っていた。リコーグループでは北海道地方の地域統括販売会社。リコー製品のみならず、各社パソコンやサーバをはじめとするIT関連機器の販売も行っていた。2010年7月、リコー北海道含む国内販売会社7社が合併しリコージャパン株式会社となった。
リックス,リックス株式会社は、福岡県福岡市博多区に本社を置く機械装置や計測機器などを販売する商社である。また、回転継手（ロータリージョイント）や洗浄装置の製造も行っている。
りゅうせき,株式会社りゅうせきは、沖縄県において石油製品・ガス製品などを販売する企業である。JX日鉱日石エネルギーと主な提携関係にあり、ガソリンスタンドのブランドは主にENEOSである。
リョーショクリカー,株式会社リョーショクリカー (RYOSHOKU LIQUOR LIMITED) は、東京都大田区に本社を置いていた、菱食グループの酒類卸売会社である。2011年7月1日に同日発足した三菱食品により吸収合併された。
リリカラ,"リリカラ株式会社（英: Lilycolor CO., LTD.）は東京都新宿区に本社を置く、主にインテリア商品の製造を行っている企業である。"
レカム,"レカム株式会社（英文社名:RECOMM CO.,LTD.）は、東京都千代田区九段北に本社を置く、情報通信機器の販売・保守などを手がけている企業である。旧社名はレカムホールディングス株式会社（英文社名:RECOMM HOLDINGS CO.,LTD.）。2008年10月1日から2013年5月30日までの間、純粋持株会社として、企業グループ群を統括していた。"
レッド・プラネット・ジャパン,"株式会社レッド・プラネット・ジャパン（英: Red Planet Japan,Inc.）は、レコード会社やホテル運営会社を傘下に持つ持株会社である。ジャスダック上場。"
ワキタ,"株式会社 ワキタ（英: Wakita Co.,Ltd.）は、大阪府大阪市西区江戸堀に本社を置く土木・建築機械のリースならびに各種店舗の企画・開発ほか不動産事業などをおこなう専門商社である。みどり会のメンバー。コーポレート・メッセージは「Build Up Tomorrow.」"
ワルツ_(コーヒー会社),"ワルツ株式会社（Waltz Co., Ltd. ）は、愛知県豊橋市に本社を置くコーヒーの製造会社。愛知県、静岡県、三重県のレストランや喫茶店にコーヒー豆の卸や店舗での小売、フランチャイズでの店舗経営などを行っている。"
ヰセキ四国,株式会社ヰセキ四国（いせきしこく）は、井関農機グループの農業機械販売会社。四国全域において農業機械、農業関連資材等の販売を展開している。
阿部商会,株式会社阿部商会は自動車用部品・用品、トラクター・建機用タイヤ・用品等を輸入・販売する会社である。
旭食品,"旭食品株式会社（あさひしょくひん）は、高知県南国市に本社を置く酒類・食品の卸業者である。非上場企業であるが、総合商社の傘下に属さない独立系食品商社としては有数の地位にあり、特に西日本地区では加藤産業と並ぶ規模を誇る。2012年にカナカンと丸大堀内の3社で経営統合することが発表され、2013年に共同持ち株会社「トモシアホールディングス」を設立した。統合後の3社合計の売上高は6,000億円を超える規模となる。よさこい祭りに参加している常連であり、これまで数多くの賞（よさこい大賞や金賞）を受賞している。"
旭日産業,旭日産業株式会社（あさひさんぎょう かぶしきがいしゃ）は、非鉄金属製品や、工業薬品、金属加工品、合成樹脂製品、住宅機器などを扱う専門商社である。
安川メカトレック,株式会社安川メカトレック（やすかわメカトレック）は、東京都港区に本社を置く、機械・エレクトロニクスを扱う専門商社。安川電機の子会社。
安藤_(医薬品),安藤株式会社（あんどう）はアルフレッサ ホールディングス傘下で、群馬県高崎市に本社を置く医薬品、医療機器、医療用検査試薬、介護用品、健康食品等の卸売及び販売を行う企業であった。
安本商事,"株式会社安本商事 (YasumotoSyoji Co.,Ltd) は、東京都台東区に本社を置く、パチンコ・パチスロ 遊技機販売業者。"
伊場仙,伊場仙（いばせん）は東京都中央区日本橋小舟町（旧日本橋堀江町一丁目）にある団扇、扇子を製造販売する企業。江戸時代は浮世絵の出版も手がけた。
伊丹産業,"伊丹産業株式会社（いたみさんぎょう、英称：ITAMI SANGYO Co.,LTD.）は、兵庫県伊丹市に本社を置く、主にガス・石油の販売をおこなう企業である。"
伊藤忠エネクス,"伊藤忠エネクス株式会社（いとうちゅうエネクス、Itochu Enex Co., Ltd.）は、伊藤忠商事グループのエネルギー商社である。石油製品・LPガスの卸売・販売を中核事業としながら、自動車関連事業（カーライフ）や生活関連事業（ホームライフ）の拡充を進める。近年では電力事業へ参入し、再生可能エネルギーを含む自社発電設備を保有。電力の製造・販売を手がけている。カーライフ事業では、主にガソリンスタンド向けに石油製品を販売しており、自社でも一部ガソリンスタンドを運営（ブランド：「カーエネクス (carenex)」・JX日鉱日石エネルギー・昭和シェル石油・コスモ石油・エクソンモービル他）。経営理念は「社会とくらしのパートナー～エネルギーと共に・車と共に・家庭と共に～」である。"
伊藤忠マシンテクノス,伊藤忠マシンテクノス株式会社（いとうちゅうましんてくのす）は、伊藤忠商事の１００％子会社。工作機械・産業機械・食品機械を扱う機械商社。
伊藤忠丸紅鉄鋼,伊藤忠丸紅鉄鋼株式会社（いとうちゅうまるべにてっこう）は、鉄鋼製品等の輸出入および販売、加工を営む商社である。
伊藤忠商事,伊藤忠商事株式会社（いとうちゅうしょうじ、ITOCHU Corporation）は、みずほグループの大手総合商社であり、日本屈指の巨大総合商社である。いわゆる五大商社の一角を占める。アジア有数のコングロマリットでもある。
伊藤忠食品,伊藤忠食品株式会社（いとうちゅうしょくひん）は、酒類・食品の卸売を主要事業とする商社である。大阪市中央区に本社を置く。伊藤忠商事の子会社である。酒類・食品卸の企業としては、全国5位の売上高を誇る。セブンイレブンは立ち上げの際から取引を行っている大口の得意先である。他にもイトーヨーカドーやイオングループ、ライフコーポレーションなどの大手スーパーにも強い。
井原水産,"井原水産株式会社（いはらすいさん、英称:IHARA & CO., LTD）は、北海道留萌市に本社を置く水産加工会社である。"
井上誠昌堂,株式会社井上誠昌堂（いのうえせいしょうどう）は、バイタルネット傘下で、富山県高岡市に本社を置く医薬品・医薬部外品などの販売、不動産賃貸業を行っている企業であった。現在は、東邦薬品の共創未来グループ傘下「株式会社　ファイネス」である。
井筒クラヤ三星堂,株式会社井筒クラヤ三星堂（いづつクラヤさんせいどう）はメディセオ・パルタックホールディングスグループの一社であり、京都市中京区に本社を置く医薬品・医療機器などの卸売りを行う企業であった。2009年10月にクラヤ三星堂に吸収合併され、株式会社メディセオに商号変更した。
稲垣薬品興業,稲垣薬品興業株式会社（いながきやくひんこうぎょう）は、神奈川県横浜市中区野毛町に本社を置く、工業薬品の卸売販売をおこなう企業である。
稲畑産業,稲畑産業株式会社（いなばたさんぎょう）は、住化グループの専門商社。主に電子材料、住宅設備関連、化学品、合成樹脂等を扱っている。同じく大阪に本社を置く伊藤忠商事、阪和興業、岩谷産業、長瀬産業、山善などと並ぶ在阪商社の一つ。
因幡電機産業,"因幡電機産業株式会社（いなばでんきさんぎょう、英: Inaba Denki Sangyo Co., Ltd.）は、大阪府大阪市西区立売堀に本社を置く、電線や配線器具を専門的に取り扱う商社。"
宇佐美鉱油,株式会社宇佐美鉱油（うさみこうゆ、英文社名：Usami Kohyu Corp.）は、石油販売（ガソリンスタンド）などを行っている日本の企業である。
宇田川コーポレーション,株式会社宇田川コーポレーション（うだがわコーポレーション）は、茨城県土浦市に本社を置く、石油製品の販売などを業とする企業。
英和_(卸売業),英和株式会社（えいわ、英: EIWA CORPORATION）は、計測・制御機器中心の技術専門商社。
越智産業,"越智産業株式会社（おちさんぎょう、英: OCHISANGYO CO.,LTD.）は、福岡県福岡市中央区に本社を置く住宅建材商社。現在 持株会社OCHIホールディングス の子会社である。"
横浜丸魚,"横浜丸魚株式会社（よこはままるうお、英: Yokohama maruuo Co.,Ltd.）は神奈川県横浜市神奈川区に本社を置き、水産物の卸売および加工を行う企業。ジャスダックに上場している。事業構成は卸売部門が8割、販売部門が2割を占めている。"
横浜魚類,"横浜魚類株式会社（よこはまぎょるい、英: YOKOHAMA GYORUI Co.,Ltd.）は神奈川県横浜市に本社を置き、水産物の卸売および加工を行う企業。日本水産グループに属し、ジャスダックに上場している。事業構成は鮮魚部門と冷凍・加工部門がおよそ半々を占めている。"
横浜鋼業,横浜鋼業株式会社（よこはまこうぎょう）は、かつて存在した鋼材専門商社である。2013年3月1日に親会社の小野建株式会社へ吸収合併された。
横浜冷凍,"横浜冷凍株式会社（よこはまれいとう、英: Yokohama Reito Co., Ltd.、ヨコレイ）は神奈川県横浜市西区に本社を置く企業。東証一部に上場し、食品卸売事業および倉庫事業を行う。事業構成は食品卸売部門が8割を越え、倉庫部門は17%ほどとなっている。"
岡谷鋼機,"岡谷鋼機株式会社（おかやこうき、英: OKAYA & CO., LTD.）は、鉄鋼、機械などを扱う独立系商社である。名古屋証券取引所第一部単独上場銘柄のひとつである（証券コードは7485）。"
岡田商事,岡田商事株式会社（おかだしょうじ）は、東京都港区に本社を置くオートバイ用品、自動車用品、マリン・フィッシング用品、マークシート読取機、産業用オイル、バッテリー関連の輸入貿易商社であり、日本における外国メーカーの輸入発売元でもある。また、自社オリジナルブランドとして「CEPTOO」、「ZCOO」、「DYNASTY」を展開している。
岡野薬品,岡野薬品株式会社（おかのやくひん）は、長野県松本市本庄に本社を置く医薬品の総合卸売商社である。
沖縄薬品,沖縄薬品株式会社（おきなわやくひん）は、かつて沖縄県浦添市字港川に本社を置き医薬品・医療機器の卸売りを行っていた企業である。2005年1月に株式会社スズケン沖縄（以下、スズケン沖縄）と合併した。
加賀電子,"加賀電子株式会社（かがでんし、Kaga Electronics Co., Ltd.）は、東京都千代田区に本社を置く電子部品などを扱う独立系のエレクトロニクス商社である。"
加藤産業,加藤産業株式会社（かとうさんぎょう）は、兵庫県西宮市松原町に本社を置く酒類・食品の卸売を主要事業とする商社である。
河合商会,株式会社河合商会（かわいしょうかい）は、かつて存在した日本の模型メーカーである。なお、同業のカワイモデルとは、資本なども含め無関係である。
花王カスタマーマーケティング,"花王カスタマーマーケティング株式会社（かおうカスタマーマーケティング、英語：Kao Customer Marketing Co., Ltd.）は、家庭用や業務用の洗剤、化粧品、トイレタリーを中心とする大手化学メーカー花王の完全子会社で、花王の家庭用品・化粧品の販売会社である。本社は東京都中央区日本橋小網町8番3号（日土地日本橋イーストビル）。"
花巻酒販,花巻酒販株式会社（はなまきしゅはん）は、岩手県北上市村崎野に本社を構える酒類・食品の卸売会社。
会宝産業,会宝産業株式会社（かいほうさんぎょう）は、使用済自動車の引取・解体・破砕前処理などの自動車リサイクルと、中古車・中古自動車部品の輸出販売を事業としている。本社は石川県金沢市に所在する。
柿本石油,株式会社柿本石油（かきもとせきゆ）は青森県青森市に本社を置き、青森県内を中心にガソリンスタンドを展開していた企業。本社は青森県青森市南佃1-4-10。
角田無線電機,角田無線電機株式会社（かくたむせんでんき）は東京都千代田区にある電気製品の卸売会社。
勧弘堂薬品,勧弘堂薬品株式会社（かんこうどうやくひん）は、徳島県徳島市昭和町に本社を置いていた医療用医薬品、動物用医薬品、一般医薬品、検査試薬、医療機器・用具等の卸販売する企業。現在はアルフレッサグループの一社「四国アルフレッサ」である。
丸栄日産,丸栄日産（まるえいにっさん、Marue Nissan）は日本の企業である。
丸金,"株式会社 丸金（まるきん、英文社名 Marukin Co.,Ltd. ） は 生活雑貨を卸売りをする総合商社である。1937年（昭和12年）創業。本社は大阪府東大阪市の金物団地内に所在。"
丸金浅野商事,丸金浅野商事（まるきんあさのしょうじ）は北海道札幌市中央区にある衣料卸売店。
丸紅,"丸紅株式会社（まるべに、英文社名：Marubeni Corporation）は、芙蓉グループの大手総合商社であり、三菱商事、三井物産、伊藤忠商事、住友商事と並んで日本を代表する総合商社。いわゆる五大商社の一つ。「近江商人」を淵源とする。東京証券取引所市場第一部上場。証券コード8002。資本金2,627億円、2014年3月期の連結売上高は13兆6,335億円、連結当期純利益は2,109億円である。三菱商事、伊藤忠商事に続き，売上高業界第3位。"
丸紅エネルギー,丸紅エネルギー株式会社（まるべにエネルギー、英: MARUBENI ENERGY CORPORATION.）、主に石油製品を取り扱う丸紅グループの企業。
丸紅マシンツールズ,丸紅マシンツールズ株式会社（まるべにマシンツールズ）は、工作機械専門商社で、丸紅の子会社。
丸七,丸七株式会社（まるしち、英称:Marushichi Inc.）は、新潟県燕市に本社を置き日用雑貨品の卸売を主な業務としている会社である。
岩谷産業,岩谷産業株式会社（いわたにさんぎょう）は、大阪本社（本店）を大阪府大阪市中央区、東京本社を東京都港区に置く産業・家庭用ガス専門商社であり、LPG分野では国内シェアトップの総合エネルギー企業である。燃焼機器・調理器具・健康食品などの販売事業などもおこなっている。
義済堂,義済堂（ぎせいどう）とは、以下に示した継承関係を持つ2つの株式会社である。 1873年（明治6年）11月に開業1875年（明治8年）6月に創業された染色・縫製業等を主な事業としていた株式会社。創業時資本金は10万円（非会社組織）。1899年（明治32年）10月に合資会社となった後、1919年（大正8年）6月に株式会社組織となる。黎明期には金融業（質屋や現在でいう債権回収会社に相当する業務）および岩国産の和紙（岩国紙）の卸業なども手掛けた。2005年（平成17年）6月1日付で事業の一部を同名の新会社に継承させた。自らは「ジー・エス・ディー岩国」に改称の上、資産売却などを進め、2008年（平成20年）2月4日開催の株主総会で解散を決議、同年5月22日に山口地方裁判所岩国支部より特別清算手続開始決定を受けた。 上記会社から、事業の一部を継承する為に、2005年（平成17年）3月25日付で設立された株式会社。継承した事業は、繊維関連卸業務の営業部門と国内紳士服メーカー向けスーツの縫製を担当していた中国・上海市の子会社（当時）。上記2つの会社は、法人としては別の存在であるが、会社名称（商号）や事業としては継承関係にある為、本記事においては一括して取り扱う。
吉弘鋼材,吉弘鋼材株式会社（よしひろこうざい）は、熊本県合志市に本社を置く、一般鋼材の販売及び加工、土木建築資材の販売及び施工、ステンレス、アルミ等、非鉄金属の販売及び加工を行なう企業である。
吉寿屋,株式会社吉寿屋（よしや）は、大阪府摂津市に本社を置く日本の菓子卸売業者。　
吉田産業,株式会社吉田産業（よしださんぎょう）は、青森県八戸市に本社を置く、建設資材の販売・気象事業等を行う事業者である。
吉富薬品,吉富薬品株式会社（よしとみやくひん-、英文:Yoshitomiyakuhin Corporation）は、医療用医薬品の販売会社。田辺三菱製薬の100％子会社である。
久世_(企業),株式会社久世（くぜ）は、外食産業用、食材卸売企業。
宮沢模型,宮沢模型（みやざわもけい）は、模型製品の企画や卸売を行う日本の企業である。
京阪牛乳,京阪牛乳株式会社（けいはんぎゅうにゅう）は、大阪府寝屋川市宝町に本社を置く企業である。元は名称の通り牛乳・乳製品製造が本業だったが、現在は牛乳製造は行っていない。
共同企業体SSOK組合,共同企業体SSOK組合（きょうどうきぎょうたいエスエスオーケーくみあい）は大阪府箕面市船場に本社を置く、繊維製品・生活用品の卸売を行う共同企業体である。いわゆる「現金問屋」の形態をとっている。略称はSSOKで、その読みは当初は公式に「ソック」とされ、一般にも「ソック」として親しまれていたが、実際にはそう読めない綴りのため、公式には「エス・エス・オー・ケー」と呼ばれていた。出資は株式会社ワゴンと株式会社ジェットの共同による。2012年現在はジェットの店舗名で運営されている。
共同紙販ホールディングス,株式会社共同紙販ホールディングス（きょうどうかみはんホールディングス、Kyodo Paper Holdings）は、東京都に本社を置く紙二次卸としては初の上場企業である。日本製紙の関連会社。
協栄産業,協栄産業株式会社（きょうえいさんぎょう）は、日本のエレクトロニクス関連商社。東京都渋谷区に本社を置く。
橋本興産,橋本興産株式会社（はしもとこうさん）は、長崎県長崎市に本社を置く電線・ケーブルの商社として全国に展開する企業。
興和,"興和株式会社（こうわ、英称:Kowa Company, Limited）とは、日本の商社である。本社は愛知県名古屋市に所在する。"
興和新薬,"興和新薬株式会社（こうわしんやく、英: Kowa Shinyaku Co., Ltd.）は、愛知県名古屋市中区に本社を置く一般用医薬品及びヘルスケア用品の販売会社で興和の子会社。"
興和創薬,興和創薬株式会社（こうわそうやく、英: KOWA PHARMACEUTICAL COMPANY LTD.）は、東京都中央区に本社を置く医療用医薬品販売（MR）会社である。
極東ファディ,極東ファディ（きょくとうふぁでぃ）は、福岡県北九州市小倉北区に本社を置く、コーヒーおよび業務用食品の卸売ならびに小売を行なっている企業である。
近沢レース店,株式会社近沢レース店（ちかざわレースてん、株式会社近澤レース店）は、横浜元町に本店を置くレース店。
金剛_(測量),株式会社金剛（こんごう）は、主に測量機器の販売・修理等のサービス、コピー機・OA機器・事務用品・建設用具・ソフトウェア等の販売会社である。本社は高知県高知市にあり、同県の四万十市、安芸市に営業所がある。
金子商店,有限会社金子商店（かねこしょうてん）は福岡県糟屋郡須恵町に置く、企業向け食品添加物・調味料及び食品全般の卸問屋である。1983年3月創業、2004年4月設立。
九州東邦,九州東邦株式会社（きゅうしゅうとうほう）は、熊本市と福岡市に本社を置く医療用医薬品を中心とした健康関連商品の販売を行う企業である。東邦薬品の共創未来グループの1企業である。
栗原辨天堂,株式会社栗原辨天堂（くりはらべんてんどう）は、埼玉県熊谷市佐谷田2967-1に本社を置く農業用薬品、肥料、資材などを取り扱う卸売業である。
栗田出版販売,栗田出版販売株式会社（くりたしゅっぱんはんばい）は、東京都千代田区神田神保町に本社を置く、出版取次（書籍卸売業）を営む日本の企業。
兼松,兼松株式会社（かねまつ、英: Kanematsu Corporation）は、日本の総合商社である。
兼松KGK,株式会社兼松KGK（かねまつケージーケー）は、工作機械専門商社。兼松の子会社。
兼松ペトロ,兼松ペトロ株式会社（かねまつぺとろ）は、兼松グループのエネルギー専門商社である。ガソリンスタンドの運営、石油製品、液化石油ガス、潤滑剤などの国内販売、及び輸出を行っている。また、東レ・ダウコーニング株式会社のモリコートの国内代理店である。
原田産業,原田産業株式会社（はらださんぎょう、英称：Harada Corporation）は、大阪府大阪市中央区南船場に本社を置く、産業資材を中心とする総合商社である。1923年創業。
古河産業,"古河産業株式会社（ふるかわさんぎょう、英文社名：Furukawa Sangyo Kaisha, Ltd.）は、古河グループ唯一の商社であり、国内外において素材をメインに販売する企業である。グループ内では、過去の古河商事倒産と言う歴史から総合商社を持たない体質であるため、業態の拡大はしないものの堅実な経営を行っている。"
五洋インテックス,"五洋インテックス株式会社（ごようインテックス、英: GOYO INTEX CO., LTD ）は、愛知県小牧市に本社を置くカーテンなどを扱うインテリア専門商社。カーテンの独自ブランドの展開も行っている。"
光洋販売,"光洋販売株式会社（こうようはんばい、英: Koyo Sales Co., Ltd.）は、かつて存在した卸売業者。大阪府大阪市に本社を置き、ベアリング等の機械器具部品を取り扱っていた。トヨタグループである株式会社ジェイテクト（旧光洋精工と旧豊田工機が合併して誕生）のグループ会社であった。"
幸燿,株式会社幸燿（こうよう）は、香川県高松市に本社を置く、医薬品の卸売を行う会社である。四国地方全域を営業エリアとする。また東邦薬品の共創未来グループの一社でもある。
広島共和物産,広島共和物産株式会社 （ひろしまきょうわぶっさん）は、本社を広島県広島市西区商工センター1-3-4に本社を置く日常品を中心に卸しをする企業である。
広島県薬業,広島県薬業株式会社（ひろしまけんやくぎょう）は、殺虫剤・ワクチン等の卸を中心とする日本の企業である。
弘和薬品,弘和薬品株式会社（こうわやくひん）は、徳島県徳島市川内町に本社を置いていた医療用医薬品、動物用医薬品、一般医薬品、検査試薬、医療機器・用具等の卸販売する企業。現在はアルフレッサグループの一社「四国アルフレッサ」である。
恒和薬品,株式会社恒和薬品（こうわやくひん）は、アルフレッサ ホールディングスグループの一社で、福島県郡山市に本社を置く企業である。東北六県を営業圏としている。
江守グループホールディングス,江守グループホールディングス株式会社（えもりぐるーぷほーるでぃんぐす）は、福井県福井市に本社を置き、主に化学品、合成樹脂、電磁材料などを扱う企業グループの持株会社である。
江綿,江綿株式会社（ごうめん）は、大阪府大阪市中央区南本町に本社を置く総合衣料卸商社である。1923年創業。
高見澤,株式会社高見澤（たかみさわ）は、長野県長野市に本社を置くコンクリート二次製品製造・販売、ガソリンスタンド経営、ミネラルウォーターの販売、産業廃棄物の運搬・処理などを行う企業である。長野市豊野町浅野の、国道18号と国道117号の分岐にあるガソリンスタンドの「海はあっち、山はこっち、ガソリンはここ」と大書された看板で親しまれてきた。
高山石油,高山石油（たかやませきゆ）は、山口県下松市に本社を置く、石油製品の販売を中心とした企業。また、これを中心とした企業グループ。
高瀬物産,"高瀬物産株式会社（たかせぶっさん）、英称:TAKASE BUSSAN CO., LTD）は、東京都中央区築地に本社を置く商社・物流・卸売会社。英語表記は「TAKASE BUSSAN CO., LTD」。創業は1961年（昭和36年）。創業者は、高瀬物産現・代表取締役会長の高瀬孝三、現・代表取締役は高瀬知康。食料品を中心に、ノンフードまで幅広く取り扱う。プライベートブランドも主に2ラインで開発。資本金20億円。売上高900億円超。"
高千穂交易,高千穂交易株式会社（たかちほこうえき）は、エレクトロニクスを核とした技術商社。創業当初の会計機を皮切りに、OCR（光学的文字読取）システム、漢字情報処理システム、商品監視システム（万引き防止システム）といった商品をいち早く日本に紹介するなど、電子情報機器分野におけるパイオニア的存在。商品監視システムでは、国内市場シェアトップの実績（富士経済2010年調査）。2005年、東京証券取引所市場第一部上場。なお、高千穂バロース株式会社（現 日本ユニシス株式会社）、昭和情報機器株式会社、千代田情報機器株式会社（現 株式会社アイティフォー）は、かつてのグループ企業。
高速_(企業),株式会社高速（こうそく）は、宮城県仙台市に本社をおく食品向けトレー、ラップ、弁当容器を中心とした軽包装資材の専門商社。
高津伝動精機,高津伝動精機株式会社（たかつでんどうせいき、英文社名TAKATSU Corporation.）は、歯車や軸受などの伝動精機をはじめ、油圧機器・計測機器などの産業設備機器を扱う専門商社である。
高島_(商社),高島株式会社（たかしま）は、東京都千代田区神田駿河台に本社を置く建材や産業用資材の商社（専門商社）。
合同東邦,合同東邦株式会社（ごうどうとうほう）は大阪市平野区に本社を置く、医薬品・医療機器等のの卸売を行う企業である。また東邦薬品の連結子会社であり、共創未来グループの一社でもある。大阪府・兵庫・奈良両県を営業区域とする。
轟産業,轟産業（とどろきさんぎょう）は、福井県福井市毛矢に本社を置く日本の工業技術専門商社。
国際紙パルプ商事,国際紙パルプ商事株式会社（こくさいかみパルプしょうじ）は、業界第2位の紙・パルプ分野専門商社である。王子製紙系。王子製紙、日本製紙、北越紀州製紙、中越パルプ工業などの販売代理店である。
黒田電気,"黒田電気株式会社（くろだでんき、KURODA ELECTRIC CO., LTD.）は、大阪府大阪市淀川区に本店を、東京都品川区に本社を置く電子部品商社である。"
今治織物工業協同組合,今治織物工業協同組合（いまばりおりものこうぎょうくみあい）は、愛媛県今治市に本社を置く協同組合。今治市内のタオル事業者向けに綿糸等の共同購入・卸売を行っていた他、1970年代以降はゴルフ練習場や駐車場事業、不動産賃貸事業、ホテル事業など経営の多角化を進めた。しかし中国やベトナムなどの安価なタオルの流入によって市内のタオル事業者の倒産・廃業が相次いだことで事業が低迷し、また関連事業もバブル崩壊などで経営不振に陥り経営が悪化した。ホテルを運営する関連会社が民事再生法の適用を申請したことで多額の負債を抱え、2012年（平成24年）1月には解散を決議した。9月27日には関連会社に今治アール・シーと共に破産の手続き開始決定を受けた。今治大丸（2008年（平成20年）に閉店した）のあった建物と土地は今治織物工業組合と今治大丸の所有であったが、2012年（平成24年）5月に地元の有力企業が設立した「どんどび」に売却された。
佐藤商事,佐藤商事（さとうしょうじ）は、日本の金属専門商社。
阪急フレッシュエール,株式会社阪急フレッシュエール（はんきゅうフレッシュエール）は、食料品並びに雑貨等の仕入れおよびオリジナル食品の商品開発を行っていた企業。2003年、阪急共栄物産株式会社からの分離により設立。阪急フレッシュエールは2008年10月1日付けで、中間持株会社「阪食」によって、同じく子会社だった阪急オアシス、阪急ニッショーストア、阪急ファミリーストアと共に吸収合併された。阪急フレッシュエールの独自開発商品「ザ・阪急」は、阪食グループのスーパーマーケットや阪急百貨店にて販売されていた。
阪和興業,阪和興業株式会社（はんわこうぎょう）は、大阪本社（本店）を大阪府大阪市中央区伏見町に、東京本社を東京都中央区築地に置く、大手商社である。同じく大阪に本社を置く伊藤忠商事、岩谷産業、長瀬産業、稲畑産業、山善などと並ぶ在阪商社の一つである。
堺商事,"堺商事株式会社（さかいしょうじ、英称：SAKAI TRADING CO., LTD.）は、化成品、合成樹脂、電子材料、鉱産品等の化学製品を中心に取り扱う日本の貿易商社である。ニューヨーク、シドニー、デュッセルドルフ、ソウル、上海、台北、イスタンブルに拠点を持つ。"
桜井薬品_(青森県),株式会社 櫻井薬品（さくらいやくひん）は、青森県三沢市に本社を置く企業である。主に医療用医薬品等卸売事業、薬局事業を扱っていたが、2008年3月1日以降は薬局事業のみとなった。
三愛石油,"三愛石油株式会社（さんあいせきゆ、英文社名：SAN-AI OIL CO.,LTD）は、石油製品・液化石油ガスなどの販売、航空燃料の給油などを行っている理研グループの企業である。特色として羽田空港の給油業務を独占して行っている。中部国際空港などにも運営社員を持っている。グループ企業は、自社ブランド「Obbli（オブリ）」、エクソンモービル、昭和シェル石油、ENEOS、東燃ゼネラル石油の特約店（ガソリンスタンド）を運営している。ENEOS等の主な元売系の特約代理店（元売系ディーラー）の老舗でもある。傘下にキグナス石油がある。"
三井食品,三井食品株式会社（みついしょくひん）は、三井グループの食品卸売会社である。株式会社小網と三友食品株式会社が源流。なお、愛知県一宮市の漬物メーカー三井食品工業とは、直接の関係はない。
三井物産,"三井物産株式会社（みついぶっさん、英: MITSUI & CO., LTD.）は、三井グループの大手総合商社であり、いわゆる五大商社の一つ。三井不動産、三井銀行（現・三井住友銀行）と並ぶ『三井新御三家』の一つ。通称は物産。"
三井物産マシンテック,三井物産マシンテック株式会社（みついぶっさんましんてっく）は、三井物産によって設立された工作機械専門商社。
三企商興,株式会社三企商興（さんきしょうこう）とは、岡山県岡山市北区に本社のある、食品卸売事業者である。
三共生興,"三共生興株式会社（さんきょうせいこう、Sankyo Seiko Co., Ltd.）は、本店を大阪市中央区に、本社を大阪市中央区安土町と東京都中央区日本橋に置く繊維系の商社である。1920年（大正9年）創業。"
三国商事,三国商事株式会社は、各種絶縁材料・電子部品・鉄鋼及び電線等の販売を行う企業である。
三瀧商事,三瀧商事株式会社（みたきしょうじ）は、かつて三重県四日市市に本社を置いていた米穀販売会社。
三谷産業,三谷産業株式会社（みたにさんぎょう）は、情報システム、化学品の販売など多角的に事業を展開する石川県の企業。石炭・コークス・セメントを販売する三谷合名会社の金沢出張所として1928年に創業した。
三谷商事,"三谷商事（みたにしょうじ）は、福井県福井市と東京都千代田区に本社を置き、主に情報システム、建設、エネルギーに関する事業を展開する商社である。東京証券取引所2部上場企業。創業95年の老舗であり、特にセメント、生コンクリートの販売は商社では日本一である。近年ではIT関連に注力しており、シニアライフ事業、風力発電事業などの新規事業にも積極的である。兄弟企業である三谷セキサンと合わせると売上高4,000億円を超える三谷グループを形成し、半導体、不動産、自動車販売、ケーブルテレビ、ガソリンスタンド経営、リース業、自動車販売、オフィス設計などを展開している。"
三田商店,株式会社三田商店（みたしょうてん）は、岩手県盛岡市に本社を置き産業用火薬類・ガラス類・セメント類・石油類など建築資材及びエネルギーの商社である。
三菱商事,三菱商事株式会社（みつびししょうじ、英: Mitsubishi Corporation）は、三菱グループの大手総合商社。三井物産、伊藤忠商事、住友商事、丸紅と共に、いわゆる五大商社の一つ。
三菱商事RtMジャパン,三菱商事RtMジャパン株式会社（みつびししょうじRtMジャパン）（旧社名・金商株式会社（きんしょう））は、東京都千代田区に本社を置く商社。三菱商事の完全子会社である。終戦直後に財閥解体に伴い解散した旧三菱商事の非鉄金属部門を継承する会社として設立した。長らく非鉄金属の専門商社であったが、2013年4月に三菱商事本体の金属資源トレーディング事業を継承。鉄鋼原料や貴金属などを含む金属資源全般を取り扱う商社となった。
三菱商事テクノス,三菱商事テクノス株式会社（みつびししょうじてくのす）は、三菱商事によって設立された工作機械専門商社。
三菱食品,三菱食品株式会社（みつびししょくひん）は、東京都大田区に本社を置く加工食品を主な取扱商品とした商社（卸売企業）である。
三傳商事,三傳商事（さんでんしょうじ）は、秋田県秋田市に本社のある、総合商社である。
山下医科器械,山下医科器械株式会社（やましたいかきかい）は、福岡県福岡市中央区に本社を置く、医療機器商社である。
山形ゼロックス,"山形ゼロックス株式会社（やまがたゼロックス、英語：Yamagata Xerox Co.,Ltd.）は、山形県山形市に本社を置く専門商社である。富士ゼロックスの県別特約店である。"
山口東邦,山口東邦株式会社（やまぐちとうほう）は、かつて存在した主に医薬品・医療機器の卸売りを扱う企業である。東邦薬品の完全子会社で共創未来グループの一社でもあったが、2013年10月1日に東邦薬品に吸収合併された。
山口油屋福太郎,株式会社山口油屋福太郎（やまぐちあぶらやふくたろう）は、総合卸問屋で辛子明太子などを製造及び販売している企業である。同社が展開する辛子明太子屋「福太郎」は、業界では珍しいマスコットキャラクター「らんくん」を作り、グッズ販売なども手がけている。ちなみに、くすりの福太郎とは全く関係がない。
山根商事,"株式会社山根商事（YAMANE TRADE CO.,LTD.）は、鳥取県鳥取市に本社を置く、主に日本製品の輸出を行う貿易商社である。"
山善,株式会社山善（やまぜん）は、大阪府大阪市西区に本社を置く工作機械・産業用機器・一般建材・家庭用機器などの大手専門商社である。
山大_(宮城県),株式会社山大（やまだい）は、宮城県石巻市に本社を置く企業。
山田洋行,株式会社山田洋行（やまだようこう）は、日本の軍需専門商社。1969年（昭和44年）3月5日設立。“洋行”の名は貿易商社であることに因む（内田洋行も同じである）。軍事利権を巡る汚職事件（山田洋行事件）が発覚し解散した。
四国アルフレッサ,四国アルフレッサ株式会社（しこくアルフレッサ）は、アルフレッサ ホールディングスグループの一社で、香川県高松市に本社を置く、医療用医薬品、一般用医薬品、医療機器等を卸売・販売する企業である。
四国ガス燃料,四国ガス燃料株式会社（しこくがすねんりょう）は、愛媛県今治市に本社を置く液化石油ガス（プロパンガス）販売事業者である。四国ガスのグループ会社。
志村無線電機,志村無線電機株式会社（しむらむせんでんき）は東京都千代田区にある電子部品の卸売販売会社。
児島洋紙店,児島洋紙株式会社（こじまようし）は、福岡市博多区中洲中島町に本社を置く紙類の販売を行う企業である。
滋賀特機,滋賀特機 (しがとっき)は滋賀県大津市にある会社。
鹿島屋,"株式会社鹿島屋（かじまや、英文社名 Kajimaya Co., Ltd.）は、埼玉県川口市に本社を置く、石油製品販売会社である。JX日鉱日石エネルギー株式会社の大手特約店。サービスステーションは、埼玉県内に直営23店舗（2012年10月1日現在）と埼玉県、群馬県の販売店30店舗を展開している。"
酒井薬品_(大分県),酒井薬品株式会社（さかいやくひん）は、大分県豊後高田市に本社を置き、主に医療用医薬品の卸売及び販売を行っていた企業である。大分市のアステムの子会社でもある。平成20年4月1日付で親会社であるアステムに吸収合併され、高田支店となる。
酒井薬品_(東京都),酒井薬品株式会社（さかいやくひん）は、東京都三鷹市に本社を置く、医薬品、麻薬、試薬、衛生材料、医薬部外品、化粧品、医療機器、その他医薬品及び医療用材料全般の卸売・販売を行う企業である。東邦薬品の共創未来グループの一社でもある。
秋田ゼロックス,秋田ゼロックス株式会社（あきたゼロックス）は、秋田県を営業エリアとする富士ゼロックス製品や各種コンピュータ関連商品の販売・保守を行う会社。秋田県秋田市に本社を置く。
住金物産,住金物産株式会社（すみきんぶっさん、英文社名：Sumikin Bussan Corporation）は、かつて存在した新日鐵住金グループの専門商社である。
住商エアロシステム,住商エアロシステム株式会社（すみしょうエアロシステム、英：Sumisho Aero-Systems Corporation）は、日本の防衛専門商社。住友商事の子会社。1982年（昭和57年）9月20日設立。住友商事グループ唯一の防衛専門商社であり、親会社である住友商事と協同し同グループの防衛関連ビジネスを担当。伊藤忠アビエーション、双日エアロスペース、丸紅エアロスペースと並ぶ、総合商社グループ系防衛専門商社の一つ。
住友商事,住友商事株式会社（すみともしょうじ、英: Sumitomo Corporation）は、住友グループの大手総合商社である。三菱商事、三井物産、伊藤忠商事、丸紅と並び日本を代表する総合商社であり、いわゆる五大商社の一つ。業界第4位。
住友商事マシネックス,住友商事マシネックス株式会社（すみともしょうじマシネックス）は、工作機械専門商社で、住友商事の子会社。
重松貿易,重松貿易株式会社（しげまつぼうえき）は、大阪府大阪市中央区淡路町に本社を置く輸入酒やコーヒーなどの輸入食料品を中心に扱う商社である。1916年創業。
春うららかな書房,株式会社春うららかな書房（はるうららかなしょぼう）は、東京都中央区に本社を置く全国のインターネット喫茶・まんが喫茶やコミックレンタル店へ書籍の供給を行う会社。
初穂商事,"初穂商事株式会社（はつほしょうじ、英: Hatsuho Shouji Co., Ltd.）は、愛知県名古屋市中区に本社を置く鉄鋼および建設資材の専門商社。"
升喜,株式会社升喜（ますき）は、東京都中央区に本社を置く酒類食料品の卸売業を行う企業である。
小西_(結城市),小西株式会社（こにし）は茨城県結城市に本店を置く建築資材卸売業者
小川東邦,小川東邦株式会社（おがわとうほう）は、かつて存在した主に医療用医薬品、医療機器、検査薬の卸売及び福祉用具の販売・レンタルを行っていた企業である。東邦薬品の完全子会社で共創未来グループの一社でもあったが、2013年10月1日に東邦薬品に吸収合併された。
小泉薬品,小泉薬品株式会社（こいずみやくひん）は、かつて存在した体外診断用医薬品、検査用試薬および医療機器等を販売していた企業。 2013年7月に東邦薬品に吸収合併された。
小津産業,小津産業株式会社（おづさんぎょう、英: Ozu Corporation）は、東京都中央区に本社を置く企業である。電子工学分野や医療分野で使われる紙や不織布などの製造販売を行っている。また、関連する企業グループ（小津グループ）の中核企業である。
小田島_(医薬品),株式会社小田島（おだしま）は、 岩手県花巻市に本社を置く、医薬品・衛生材料・医療機器を販売する卸業者である。アルフレッサ ホールディングスグループの一社である。
小野建,小野建株式会社（おのけん）は、鋼材・建材の独立系専門商社である。
小林産業,小林産業株式会社は、大阪府大阪市に本社をおく建設用ボルト・ナットの専門商社。
小林本店,株式会社小林本店（こばやしほんてん）は、北海道夕張郡栗山町及び札幌市白石区に本社を置く卸売業者。栗山町における老舗の卸販売会社。
昭光通商,"昭光通商株式会社（しょうこうつうしょう、Shoko Co., LTD.）は、東京都港区に本社を置く商社である。昭和電工グループ中核商社で化学品、樹脂、金属、電子材料、マンションなど多展開。"
昭和電機産業,昭和電機産業（しょうわでんきさんぎょう）とは、長野県長野市に本社のある、電設資材、産業機器販売の卸売企業である。
松屋コーヒー本店,株式会社松屋コーヒー本店（まつやコーヒーほんてん）とは、愛知県名古屋市中区に本社を置くコーヒーの製造会社。愛知県、岐阜県、三重県のレストランや喫茶店にコーヒー豆の卸や店舗での小売、喫茶店の開業支援などを行っている。また、直営店「CAFE LE PIN」および「珈食房 る ぱん」の運営も行っている。
松江共和物産,松江共和物産株式会社（まつえきょうわぶっさん）は、化粧品・日用品を卸していた企業である。現株式会社PALTAC中四国支社松江支店。
松田医薬品,松田医薬品株式会社（まつだいやくひん）は、高知県吾川郡いの町に本社を置く、医薬品・医療機器・医療用検査試薬・介護用品・健康食品・一般用医薬品等の卸売販売・医薬品製造業をおこなう企業であった。現在は、医薬品・医薬部外品・化粧品の製造販売、及び動物用医薬品の卸売を行っている。
上原成商事,"上原成商事株式会社（うえはらせいしょうじ、Uehara Sei Shoji Co., Ltd.）は、京都市中京区に本店を置く、セメントなど土木・建築資材や、石油、LPG、、京都・滋賀中心にガソリン スタンド展開する商社である。"
常盤薬品,常盤薬品株式会社（ときわやくひん）は、かつて存在したアルフレッサ ホールディングス傘下の医薬品卸売業者。山口県宇部市に本社を置いていた。2015年4月1日、広島県に本社を置くアルフレッサ ホールディングスの子会社である成和産業株式会社に吸収合併され、ティーエスアルフレッサ株式会社となった。なお、大阪市に本社を置く医薬品・化粧品販売の常盤薬品工業（ノエビアホールディングス傘下）とは全くの別会社であり、一切の資本・人材関係を持っていない。
新出光,株式会社新出光（しんいでみつ）は、「IDEX」（イデックス）のブランド名で、主として九州地方でガソリンスタンドを運営する会社である。
新進_(書店),株式会社新進（しんしん、英: Shinshin inc.）は、愛知県名古屋市中区に本社を置く出版流通および書店チェーンを展開する企業である。
新生紙パルプ商事,新生紙パルプ商事株式会社（しんせいかみぱるぷしょうじ）は、紙・パルプを主に販売している商社である。業界3位。旧大昭和製紙の製品取り扱いが多かったことから日本製紙系。日本製紙、王子製紙、北越製紙等の販売代理店である。
森村商事,森村商事株式会社（もりむらしょうじ）は、日本の老舗商社。扱う商品はセラミックスや樹脂・化成品などの工業用原材料を中心に、金属や産業機械、食品など多岐に渡る。米国やオランダ、中国、インドなど世界各地に拠点を持つ。1876年に森村市左衛門と異母弟である豊（とよ、1854-1899）が東京銀座に設立した森村組が1946年に社名を森村商事株式会社に改称し、現在に至る。ノリタケカンパニーリミテドなど森村グループの各社を派生させた、かつての森村財閥の中心企業である。
神栄,神栄株式会社（しんえい、英文社名:SHINYEI KAISHA）は、兵庫県神戸市中央区京町に本社を置く、衣料、食品、物資、電子製品の輸出入・開発を主力とする商社で、センサー、コンデンサーなどを製造している。湿度センサーで世界首位。2007年に創業120周年を迎えた。
神戸メディケア,株式会社神戸メディケア（こうべメディケア 英称：Kobe Medi-care Co.Ltd）は、兵庫県神戸市兵庫区七宮町1丁目4-21に本拠をおき、高齢者向け介護賃貸マンションの不動産事業をはじめ、医療機器、美容機器、健康器具、サウナ、酸素カプセルの製造販売、レンタル及び主に日本国内の官公庁向けに吸水土のうの納入、鍼灸整骨院、整体院、カイロプラクティック、サロンなどの店舗運営、コンサルタント管理業務を手がける会社。
神戸物産,"株式会社神戸物産（こうべぶっさん、英: Kobe Bussan Co., Ltd.）は、兵庫県加古郡稲美町に本社を置く、主に業務用食品の販売を手がけるFC（フランチャイズチェーン）方式のチェーンストア。なお、「業務スーパー」という表記は同社により商標登録されている。また、類似した店舗に、業務用食品スーパーという店舗（フジタカコーポレーション、アクト中食）があるが、これらとは無関係。"
神鋼商事,神鋼商事株式会社（しんこうしょうじ、英：Shinsho Corporation） は、大阪府大阪市に本社を置く商社。神戸製鋼所直系のメーカー商社で、同グループ製品の取り扱いが大半。情報分野を重点育成している。
神代薬品,神代薬品株式会社（くましろやくひん）は、主に医薬品・医療機器の卸売を中心とする日本の企業であった。現在は、株式会社葦の会の一社「アステム」である。
神明ホールディング,株式会社 神明ホールディング（しんめい-）は、兵庫県神戸市中央区に本社を置く精米卸販売を手掛ける企業グループの持株会社である。1902年創業の精米卸販売の老舗である。元気寿司の親会社。
神野織物,神野織物（かんのおりもの）とは、大阪府吹田市片山町にある、大正12年に創業者である神野伝治郎が大阪市東区農人橋で開業した創業85年以上のタオル・手ぬぐいの卸売問屋。
進和,"株式会社進和（しんわ、Shinwa Co., Ltd.）は、愛知県名古屋市守山区に本社を置く接合材料及び関連装置を扱う商社。また、独自に製造部門を持ちFAシステムの設計や開発販売、産業機械の製造やメンテナンスも行っている。"
須江薬品,株式会社須江薬品（すえやくひん）は、かつて存在した医薬品・医療機器を取り扱う企業である。東邦薬品の完全子会社であった。共創未来グループの一社として群馬・栃木両県を営業区域としたが、2013年10月1日に東邦薬品に吸収合併された。
杉村商店,杉村商店（すぎむらしょうてん）は大阪府東大阪市に本社を置く企業で、自転車の車体及び付属用品の卸売りを行っている。主に販売しているのは低価格帯のスポーツ車、軽快車、折り畳み自転車、幼児車である。スポーツ車のブランドはPROGRESSIVE RACING。中でも、3万円から4万円程度のスポーツ車は価格にしてはスペックが良いことから、低価格帯のクロスバイクを同じく販売しているルイガノ、ジャイアント・マニュファクチャリングなどとシェアを争っている。他にも、日本国内メーカーでは珍しい、リカンベント（台湾メーカーのOEM）とサイクルトレーラーを販売している。
杉本商事,"杉本商事株式会社（すぎもとしょうじ、英: Sugimoto & Co., Ltd.）は、機械機器専門の卸売企業である。"
菅野商会,菅野商会株式会社（かんのしょうかい）は、福島県福島市に本社を置く主に医薬品・医療機器の卸売りを扱う企業であった。その後、東邦薬品グループ・未来創生グループの一社「アスカム」に合併されたのち、東邦薬品である。
成川商会,株式会社成川商会（なりかわしょうかい）は、大阪府大阪市北区に本社を置くオートバイ、自動車部品関連の輸入貿易商社であり、日本における外国メーカーの輸入発売元でもある。
成和,"成和株式会社（英称：Seiwa Neckwear Co,.Ltd）は、ネクタイ企画製造および卸売を行う企業。"
星医療酸器,株式会社星医療酸器（ほしいりょうさんき）は、東京都足立区に本社を置く医療用瓦斯を専門に取り扱う企業である。創業当初はプロパンガス、炭、灯油等を販売していたが医療用酸素も販売するようになり、社名も現在の星医療酸器に改めた。現在、会長は創業者星一成の実弟である星昌成。社長には星一成の次男星幸男が就任し、両名ともに代表権を有している。長男の星和男は代表権を持たない専務取締役である。
星野楽器,"星野楽器株式会社（ほしのがっき、英: Hoshino Gakki Co., Ltd.）は、楽器の製造・販売などを行う企業である。有名なブランドとしてエレクトリックギターおよびアンプのアイバニーズ、ドラムセットのTAMAを有している。"
正栄食品工業,正栄食品工業株式会社（しょうえいしょくひんこうぎょう、英: SHOEI Foods Corporation）は、東京都台東区秋葉原に本社を置く総合食品商社。
西華産業,西華産業株式会社（せいかさんぎょう、英文社名：Seika Corporation）は、三菱グループの機械商社である。電力・化学等のプラント設備、電子機器・情報機器などを日本国内で販売または輸出入を行っている。デジタルシネマカメラ「レッドワン」の日本総代理店でもある。東京証券取引所第一部上場。
石光商事,"石光商事株式会社(英称： Ｓ.ＩＳＨＩＭＩＴＳＵ ＆ ＣＯ.,ＬＴＤ.)は兵庫県神戸市灘区に本社を置くコーヒー輸入・販売を主力とする飲料、食品輸入商社。東京証券取引所ジャスダック上場銘柄の一つである(証券コードは2750）。日本紅茶協会会員でもある。関連会社に関西アライドコーヒーロースターズやユーエスフーズ、東京アライドコーヒーロースターズなどがある。発祥はアメリカ合衆国ロサンゼルスである。"
千秋薬品,千秋薬品株式会社（せんしゅうやくひん）は、秋田県秋田市に本社を置く主に医薬品・医療機器の卸売を行う、メディセオ・パルタックホールディングス傘下の企業であった。
占部大観堂製薬,占部大観堂製薬株式会社（うらべ　たいかんどう　せいやく）は、福岡県直方市に本社を置く製薬会社。URABE-TAIKANDO.Co.LTD.
川辺_(企業),川辺株式会社（かわべ）は、東京都新宿区に本社を置くハンカチ、スカーフ等の製造・販売や輸入を手がける企業である。
扇谷,株式会社扇谷（英: OHGITANI Corporation）は、大阪府に本社を置く非鉄金属を主力とする産業資材の商社である。
泉平,"株式会社 泉平（いずへい、英称：Izuhei Co.,Ltd.）は、兵庫県姫路市に本社を置く総合食品商社である。"
浅沼商会,株式会社浅沼商会（あさぬましょうかい）は、写真映像用品を扱う商社で、各種写真器材の輸入販売、卸売りを手がける。
浅草玩具,株式会社浅草玩具は、かつて存在した日本の大手玩具問屋。本社は東京都台東区蔵前。1996年に株式会社インクスに社名変更。2001年に倒産。
浅野商事_(千代田区),浅野商事 は東京都千代田区にある会社。
全農エネルギー,全農エネルギー株式会社（ぜんのうエネルギー）は、JA全農の子会社。SS事業、基地事業、ガス事業を行う。1979年12月7日に全農燃料ターミナル株式会社として設立、2004年4月1日に全農燃料テクノ株式会社、全農オート株式会社と合併し、現社名に商号変更した。
創健社,株式会社創健社（そうけんしゃ）は、自然食品・健康食品の企画開発や販売を行う企業。「べに花一番」（べにばないちばん）のブランド名による食用油と、無添加調味料の企画・開発・販売を行っている。その他に健康関連雑貨の販売も行っている。コーポレートスローガンは「人と地球の健康を」。
双日,双日株式会社（そうじつ、英称：Sojitz Corporation）は、日本の総合商社である。
双日プラネット,双日プラネット（そうじつプラネット）とは、双日グループの合成樹脂専門商社。
双日マシナリー,双日マシナリー（そうじつマシナリー）とは、双日グループの陸上機械専門商社。
双日食料,双日食料（そうじつしょくりょう）は、総合商社双日の子会社の食料品専門商社。旧日商岩井系。
倉商,株式会社倉商（くらしょう）は、1973（昭和48）年5月28日に設立された大阪府泉佐野市住吉町にある食品流通商社。大阪市西区に実質的な本社機能を構える。多数の冷凍・冷蔵倉庫を所有し、おもに水産品の流通を手がけている。又、関連会社を通じて種々の事業へと展開しており、その内の１社である（株）シャチ殖産を通じて兵庫県佐用町にある「佐用ゴルフ倶楽部」を中心とした昴ロマンリゾートにグループとして力を入れている。2008年4月から昴ロマンリゾートは「佐用スターリゾート」へ名称が変更となった。コース内でセグウェイに乗れることが7月のニューススクランブル（読売テレビ）で放送された。
相鉄興産,相鉄興産株式会社（そうてつこうさん）は、相鉄グループ傘下の流通会社である。※相鉄ホールディングス傘下の「東海開発株式会社」が同日「相鉄興産株式会社」に商号を変更を行っており平成24年7月1日以前の「相鉄興産株式会社」と以後の「相鉄興産株式会社」は別の法人である。
総合エネルギー,総合エネルギー株式会社（そうごうエネルギー）は、産業用・家庭用エネルギーの販売やガソリンスタンドの運営を行う企業。2004年、ニチメンエネルギー株式会社と日商岩井石油株式会社の合併により双日の子会社双日エネルギー株式会社となり、2013年にコスモ石油による株式取得で子会社化し、現商号となった。ガソリンスタンドは現在36箇所で、宮城県・千葉県・埼玉県・東京都・神奈川県・愛知県・京都府・大阪府・兵庫県に所在する。双日エネルギー時代は合計86か所のガソリンスタンドを運営し、宮城県・福島県・茨城県・千葉県・埼玉県・東京都・神奈川県・愛知県・京都府・大阪府・兵庫県に所在した。昭和シェル石油・コスモ石油・ENEOS・キグナス石油のガソリンスタンドを運営していた。現在はコスモ石油や総合エネルギーに引き継がれたものを除き個別の運営会社に移行している。2012年11月5日、コスモ石油は2013年1月31日をめどに、双日エネルギーの株式の97%を双日より取得して子会社化する方針であると発表した。
村松楽器販売,村松楽器販売株式会社（むらまつがっきはんばい、英称：Muramatsu Inc.）は、姉妹会社の株式会社村松フルート製作所が製作する「ムラマツ・フルート」の総発売元。東京（新宿）、大阪、名古屋に直営店を持ち、「ムラマツ・フルート」の販売の他、フルートに関する楽譜、CDの販売を行っている。
村地綜合木材,村地綜合木材株式会社（むらちそうごうもくざい）は、滋賀県蒲生郡竜王町の木材等の販売を行う企業。2009年度よりプロバスケットボールリーグのチームの1つである滋賀レイクスターズとスポンサー契約を行っている。
太平洋興発,太平洋興発株式会社（たいへいようこうはつ、英語: Taiheiyo Kouhatsu Incorporated）は、東京都・北海道においてマンション・戸建住宅の販売や賃貸などの不動産事業を行う企業である。
太平洋石炭販売輸送,太平洋石炭販売輸送株式会社（たいへいようせきたんはんばいゆそう）は、北海道釧路市知人に本社（釧路本社）を置く、石炭の販売や鉄道事業、倉庫業、不動産業などを行う太平洋興発（東証一部）グループの企業である。登記上本店（東京本社）は 東京都台東区元浅草（太平洋興発と同一）に、事業所（輸送部）は北海道釧路市春採にある。北海道唯一の私鉄で、北海道釧路市で釧路コールマイン選炭工場から釧路港東港区石炭埠頭の知人貯炭場まで、石炭輸送専用の臨港線を運営している。2002年1月に太平洋炭礦が閉山に至った後も、2002年4月にその一部鉱区を利用して採炭および海外技術研修を実施することとなった釧路コールマインの石炭輸送を担当している。
太平洋石油販売,太平洋石油販売株式会社（たいへいようせきゆはんばい）は、かつて存在した新日本石油系列のエネルギー販売会社である。北海道・東北地方においてガソリン・灯油・潤滑油などの石油製品を主体としたガソリンスタンドを展開していたが、北海道における事業を勝木石油（現・カツキ）と合弁で設立した北海道エネルギーに譲渡したのち、2008年（平成20年）4月1日に同様に新日本石油系列のサービスステーションを運営する株式会社ENEOSフロンティアに吸収合併された。
太洋興業,太洋興業株式会社（たいようこうぎょう、英文名称Taiyo-Kogyo Corporation.）は、農業・畜産用資材等の加工・販売を行う企業。
太陽鉱工,"太陽鉱工株式会社（たいようこうこう、英称：TAIYO KOKO Co., LTD.）は、日本の非鉄金属、鉄を主成分とした合金等の製造、販売を行う会社。総合商社鈴木商店の子会社を前身とし、戦前から今日に至るまでレアメタル、レアアースを扱う会社として知られる。"
大丸藤井,大丸藤井株式会社（だいまるふじい、英語名：DAIMARU FUJII INC.）は北海道札幌市に本社を置く卸商社である。洋紙や包装資材、オフィス家具、OA機器、文具など取扱商品群は13万点にも及び、官民に幅広く顧客を持つ。日本有数の規模を誇る文具専門店の大丸藤井セントラルを札幌市中央区に構えていることでも知られ、大丸藤井というと卸商社としての大丸藤井ではなくこの大丸藤井セントラルをイメージする者も多い。店内には万年筆などの高級筆記具をはじめ、画材や雑貨など多数の文具が取り揃えられている。なお、JR札幌駅南口のJRタワーに出店している、大丸松坂屋百貨店（本社：東京都江東区）運営の百貨店「大丸」、同じく札幌市に本社を置く「大丸スーパー」を前身とするアークスグループ、並びに京都市の地場百貨店である「藤井大丸」とは資本関係等の一切無い別会社である。
大興電子通信,"大興電子通信株式会社（だいこうでんしつうしん、英文社名:DAIKO DENSHI TSUSHIN, LTD.）は、東京都新宿区に本社を置く商社。"
大光,"株式会社大光（おおみつ、英: OOMITSU CO., LTD. ）は、岐阜県大垣市に本社を置く食品卸売業者である。"
大阪屋,株式会社大阪屋（おおさかや）は、大阪府東大阪市に本社を置く、出版取次（書籍卸売業）を営む日本の企業。
大阪第一食糧,"株式会社 大阪第一食糧（おおさかだいいちしょくりょう、英称：THE OSAKA DAIICHI RICE DEAL CO., LTD.）は、大阪市浪速区に本社を置く、精米の卸販売をおこなう企業である。"
大三商行,大三商行株式会社（だいさんしょうこう）は岡山県に本社を置く木材の加工・販売、建設・不動産業を行う企業である。
大真空,株式会社大真空は、兵庫県加古川市に本社をおく水晶振動子をはじめとした水晶デバイスの製造販売会社。
大正富山医薬品,"大正富山医薬品株式会社（たいしょうとやまいやくひん、英: Taisho Toyama Pharmaceutical Co., Ltd.）は、大正製薬と富山化学工業の共同出資により設立された医薬品販売会社である。"
大沢商会,"株式会社大沢商会（おおさわしょうかい、英称：J.Osawa Group Co., Ltd. ）は、東京都港区南青山に本社を置く、海外商品の輸入卸販売や国内商品の企画販売を行う専門商社である。"
大塚商会,株式会社大塚商会（おおつかしょうかい、英: Otsuka Corporation）は、日本のソリューションプロバイダー、コンピュータ、複合機、通信機器の商社である。
大同スペシャルメタル,大同スペシャルメタル株式会社（だいどうスペシャルメタル、英: DAIDO-SPECIAL METALS LTD.）は、東京都港区に本社を置くニッケル合金販売会社。
大同通商,大同通商株式会社（だいどうつうしょう、Daido Corporation）は、日本の商社。
大日機工,大日機工株式会社（だいにちきこう）は、大阪府守口市に本社を置く機械器具専門商社である。
大和屋商店,株式会社大和屋商店（やまとやしょうてん）は、東京都板橋区に本社を置く食肉の卸売業者。
第一興商,"株式会社第一興商（だいいちこうしょう、英称：Daiichikosho Co., Ltd.）は、業務用カラオケ・コンテンツ関連の会社。業務用通信カラオケでは業界最大手。放送事業にも参入しており、レコード会社を子会社として傘下に収めている。社是は「もっと音楽を世に、もっとサービスを世に」"
瀧定名古屋,"瀧定名古屋株式会社（たきさだなごや、英: TAKISADA-NAGOYA CO., LTD.） は、愛知県名古屋市中区に本社を置く繊維専門商社。"
谷口薬局_(徳島県),有限会社谷口薬局 （たにぐちやっきょく）は、徳島県小松島市松島町に本社を置いていた医薬品・衛生材料を卸す企業であった。現在メディセオ・パルタックホールディングスグループの一社「よんやく」である。
地方・小出版流通センター,地方・小出版流通センター（ちほう・しょうしゅっぱんりゅうつうせんたー）は、地方の出版社や小規模出版社が刊行した書籍や雑誌の取次業務を行う日本の企業。
築地魚市場,"築地魚市場株式会社（つきじうおいちば、英: TSUKIJIUOICHIBA CO.,LTD）は、水産物の卸売を行う企業。東証2部に上場している。"
中央シェル石油販売,中央シェル石油販売株式会社（ちゅうおうチェルせきゆはんばい）は、東京都文京区に本社を置く、エネルギー販売会社である。昭和シェル石油100%出資の連結子会社として「シェル」ブランドのガソリンスタンドを運営し、首都圏に83の店舗網を持つ。
中央資材,中央資材株式会社（ちゅうおうしざい）は、NTT（日本電信電話株式会社）の情報通信資材の販売をする企業である。
中山福,"中山福株式会社（なかやまふく、英: Nakayamafuku Co.,Ltd.）は、家庭用品の販売を行う卸売企業。東証1部に上場している。"
中道機械,中道機械株式会社（なかみちきかい）は、北海道札幌市中央区に本社があり、土木建設機械や産業施設設備の販売、賃貸、製造などの総合商社であったが、2009年2月5日民事再生法の申請となり事実上倒産する。札幌証券取引所の上場企業であったが、2009年3月6日上場廃止となる。
中部水産,"中部水産株式会社（ちゅうぶすいさん、英: CHUBU SUISAN CO., LTD.） は、愛知県名古屋市熱田区にある名古屋市中央卸売市場内に本社を置く水産卸売業者である。"
中北薬品,"中北薬品株式会社（なかきたやくひん、NAKAKITA Co.,Ltd.）は、愛知県名古屋市中区に本社を置く、主に医薬品・医療機器の卸を扱う企業である。東邦薬品の「株式会社葦の会」の一社でもある。"
中澤氏家薬業,中澤氏家薬業（なかざわうじけやくぎょう）はメディパルホールディングス傘下で、高知県内の最大の医薬品総合卸企業でもある。
潮田クラヤ三星堂,株式会社潮田クラヤ三星堂（うしおだクラヤさんせいどう）はメディセオ・パルタックホールディングス傘下で、茨城県水戸市に本社を置き、北関東地区を営業地域としている医薬品や医療機器などの卸売を行う企業であった。2009年10月にクラヤ三星堂に吸収合併され、メディセオとなった。
潮田薬品,潮田薬品株式会社（うしおだやくひん）は、茨城県の主に医薬品・医薬部外品・試薬・医療機器の卸売りを扱う企業であった。現在は、メディセオ・パルタックホールディンググループの一社「潮田クラヤ三星堂」である。
蝶理,蝶理株式会社（ちょうり）は、大阪市中央区淡路町に本社を置く繊維・化成品の専門商社である。繊維商社の老舗、化学品事業を加え事業拡大中。化学品や機械など中国ビジネスを強化中。
長剣通商,株式会社長剣通商（ちょうけんつうしょう）は、福岡県春日市にある自転車、オートバイの企画・製造・販売を行う企業である。スクーターブランド「CKファクトリー」に最も力を入れている。もともとはポケットバイクの輸入販売を行っていた。
長崎屋源右衛門,長崎屋源右衛門（ながさきやげんえもん）とは江戸時代、江戸日本橋に存在した薬種問屋長崎屋の店主が代々襲名した名前である。
長瀬産業,"長瀬産業株式会社（ながせさんぎょう、英称：NAGASE & CO., LTD.）は、大阪本社（本店）を大阪府大阪市西区に、東京本社を東京都中央区に置いている、主に化成品・医薬品事業を中心とした複合商社である。同じく大阪に本社を置く伊藤忠商事、阪和興業、岩谷産業、稲畑産業、山善などと並ぶ在阪商社の一つである。"
鳥羽洋行,"株式会社鳥羽洋行（とばようこう、英: TOBA, INC.）は、東京都文京区に本社を置く制御機器、FA機器の専門商社。"
塚本總業,塚本總業（つかもとそうぎょう）は、1956年元旦、日鐵中央機械製作所・日新興業・日新実業の合併により、塚本素山を社長として創立された総合商社である。本社と関連会社事務所のうちいくつかを塚本素山ビルに置き、多角的な事業を展開している。日本製鐵との関わりから八幡支店を構えたり、北炭との関わりから室蘭営業所を持ったりする一方、千葉県では大規模なビルを5つも作るという規模の拡大を見せた。新日本製鐵の指定商社として土木建築資材などを、大成建設とその他大手ゼネコンに販売している。
椿本興業,"椿本興業株式会社（つばきもとこうぎょう、英称:Tsubakimoto Kogyo Co., Ltd.）は、大阪市北区梅田に本社を置く卸売企業。伝動運搬機器設備の製造・販売を手掛ける。姉妹会社に椿本チエインがある。"
堤化学,株式会社堤化学（つつみかがく）は熊本県熊本市に本社を置く化学薬品の販売メーカー。
帝人フロンティア,"帝人フロンティア株式会社（ていじんフロンティア、英称: TEIJIN FRONTIER Co., Ltd.）は、帝人系の商社である。衣料製品、繊維原料、インテリア関連製品、建設資材、樹脂製品、フィルム製品などの輸出入取引及び国内販売を主要事業とする。2012年10月にNI帝人商事株式会社と帝人ファイバー株式会社のアパレル事業とが統合し新会社発足。"
天龍木材,天龍木材株式会社（てんりゅうもくざい）は、静岡県浜松市東区に本社を置く建築材料商社である。
田窪,田窪株式会社（たくぼ）は、愛媛県今治市・大阪府大阪市に本社を置く繊維商社。
田口薬局_(徳島県),有限会社田口薬局（たぐちやっきょく）は、徳島県三好郡池田町（現三好市）に本社を置いていた医薬品・衛生材料を卸す企業。現在メディセオ・パルタックホールディングスグループの一社「よんやく」である。
田村駒,田村駒株式会社（たむらこま）は、大阪市に本社を置く日本の繊維商社。
田中種,田中種株式会社（たなかたね、英: tanakatane Co.Ltd.）は、大阪市北区に所在し、酒類・食品を飲食店に卸している老舗の会社である。
田中商事,田中商事株式会社（たなかしょうじ）は、東京都品川区に本社を持つ、電気材料および電気器具の卸売を行う企業。
都機工,都機工 (みやこきこう) は千葉県松戸市にある会社。
土佐屋,株式会社土佐屋（とさや）は、鹿児島県鹿児島市谷山港三丁目に本社を置き、建設資材の販売を行う商社である。グループ企業で生コンクリートの製造販売やリゾート事業などを展開している。
東レインターナショナル,"東レインターナショナル株式会社（とうレインターナショナル、 Toray International, Inc. ）は、東レ株式会社100%子会社のメーカー商社。2008年4月1日に東レ株式会社100%子会社の東レアイリーブ株式会社、東レフィッシング株式会社を合併。"
東亜商事,東亜商事(とうあしょうじ)は、東京都千代田区神田司町に本社を置く、業務用食品専門商社である。
東果大阪,"東果大阪株式会社（とうかおおさか、英文社名：TOKA OSAKA Co.,Ltd.）は、大阪市東住吉区に本社を置く、野菜、果実の卸売業を行う企業である。"
東海エレクトロニクス,"東海エレクトロニクス株式会社（とうかいエレクトロニクス、英: TOKAI ELECTRONICS CO., LTD.）は、愛知県名古屋市中区に本社を置く独立系エレクトロニクス専門商社である。2011年（平成23年）10月1日に『東海物産株式会社（TOKAI BUSSAN Co.,LTD.）』より社名変更した。"
東海澱粉,"東海澱粉株式会社（とうかいでんぷん-、Tokai Denpun Co., Ltd.）は、食品関連の総合商社。静岡県静岡市に本社を置く。"
東京エレクトロン_デバイス,東京エレクトロン デバイス株式会社（とうきょうエレクトロンデバイス、英: TOKYO ELECTRON DEVICE LTD.）は、神奈川県横浜市神奈川区に本社を置く東京エレクトロングループの企業である。東京証券取引所一部上場。
東京青果,東京青果株式会社（とうきょうせいか、TOKYOSEIKA corporation）は、東京都大田区に本社を置く、青果の卸売を行う企業である。
東京貿易ホールディングス,東京貿易ホールディングス株式会社（とうきょうぼうえきホールディングス）は、東京都中央区八丁堀に本社を置く、独立系の商社グループの持株会社である。従来は一般的な商社スタイルであったが、近年ではメーカー的な製造機能を強化しつつ、従来の商社機能を活かした活動を行っている。ニッチ産業に強く、各々の製品では業界トップシェアを誇るモノが多い。完全独立系の会社で、独自路線を進む珍しい体系と商材を持った会社。2007年度から全ての事業が分社独立し、現在は東京貿易グループとして活動している。東京貿易ホールディングスはグループを統括する純粋持株会社。
東七,東七（とうしち）は、医薬品の販売・医療用衛生材料・試薬・介護用品・福祉用具の販売する企業で、メディパルホールディングスのグループ会社である。
東邦ホールディングス,東邦ホールディングス株式会社（とうほうホールディングス）は、東邦薬品を核とする医薬品卸売企業グループの持株会社。東京証券取引所1部上場企業。2009年4月に、旧東邦薬品株式会社（1代目）の事業を移管して、新規設立された現在の東邦薬品株式会社（2代目）については引き続き東邦薬品の項で扱う。
東邦液化ガス,"東邦液化ガス株式会社（とうほうえきかガス、英: TOHO LIQUEFIED GAS Co., Ltd.）は、愛知県名古屋市熱田区に本社を置くLPガス事業者である。"
東邦薬品,東邦薬品株式会社（とうほうやくひん）は、東京都世田谷区に本社を置く医薬品卸会社。
東北化学薬品,東北化学薬品株式会社（とうほくかがくやくひん）は、青森県弘前市に本社を置く化学工業薬品卸の企業である。
東洋バルヴ,"東洋バルヴ株式会社（とうようバルヴ、Toyo-Valve Co.,Ltd.）は、東京都中央区日本橋人形町3丁目に本社を置くバルブ・流体制御用機器等の販売会社である。株式会社キッツの完全子会社、株式会社キッツマテリアルを前身とし、2004年（平成16年）に旧・東洋バルヴ株式会社および同社子会社の株式会社トーバルエンジのバルブ事業を譲り受けて現社名に改称した。当初はメーカーであったが、2012年（平成24年）に生産部門を株式会社キッツに移管した。本項では旧・東洋バルヴ株式会社についても述べる。"
東洋紡STC,東洋紡STC株式会社（とうようぼう）は大阪市北区にある繊維系会社。1936年に新興産業（同名の建材メーカー＜倒産して消滅＞とは無関連）が発足し、繊維商社として日本国外にも展開していた。その後、筆頭株主であった東洋紡績（現・東洋紡）により完全子会社化され、繊維専門卸事業に完全特化した。2008年度に東洋紡スペシャルティズトレーディング株式会社に業務が引き継がれ、新興産業は解散した。2013年10月1日付をもって社名を「東洋紡STC株式会社」に変更した。
東陽テクニカ,株式会社東陽テクニカ（とうようテクニカ、英: TOYO Corporation）は、情報通信測定機器をはじめとする測定機器の専門商社。東証1部に上場している。
藤井産業,藤井産業株式会社（ふじいさんぎょう、英: Fujii Sangyo Corporation）は、栃木県宇都宮市に本社を置く、電設商社である。
藤倉商事,藤倉商事株式会社（ふじくらしょうじ）は、東京都中央区に本社を置くフジクラ直系の電線販売会社である。
藤村薬品,藤村薬品株式会社（ふじむらやくひん）は、長崎市に本社を置く医薬品の卸売を行う企業である。
道菱石油,道菱石油株式会社（どうりょうせきゆ）は、三菱商事石油の完全子会社で、石油販売（ガソリンスタンド）などを行っている日本の企業である。成立時の経緯から複数の元売会社と契約しているため、スタンドによってブランドが異なる。北海道内にガソリンスタンドを16か所展開し、ENEOS（15か所）、昭和シェル石油（1か所：札幌新道SS）の各石油ガソリンスタンドのフランチャイズ契約を結んでいる。
徳島大薬,徳島大薬株式会社（とくしまだいやく）は、徳島県徳島市川内町に本社を置いていた医薬品卸売会社。現在は東邦薬品グループの一社「株式会社幸燿」である。
奈良薬品,株式会社奈良薬品（ならやくひん）は、かつて存在した企業。奈良県に本社を置き主に医薬品・医療機器の卸売りを扱う企業であった。その後、株式会社カイホウ、ホウヤク、クラヤ薬品、クラヤ三星堂となりメディパルホールディングスに吸収される。人命関連商品としての医薬品を中心に地域社会の健康に奉仕する卸であった。
内村酸素,"内村酸素株式会社（うちむらさんそ、英称：Uchimura Sanso Co., Ltd.）は熊本県熊本市に本社を構える商社である。医療用、工業用に供する為の多種多様なガスの製造、販売を中心に、産業機械、機械工具の販売をしている。"
内田風雲堂,株式会社内田風雲堂（うちだふううんどう）は、徳島県美馬郡脇町（現美馬市）に本社を置いていた医薬品・衛生材料を卸す企業。現在はメディセオ・パルタックホールディングスグループの一社「よんやく」である。
内田洋行,"株式会社内田洋行（うちだようこう、英: Uchida Yoko Co., Ltd.）は、情報システム、教育システム、オフィス構築を手がける専門商社。特に情報分野は基盤事業であり、「ICT」「デザイン」「コンテンツ」を融合した独自のユビキタス関連事業を進める。"
南国殖産,南国殖産株式会社（なんごくしょくさん）は、鹿児島県鹿児島市に本社を置き、建設資材・資材設備・通信機器・燃料などを中心とする総合商社。
南商事,南商事株式会社（みなみしょうじ）は、愛媛県松山市南高井町に本社を置き、卸売事業等を展開する企業。四国地方・首都圏でアイスキャンディーなどのフローズン商品の卸売・販売を行ってる他、四国地方で牛乳・乳製品等の宅配販売などを行っている。
南陽_(福岡県),株式会社南陽（なんよう）は、福岡県福岡市博多区に本社を置く、産業機器の販売、建設機械の販売およびレンタルを行う総合機械商社である。南陽と子会社8社（うち連結子会社5社）、関連会社3社（うち持株法適用会社1社）を含め、あわせて12社の企業グループ。1994年、福岡証券取引所上場。福岡証券取引所単独上場銘柄のひとつである（証券コードは7417）。
日欧商事,日欧商事（にちおうしょうじ）は、東京都港区に本社を置く、食品と酒類の輸入商社である。
日健フーズ,株式会社日健フーズ（にっけんフーズ）は、かつて全国百貨店に於いて特定保健用食品・健康食品・自然食品の販売を行っていた企業。食事献立の作成・栄養相談及び指導も行う。メープルシロップを主力商品として販売。
日星産業,"日星産業株式会社（にっせいさんぎょう、英訳名：Nissei Corporation, Ltd.）は、日本の化学品商社。1932年（昭和7年）年10月、日産化学工業株式会社の関係会社として発足した株式会社文化農報社に源を発する。"
日精_(企業),日精（にっせい）は、東京都に本社を置く、機械式駐車設備、凍結乾燥機などを提供する企業。
日鉄住金物産,日鉄住金物産株式会社（にってつすみきんぶっさん）は、鉄鋼製品・繊維製品・食糧・機械、その他の商品の販売及び輸出入行う専門商社である。
日伝,株式会社日伝（にちでん、英: NICHIDEN Corporation）は、大阪府大阪市に本社を置く動力伝導機器・産業用機器・制御機器の専門商社である。
日本アクセス,"株式会社日本アクセス（にっぽんアクセス、英: Nippon Access, Inc.）は、東京都品川区に本社を置く食料品を中心とした総合食品商社。"
日本エーエム,日本エーエムは、東京都に本社を置く印刷機材商社。
日本コークス工業,"日本コークス工業株式会社（にほんコークスこうぎょう、英：NIPPON COKE & ENGINEERING CO., LTD.）は、海外炭の輸入を中心としたエネルギー事業、粉粒体機器をメインとする化工機事業を主力とする会社。2009年（平成21年）4月1日をもって、三井鉱山株式会社から社名を変更した。かつては三井三池炭鉱など、国内外に多数の炭鉱を持つ鉱山会社であった。戦前は三井物産、三井銀行と並ぶ三井財閥の御三家企業のひとつであった。三井鉱山の資源事業は戦前の日本経済発展の一翼を担った。"
日本コーバン,日本コーバン株式会社（Coburn Japan Corporation）は、東京都中央区にある卸商社である。ホログラムフィルムやレンチキュラーレンズなどを扱う部門と、舞台照明やスモークマシンなどを扱う部門がある。
日本ミライズ,株式会社日本ミライズ（にほんミライズ）は日本の商社。防衛商社「山田洋行」で専務を務めていた宮崎元伸が、山田洋行社長の米津佳彦との経営方針の対立から独立し、2006年9月1日に設立した。防衛省向け防衛製品を専門に扱っていたが、山田洋行事件により防衛庁とは取引停止となる。
日本紙パルプ商事,日本紙パルプ商事株式会社（にほんかみパルプしょうじ）は、東京都中央区に本社を置く世界最大（2006年現在）の紙専門商社である。
日本紙通商,"日本紙通商株式会社（にっぽんかみつうしょう、英称:NP Trading Co., Ltd.） は、日本製紙グループの卸売業者である。グループの代理店（一次卸）として主に紙・パルプやその関連製品の販売を行っている。"
日本酒類販売,日本酒類販売株式会社（にほんしゅるいはんばい） は、日本の食品・酒類卸売業者。1949年創業。社名にもあるように、酒類に特に強いネットワークを持つことで知られる。酒類卸の売上高としては、国分に次ぐ第2位を誇る。省略して「日酒販」とも呼ばれる。売上の構成比としては、和酒34%、洋酒28%、ビール21%、食品13%、その他4%となっている。1990年代以降は全国の酒類卸売企業を傘下に収め、グループ会社として規模を拡大していった。現在、29支店と36配送センターを有している。
日本出版配給,日本出版配給株式会社（にほんしゅっぱんはいきゅう、旧字体: 日本出版配給株式會社）は、太平洋戦争（大東亜戦争）の前後を通じ、日本の出版取次を独占していた国策会社である。略称は日配（にっぱい）。
日本出版販売,日本出版販売株式会社（にっぽんしゅっぱんはんばい）は、日本の出版物（書籍・雑誌）の取次会社である。略称は「日販」（にっぱん）。2015年（平成27年）現在、日本における二大出版取次会社の一つであり、もう一社はトーハンである。日本出版販売の2015年（平成27年）3月期の売上高は6610億9600万円（連結）、経常利益は36億2600万円（連結）である。オンライン書店の「Honya Club.com」を運営している。一時使い捨てDVDの48DVD（開封から48時間のみ視聴できる）を展開していたことがある。
日本出版貿易,"日本出版貿易株式会社（にほんしゅっぱんぼうえき、英文名称Japan Publitions Trading Co.,Ltd.）は、書籍・雑誌・雑貨・音楽映像ソフトの輸出入・卸売を行う企業。"
日本製紙木材,"日本製紙木材株式会社（にっぽんせいしもくざい、英文社名 Nippon Paper Lumber Co., Ltd.）は、日本製紙グループの木材卸売業者。原木や製材建材の輸入販売、日本産木材の販売、集成材・断熱材の製造販売などを手がける。"
日本製麻,日本製麻株式会社（にほんせいま）は、 富山県砺波市に本社を置く黄麻製品・包装資材などの輸出入・製造を行なう商社。東証二部に上場している。コメ麦用麻袋では、5割のシェアを持つ。担当監査法人はなぎさ監査法人。食品事業も主力事業の一つで、1928年に、日本で初めての国産スパゲッティを製造した「ボルカノ」が、現在の日本製麻株式会社ボルカノ食品事業部である。日本最古のパスタメーカーとして、スパゲッティの生産を北陸工場で行なっているほか、日本パスタ協会にも加盟している。直営のレストラン「パスタハウス ボルカノ」を北陸・近畿地方に9店舗展開している。
日本氷業,日本氷業有限会社（にほんひょうぎょう）は、大阪市北区に本社を置く企業である。大阪市を中心に氷を卸売りしている。通称は「ニッピョウ」。2013年に営業部門を分社化し、日本氷業株式会社を設立した。
日本流通産業,"日本流通産業株式会社（にほんりゅうつうさんぎょう、英：Nihon Ryutsu Sangyo Co., Ltd.）は、『くらしモア』ブランドでスーパーマーケット向けに食品・衣料品・インテリアなどを供給する日本の企業。1974年（昭和49年）設立。略称はニチリウ。大阪市中央区本町に本社を置く。代表者は夏原平和（平和堂代表取締役社長）。"
日本珈琲販売共同機構,"株式会社日本珈琲販売共同機構（にっぽんコーヒーはんばいきょうどうきこう、英語: Japan Coffee Sales Corporate Organization, Inc.）は、日本のコーヒー専門商社、喫茶店フランチャイザー。"
日野トレーディング,日野トレーディング株式会社（ひのトレーディング）は、東京都八王子市に本社を置く日野自動車株式会社の100%子会社。トラック、バス用部品の販売ならびに損害保険、生命保険代理業務を行う商社である。2012年4月1日に日野通商株式会社と株式会社ニッショーの合併により発足した会社。
日立ハイテクノロジーズ,株式会社日立ハイテクノロジーズ（ひたちハイテクノロジーズ）は電気機器関連等を中心とした設計・製造・販売会社である。同社は、旧日製産業株式会社が株式会社日立製作所の電子部品・半導体関連事業の一部を統合して新発足した、日立グループの中核会社である。
萩原電気,"萩原電気株式会社（はぎわらでんき、英: HAGIWARA ELECTRIC Co., Ltd.）は、愛知県名古屋市東区に本社を置く電子部品商社である。"
伯東,伯東株式会社（はくとう）は、日本のエレクトロニクスを主とした専門商社である。
白銅_(企業),"白銅株式会社（はくどう、Hakudo Co., Ltd.）は、東京都千代田区に本社を置く鉄鋼・非鉄金属商社である。"
八神製作所,"株式会社八神製作所（やがみせいさくしょ、英: YAGAMI Co., LTD.）は、愛知県名古屋市中区に本社を置く医療機器専門商社。"
八木通商,八木通商株式会社（やぎつうしょう）は、大阪府大阪市中央区に本社を置く、主に衣料品の輸入をおこなう商社である。
八木兵,"八木兵株式会社（やぎひよう、英称：YAGIHYO CO., LTD.）は、衣料品、寝具、雑貨等の製造・販売を行う総合繊維現金卸商社である。本社は愛知県名古屋市中区。"
飯田商事,"飯田商事株式会社（いいだしょうじ、IIDA TRADING CO., LTD. ）は、愛知県北名古屋市に本社がある、輸入家具、輸入インテリアを扱う商社。本社には「VITA DOLCE（ヴィタ ドルチェ）」という名のショールームが併設されている。輸入元はヨーロッパ。"
卑弥呼_(ファッションブランド),株式会社卑弥呼（ひみこ）は、東京都渋谷区神宮前に本社を置く婦人靴・バッグの企画、開発、卸売、小売販売を行う株式会社。
樋屋製薬,樋屋製薬株式会社（ひやせいやく）は大阪市北区天満に本社を置く医薬品を製造・販売する会社である。創業から今日に至るまで幼児用の薬「樋屋奇応丸」等を製造している。
尾家産業,"尾家産業株式会社（おいえさんぎょう、Oie Sangyo Co., Ltd.）は、業務用食料品問屋。"
尾張製粉,尾張製粉株式会社（おわりせいふん、英: Owari Seifun Inc.）は、愛知県半田市に本社を置く製粉メーカー。
富久無線電機,富久無線電機株式会社（とみひさむせんでんき）は、半導体・電子部品等を扱う商社。
富山電気ビルデイング,富山電気ビルデイング（とやまでんきビルデイング）は、富山県富山市桜橋通りに位置する建築物。富山県では電気ビルディングあるいは電気ビルで呼ばれている。1936年4月8日に竣工し、富山市内では富山県庁舎（富山県庁）、富山大和総曲輪フェリオとともに第二次世界大戦以前に竣工した建築物である。富山電気ビルデイング株式会社が所有・管理を行っている。なお、本項では法人の富山電気ビルデイングについても詳述する。ビル名・会社名のいずれも正式名称は「ビルデイング」であり、「ビルディング」ではない。
富士コーヒー,"富士コーヒー株式会社（ふじコーヒー、Fuji Coffee Co., Ltd.）は、愛知県名古屋市中区栄に本社を置く企業である。"
富士鉱油,富士鉱油株式会社（ふじこうゆ）は、山形県山形市に本社を置き、山形・秋田・宮城各県および東京都内にガソリンスタンドを展開する企業。
富士通パーソナルズ,株式会社富士通パーソナルズ（ふじつうパーソナルズ、FUJITSU PERSONAL SYSTEM LIMITED）は、情報処理機器、移動体情報通信機器の販売及びマーケティングとサービスを行う富士通グループの企業である。
富田薬品,"富田薬品株式会社（とみたやくひん、英称:TOMITA Pharmaceuitical Co., Ltd.）は、熊本県熊本市中央区に本社を持つ、病院向けの薬品などの卸売をする企業。"
冨士谷薬品,冨士谷薬品株式会社（ふじたにやくひん）は、徳島県小松島市に本社を置く医薬品・一般用医薬品の卸売を中心とする日本の企業であった。現在はスズケングループの一社・アスティスである。
扶桑電通,"扶桑電通株式会社（ふそうでんつう、英: Fuso Dentsu Co., Ltd.）は、通信機器や電子機器の販売及びその保守を行う企業でシステムインテグレーター（ユーザー系）。東京証券取引所2部上場企業。"
福岡製油,福岡製油株式会社（ふくおかせいゆ）は、福岡県福岡市に本社を置く、食用油・有機肥料などの卸売業を営む企業である。また、食用油の通信販売業も行っている。
福岡大同青果,福岡大同青果（ふくおかだいどうせいか）は、福岡県福岡市博多区に本社を置く青果卸売会社である。
福神_(医薬品),福神株式会社（ふくじん）は、東京都千代田区に本社を置く、医薬品・医療機器・医療用検査試薬・介護用品・健康食品の卸売販売を行う企業であった。現在は、アルフレッサである。医薬品の流通管理で、武田色の強い卸は、三共と取引がなく、三共色の強い卸は武田との取引がなかった。その例外で医薬品流通企業としては異色の「武田薬品」「三共」の取引が拮抗する卸であった。
福田モーター商会,株式会社福田モーター商会（ふくだモーターしょうかい）は、東京都江東区佐賀に本社を置くオートバイとその部品用品関連の輸入貿易商社である。また、外国製オートバイの輸入販売元でもある。通称は福田モータース（FUKUDA motors）。
福薬根本,株式会社福薬根本（ふくやくねもと）は、福島県郡山市に本社を置いた、主に医薬品・医療用機器の卸業を営む企業である。現在は、アルフレッサ ホールディングスグループの一社「恒和薬品」である。
平成薬品,平成薬品株式会社（へいせいやくひん）は、岐阜市に本社を置くメディセオ・パルタックホールディングス傘下の医薬品・医療機器の販売・卸売を行っていた企業である。2009年10月にクラヤ三星堂へ吸収合併され、株式会社メディセオに商号変更した。
平和堂貿易,平和堂貿易株式会社（へいわどうぼうえき）は、高級腕時計や宝石・貴金属の輸入・卸売を行う日本の商社である。
米常ライス,米常ライス株式会社（こめつねらいす、英: KOMETSUNE Coporation）は、米常ライスのブランドで知られる名古屋市の企業である。
片岡物産,"片岡物産株式会社（かたおかぶっさん、KATAOKA & CO., LTD.）は、日本の食料品・飲料の輸入・生産・販売を扱う企業。1960年3月1日設立。コーポレート・スローガン（キャッチコピー）は、「おいしいひとときを、世界から」。"
宝フリート,宝フリート株式会社（たからフリート）は、山形県天童市に本社を置き、宮城県仙台市内や東北自動車道の一部サービスエリア内にてガソリンスタンドを展開する企業。
豊栄産業_(東京都千代田区),豊栄産業株式会社（ほうえいさんぎょう）は、食品および食品添加物を輸入、販売している企業。元日本タンパク工業にいた木嶋弘倫など数名で創業。同じ事務所に日本豆腐協会がある。そのため主要取引先は大手豆腐メーカーが多く、工場で必要な原料、資材などを輸入販売している。
豊興サービス,豊興サービス株式会社（ほうこうサービス、英文社名 HOKO SERVICE Inc..）とは、大阪府泉北郡忠岡町に本社を置く卸売商社である。
豊通エレクトロニクス,株式会社豊通エレクトロニクス（とよつうエレクトロニクス、英: TOYOTA TSUSHO ELECTRONICS CORPORATION）は、愛知県名古屋市に本社を置く豊田通商グループの半導体・ソフトウェア開発・販売会社である。なお、豊通グループには、半導体・デバイス商社として、別にトーメンエレクトロニクスやトーメンデバイスがある。
豊通マシナリー,株式会社豊通マシナリー（英: Toyotsu Machinery Corporation ）は、愛知県名古屋市中村区名駅4丁目に本社を置く、豊田通商グループの機械専門商社。コーポレートコピーは 「機械商社No.1」から「機能商社No.1」へ。 「挑んでいるか、君は。」2010年(平成22年)10月1日 - 株式会社TEMCOを存続会社とし、株式会社豊通マシナリー、豊通エスケー株式会社、株式会社DICOの3社と合併、株式会社豊通マシナリーに社名を変更した。
豊通レアアース,豊通レアアース株式会社（とよつうレアアース、英: Toyotsu Rare Earths Corporation.）は、東京都千代田区に本社を置く商社である。主にレアアース・レアメタルを扱う。2008年（平成20年）11月、豊田通商により完全子会社化され、2009年（平成21年）4月、和光物産株式会社から豊通レアアース株式会社に商号を変更した。
豊通食料,豊通食料株式会社（とよつうしょくりょう）は、東京都港区に本社を置く豊田通商グループの食料専門商社である。
豊田通商,豊田通商株式会社（とよたつうしょう）は、東京都港区と愛知県名古屋市を本社（二本社体制）とする、トヨタグループの総合商社である。略称は豊通（とよつう）。グループスローガンは「G'VALUE with you」。
豊島_(繊維商社),"豊島株式会社（とよしま、英: TOYOSHIMA & Co., Ltd.）は、繊維産業の町一宮市を代表する繊維商社である。"
豊明花き,"豊明花き株式会社（とよあけかき、英: Toyoake Kaki Co., Ltd. ）は、愛知県豊明市に本社を置く花きの卸売業者。"
北海道フードフロンティア,北海道フードフロンティア株式会社（ほっかいどうふーどふろんてぃあ）は、北海道札幌市中央区にある北海道産品の販売全般を行なう企業。
北海道炭礦汽船,"北海道炭礦汽船株式会社（ほっかいどうたんこうきせん、英文社名：Hokkaido Colliery & Steamship Co., LTD.）は、石炭の輸入販売やガラス製品の加工販売を行う日本の株式会社である。通称は北炭（ほくたん）。「礦」の字が「砿」「鉱」「鑛」などと記された資料もある。かつては北海道で多くの炭鉱を経営していた。財閥解体までは三井財閥に属し、その後も三井グループの一員であった。政商とよばれた萩原吉太郎会長も一時代を築いた三井の大立者として知られる。また、慶應義塾大学理工学部へ土地を寄附した。現在はロシアからの石炭輸入を中心とする専門商社となっており、北海道などにはグループ会社がある。会社は1889年（明治22年）に設立された。本店は東京都中央区日本橋小舟町にあるが、1989年（平成元年）まで本店は中央区日本橋室町にあった。かつては室蘭市に本店を置いていた北海道有数の大企業であり、上場企業でもあった（株式銘柄コードは1505）。"
北九州青果,北九州青果（きたきゅうしゅうせいか）は、福岡県北九州市小倉北区に本社を置く、青果の卸売業を行なう企業である。
北恵,北恵株式会社は、関西圏地盤の住宅資材卸の会社である。
北信理化,株式会社北信理化（ほくしんりか、Hokushinrika）は、長野県長野市に本社を置く、理化学機器、科学計測機器などの販売・修理・メンテナンスを行う企業である。
北沢産業,北沢産業株式会社（きたざわさんぎょう）は、日本の食品加工機器・業務用厨房機器の総合販売会社。東証第1部に上場していて、証券コードは9930番。
北菱電興,"北菱電興株式会社（ほくりょうでんこう、英称：HOKURYO DENKOU Co.,Ltd.）は石川県金沢市に本社を置く電気・電子機器の販売、各種制御機器、コンピュータ関連及び周辺機器、CATV関連機器等の開発・製造、および建設業設備工事を行う総合商社である。三菱電機および三菱重工業の代理店となっている。"
北陸エム・シー・オイル,北陸エム・シー・オイル株式会社（ほくりくエム・シー・オイル）は、三菱商事石油の完全子会社で、石油販売（ガソリンスタンドの運営）などを行っていた日本の企業である。
堀田丸正,"堀田丸正株式会社（ほったまるしょう、英文名称: Marusho Hotta Co., Ltd.）は、1933年に設立した繊維製品・宝飾品卸売の株式会社である。"
本坊商店,株式会社本坊商店（ほんぼうしょうてん）は、鹿児島県鹿児島市に本社を置く、酒類および食品類の卸売を営む企業である。ほかに、JR鹿児島中央駅の「えきマチ1丁目鹿児島」内に直営店「薩摩焼酎蔵」を置く。
名古屋木材,"名古屋木材株式会社（なごやもくざい、英: NAGOYA LUMBER CO., LTD） は、愛知県名古屋市中川区に本社を置く建築資材メーカー。"
名鉄協商,"名鉄協商株式会社（めいてつきょうしょう、英: Meitetsu Kyosho CO., LTD.）は、愛知県や岐阜県を中心に駐車場事業をはじめ、レストラン事業など各種事業を展開する企業で、名古屋鉄道の子会社である。1971年（昭和46年）に創業。"
明光商会,"株式会社明光商会（めいこうしょうかい、Meikoshokai Co., Ltd.）は、シュレッダーの日本でのトップシェアを誇る、日本の事務機器メーカーである。1956年創業、1959年設立。本社は東京都中央区八丁堀1-9-8。機密文書などを自動的に裁断・処分する「MSシュレッダー」の開発で、情報管理企業としての最大手を走っていることで知られる。またラミネートシール（社員証などに使用）に使う「パウチッ子」「MSパウチ」や、封筒を自動的に開封する「MSレタペット」など、企業向けの文房具品の製造・販売、また近年は、金融機関や病院などの受付自動案内システム「MSボイスコール」の製造販売を行っている。またシュレッダーメーカーの最大手とあって、環境問題にも率先的に取り組み、「MSリサイクルシステム」「MSリサイクルシュレッダー」や大型シュレッダーの製造・販売などに取り組んでいる。CIは「国家機密から心の秘密まで」。"
明治電機工業,"明治電機工業株式会社（めいじでんきこうぎょう、英: MEIJI ELECTRIC INDUSTRIES CO.,LTD.）は、制御や計測機器の技術商社である。"
明祥,明祥株式会社（めいしょう）はアルフレッサ ホールディングス傘下で、石川県金沢市に本社を置く医薬品や医療用機器などの卸売を行う企業である。
明和産業,明和産業株式会社（めいわさんぎょう）は、三菱グループの商社である。
綿半ホールディングス,"綿半ホールディングス株式会社（わたはん-、Watahan & Co., Ltd.）は、綿半グループを統括する持株会社。本店（登記上本店）は長野県飯田市、本社を東京都新宿区に置く。傘下企業にはホームセンターを展開する株式会社綿半ホームエイドなどがある。"
茂木薬品商会,株式会社茂木薬品商会（もぎやくひんしょうかい）は、東京都中央区に本社を置く一般用医薬品を主とする卸業者である。以前は医療用医薬品も取り扱っていた。現在の法人は、初代法人から主事業である一般用医薬品に関連する卸売事業を会社分割によって分社化した2代目法人で、アルフレッサ ヘルスケアの子会社である。
木村_(熊本県),株式会社木村（きむら）は、熊本県熊本市に本社を置く食品卸および菓子メーカー。あられや煎餅、かりんとう等が同社の主力商品である。地元では「木村のあられ」というネーミングで知られている。
木津屋本店,株式会社木津屋本店（きづやほんてん）は、岩手県盛岡市に本社を置き文具事務用品、和洋紙、オフィス家具、ＯＡ機器の卸しおよび販売を行う総合オフィス商社である。
木徳神糧,木徳神糧株式会社（きとくしんりょう）は、東京都江戸川区に本社を置く米穀製品専門の商社。
野口鉱油,野口鉱油株式会社（のぐちこうゆ）は、山形県天童市に本社を置き、エクソンモービル有限会社の代理店として山形県内にMobilブランドでガソリンスタンドを展開する企業。
野村トレーディング・ホールディングス,"野村トレーディング・ホールディングス株式会社（のむらトレーディング・ホールディングス、英称:Nomura Trading Holdings Co., Ltd.）は、 大阪市中央区に本社を置く日本の持株会社である。"
野村貿易,野村貿易株式会社（のむらぼうえき）は、東京都千代田区と大阪市中央区に本社を置く総合商社。野村徳七により設立された旧野村財閥に属している。
柳屋薬局,柳屋薬局株式会社（やなぎややっきょく）は、徳島県徳島市銀座に本社を置く医薬品・衛生材料を卸す企業であった。現在メディセオ・パルタックホールディングスグループの一社「よんやく」である。
遊心クリエイション,"株式会社遊心クリエイション（ゆうしんクリエイション、YU-SHIN CREATION CO.,LTD.）は、大阪市西区に本社を置く、日本のアパレル企業。事業内容は、「衣料品・服飾雑貨の企画・生産・卸・小売業」とされており、ブランドとして「Grande bene（グランデベーネ）」、「YEVS（イーブス）」を運営し、さらに雑貨店「ASOKO（アソコ）」や、レンタルスペース「堀江ギャラリー」の運営にもあたっている。"
立花エレテック,株式会社 立花エレテック（たちばな－）は、日本の電子機器・部品を扱う商社。
琉薬,"株式会社琉薬（りゅうやく、RYUYAKU Co.,Ltd.）は、沖縄県浦添市の医薬品卸・販売会社である。県下最大のシェアを誇る。アルフレッサ ホールディングスの傘下である。"
鈴江日進堂,鈴江日進堂株式会社（すずえにっしんどう）は、徳島県徳島市論田町に本社を置いていた医薬品・衛生材料・化粧品の卸売を中心とする日本の企業。現在はスズケングループの一社アスティスである。医薬品の卸売手。
鈴与商事,鈴与商事株式会社（すずよしょうじ）は、エネルギー事業、建材・設備事業、住宅設備事業、化学品事業、電機事業、情報通信事業を行う企業であり鈴与グループの主力企業の一つである。
和気産業,"和気産業株式会社（わきさんぎょう、英称：Waki Sangyo.Co.,Ltd.）は、大阪府東大阪市に本社を置く、各種DIY用品の製造販売をおこなう企業である。"
廣瀬無線電機,廣瀬無線電機（ひろせむせんでんき）は、電気器具・電気製品を扱う商社。かつてはグループの小売部門が家電量販店事業を営んでいたが撤退し、現在は卸売事業を中心に行っている。
翔薬,"株式会社翔薬 （しょうやく、SHOYAKU CO.,LTD.）は、医薬品・衛生材料・化粧品の卸売を中心とする日本の企業。現在はスズケングループの一社である。医薬品の卸売手。地盤は九州地方。"
萬栄,株式会社萬栄（まんえい）は大阪府大阪市中央区に本社を置く、繊維製品・生活用品を中心に卸売を行う企業である。
萬世電機,萬世電機株式会社は、大阪市福島区に本社を置く三菱電機の総合代理店を行う会社である。
