ADLINK,ADLINK（えーでぃーりんく）は、産業用電子機器メーカー。
Advantech,ADVANTECH（アドバンテック）は台湾のマザーボードおよび産業用向けコンピューターメーカー。
Ams_AG,Ams AG ams  は、オーストリアシュタイアーマルク州に本拠を置く、高性能アナログ集積回路（IC）の設計及び製造をする企業である。コーポレート・ミッションは“Shaping the world with sensor solutions（センサーソリューションで世界を牽引）”である。日本法人はamsジャパン株式会社。
AOpen,AOpen Inc.（エーオープン インコーポレイテッド 繁体字:建碁股有限公司）とは、マザーボード、光ディスクドライブ、入力装置などのコンピュータパーツを製造する台湾の電機メーカーである。
Archos,Archos (アルコス、アーコス、英語: [rkos]) は、フランスの家電メーカーである。1988年に Henri Crohas が創業した。社名は創業者 Crohas の姓のアナグラムであり、同時にギリシア語の 'master' (αρχο) を意味する。スローガンは当初の Think Smaller から On The Go となり、最近では Entertainment your way となっている。Archos は他にもポータブルオーディオプレーヤー、ポータブルメディアプレーヤー、PVP（ポータブルビデオプレーヤー）、ハードディスクレコーダー、携帯情報端末などを開発・製造している。
ARMホールディングス,"ARMホールディングス (ARM Holdings plc) はイギリスのケンブリッジに本社を置く持株会社。傘下の事業会社である""ARM Ltd.""によるARMアーキテクチャ、RealView や KEIL というブランドのプログラミングツール、システムおよびプラットフォーム、System-on-a-chip基板とソフトウェアなどの開発で知られている。ケンブリッジ周辺のハイテク企業集積地（シリコンフェン）内では良く知られた企業である。"
ASTI,ASTI株式会社（アスティ）は、静岡県浜松市南区に本社を置く車載電装品や電子基板などを製造、販売するメーカーである。
ASUS,ASUSTeK Computer Inc.（エイスーステック・コンピューター・インク）は、台湾の台北市に本社を置くPCおよびPCパーツ、周辺機器製造メーカー。日本法人はASUS JAPAN株式会社。「ASUS」の日本語での正式な読みは、現在「エイスース」とされている（発音に関する経緯は下記を参照）。
Atmel,アトメル（英: Atmel Corporation、NASDAQ: ATML）は、アメリカの半導体製造業者であり、マイクロコントローラ、メモリなどを主に製造販売している。
Bloom_Energy_Japan,ブルームエナジージャパン株式会社（英: Bloom Energy Japan Ltd.）は、K. R. Sridharが設立した米国のBloom Energy CorporationとソフトバンクグループのSBパワーマネジメントの折半出資子会社。燃料電池Bloom Energy Serverから発電される電力を販売している。親会社の一つソフトバンク孫正義社長は「システムを買う必要はない。システムにかかるコストや変動するガス料金のリスクはわれわれが吸収して25円で提供することをコミットする」と紹介している。
CAテクノロジーズ,"CA Technologies（シーエー- テクノロジーズ　以下CA，NASDAQ: CA）は、ニューヨーク州に本社を置くコンピュータソフトウェア企業。1976年、コンピュータ・アソシエイツ (Computer Associates International, Inc.) としてチャールズ・ワングが創設した。"
CEC_(企業),CEC株式会社（シーイーシー）は、1954年（昭和29年）に創立されたCDプレーヤー、アンプ等のオーディオ機器の開発、販売を行う日本の企業。本社は群馬県邑楽郡大泉町。ベルトドライブ方式のCDプレーヤー等の技術を持つ。
CSR_(電気機器),"株式会社CSR（英称：CSR, Inc.）は、日本の無線通信機器・音響機器の企画・製造・販売を行う会社である。"
DFI,DFI（ディエフアイ）は台湾のマザーボードメーカー。
DXアンテナ,"DXアンテナ株式会社（ディーエックスアンテナ、DX ANTENNA CO.,LTD.）は、テレビ用受信アンテナ等を製造・販売する日本の電気機器メーカーである。1953年8月1日創業（有限会社関西テレビジョン研究所）、1956年9月1日会社設立。1966年1月に現社名になり、2001年に船井電機の子会社となった。本社所在地は兵庫県神戸市兵庫区浜崎通2番15号。"
EIZO,EIZO株式会社（英: EIZO Corporation ）は、ディスプレイ装置専業メーカー。EIZOブランドのディスプレイ装置を製造、販売している。本社所在地は石川県白山市下柏野町153。東京証券取引所市場第一部上場（証券コード6737）。1990年代のCRT全盛期からディスプレイ機器の画質と信頼性に定評がある。
EMCコーポレーション,EMCコーポレーション（英: EMC Corporation）は、アメリカ合衆国マサチューセッツ州ホプキントンに本社を置く世界最大のストレージ機器開発企業。情報管理ソフトウェアの開発にも注力している。企業向け製品として、ディスクアレイ装置やストレージ管理ソフトウェアを製造。主要製品は、大規模データセンターなどでよく使われているストレージエリアネットワークの基盤となる Symmetrix である。また、CLARiX はEMCがデータゼネラルを取得した際に製品として追加された。
Euro-Pro_Operating_LLC,Euro-Pro Operating LLC（ユーロプロ・オペレーティング・エルシーシー）とは、家庭用電気機械器具を製造、販売する米国マサチューセッツ州の企業。
FDK,FDK株式会社（エフディーケイ、英文社名:FDK Corporation）は、古河グループの電子部品や電池などを製造するメーカー。
FDKエナジー,"FDKエナジー株式会社（エフディーケイエナジー、英: FDK ENERGY CO., LTD.）は、アルカリ乾電池、リチウム電池の製造等を行うFDKの子会社。同じく子会社のPT FDK INDONESIAとともに、FDKグループとして乾電池を供給している。供給先ブランドは富士通の他、ソニー、三菱電機、東芝など。"
GEヘルスケア・ジャパン,GEヘルスケア・ジャパン株式会社（ジーイーヘルスケアジャパン、GEHC-J）は、東京都日野市にある医療機器メーカーである。
GIGABYTE,GIGABYTE（ギガバイト）は台湾のパソコン、周辺機器のメーカー。
HORI,株式会社HORI（ホリ）は神奈川県横浜市にあるテレビゲーム用周辺機器を製造、販売する日本の企業である。旧社名は「ホリ電機」で、2000年1月1日に現社名へと改称した。
HUMAX,"HUMAX Co., Ltd.（ヒューマックス）は、韓国に本社を置く企業である。日本法人は株式会社ヒューマックスジャパン（HUMAX JAPAN Co., Ltd.）。"
I-Tech,I-Tech Corporation(株式会社アイテック)とは時間貸駐車場で使用する機器のメーカーである。1994年7月設立。現在、本社は東京都文京区に所在する。駐車場機器メーカーとして業界初のロックレスシステムを販売している。
IBM,IBM（アイビーエム、正式社名: International Business Machines Corporation）は、民間法人や公的機関を対象とするビジネス用途のコンピュータ関連の製品およびサービスを提供する企業である。本社はアメリカ合衆国ニューヨーク州アーモンクに所在する。日本法人は、日本におけるIBMを参照。
IDEC,IDEC株式会社（あいでっく、英: IDEC Corporation）は、制御機器製品、制御装置及びファクトリーオートメーションシステム製品等の製造メーカー。
IDT,"Integrated Device Technology, Inc.（IDT）は、アメリカの半導体企業。本社はカリフォルニア州サンノゼ。通信・コンピュータ・一般向け機器などで使用する低消費電力で高性能なアナログ-デジタル混在半導体部品の設計と製造を行っている。主にOEM製品を扱っている。1980年、通信・コンピュータ向けのCMOS製品メーカーとして創業。現在は、通信部門、コンピュータ部門、コンシューマ部門で構成されている。"
JUNS,JUNS株式会社（JUNS CORPORATION）は東京都中野区に置き、映像編集、インターネット動画配信、音楽制作、フォトレタッチなどの高い性能を要求される用途に特化したクリエイター向けパソコンの製造・販売を行っている日本の企業。1980年代に日本の代表的なペイントソフトやDTPソフトを開発発売していた『ツァイト』創業者である山中潤が設立した。山中潤は漫画雑誌「ガロ」の編集長を務めていた事でも知られる。
JVCケンウッド,株式会社JVCケンウッド（ジェイブイシーケンウッド、英語：JVC KENWOOD Corporation）は、神奈川県横浜市神奈川区（旧日本ビクター本社所在地）に本社を置く、映像機器・音響機器・無線機器メーカーである。コーポレート・ステートメントは「JVC KENWOOD creates excitement & peace of mind」である。
KIホールディングス,KIホールディングス株式会社（ケイアイホールディングス）は、神奈川県横浜市戸塚区に本社を置く、航空機シート製造を行う事業持株会社。1967年に小糸製作所の事業の内、鉄道車両用機器・シート部門ならびに照明・電気機器部門を継承した。2011年8月1日に航空機シート以外の事業については「コイト電工」として分社した。本項目ではコイト電工株式会社についても説明する。
KOA_(企業),KOA株式会社は、長野県上伊那郡箕輪町に本社を置く抵抗器を中心に扱っている電子部品メーカーである。長野県で14社しかない東証一部に上場している企業である。地球環境への調和を企業理念としており、自社のステークホルダーに地球を加えている。
KRYNA,KRYNA株式会社 （クライナかぶしきかいしゃ） は、1980年に創業した日本の音響機器メーカー。現在は東京都町田市金森に本社を持つ。オーディオ用真空管アンプやスピーカーをはじめとする、オーディオ製品全般を製造・販売を行う会社である。
LGエレクトロニクス,LGエレクトロニクス（LG Electronics Incorporated）は、大韓民国のLGグループの中核をなす総合家電、情報通信メーカー。韓国電機業界ではサムスン電子に次ぐ大企業である。旧称LG電子（LG）。
LS電線,LS電線株式会社（エルエスでんせん、英文社名：LS Cable Ltd.）は京畿道安養市に本社を置く電線メーカー。電線で住友電気工業に次ぐ世界4位。LGグループから独立したLSグループの中心となる企業で、LSグループはともに独立したGSグループと兄弟の関係である。
MCJ,株式会社MCJ（エムシージェイ）は、コンピュータに関連する企業を傘下とする持株会社である。
MEDIAEDGE,MEDIAEDGE株式会社（メディアエッジ、MEDIAEDGE Corporation ）は、日本のビデオ配信装置、コンピュータ周辺機器メーカー。2012年1月に、グラスバレー株式会社（旧カノープス株式会社）より独立。社名は、同社のビデオ配信システム「MEDIAEDGE」が由来である。
Micro-Star_International,"MicroStar International (MSI) は、1986年に5人のソニー台湾の元技術者の徐 祥 (Joseph Hsu)、盧 琪隆 (Henry Lu)、 金請 (Jeans Huang)、林 文通 (Frank Lin)、游 賢能 (Kenny Yu)によって設立された台湾のコンピュータ及びコンピュータ関連部品製造会社で世界有数のマザーボード及びビデオカードの製造メーカー。旧ロゴの星型は社長を中心に4人の技術者でコンピュータ業界の星になろうと願いを込めているのが由来である。コアビジネスのマザーボードとビデオカード事業は120カ国以上にのぼり生産量は2000年にマザーボードは世界第３位にビデオカードカードは 世界第１位となり、累計出荷量はマザーボード1.5億枚、ビデオカード1億枚を越えた。近年はラップトップパソコン、タブレットPC、サーバ、組み込みシステム分野にも進出し2008年にはMSI 100%子会社のFUNTORO社を設立し車載用コンピュータ、カーナビゲーション分野にも進出し多角化している。2009年には企業ロゴを現行の物に一新しInnovation with styleと言う企業スローガンを制定し、デジタル時代の主要なブランドとしてグローバル市場においてパイオニアであり続け、その中核となる消費者のニーズとグローバルな技術革新の分野で世界をリードする事を目指している。日本法人(エムエスアイコンピュータージャパン株式会社、代表取締役林 文通、資本金2,000万円、所在地東京都台東区)は1999年に設立。"
NADエレクトロニクス,NADエレクトロニクス (NAD Electronics) は、カナダの音響機器メーカーである。かつての社名は New Acoustic Dimension。家庭用の低～中価格帯のアンプ（プリアンプ、メインアンプともに）を製造している。日本には輸出していない。
NEC_Avio赤外線テクノロジー,NEC Avio赤外線テクノロジー株式会社（エヌイーシーアビオせきがいせんテクノロジー）は、赤外線関連機器、および工業計測機器の開発・製造・販売、ならびにそれらを用いたソリューションの提供などをおこなっていた企業である。2008年発足、2012年消滅。
NECトーキン,NECトーキン株式会社は、宮城県仙台市太白区に本店を、宮城県白石市に本社を置く、電気部品・電子部品を製造販売するNECグループの企業である。
NECライティング,NECライティング株式会社は、NECグループに属する照明事業専門の会社。
NEOMAX,NEOMAX（ネオマックス）とはかつてあった企業で、現在は日立金属である。1.が製造・販売するネオジム磁石の商品名。株式会社NEOMAXは、かつて存在した各種磁性材料、電子材料の製造・販売を行う会社。2007年4月1日、日立金属に吸収合併された。旧社名は住友特殊金属株式会社。住友金属工業の子会社として設立された。2004年、日立金属の傘下となり、同社の磁性材料部門と統合して株式会社NEOMAXとなった。現在実用化されている中で最強の磁石であるネオジム磁石を発明した佐川眞人が所属していた企業として知られており、社名はその商品名にちなんだものであった。
NGKエレクトロデバイス,NGKエレクトロデバイス株式会社（エヌジーケーエレクトロデバイス）は山口県美祢市に本社を置く半導体パッケージなど電子部品のメーカー。鳴海製陶株式会社の電子セラミックス部門を母体としている。
NKKスイッチズ,"NKKスイッチズ株式会社（英名: NKK SWITCHES CO., LTD.）は、産業機器用の操作スイッチ専業の製造会社。特にトグルスイッチで世界的に高いシェアを持つ。1995年のエレクトロニック・バイヤーズ・ニュース（EBN誌）にて、スイッチ部門で世界のトップ5に選ばれている。国内では神奈川県横浜市と福島県いわき市に主要製造拠点を持ち、海外では2005年に中国の広東省東莞市清溪鎮に自社工場を建設し、生産を拡大している。海外の販売会社としては、香港と中国、北米に子会社を持ち、近年特に北米市場でのシェアアップに注力している。社名にある「NKK」は前身の「日本開閉器工業」（Nippon Kaiheiki Kogyou）の頭文字にちなむものであり、JFEホールディングスの前身の一つである日本鋼管（NKK）とは関連がない。"
NLTテクノロジー,NLTテクノロジー株式会社（エヌエルティテクノロジー）は、NECグループの企業であり、液晶ディスプレイの研究開発、生産、販売などを手掛ける。かつては日本電気 (NEC) の完全子会社（旧商号：NEC液晶テクノロジー株式会社）であった。本社は同事業部があった神奈川県川崎市のNEC玉川ルネッサンスシティに置く。
NTTエレクトロニクス,NTTエレクトロニクス株式会社（NTT Electronics Corporation）は、神奈川県横浜市にあるNTTグループの企業である。
NVIDIA,NVIDIA Corporation（エヌビディアコーポレーション、NASDAQ: NVDA）は、アメリカ合衆国カリフォルニア州サンタクララにある半導体メーカー。コンピュータのグラフィックス処理や演算処理の高速化を主な目的とするGPU（グラフィックス・プロセッシング・ユニット）を開発し販売する。デスクトップパソコンやノートパソコン向けのGPUであるGeForceシリーズ、プロフェッショナル向けでワークステーションに搭載されるQuadroやNVSシリーズで有名だが、近年はスーパーコンピュータ向けの演算専用プロセッサであるTesla（テスラ）や、携帯電話やスマートフォン・タブレット端末向けのSoC（システム・オン・チップ）であるTegra（テグラ）の開発販売も手掛ける。日本法人は、東京都港区赤坂。
OSGコーポレーション,株式会社OSGコーポレーション（オーエスジーコーポレーション）は、大阪市北区に本社を置く浄水器・アルカリイオン整水器などの製造を行う企業である。「OSG」とは「大阪三愛グループ（Osaka Sanai Group）」のことである。なお、工作機械部品のオーエスジーとの資本関係はない。
PFU,株式会社PFU（ピーエフユー、英文社名、PFU LIMITED）は石川県かほく市宇野気（うのけ）に本社を置く、コンピュータ関連メーカー・システムインテグレーター。富士通の完全子会社で、古河グループに属する。
PIAA,"PIAA株式会社（ピア、英: PIAA Corporation, Ltd. ）は、東京都文京区に本社を置く自動車部品メーカー。LED、HIDなどのランプ類を主体に、カーキャリアやワイパーなどを扱っている。市光工業株式会社の連結子会社で、商業登記上の商号はピア株式会社。"
QNAP,"QNAPシステムズ(QNAP Systems, Inc., 威聯通科技股有限公司) は台湾のネットワークアタッチトストレージ(NAS)、ネットワークビデオレコーダー・プレイヤーのメーカー。"
RDEマイクロフォン,RDEマイクロフォン (ロードマイクロフォン、RDE Microphones) は、オーストラリア ニューサウスウェールズ州シルヴァーウォーターを拠点とし、マイクロフォンとその関連製品を設計製造する企業である。1967年、ヘンリー・フリードマンとアストリッド・フリードマンにより設立された。そのマイクロフォンは業務用スタジオや音響増幅（Public Address）、ビデオ、フィルム、及びヴォーカル・パフォーマンスの分野で用いられている。オーストラリア連邦科学産業研究機構の国立測量研究所との共同研究も開始した。2006年、RDEはアメリカのスタジオ・モニター製造企業イベント・エレクトロニクス社を買収した。
Santec,santec株式会社（サンテック、英: SANTEC CORPORATION ）は、愛知県小牧市に本社を置く光測定器・光部品関連製造企業。
SCREENホールディングス,"株式会社SCREENホールディングス（英: SCREEN Holdings Co., Ltd.）は、半導体・液晶製造装置、印刷関連機器など産業用機器を製造する企業グループの持株会社。"
SMK_(企業),SMK株式会社（えすえむけい、SMK Corporation）は、東京都品川区に本社を置くコネクタ、スイッチ、リモコン、プラグ、ジャック、電源部品、ターミナル、RFユニット、コントロールパネル、タッチパネル、通信モジュール、カメラモジュールなどを製造、販売している企業である。
Sohwa_&_Sophia_Technologies,株式会社Sohwa & Sophia Technologiesは、神奈川県川崎市に本社を置くプリント基板設計及びソフト開発等を手掛ける企業。
TAD,TAD（Technical Audio Devices）は、パイオニア（現・オンキヨー&パイオニア）のプロフェッショナル向けオーディオ製品のブランド名。読み方は「タッド」2007年（平成19年）10月1日に株式会社テクニカルオーディオデバイセズラボラトリーズが設立。以降は同社の取り扱いとなっている。
TCL集団,TCL集団股有限公司（TCL、TCL集団、TCL集股有限公司、TCL Corporation）は広東省恵州市に本社がある電気機器メーカーである。TCL集団は携帯電話、パーソナルコンピュータ、家電機器、照明、電子媒体を中国内外に販売している。TCLは深証券取引所と香港証券取引所に上場している。
TDK,TDK株式会社（ティーディーケイ、英: TDK Corporation）は、日本の電気機器製造会社である。
TDK-MCC,TDK-MCC株式会社（ティーディーケイ・エムシーシー）は、積層セラミックコンデンサの生産工場として設立。秋田県にかほ市に本社を置くTDK100%出資の製造子会社。
TDKラムダ,TDKラムダ株式会社（TDK-Lambda Corporation）は、スイッチング電源とノイズフィルタ、その周辺機器の開発製造販売を行う日本の電機メーカー。TDK株式会社のグループ企業である。
TDK羽後,TDK羽後株式会社（ティーディーケイうご）は、電子部品の製造・販売を行っている会社。TDKの100%出資の子会社で、秋田県由利本荘市に本社を置く。
TDK羽城,TDK羽城株式会社（ティーディーケイうじょう）は、中高圧コンデンサ、ディップコンデンサの製造を行っていたTDKの100%出資の子会社。秋田県潟上市に本社があったが、平成24年7月にTDK-MCCに吸収合併し消滅した。
TDK庄内,TDK庄内株式会社（ティーディーケイしょうない）は、電子部品の製造・販売を行っている会社。TDKの100%出資の子会社で、山形県鶴岡市に本社を置く。
TDK由利本荘,TDK由利本荘株式会社（ティーディーケイゆりほんじょう）は、電子部品の製造・販売を行っている会社。TDKの100%出資の子会社で、秋田県由利本荘市に本社を置く。
TOA_(企業),TOA株式会社（ティーオーエー、英: TOA Corporation）は、業務用の音響機器とセキュリティ機器の専門メーカー。音響機器はPA/SR/拡声などの設備音響、セキュリティ機器は監視カメラなどの映像機器を中心とした防犯装備を製造する。本社は神戸市中央区港島中町7丁目2番1号（ポートアイランド）。“TOA”とは旧社名の東亞特殊電機株式会社でのブランドネーム“トーア”が語源とされている。
TRINC,株式会社 TRINC（トリンク、英文名：TRINC Corporation 、旧社名：高柳研究所）は、静岡県浜松市西区大久保町に本社を置く、電子機器を製造・販売する企業。
TSMC,"TSMC（英文正式社名：Taiwan Semiconductor Manufacturing Co., Ltd.、中国語正式社名：臺灣積體電路製造股有限公司）は、台湾新竹市新竹サイエンスパークに本拠を置く世界最大級の半導体製造ファウンダリーである。正式社名の和訳は「台湾半導体製造株式会社」である。略称のTSMCで呼ばれることが多い。創立者は、モリス・チャン（張忠謀）。"
UL_Japan,"株式会社UL Japan（ユーエル・ジャパン、英文社名：UL Japan, Inc. ）は、三重県伊勢市に本社を持つ、米国の世界的第三者安全科学機関である、ULの日本法人である。北米のULマークのみならず、日本の電気用品安全法に基づいた安全・EMC認証のSマークをはじめ、欧州、中国市場向けの製品に必要とされる認証マークの適合性評価サービスを提供している。"
YCC情報システム,YCC情報システム（ワイシーシーじょうほうシステム）は、山形県山形市に本社を置く、情報サービス企業。
YOCASOL,YOCASOL株式会社 （よかそる、英文名：YOCASOL INC. ）は、福岡県大牟田市に本社を置いていた、太陽電池モジュールの専業メーカーである。社名の由来は九州の方言で「良し」「すばらしい」を意味する「よか」と、スペイン語などで太陽を意味する「SOL」に由来する。
YOZAN,株式会社YOZAN（ヨーザン、YOZAN Inc.）は、電気通信事業を行う子会社を保有する企業。2005年7月1日に株式会社鷹山から商号変更。社名は上杉鷹山に由来する。
ZTE,中興通訊（ちゅうこうつうじん、中国語読み:ジョンシントンシュン、英文社名 : ZTE Corporation（旧社名：Zhong Xing Telecommunication Equipment Company Limited））は、中華人民共和国・深に本社を置く、通信設備および通信端末の開発および生産を事業とする会社である。
ZTE,中興通訊（ちゅうこうつうじん、中国語読み:ジョンシントンシュン、英文社名 : ZTE Corporation（旧社名：Zhong Xing Telecommunication Equipment Company Limited））は、中華人民共和国・深に本社を置く、通信設備および通信端末の開発および生産を事業とする会社である。
アークレイ,"アークレイ株式会社（ARKRAY, Inc.）は、京都府京都市中京区に本社を置く医療機器の製造・販売をおこなう企業である。コーポレート・メッセージは「いのち・かがやく・かがく」"
アイ・オー・データ機器,"株式会社アイ・オー・データ機器（アイ・オー・データきき、I-O DATA DEVICE, INC.）は、石川県金沢市に本社を置く精密機器メーカー。主にコンピュータの周辺機器を製造・販売している。その創業時期は、日本のパーソナルコンピュータの黎明期にもあたり、周辺機器メーカーとしては老舗といえる。"
アイエスエス,アイエスエス株式会社は、岩手県滝沢市に本社を置く、メカニズム設計・ソフトウエア開発企業である。略称の『ISS』は、Innovative（革新的な）、System（方式の）、Solutions（解決策）という言葉に由来する。2002年1月にアルプス電気システム機器事業部盛岡工場の閉鎖が決まり、同工場の従業員は福島県いわき市小名浜への転勤を余儀なくされた。同工場のエンジニアであった小笠原政司（おがさわら まさし）と鎌田智也が中心となり、他に同僚9名が発起人となって2002年4月2日に当社が設立された。2004年に発起人の一人であった藤澤久一が社長に就任し、また新たに山崎靖吾が加わり4人体制となった。2006年に藤澤が社長を退任し監査役に就任。再び小笠原が社長に復帰し現体制の役員構成となっている。
アイコム,アイコム株式会社（あいこむ、英語: ICOM INCORPORATED）は、大阪市平野区に本社を置く日本の無線通信機器の製造会社である。
アイスパワー,アイスパワー (ICEpower) は、デンマークのアンプメーカーバング&オルフセン アイスパワー社 (Bang & Olufsen ICEpower a/s) のブランドである。1999年にコペンハーゲン郊外のリンビー (Kongens Lyngby) で創業し、独自の特許技術を駆使したD級アンプを設計・開発している。
アイホン,"アイホン株式会社（英: Aiphone Co., Ltd.）とは、愛知県名古屋市中区に本社を置く電気機器メーカー。インターホン業界においてトップシェアを誇る。"
アオイ電子,アオイ電子株式会社（アオイでんし）は、香川県高松市に本社を置く電子部品メーカーである。
アキア,"株式会社アキア（Akia Co.,Ltd. ）は、液晶テレビの製造・販売を行う日本の企業。本社所在地は千葉県長生郡長柄町。ブランド名はアルファベットの小文字のakia。かつてはパーソナルコンピュータの製造・販売を行っており、本社は東京都渋谷区にあった。その後、2009年に現在の「株式会社アキア」として再創業された。"
アキタ電子システムズ,株式会社アキタ電子システムズ（アキタでんしシステムズ）は、秋田県秋田市に本社を置き、集積回路の設計やソフトウェア開発等の事業を行う会社。日立超LSIシステムズの子会社であった。設立時の社名は、アキタ電子株式会社。
アキュートロジック,アキュートロジック株式会社(Acutelogic Corporation)は、組込み用デジタル画像処理分野の技術を持った日本の会社。
アクセル_(電気機器),株式会社アクセルは、LSIをはじめとする電気機器を開発・販売する日本の企業。主にパチンコ・パチスロに組み込む、グラフィック・サウンドに関わるLSIの開発・販売に特化したファブレス企業で、直近ではグラフィック・音源・LED制御の機能を1チップに集約したLSI・AG333が主力商品となっている。
アクティブリンク,"アクティブリンク株式会社（英語: Activelink Co., Ltd.）は試作機や製品の受託開発及びコンサルティングを行うパナソニックグループの企業である。"
アクロス_(コンピュータ周辺機器),株式会社アクロスは、大阪府大阪市阿倍野区に本社を置く、コンピュータ周辺機器メーカー。
アズビル,アズビル株式会社（Azbil Corporation）は、日本の制御・計測機器メーカー。azbilグループの中核である。
アドテック,株式会社アドテック（ADTEC Corporation）は、東京都港区に本社を持つパソコン周辺機器メーカー。
アドテックス,"株式会社アドテックス（英社名: Advanced Technology and Systems Co., Ltd., 略称: ADTX）は精密機器メーカー。主にRAID装置を開発・製造していた。2007年1月破産。"
アドバンテスト,株式会社アドバンテスト (英文社名：Advantest Corporation) は、半導体デバイスの測定器などの大手メーカー。半導体検査装置の大手メーカーであり、特にメモリテスターを始めとする自動テスト装置の分野では2008年現在世界第1位である。富士通からの出資を受けていた時期があり（現在も約10%の株式を保有する大株主である）、古河グループとの関係が強い。
アドフォクス,アドフォクス株式会社は、東京都青梅市に本社のある補聴器・マイクロフォン・イヤホン・計測器のメーカーである。
アナログ・デバイセズ,アナログ・デバイセズ（英: Analog Devices、NASDAQ: ADI）は、半導体デバイスを製造するアメリカの多国籍企業。特にADC、DAC、MEMS、DSPなどに強い。現在は 65nm から 3μm のプロセスルールの回路を設計している。
アビッド・テクノロジー,"アビッド・テクノロジー・インコーポレイション（英語：Avid Technology, Inc., NASDAQ: AVID）、通称：アビッド、Avid）は、1987年創業、1993年設立のアメリカ合衆国の企業で、主に映像のノンリニア・ビデオ編集機の設計開発と製造及び販売を行っている。創業当時はノンリニア編集システムの管理と販売を主に行っていた。本社はマサチューセッツ州バーリントン。初の海外法人である日本法人はアビッドジャパン株式会社として1993年に設立され、2003年11月1日付でアビッドテクノロジー株式会社に社名変更。1995年にはPro ToolsなどのDAWが製品群にあるDigidesign を子会社化し、ビデオとオーディオの両ワークステーション分野がAVIDに統合された。AVID社のノンリニア製品は、テレビ、映画、コマーシャル、メディア・クリエートなどの現場で使用され、最新のフラッグシップ機種では1080iのHD画像を廉価システムでも扱えるような製品群がある。ノンリニアビデオ編集ソフトもAvidと呼ばれ、映画のスタッフロールなどにも「Avid エディター」という肩書きのスタッフがいることがある。"
アマダミヤチ,"株式会社アマダミヤチ（英: AMADA MIYACHI CO., LTD.）は神奈川県伊勢原市に本社を置く、産業用加工レーザー機器、抵抗溶接機器等の研究開発・設計を行なう、アマダグループの企業である。旧社名はミヤチテクノス株式会社。"
アムコアテクノロジー,"アムコアテクノロジー（Amkor Technology, Inc）は、アメリカ合衆国アリゾナ州チャンドラーに本社を置き、半導体製造の後工程を行う企業である。アムコ－・テクノロジーとも呼ばれる。"
アムストラッド,アムストラッド（Amstrad ）はイングランド、エセックスのブレントウッドにあるエレクトロニクス企業。1968年、アラン・シュガーが創立。名称は Alan Michael Sugar Trading を短縮したもの。1980年、ロンドン証券取引所に上場。1980年代後半には、ヨーロッパのコンピュータ市場で25%のシェアを誇った。2008年現在は、BスカイBグループ傘下で、デジタル衛星放送用セットトップボックスを主に製造している。
アムダール,アムダール (Amdahl Corporation) は、1970年、IBMの元従業員ジーン・アムダール博士が創業した企業。IBMメインフレームの互換コンピュータを製造した。1997年7月、富士通の完全子会社となり、独立した企業としては消滅した。本拠地はカリフォルニア州サニーベール。アムダールは大型メインフレームの主要供給業者であった。後にはUNIXなどオープンシステムソフトウェアとサーバ、ストレージサブシステム、データ通信製品、アプリケーション開発ソフトウェア、各種教育およびコンサルティングなどを商品とした。1970年代、IBMはメインフレーム市場をほぼ独占するようになり、アムダールはプラグコンパチブル（互換機を参照）で低価格のマシンで「ビッグブルー」にある程度対抗した。事情通のIBMの顧客はIBMのセールスマンが来たときにアムダールのロゴ入りマグカップをわざと持たせて楽しんだという。
アライドテレシスホールディングス,アライドテレシスホールディングス（英文表記:ALLIED TELESIS HOLDINGS K.K.）は、情報通信及びネットワーク機器の研究開発、製造、販売を主要事業としているアライドテレシスグループの純粋持株会社である。本社は東京都品川区西五反田に置く。
アルデバランロボティクス,アルデバランロボティクス社（英: Aldebaran Robotics SAS）はフランスパリRaymond Losserand に本社を置く、自律型ヒューマノイド・ロボットNaoの設計、生産、販売を中心とする事業を行うソフトバンクグループ傘下の企業である。創業者はブルーノ・メゾニエ、CEOは冨澤 文秀。
アルパイン_(企業),"アルパイン株式会社（Alpine Electronics, Inc.）は、東京都品川区及び福島県いわき市に本社を置く自動車用音響機器（カーオーディオ）、情報通信機器（カーナビ、カーAV、複合商品）メーカー。アルプス電気グループ。"
アルバック,株式会社アルバックは、神奈川県茅ヶ崎市に本社を置く、主に産業・研究機関向け真空装置を製造する企業である。東京証券取引所一部上場。
アルプス電気,"アルプス電気株式会社（アルプスでんき、ALPS ELECTRIC CO., LTD.）は、日本の電子部品・音響機器を製造販売する大手企業である。"
アロン電機,アロン電機株式会社（アロンでんき）は、鹿児島県薩摩郡さつま町にある画像検査装置、自動機・省力化機器、半導体製造装置、金型・治工具・装置部品の製造開発メーカー。
アンデス電気,アンデス電気株式会社（アンデスでんき）とは青森県八戸市に本社を置く電子部品・電気製品製造メーカーである。特に液晶用カラーフィルターで世界シェア1位を誇っており、サムスン、ノキア、モトローラといった通信機器メーカー大手と取引関係にある。
アンテナ技研,アンテナ技研株式会社は業務用アンテナおよび関連機器を開発、製造する日本のアンテナメーカー。
アンリツ,アンリツ株式会社は、電子計測器などを作る会社。本社は神奈川県厚木市。
イースタン,"株式会社イースタン（Eastern Co.,Ltd. ）は、長野県茅野市に本社を持つプリント基板・電子部品メーカーである。日本特殊陶業の関連会社。プリント回路事業部と電子機器事業部がある。"
イーター電機工業,イーター電機工業株式会社（イーターでんきこうぎょう）は、東京都大田区に本社を置く、スイッチング電源を製造販売している企業。2008年3月期以降8期連続で純損失を計上するなど、厳しい経営状況が続いている。
イビデン,"イビデン株式会社（英: IBIDEN CO.,LTD. ）は、岐阜県大垣市に本社をおくICパッケージ、プリント基板などの電子関連製品、セラミックス製品などを扱う企業。"
イビデン電子工業,イビデン電子工業株式会社（イビデンでんしこうぎょう）は、岐阜県大垣市青柳町300番地（イビデン青柳事業場）に本社を置く、イビデンのグループ会社である。
イマジカ・ロボット_ホールディングス,株式会社イマジカ・ロボット ホールディングス（英: Imagica Robot Holdings Inc.）は、日本の持株会社。
イメーション,イメーション (Imation Corporation、NYSE:IMN) は、アメリカ合衆国に本部を置くコンピュータ関連の製造・販売を行う会社である。ミネソタ州に本社を置いている。
イリソ電子工業,"イリソ電子工業株式会社（イリソでんしこうぎょう、Iriso Electronics Co., Ltd.）は、神奈川県横浜市港北区に本社を置くコネクタ、ソケットなどを製造、販売するメーカーである。"
インスペック,インスペック株式会社は、秋田県仙北市に本社を置く半導体検査装置メーカー。
インターナショナル・レクティファイアー,インターナショナル・レクティファイアー（International Rectifier、NYSE: IRF）は、パワー・マネジメント（電源管理）向けの半導体製品を中心とする電気機器の製造販売やソリューションを提供する米国の企業である。1979年にHEXFETRシリーズとして知られるパワーMOSFETを開発し、この分野では老舗企業である。2002年には、放熱性に優れたDirectFETRパッケージ技術を開発し、2007年から他社にライセンス供与を開始した。2014年8月20日、インフィニオン・テクノロジーズによって、現金約30億米ドルで買収を受けることで合意した。
インタフェース_(企業),株式会社インタフェースは、広島県広島市に本社を置き、産業用のコンピュータやその周辺機器、ソフトウェアなどを開発・製造・販売している会社である。製造している機器類は、一般消費者向けではなく企業が工場の生産ラインの制御・管理などに用いるものである。24時間365日連続稼動できる信頼性の高い機器の開発を行っており、ファンやハードディスクドライブなどの可動部品をなくしたメンテナンスフリー設計や電解コンデンサを用いない高信頼性設計、熱対策などを特徴とした製品を開発・販売している。また、全品国内開発・国内生産を謳っている。社名のインタフェースは、情報技術関連で一般的にものごとの境界となる部分やプロトコルを指す言葉であり、またコンピュータと人間や周辺機器を接続する役割を果たす装置のことでもある。こうした装置の開発・製造を行うところから社名がつけられている。
インテル,"インテル（英:Intel Corporation）は、アメリカ合衆国カリフォルニア州に本社を置く半導体素子メーカーである。「Intel」という名称はIntegrated Electronics(集積されたエレクトロニクス)が由来である。米国でのスローガンは、""Sponsors of Tomorrow""、日本でのスローガンは、""その好奇心で、未来をつくろう""である。"
インネクスト,"株式会社インネクスト（英: Innext Co., Ltd.）は、中・小型液晶ディスプレイ検査装置において世界トップクラスのシェアを誇る液晶関連メーカー。"
インベンテック開発,インベンテック開発株式会社は、台湾のインベンテック傘下のパソコン製造・販売メーカー。ブランド名の「KOHJINSHA」は、社名改称前の「工人舎」からきている。
ヴイストン,"ヴイストン株式会社（Vstone Co.,Ltd.）は、電子機器・学習用教材等の製造や販売を行っているベンチャー企業である。二足歩行ロボットの販売で有名。"
ウインテスト,ウインテスト株式会社は、神奈川県横浜市に本社を置く、株式会社タカトリ傘下の電子部品用検査装置関連の研究開発型企業である。半導体計測やアナログ／デジタルを混載するミックスド・シグナル・デバイスの計測に強みがある。工場は持っていない。
ウェスタンデザインセンター,ウェスタンデザインセンター（英: Western Design Center、WDC）は、MOS 65xxベースのマイクロプロセッサやマイクロコントローラ、関連チップなどを開発製造している企業。アメリカ合衆国のメサにある。1978年、MOS 6502の特許権の一部を保有する技術者 Bill Mensch （かつてのモステクノロジー社員）が設立した。チップの製造以外に、ASICなどに使われるIPコアの設計も請け負っており、ASIC や組み込みシステムについてのプロセッサ設計関連のコンサルティングも行っている。また、自社製プロセッサ向けに、Cコンパイラ、アセンブラ/リンカ、シミュレータ、評価用/開発用プリント基板、インサーキット・エミュレータなども開発している。
ウォンツ_(装置開発企業),株式会社ウォンツは、愛知県名古屋市に本社を置く沖電気工業の子会社の沖コムテックから分離独立した会社で、回路設計、ファームウェア開発、CTIを中心としたシステム構築を行っている。沖電気工業、沖コムテックとの資本関係はない。
ウシオ電機,ウシオ電機株式会社（ウシオでんき、英文名称:USHIO INC.）は、東京都千代田区大手町に本社を置き、産業用光源をはじめとした光応用製品ならびに産業機械を扱う大手メーカー。東京証券取引所一部上場。
ウルトラカー,ウルトラカー株式会社（Ultracker Technology Company Limited）は台湾のセキュリティ機器開発・製造メーカーで、同社のDVRはH.264圧縮やSXGA解像度やDVI端子などをサポートし、高解像度の優れたセキュリティ監視システムを提供しています。また同社はザイリンクス(Xilinx)のFPGA設計ができるエンジニア集団で、様々なニーズにも対応可能なメーカーです。
エイビット,株式会社エイビット (ABIT corporation) は、東京都八王子市に本社を置く通信機器メーカー。
エーオーアール,"株式会社エーオーアール（AOR, Ltd.）は、日本の無線機器メーカーである。1977年に、高野茂と大嶋淳により創業。社名は、高野茂が保有するアマチュア無線のコールサイン（JA1AOR）から。これに「Authority on Radio Communications」の意味を当てている。本社は東京都台東区に所在。アメリカ及びイギリスに現地法人がある。"
エコリカ,株式会社エコリカ（英: Ecorica Inc.）は、インクカートリッジのリサイクル、LED電球の製造販売等を手がける日本の株式会社。
エスアイエレクトロニクス,エスアイエレクトロニクスとは、加賀電子の子会社で主にアーケードゲーム基板を開発している。
エスケーエレクトロニクス,"株式会社エスケーエレクトロニクス（英: SK-Electronics Co., Ltd.）は、京都府京都市上京区に拠点を置く電気機器製造会社。"
エスティ・エルシーディ,エスティ・エルシーディ株式会社（英: ST Liquid Crystal Display Corporation、略称:STLCD）は、かつて存在した日本の液晶ディスプレイメーカー。愛知県知多郡東浦町に本社・工場を置いていた。
エスティ・モバイルディスプレイ,エスティ・モバイルディスプレイ株式会社（英: ST Mobile Display Corporation、略称:STMD）は、かつて存在した日本の液晶ディスプレイメーカー。滋賀県野洲市に本社・工場を置いていた。
エスペック,エスペック株式会社（英文社名：ESPEC Corp.）は、大阪府大阪市北区に本社を置く環境試験機の大手メーカーである。過去に2度社名変更をしていて、古い順に株式会社田葉井製作所（たばいせいさくしょ）、タバイエスペック株式会社となる日本を拠点に近年経済成長が著しい中国や韓国、マレーシアなどアジアを中心に市場展開をしているが、現在北米やヨーロッパへの市場展開に向けての動きもみられる。
エナジーサポート,エナジーサポート株式会社（英: ENERGY SUPPORT CORPORATION ）は、愛知県犬山市に本社を置く配電用機器メーカーで日本ガイシの連結子会社。
エヌエフ回路設計ブロック,株式会社エヌエフ回路設計ブロック（エヌエフかいろせっけいブロック）は、神奈川県横浜市港北区に本社を置く、産業用電源、各種電子計測器、電子部品を開発・製造・販売する企業である。社名のNFは「ネガティブフィードバック」に由来する。
エネサーブ,エネサーブ株式会社（英語名:ENESERVE CORPORATION）は、滋賀県大津市に本社を置く日本の企業。大和ハウス工業の完全子会社。
エプソンイメージングデバイス,エプソンイメージングデバイス株式会社（英: EPSON IMAGING DEVICES CORPORATION）は、鳥取県鳥取市に本社を置く中・小型液晶ディスプレイメーカーである。
エリートグループコンピューター・システムズ,エリートグループ・コンピューター・システムズ（精英電腦、ECS）は、台湾に本社を置き、主にマザーボードを生産している企業である。ASUS、GIGABYTE、MSIに続き、台湾で4番目に大きなマザーボードベンダーである。IBMやCompaqといった大手PCメーカーのマザーボードを供給している。マザーボードメーカーでは唯一、PCB(Printed Circuit Board:プリント基板)生産工場を持っている。
エルナー,"エルナー株式会社（英: ELNA CO., LTD.）は、神奈川県横浜市に本社を持つ電子部品・プリント基板メーカーである。コンデンサ事業本部とプリント回路事業本部がある。"
エレコム,"エレコム株式会社（ELECOM CO.,LTD）は、大阪市中央区に本社を置く、コンピュータ周辺機器メーカー、及び仮想移動体通信事業者（MVNO）である。"
エンプラス,株式会社エンプラスは、埼玉県川口市に本社を置く大手精密プラスチックメーカーである。業界首位、東証一部上場。
オー・エイチ・ティー,オー・エイチ・ティー株式会社（英: OHT Inc.）は、広島県福山市に本社を置くプリント基板および液晶ディスプレイ用基板検査装置メーカー。
オーク製作所,"株式会社オーク製作所(英訳名 ORC MANUFACTURING CO., LTD.)は産業用の各種水銀灯など産業向けの光源を製造販売するメーカである。かつては通商産業省の支援事業による「カラーテレビを一家に一台普及させる」目標でカラー受像管及びシャドウマスクの量産化設備の開発や製造販売をするなど、日本の電機産業、特にテレビ業界において大きな役割を担ってきた。現在では、電子回路基板の製造用である露光装置の設計・販売を主軸としており、世界規模での同装置のシェア1位を誇っている。従来のマスク製版を直接露光する方式から、半導体と同様に投影露光方式や、独自のデジタル露光方式の最新型露光装置を次々と市場に投入している先進メーカーである。"
オーディオテクニカ,株式会社オーディオテクニカ（英: Audio-Technica Corporation）は、日本の音響機器・映像機器メーカー。コーポレートステートメントは「always listening」（2003年（平成15年）制定）。本社は東京都町田市西成瀬二丁目46番1号。
オーデリック,"オーデリック株式会社（英: ODELIC CO.,LTD.）は、照明器具製造の大手。旧社名はオーヤマ照明株式会社。本社は東京都杉並区宮前。店舗、施設向けの大がかりな照明設備から家庭向けのシャンデリア、蛍光灯に至るまで幅広い器具を取り扱う。"
オーム電機_(静岡県),"オーム電機株式会社（オームでんき OHM Electric Co., Ltd）は、電気機器、電子制御機器、計測・検査機器などの製造・販売を主な事業とする電気機器メーカーである。"
オーム電機_(東京都),"株式会社オーム電機（オームでんき OHM ELECTRIC INC.）は、電気機器などの製造・販売を主な事業とする電気機器メーカーである。携帯ラジオやラジカセ、ヘッドホンなどのオーディオ関連から乾電池、電球などの日用品まで幅広く取り扱っている。なお、静岡県浜松市に同じ社名のオーム電機株式会社（OHM Electric Co., Ltd）という電子機器メーカーがあるが、特に関係はない。"
オタリ,オタリ株式会社は日本の電機メーカーである。
オプテックス,オプテックス株式会社は、滋賀県大津市に本社を置く業務用・産業用センサーのメーカーである。
オプテックス・エフエー,オプテックス・エフエー株式会社は、京都府京都市下京区に本社を置くファクトリー・オートメーション用光電センサーの製造・販売を行う企業。
オプトエレクトロニクス,株式会社オプトエレクトロニクスは、埼玉県蕨市に本社を置く、電気機器メーカーである。バーコードリーダーのレーザーエンジン世界2位、国内シェア8割。
オムロン,オムロン株式会社（英: OMRON Corporation）は、京都府京都市に本社を置く日本の大手電気機器メーカー。創業者は立石一真。センシング＆コントロール技術を核とした産業向け制御機器やシステム、電子部品のほか、ヘルスケア製品等を展開する「オムロングループ」の中核企業の役割を担っている。東京証券取引所第一部上場（証券コード:6645）、米国預託証券上場（証券コード:OMRNY）。
オムロン太陽,"オムロン太陽株式会社（OMRON TAIYO Co.,Ltd.）は大分県別府市に本社を置く電子部品などを製造・販売する会社。"
オリエンタルモーター,オリエンタルモーター株式会社（英文社名 ORIENTAL MOTOR）は、精密小型モーターおよび制御用電子回路などの開発、製造、販売を行っている会社である。
オリエント時計,オリエント時計株式会社（オリエントどけい）は、東京都千代田区外神田に本社をおく日本の企業。セイコーエプソン株式会社の子会社である。連結事業として腕時計の製造、販売プリンタ部品、水晶振動子（携帯電話などの機器向け）の加工、組立、販売シリコンウェハーの加工を行っている。
オリオン電機,"オリオン電機株式会社（オリオンでんき、英: Orion Electric Co., Ltd. ）は、日本の電機メーカーである。テレビ、ビデオデッキ、DVDプレーヤーなどの製品分野において複合製品を得意とする。日本国内OEM供給や日本国外での自社ブランド普及に力を入れている。コーポレートステートメントは“TOWARDS A NEW FRONTIER.”である。"
オリジン電気,"オリジン電気株式会社（おりじんでんき、英: Origin Electric Co., Ltd.）は、電源3社の一角を占める電気機器メーカーである。1938年に、前身である富士電炉工業株式会社が設立され、電気炉、亜酸化銅整流器などの製造を開始した。"
オン・セミコンダクター新潟,"オン・セミコンダクター新潟株式会社（オン・セミコンダクターにいがた）は、旧　三洋半導体製造株式会社（さんようはんどうたいせいぞう、SANYO Semiconductor Manufacturing Co., Ltd. ）を名称変更した会社であり、米国企業傘下の日本の半導体専業メーカーである三洋半導体（⇒システム・ソリューションズ）の前工程製造子会社である。"
オンキヨー,オンキヨー株式会社（英: Onkyo Corporation）は日本の音響機器メーカーである。多くの場合「オンキョー」と発声されるが、社名表記は「ヨ」が大文字である。本社を大阪市中央区北浜2丁目2番22号に、東京オフィスを東京都中央区八重洲二丁目3番12号に置く。なお同社の定款上本店所在地は、かつて本社があり移転後も一部業務拠点が残る大阪府寝屋川市日新町2番1号である。
オンキヨー&パイオニア,オンキヨー&パイオニア株式会社（Onkyo & Pioneer Corporation）は、オンキヨー株式会社の完全子会社で、オンキヨーグループにおいてオンキヨーブランド、およびパイオニアブランドの各種ホームエレクトロニクス製品及び集音器、AVアクセサリー（マイクロフォン、AV接続ケーブルなど）の製造等を担う企業である。
かがつう,"かがつう株式会社（英: KAGA,INC.）は照明器具、情報通信、精密電子部品等を製造・販売する企業である。"
カコストロボ,カコストロボ株式会社は、エレクトロニックフラッシュ（ストロボ）を製造、販売していたメーカー。旧社名は株式会社光電舎。
カシオ計算機,"カシオ計算機株式会社（カシオけいさんき、英: CASIO COMPUTER CO., LTD.）は、電卓、電子辞書、電子楽器、時計、デジタルカメラなどを扱う日本の電機メーカー。本社所在地は東京都渋谷区本町1-6-2。東証第1部上場（証券コード6952）。通称カシオ（CASIO）。"
カナリア_(企業),カナリア株式会社（英語名称：canaria Inc.）は、神戸に拠点を構え、遠隔撮影用のリモコン雲台を開発・製造・販売している会社である。現在は主に映像業界である放送局各社、映像制作会社向け、及び医療用のリモコン雲台の製品を開発・製造・販売している。その他にも研究・開発、土木・建設の業界向けの製品も取り扱っている。
カリタ,"株式会社カリタ（Kalita Co.,Ltd.）は、神奈川県横浜市神奈川区に本社を置くコーヒー機器総合メーカー。自社ブランド製品の製造販売の他、日本国外製品の輸入業務も手掛ける。同業で社名の似たメリタ社とは無関係。"
かわでん,株式会社かわでんは、配電制御設備を製造している電気機器メーカー。創業者である川﨑勇が目黒区にて創業するが、戦時疎開の為郷里の中川村 (現：南陽市）に工場を移転新築したことから本社を移転。1962年12月には、山形県に本社を置く企業として初の上場企業となる。民事再生法による手続開始の直前までは旧長銀の融資系列にあったが、現在はみずほ銀行の融資系列になっている。ソフトバンクグループをスポンサーに迎えて経営再建に取り組み、2002年7月に民事再生手続を終結、2004年11月にジャスダックへ再上場した。販売、設計など本部中枢機能は東京本社に置く。
キーエンス,株式会社キーエンス（英:KEYENCE CORPORATION）は、大阪府大阪市東淀川区東中島に本社を置く、自動制御機器（PLCと周辺機器）、計測機器、情報機器、光学顕微鏡・電子顕微鏡などの開発および製造販売を行う企業。
キヤノン,キヤノン株式会社（英語: Canon Inc. 読みはキャノン）は、カメラ、ビデオをはじめとする映像機器、プリンタ、複写機をはじめとする事務機器、デジタルマルチメディア機器や半導体露光装置（ステッパー）などを製造する。芙蓉グループ。東証一部およびニューヨーク証券取引所（ティッカー:CAJ）上場企業である。特許戦略は世界的に定評。製販が分離しており、マーケティング・販売業務は、地域統括販売会社（キヤノンMJ (CMJ)、キヤノンUSA、キヤノンヨーロッパ、キヤノン中国、キヤノンオーストラリア）を中心に展開されている。
キヤノン・コンポーネンツ,キヤノン・コンポーネンツ株式会社は、埼玉県児玉郡上里町に本社を置くキヤノングループの一社。
キヤノン電子,キヤノン電子株式会社（キヤノンでんし）は、埼玉県秩父市に本社を置くキヤノングループの一社。ビジネス向けのドキュメントスキャナー、携帯情報端末の開発・生産を行いキヤノンの各国販売会社に卸しているほか、独自事業としてITサービス事業にも注力。自社で情報セキュリティ分野に取り組むとともにキヤノンエスキースシステムグループおよびキヤノン電子テクノロジーグループを傘下に持ち、CRMや業種向けSIを手掛けている。会社のオフィスから一切、椅子をなくし業績を向上させたことでも知られる。なお作業員ではない社長の部屋には椅子はちゃんとある。また工場の廊下に青く塗られたゾーンがあり、「5m 3.6秒」よりも遅く歩いているとセンサーが感知し、警報音が鳴る。青いゾーンには「急ごう、さもないと会社も地球も滅びてしまう」というスローガンが書いてある。
キョウデン,"株式会社キョウデン（英: Kyoden CO., LTD.）は、プリント基板の設計・製造などを手掛ける会社であり、キョウデングループ（KDG）の統括会社。東京証券取引所2部上場（会社コード6881）。会社更生法を申請したスーパーマーケットチェーン「長崎屋」の支援者となるなど、流通業界を中心に経営破綻した企業の再生を引き受け、再生成功後に売却する投資再生事業が事実上の主業務となった時期があった。社名の由来は「今日から電気屋」の略。"
クアルコム,"クアルコム （英: Qualcomm, Inc.、NASDAQ: QCOM） は、アメリカの移動体通信の通信技術および半導体の設計開発を行う企業。"
グラスバレー_(企業),グラスバレー（英語：Grass Valley）はアメリカ合衆国の放送映像機器メーカー及びそのブランド。カリフォルニア州グラスバレーにて創業。現在の本社はオレゴン州ヒルズボロ。
グラフテック,グラフテック株式会社は、日本の計測器、印刷、製図関連機器メーカー。現在は持株会社のあいホールディングス傘下。
クラリオン,"クラリオン株式会社（Clarion Co., Ltd.）は、埼玉県さいたま市中央区新都心に本社を置く日本の車載音響機器メーカー。日立グループ（日立製作所の連結子会社）。社名は高音域の巻管の楽器クラリオン（ビューグル）に由来する。"
グリーンハウス_(コンピュータ周辺機器製造),株式会社グリーンハウスは、東京都渋谷区に本社を置くコンピュータ周辺機器の製造販売会社。メモリ、メモリカード、USBメモリ、液晶ディスプレイ、ネットワーク、ストレージの他、デジタルオーディオプレーヤーやiPod関連機器などを取り扱う。
グループセブ,グループセブ（Groupe SEB）は、フランスに本社を置く、世界有数の調理器具・家電メーカーである。「Tefal」「LAGOSTINA」「MOULINEX」「KRUPS」「ROWENTA」「ALL-CLAD」等のグローバルブランドを有している。日本では現在「ティファール（T-fal）」、そして「ラゴスティーナ（Lagostina）」ブランドを展開している。1857年にアントワン・レスキューがフランス・ブルゴーニュ地方 セロンジェにセブ社の前身を設立、プレス加工会社へと発展し1944年にセブ社が誕生した。安全弁付きのプレス成型圧力鍋を世界で初めて発売するなど、調理器具メーカーとして成長。ティファールをはじめとするミッションを共有する調理器具・家電メーカーを仲間に加え、現在はグループセブとして世界各地で国・地域ごとに異なるブランド展開を行っている。
クレイ,"クレイ・インコーポレイテッド (Cray Inc., NASDAQ: CRAY) は、アメリカワシントン州シアトルのスーパーコンピュータ製造企業。その前身であるクレイ・リサーチ (Cray Research, Inc., CRI) は1972年にコンピュータ設計者シーモア・クレイによって設立された。1989年、シーモア・クレイは自身の会社クレイ・コンピュータ (Cray Computer Corporation = CCC) を別に設立。翌年、クレイ・リサーチはSGIに買収された。現在の会社となったのは2000年で、テラ・コンピュータがSGIからクレイ・リサーチを買い受けて、合併してクレイ・インコーポレイテッドとした。"
グロリア魔法瓶製作所,株式会社 グロリア魔法瓶製作所（グロリアまほびんせいさくしょ）は、大阪府羽曳野市に本社を置く魔法瓶・調理器具の製造販売をおこなう企業である。1938年創業。
ケル,ケル株式会社は、東京都多摩市に本社を置くコネクタ、ソケット、ラック製品などを製造、販売している企業である。
ケンウッド,株式会社ケンウッド(Kenwood Corporation)は、家庭用オーディオ機器、カーマルチメディア機器（カーオーディオ・カーナビゲーションなど）、無線通信機器（アマチュア無線、業務無線など）のメーカーである。ブランドステートメントは 「Listen to the Future」、本社は東京都八王子市北八王子工業団地内に所在した。日本ビクターとの合併以降、KENWOODは株式会社JVCケンウッドの商品ブランドとして引き続き使われている。
コーセル,"コーセル株式会社（英: Cosel Co., Ltd.）は、富山県富山市に本社を置く、スイッチング電源およびノイズフィルターを製造販売している企業である。"
コトヒラ工業,コトヒラ工業株式会社（ことひらこうぎょう - ）は、長野県東御市に本社を構えるユニットバスパネル、半導体検査装置等の産業機械装置、板金筐体、切削部品等のOEM製造、バイオトイレ、オゾン機器、クリーンルーム機器、衛生機器、電解次亜水生成装置などを開発、製造、販売している企業である。
コニカミノルタ,"コニカミノルタ株式会社（KONICA MINOLTA, INC.）は、日本の電気機器メーカーである。2003年8月に写真関連商品、及び複写機などのオフィス製品などを製造していたコニカ（東京）とミノルタ（大阪）の経営統合により発足した持株会社コニカミノルタホールディングス株式会社を前身とするが、2013年4月に事業子会社7社を吸収合併して事業会社に移行、商号変更された。"
コムシス通産,コムシス通産株式会社（コムシスつうさん）は東京都港区に本社を置く、情報通信および電気通信用資材、機材、機器などの調達・販売のほか、リース・レンタルサービス、CADサービス、損害保険サービスを行う会社である。日本コムシス株式会社の連結子会社であり、コムシスホールディングスグループの一員である。
コムテック_(自動車製品),株式会社コムテック（英: COMTEC）は、愛知県みよし市に本社を置く自動車関連エレクトロニクス製品や放送衛星用ダブルコンバーターの開発・製造・販売を主業務とする企業。
コメット_(企業),"コメット株式会社（COMET Co.,Ltd）は、埼玉県さいたま市南区に本社を置く、通信用アンテナを製造する企業。アマチュア無線においては、第一電波工業と並んで2大アンテナメーカーとされる。"
コンテック,株式会社コンテックは、産業用電子機器メーカー。
コンパック,コンパック・コンピュータ・コーポレーション (Compaq Computer Corporation) は、1982年に設立されたパーソナルコンピュータ (PC) 企業。1980年代、リバースエンジニアリングとクリーンルーム設計により、IBMの権利を侵害せずに、世界初のIBM PC互換機を低価格で製造した企業のひとつである。PC/AT互換機メーカーとして、1990年代には最大のPCメーカーの地位を確立したが、2001年にはデルに逆転された。2002年、ヒューレット・パッカード（HP）に約250億ドルで吸収合併されるまで独立企業として存続していた。HP社との合併後はPC製品のブランドとして存続している。TIの管理職だったロッド・キャニオン、ジム・ハリス、ビル・マートの3人が創業した。マートは1987年に退社したが、キャニオン（社長兼CEO）とハリス（技術担当上級副社長）は1991年の経営刷新でコンパックを離れ、後任のCEOはエッカード・ファイファーとなった。会社立ち上げの際に資金提供したベン・ローゼンが1983年から18年間会長を務め、2000年9月28日に退職。後任は1999年にCEOとなっていたマイケル・カペラスとなった。
サイコム_(パソコンメーカー),サイコムとは、BTOパソコンの製造メーカーである。
ザイセル,"ザイセル（ZyXEL）は、台湾新竹市にあるDSLその他のネットワーク機器製造業者（Gartner, August 2005）。北米、アジア、ヨーロッパ各地に拠点を持つ。従業員数は約2100名で、70カ国に販売代理店があり、150カ国で販売を行っている。世界各国のネットワーク機器ベンダー、通信事業者、ISP、その他の企業と取引がある。ザイセルは、ISPやシステムインテグレーターにネットワーク機器をOEM供給する形態の販売が多い。DSLユーザーは、ISPのブランド名のDSLモデムをISPから提供されて使うことが多く、それらはザイセルのようなOEM供給業者の機器がベースとなっている。OEM提供された機器は、そのISP向けの設定をデフォルトとして出荷されるため、顧客にとっても手間が省けるという利点がある。"
ザインエレクトロニクス,"ザインエレクトロニクス株式会社（英: THine Electronics,Inc.）は、日本のベンチャー半導体メーカーであり、世界トップシェアを持つLSI製品もある。韓国、台湾に子会社を持つ。"
サクサホールディングス,"サクサホールディングス株式会社（サクサホールディングス）は、東京都港区に本社を置く電話機器、セキュリティ機器事業会社を統括する持株会社である。東証一部上場。本項では、同社傘下の事業中核会社であるサクサ株式会社(SAXA, Inc.)についてもあわせて述べる。"
サムスンSDI,サムスンSDI（Samsung SDI）は、韓国の大手電機メーカーで、サムスングループに属する。太陽電池、燃料電池、電気自動車等輸送用バッテリー、電力貯蔵用大容量ストレージなどを製造販売する。2008年の通期決算では、売上高が5兆3028億ウォン、営業利益は1330億ウォン、純利益は389億ウォンである。2009年現在サムスンSDIは世界最大の有機EL製造企業である。2008年7月の発表によると5年後には売上高1兆円を目指すと発表した。
サムスン電機,サムスン電機（サムスンでんき、Samsung Electro-Mechanics）は、韓国の総合電子部品メーカーで、サムスングループに属する。サムスン電子と混同されがちだがサムスン電機は電子部品の製造企業である。各種半導体部品、各種基盤、各種チップ、LED、各種カメラ部品、各種モーター、各種印刷部品、各種デジタル通信機器、チューナーなどを製造販売する。2008年の通期決算では、売上高が5兆3028億ウォンである。
サムスン電子,"サムスン電子（サムスンでんし、、三星電子、Samsung Electronics Co., Ltd.）は、大韓民国の企業であり、韓国国内最大の総合家電・電子部品・電子製品メーカーで、サムスングループの中核企業である。"
サンケン電気,サンケン電気株式会社（サンケンでんき）は、埼玉県新座市に本社を置く、電気機器メーカー。東証1部上場企業。電源3社の一角を占め、この3社の中で最も事業規模が大きく中心的存在である。
サンコー_(長野県),株式会社サンコーは、長野県塩尻市に本社を置く金型を用いた機構部品の製造および機構ユニットの組み立てなどを行うメーカである。
サンスターストロボ,株式会社サンスターストロボは、営業写真館などで使用する業務用ストロボ（エレクトロニックフラッシュ）を製造、販売する日本の企業。
サンテックパワー,サンテックパワー （尚德太陽能電力有限公司、suntech power）は中華人民共和国の最大手の太陽光電池・太陽光発電システム製造メーカーであった。
サンワサプライ,サンワサプライ株式会社（英語表記:SANWA SUPPLY INC.）は、コンピュータ・パソコンサプライ製品メーカー。PCデスクから各種カバー・ケース、USBフラッシュメモリ、エアダスター、UPS（無停電電源装置）など多岐にわたる。ただ、バッファローやアイ・オー・データ機器などとは異なり、ストレージデバイスや自作パーツなどはあまり手がけていない。同種の会社としては株式会社リックスなど。
サン電子,サン電子株式会社（サンでんし、英: SUNCORPORATION ）は、通信機器・パチンコ関連機器・ゲームソフトなどを扱うメーカー。ゲームソフトはSUNSOFTブランド、通信機器・パチンコ関連機器はSUNTACブランドで知られる。なお、テレビ用アンテナなどの映像情報機器の製造・販売を行っている同名の企業・サン電子株式会社（本社 - 東京都新宿区）、及び電子機器の製造を行っている企業・サン電子工業（本社 - 大阪府四條畷市）、スイッチング電源やアミューズメント機器の製造を行っている企業・サン電子工業（本社 - 埼玉県秩父市）等は、同社との関連はない。
シー・エフ・デー販売,シー・エフ・デー販売株式会社（CFD販売株式会社、シー・エフ・デーはんばい、CFD SALES INC.）は、愛知県名古屋市中区に本社を置くパソコン部品および周辺機器の製造販売を行うメルコグループの企業である。
シー・シー・ピー,"株式会社シー・シー・ピー (英名：CCP Co., Ltd.) は玩具、家電製品を製造販売する日本の企業。2006年に株式会社バンダイの完全子会社となり、同時にバンダイナムコグループの一員になっている。"
ジーエス・ユアサコーポレーション,株式会社ジーエス・ユアサ コーポレーションは、旧日本電池と旧ユアサコーポレーションが2004年に経営統合して誕生した純粋持株会社である。
シーゲイト・テクノロジー,シーゲイト・テクノロジー（英: Seagate Technology PLC、NASDAQ: STX）は、アメリカ合衆国のハードディスクドライブ（HDD）製造メーカーである。
シーラス_(企業),シーラス社（CILAS）は、フランスのオルレアンに本社を置くレーザー関連機器メーカー。主に軍事機器および粒度分布測定装置を製造している。
ジェイデバイス,株式会社ジェイデバイスは、大分県臼杵市に本社を置き、半導体製造の後工程を行う企業である。事業譲受により積極的に事業を拡大しており、2013年6月に実施されたルネサスエレクトロニクスの3工場の譲り受け後は、後工程の受託製造企業（Outsourced Semiconductor Assembly and Test、OSAT）として世界第5位となる見込み。
ジェイビルサーキット,ジェイビルサーキットはアメリカに本社を置くEMS企業。1966年 ミシガン州デトロイトにて設立。自動車、家電、ネットワーク周辺機器等のメーカーに、全世界42拠点で、回路設計、基板設計、修理・保守などの サービスを行っている。
シコー_(モータ),"シコー株式会社（SHICOH CO.,LTD.）は、神奈川県大和市に本社を置く携帯電話用バイブレータなどのモーター製造メーカー。"
シスメックス,シスメックス株式会社（Sysmex Corporation）は、兵庫県神戸市に本社を置く医療機器メーカー。
シチズン電子,シチズン電子株式会社（シチズンでんし）は、山梨県富士吉田市に本社を置く電子機器のメーカー。チップLEDでは世界トップクラスのシェアを持っている。
シナノケンシ,シナノケンシ株式会社は、長野県上田市に本社を構える企業である。創業当初の社名が信濃絹糸紡績株式会社（1973年に現在の社名へ変更）であることからわかるように、紡績業からはじめた企業である。1980年代までは、店舗用BGM再生装置(フィデリパックプレーヤー)などで高いシェアを誇っていた。現在では、電子機器・精密機器の製造が主要な事業であり、精密モータ・アクチュエータの主要な製造元として知られている。
シバソク,株式会社シバソクは、オーディオ・ビデオ用計測器、放送用機器、光ディスク・光ピックアップ用計測器を製造販売する企業。現在、放送機器を製造販売するアサカとは系列会社である。1955年にオーディオ用測定器の製造で発足したシバソクは、放送局向け用の測定機器では実績がある。ブラウン管全盛期時代は、正確なカラー映像を再現するカラーモニターを販売していたとして、多くのテレビ局のマスターモニターに採用されていた。現在は、半導体計測装置が主力となっており、アナログテスタでは国内シェアトップを維持している。また、省エネのキーデバイスであるパワー半導体に向けたテストシステムに注力している。さらにミックスドシグナルテスタも扱っている。
シマネ益田電子,シマネ益田電子（しまねますだでんし）は、島根県益田市に本社を置く企業。
シャープ,シャープ株式会社（英: Sharp Corporation）は、大阪府大阪市阿倍野区長池町に本社を構える総合家電メーカーである。旧社名は早川電機工業。大手電機8社の一角（日立製作所、パナソニック、東芝、三菱電機、ソニー、シャープ、日本電気、富士通）。液晶の応用技術を軸とした製品を持つ企業としてその名を知られている。商標はSHARP。中国では「夏普電器有限公司」（「夏普」/Xip/ は音訳）と表記される。経営信条は「誠意と創意」。
ジャパンディスプレイ,株式会社ジャパンディスプレイ（Japan Display Inc.）は、ソニー株式会社・株式会社東芝・株式会社日立製作所の中小型液晶ディスプレイ事業を統合した会社。
シリコングラフィックス,シリコングラフィックス（Silicon Graphics International Corp.、略称：SGI、NASDAQ:SGI）は、コンピュータの製造販売を行うアメリカの企業である。社名にもあるとおりコンピュータグラフィックス (CG)、特に3次元 (3D) 画像処理の分野を築き上げた企業である。OpenGLも元はSGIが開発した専用グラフィックスライブラリをオープン化したものである。現在は、科学技術計算分野での大規模計算に特化した大型計算機を中心としたビジネスを展開。本拠地はカリフォルニア州マウンテンビューだった。日本法人に日本SGIがある。2001年に日本SGIがNECの出資を受けてSGIより独立したが、2011年に再度100%子会社となった。2009年4月1日、連邦倒産法第11章の適用を申請して倒産。同日、Rackable Systems社による事業買収の合意が発表された。5月8日にRackable Systems社による買収が完了、5月18日にRackable Systems社は社名を「Silicon Graphics International Corp.（SGI）」へと変更した（NASDAQのティッカーシンボルもRACKからSGIに変更）。
シンクレア・リサーチ,シンクレア・リサーチ（Sinclair Research ）は、サー・クライブ・シンクレアがイギリスのケンブリッジに設立した電気機器企業である。
シンフォニア_テクノロジー,"シンフォニア テクノロジー株式会社（英称：SINFONIA TECHNOLOGY CO., LTD.）は、発電機、モーター、航空宇宙、産業用大型車両、トーイングトラクター、プリンターをはじめとする電気機器などの生産を行う大手総合電機メーカー企業である。旧社名は神鋼電機株式会社。"
スター精密,"スター精密株式会社（スターせいみつ、英: Star Micronics Co., Ltd.）は、日本の電子機器・工作機械・精密部品メーカー。静岡県静岡市駿河区に本社がある。筆頭株主はシチズンホールディングス。Jリーグ清水エスパルスの公式スポンサーでもある。"
スタックス_(イヤースピーカー),有限会社スタックス (STAX) は、日本の音響機器メーカー。埼玉県入間郡三芳町に本社を置く。1938年（昭和13年）の創立以来、静電型のマイクロフォン、カートリッジ、スピーカー、ヘッドホンを中心に、アンプ、CDプレーヤー等までを製造・販売してきたが、2009年1月現在では、静電型ヘッドホンとその関連製品に専業化している。
スタンレー電気,"スタンレー電気株式会社（スタンレーでんき、Stanley Electric Co., Ltd.）は、東京都目黒区中目黒に本社を置く、自動車機器製品、電子機器製品の製造販売を行なう企業である。東京証券取引所一部上場。1920年12月29日に北野隆春が、自動車電球などの特殊電球の製造販売を目的に当社の前身となる「北野商会」を個人創業。1921年には、探検家のヘンリー・モートン・スタンレーを由来とした“スタンレー”に商標を定める。1933年5月5日に法人改組し「スタンレー電気株式会社」を設立。"
セイコーエプソン,エプソン セイコーエプソン - 日本の精密機器会社。本稿にて詳述。 エプソン販売 - セイコーエプソンの販売会社。 エプソンダイレクト - 日本のパソコンメーカー。 EPSON NSX・EPSON HSV-010 - SUPER GTにおける中嶋企画のマシン。 エプソントヨコム - 日本の水晶部品会社。現在の宮崎エプソンの旧称。エプソントヨコムのさらに旧称は東洋通信機。 日本で販売されていたタバコの銘柄。 エプソム - イギリスの町。セイコーエプソン株式会社（Seiko Epson Corporation）は、長野県諏訪市に本社を置く情報関連機器、精密機器のメーカーである（登記簿上の本店は新宿区にある）。略称・ブランドは「エプソン（EPSON）」。インクジェットプリンターを始めとするプリンターや、プロジェクタ、パソコンといった情報関連機器、水晶振動子（クォーツ）、半導体などの電子デバイス部品の製造を行っている。また子会社ではないものの、セイコーホールディングス株式会社、セイコーインスツル株式会社とともに「セイコーグループ中核3社」の１つとされ、SEIKOブランドの腕時計の開発・生産も行っている。2003年（平成15年）6月、東京証券取引所市場第一部へ株式を上場した。証券コード6724。
セコム工業,セコム工業株式会社（セコムこうぎょう）は、セコムグループの一員であり、セコムグループ内で使用される防犯機器等の製造を行っている会社である。
ゼットエムピー,株式会社ZMP（ZMP Inc.）は、次世代自動車の開発用プラットフォーム「RoboCar(R)」シリーズ、センサ・画像認識ソリューション、大学、企業のエンジニア向け研究用・教育用ロボット等の製造・販売を行っているロボットベンチャー企業である。
セリック,セリック株式会社(SERIC LTD.)は、主に人工太陽照明SOLAXの製品を設計、製造、販売する会社。
セルスター工業,"セルスター工業株式会社（セルスターこうぎょう、英: CELLSTAR INDUSTRIES Co., Ltd.）は、神奈川県大和市に本社を置く自動車関連エレクトロニクス製品の開発・製造・販売を主業務とする企業。"
ゼロックス,ゼロックス (Xerox Corporation) は、印刷機器の製造販売を行うアメリカ合衆国の会社。フォーチュン500に入っている。プリンター、複合機、複写機、デジタル印刷機、および関連サービスを提供している。創業地はニューヨーク州ロチェスター。現在の本社はコネチカット州ノーウォーク（2007年10月、ニューヨーク市北東郊のコネチカット州スタンフォードから移転）だが、主要な施設は今もロチェスター周辺にある。ゼロックスはエリザベス2世とチャールズの御用達でもある。
センターピア,センターピア株式会社（英字表記：Center Peer Corporation）は、日本の電気機器メーカー。製品は、19インチラックや分電盤などITインフラ関係に特化している。サーバーラック及び周辺機器の設計・製造・販売、オフィス環境におけるサーバーラック設置等の提案を行う。
センチュリー_(電子機器),株式会社センチュリー（Century Corporation）は、東京都台東区に本社を置く電子機器メーカーである。代表的な製品としてハードディスクドライブケースの「裸族」シリーズがある。マスコットキャラクターは裸族坊やセンちゃん。
ソーテック,ソーテックとはオンキヨー株式会社が販売していたパーソナルコンピュータのブランド名である。かつては株式会社ソーテック（現・オンキヨー&パイオニア株式会社）のブランド名だった（後述）。オンキヨーは、ソーテックブランドのパーソナルコンピュータに加え、comfix（コムフィックス）ブランドで周辺機器も販売していた。なお、2009年にONKYOブランドに統合する事が発表され、ソーテックブランドは消滅した。
ソニー,ソニー株式会社（英: Sony Corporation）は、東京都港区港南に本社を置く日本の大手電機メーカーである。事業はゲーム、映画、金融などに多角化されている。日本の大手総合電機メーカー8社（日立製作所、パナソニック、東芝、三菱電機、ソニー、シャープ、日本電気、富士通）の一角をなし、2014年3月現在、売上高は8社中2位。
ソニーLSIデザイン,ソニーLSIデザイン株式会社（Sony LSI Design Inc.）は、半導体の設計を行う日本のメーカーである。ソニーの連結子会社でありソニーグループ企業である。
ソニーイーエムシーエス,ソニーイーエムシーエス株式会社（Sony EMCS Corporation）はエレクトロニクス機器を扱う企業。ソニーのエレクトロニクス機器・デバイスの開発、商品設計、資材調達、生産、物流、顧客サービス、修理など一連の設計・生産・フォローを行っている。ソニー株式会社の完全子会社。イーエムシーエス（EMCS）は、Engineering（開発や設計などの技術）、Manufacturing（製造）、Customer Services（顧客サービス）の頭文字を表す。
ソニーエナジー・デバイス,ソニーエナジー・デバイス株式会社(Sony Energy Devices Corporation)は、福島県郡山市に本社をおく、ソニーグループの電池、充電器、電源装置などのメーカー。
ソニーオプティアーク,ソニーオプティアーク株式会社 (Sony Optiarc Inc.) は、コンピュータ向けの光学ドライブを製造する企業。ソニーのグループ会社で、ソニー株式会社が全額出資する。
ソニーモバイルディスプレイ,ソニーモバイルディスプレイ株式会社（英: Sony Mobile Display Corporation）は、愛知県知多郡東浦町に本社・工場を置いていた液晶ディスプレイメーカー。
ソフィアモバイル,ソフィアモバイル株式会社は、デジタルサイネージ（電子広告等）事業や、仮想移動体通信事業者(MVNO)としてNTTドコモのFOMAネットワークを利用し、IP電話サービスを組み合わせた携帯電話サービス「エスモビ」を展開していた企業である。2013年2月28日、グループ事業再編により「エスモビ」を含むSIM関連事業を、親会社の株式会社ソフィア総合研究所に譲渡。デジタルサイネージ事業に特化したが、収益改善は見込めないと判断。同年3月29日に会社解散を決議し、4月30日に特別清算手続きを申し立て、5月29日付で開始決定を受けた。
ソフトバンクロボティクス,ソフトバンクロボティクスは東京都港区に本社を置く自律型ヒューマノイド・ロボットPepperを中心とする事業を行う企業である。ソフトバンクグループの中間持株会社ソフトバンクロボティクスホールディングスの完全子会社。なおソフトバンクグループはソフトバンクロボティクスホールディングスの議決権の60％を保有している。
ソリッドアコースティックス,"株式会社ソリッドアコースティックス（Solid Acoustics Co.,Ltd.）は、オーディオ機器製造、投資事業、経営コンサルティングを行う企業であり、現在破産手続中である。かつては東証2部上場のソリッドグループホールディングスを子会社としていた。"
タイテック,"株式会社タイテック（英: TIETECH Co., Ltd.）は、愛知県名古屋市南区に本社を置く電子機器メーカーである。"
ダイヘン,株式会社ダイヘン（英称：DAIHEN Corporation）は、大阪市淀川区に本社を置く日本の電気機器メーカーである。重電8社（日立製作所、東芝、三菱電機、富士電機、明電舎、ダイヘン、東光高岳、日新電機）の一角。また、準大手重電3社（富士電機、明電舎、ダイヘン）の一角。変圧器などの電力機器、太陽光発電用パワーコンディショナー（産業用）、溶接機、産業用ロボット、高周波電源、クリーン搬送ロボットなどを手がけるメーカーである。電力向け小型変圧器、アーク溶接機、アーク溶接ロボットなどは国内トップ。戦前にはラジオ（ヘルメス高級ラジオ）も生産していた。
タカヤ,タカヤ株式会社は、岡山県井原市に本社を構える電子機器関連の製造・販売を行っている日本の株式会社。1894年（明治27年）に大塚笹一が創業した。
ダクトロニクス,ダクトロニクス (Daktronics) は、アメリカ合衆国の電気機器メーカーである。屋外広告やスタジアム用の大型LEDディスプレイを製造販売している。
タニタヘルスリンク,株式会社タニタヘルスリンク（TANITA HEALTHLINK.INC.）は、体重計など計測器の大手メーカーである株式会社タニタ（TANITA COPRORATION）の関連会社である。
タムラ製作所,株式会社タムラ製作所（たむらせいさくしょ、英称：Tamura Corporation ）は、東京都練馬区に本社を置く電子部品製造会社。練馬区の東大泉地区に工場がある。
ダリ_(企業),ダリA/S (DALI A/S、Dali A/S、DALI社、ダリ社) は、デンマークのハイエンドスピーカ専門メーカーである。Audio Nord International A/S の子会社。「DALI」は「Danish Audiophile Loudspeaker Industries（直訳: デンマークのオーディオマニアのスピーカ工業）」の頭字語。「DALI」は大文字で書かれることが多いが、公式での表記は「DALI」も「Dali」もあり一定しない。日本語では片仮名より「DALI」と書かれることが多い。日本ではD&Mグループ（D&Mの経営統合前はデノングループ）が輸入販売している。
チノー,株式会社チノーは、東京都板橋区に本社を置く、日本の計測機器メーカー。
ツインバード工業,ツインバード工業株式会社（ツインバードこうぎょう、TWINBIRD CORPORATION）は、新潟県燕市にある企業である。「ツインバード」は同社のブランド名。家電製品が主でスタンド照明では国内第2位（数量ベース：学習机のはめ込み分を含め）。ギフト用品（引き出物、等）ではある程度のシェアを占めている。金属加工が盛んな土地柄か超音波洗浄器も強い。手回し発電ラジオや防水CDプレイヤー、防水テレビ、風呂場でも映像が楽しめる防水DVDプレイヤー、PND、ワンセグ音声が聴けるホームラジオといった、大手電機メーカーでは製品にしないスキマ商品を企画・開発することで有名。家電量販店でも見かけるが、ホームセンターなどの電器売り場で見かけることが多い。ジェネリック家電メーカーのひとつ。
ティアック,ティアック株式会社（英語社名:TEAC Corporation）は、日本の音響機器メーカの老舗であり、計測機器や計測システム、計算機周辺機器の製造販売も行っている。デノン（旧・日本コロムビア）やオンキヨー同様、デジタルオーディオ勃興期、Hi-Fiオーディオ衰退期を生き延びた数少ない日本の音響メーカの一つである。TEACブランドの他、民生用高級音響ブランドとしてエソテリック（Esoteric ）、業務用音響ブランドとしてタスカム（Tascam ）も使用する。
ティーアイビーシー,株式会社ティーアイビーシー（英: TIBC Co. Ltd.、TIBC） は、かつて存在した半導体パッケージメーカー。本社は愛知県大府市にある豊田自動織機共和工場の中に所在していた。
ディーアンドエムホールディングス,株式会社ディーアンドエムホールディングス（D&M Holdings Inc.）は日本の音響機器・映像機器の企画・製造・販売を行う事業持株会社である。
ディジタル・イクイップメント・コーポレーション,"ディジタル・イクイップメント・コーポレーション (Digital Equipment Corporation) は、かつて存在した、アメリカ合衆国を代表するコンピュータ企業のひとつである。1957年、ケン・オルセンによってマサチューセッツ州メイナードに設立された。通称 DEC（デック）。欧米では Digitalと略記されることも多い。そのPDPシリーズとVAXシリーズは1970年代と1980年代の科学技術分野において、最も一般的なミニコンピュータだった。1957年から1992年まで、本社はマサチューセッツ州メイナードにあるかつてのウール工場だった Clock Tower Place に置かれていた。1998年にコンパックに買収された。そのコンパックは、2001年にヒューレット・パッカード (HP) に買収されていることから、現在、DECの製品群はHPの名前で販売され続けている。かつてのDECの一部事業（特にコンパイラ関連）やマサチューセッツ州ハドソンの工場はインテルに売却されている。詳細は#終焉を参照。ロゴの色や会社規模から、IBMの愛称""Big Blue""に対して、""Small Blue""の愛称で呼ばれていた。後にロゴの色は青からバーガンディ（ブルゴーニュ産のワイン色）へと変更された。デジタルリサーチやウェスタン・デジタルとは無関係である。"
テキサス・インスツルメンツ,テキサス・インスツルメンツ（英: Texas Instruments Incorporated、NASDAQ: TXN）は、世界的な半導体開発・製造企業。本社はアメリカ・テキサス州ダラス。略称は「TI」。
テクノエコー,テクノエコー株式会社は、埼玉県入間市に本社を置く水質計測機器メーカーである。
テクノホライゾン・ホールディングス,"テクノホライゾン・ホールディングス株式会社（英: TECHNO HORIZON HOLDINGS CO., LTD.）は、愛知県名古屋市南区に本社を置く持株会社。"
テクノメディカ,"株式会社テクノメディカ（Techno Medica Co., Ltd.）は、神奈川県横浜市都筑区に本社を置く医療機器メーカーである。"
デバイスタイルホールディングス,デバイスタイル(英称：deviceSTYLE)は、東京都千代田区神田神保町に本社を置く、コーヒーメーカーやワインセラーなどの家庭電化製品などを企画する会社である。代表取締役社長は宇賀直哉。
デュプロ,デュプロは、印刷機などを製造・販売する企業グループ。中心となるのは製造会社の株式会社デュプロ（神奈川県相模原市中央区）。
デル,デル（Dell Inc.）は、アメリカ合衆国テキサス州ラウンドロックに本社を置く、世界市場トップレベルのシェアを持つエンドツーエンドのソリューション・プロバイダー。会長・CEOはマイケル・デル。日本法人は、神奈川県川崎市幸区ソリッドスクエアに置く「デル株式会社」（1989年6月設立、1993年営業開始）。代表取締役社長は、平手智行（ひらて ともゆき）。代表取締役人事に関するお知らせ
テンパール工業,"テンパール工業（テンパールこうぎょう、Tempearl Industrial Co., Ltd.）は、広島県広島市南区に本社をおく配線用遮断器、漏電遮断器、住宅用分電盤などを製造するメーカー。"
デンヨー,"デンヨー株式会社 （Denyo CO.,Ltd.）は、屋外用エンジン発電機・溶接機を製造する東京都中央区に本社を置く会社。屋外用パワーソースのパイオニア。エンジン発電機・エンジン溶接機でトップメーカー。夜間の工事現場を明るく照らす投光機やキャンプなどで使用する携帯式発電機も揃えている 米、アジアで現地生産を行っている。デンヨーは「日本電気熔接機材（株）」から電（デン）と熔（ヨウ）を採った略称である。"
トミー精工,"株式会社トミー精工（とみーせいこう、TOMY SEIKO Co,Ltd.,）は、東京都練馬区に本社を置く医科、理科機器の製造販売を行う企業である。主に大学などの研究機関を中心に行っている。"
トミタ電機,トミタ電機株式会社（トミタでんき）は、鳥取県鳥取市に本社を置くフェライトコア、コイルなどを製造、販売するメーカーである。
トライウイン,"株式会社トライウイン（英称:Trywin Co.,Ltd.）は、神奈川県横浜市港北区に本社を置く日本のカーエレクトロニクス関連製造メーカーである。ポータブルナビゲーション（ifブランド）の販売を中心に展開している。カーナビに有機ELのタッチパネルを世界で初めて採用した企業であり、ポータブルナビゲーション市場ではある程度のシェアを持つ。"
ナイテック・プレシジョン,"ナイテック・プレシジョン株式会社（ないてっく・ぷれしじょん、Nitec Precision Co., Ltd.）は、石川県加賀市に本社を置く日本写真印刷の子会社である。"
ナカヨ,株式会社ナカヨは、群馬県前橋市に本社を置く通信機器メーカーである。
ニチコン,ニチコン株式会社（英: Nichicon Corporation）は、京都府京都市中京区に本社を置くコンデンサなどの開発、製造、販売している企業である。工場は長野県安曇野市・長野県大町市・福井県大野市・滋賀県草津市などにある。
ニューテック_(情報機器),"株式会社ニューテック（英文社名: Newtech Co., Ltd.）は東京都港区に本社を置く電子機器メーカーで、主にコンピュータの周辺機器を開発・製造・販売している。"
ネクスグループ,株式会社ネクスグループ (NCXX Group Inc.) は、岩手県花巻市と東京都港区に本社（登記上は、花巻市）を置く日本の通信機器メーカー。旧称は本多エレクトロン株式会社（ほんだ- ）、株式会社ネットインデックス、株式会社ネクス。
ネットギア,ネットギア（英: Netgear）は、コンピュータネットワーク機器などのハードウェアを製造販売しているアメリカ合衆国の企業。1996年1月8日、ベイ・ネットワークスが子会社化し、「中小企業と家庭向けのネットワークソリューションに特化」するようになった。1998年8月、ベイ・ネットワークスがノーテルに買収され、ネットギアもノーテルの子会社となった。2000年3月になるとノーテルは同社の株を徐々に第三者に売却しはじめ、2002年2月にはノーテルから完全に独立した。ネットギアは北米、ヨーロッパ、中近東、アフリカ、アジア太平洋といった地域で、小売業者、再販業者、VAR、サービスプロバイダなどを経由して販売展開している。小売分野で主に競合しているのは、リンクシスとDリンクである。2007年現在、アメリカ合衆国（売り上げの38%）とイギリス（同52%）が主な市場だが、他の地域の売り上げも急速に伸びている（例えばアジア太平洋地域は34%増）。
ネミコン,ネミコン株式会社（NEMICON CORPORATION）は、東京都港区に本社を置くロータリエンコーダなどの回転センサーを製造、販売するメーカーである。
ノリタケ伊勢電子,ノリタケ伊勢電子株式会社（ノリタケいせでんし、NORITAKE ITRON CORP. ）は 三重県伊勢市に本社を置く電子デバイスメーカー。ノリタケカンパニーリミテドの子会社の一つであり、その電子部門に位置づけられている。主力製品は蛍光表示管(VFD)であり、小型電光掲示板や産業用機器のディスプレイ などに用いられている。また、技術力に優れる開発志向型の企業であり、真空電子技術をベースに、要素技術、高精細技術、半導体、さらに、ディジタル、ネットワーク技術を組み合わせたユニークな技術を持つ。特許等、多数の知財権を有し、SID(米国電子表示協会) 賞や科学技術庁長官賞などを受賞している。農村の広がる伊勢市で創業し、現在も本社、開発部門や工場を置く異色の電子部品メーカーで、伊勢市周辺の工場で世界の先端技術市場に向けた商品企画、研究開発ならびに生産を行う。創業以来、積極的に技術者を欧米へ海外駐在させ、提案型ビジネスにより輸出比率80%という特色を持つ。「地方において世界に通用する技術者を育成する」という創業者中村の想いが実現され、地元より欧米における知名度が高いという企業になっている。
バーテックススタンダード,"バーテックススタンダードLMR合同会社（Vertex Standard LMR, Inc.）は、東京都港区に本社を置く日本の無線通信機器メーカーである。"
バーラト重電機,バーラト重電機（英語：Bharat Heavy Electricals Limited、BHEL）は、インドデリー首都圏ニューデリーに本社を置く国営の総合電機機器製造会社。Karvyによれば世界第12位の電気機器メーカーとなっている。
バイ・デザイン,バイ・デザイン株式会社（英称：byd:sign Corporation）は、独自のローコストオペレーションで低価格な薄型テレビの販売を行っていた日本の企業。主に中国企業のXocecoに生産委託をしていたファブレス形態であったが、2011年に破産した。
ハイアール・グループ,ハイアール・グループ（海集（簡体字）、英語表記：Haier Group、証券コードSEHK: 1169、SSE: 600690）は、中華人民共和国山東省青島を本拠とする家電メーカー、グローバル企業グループ。
パイオニア,パイオニア株式会社（Pioneer Corporation）は、神奈川県川崎市に本社を置く、日本の電機メーカーである。
パイオニアコミュニケーションズ,パイオニアコミュニケーションズ株式会社（Pioneer Communications Corporation）は、かつて存在したパイオニア株式会社の完全子会社で、電話機を生産していた企業。上級機種に限られるが、近年では数少ないコードレス電話を日本国内で製造していた。近年は電話機の他に、表示画質とスピーカー音質に力を入れたデジタルフォトフレーム製品を展開していた。コードレス電話市場で2002年から7年連続で販売台数トップシェアを獲得していた。2013年10月1日に、パイオニアホームエレクトロニクス株式会社（現・オンキヨー&パイオニア株式会社）に吸収合併された。
パイオニアマイクロテクノロジー,パイオニアマイクロテクノロジー株式会社は山梨県に拠点を置くパイオニアのグループ企業である。
ハギワラシスコム,"株式会社ハギワラシスコム（英: Hagiwara Sys-Com Co., Ltd.）は、愛知県名古屋市中区に本社を置く半導体メモリおよび通信機器メーカーである。"
バッファロー_(パソコン周辺機器),株式会社バッファロー（英名：BUFFALO INC.）は、愛知県名古屋市に本社を置く、1975年（昭和50年）創業のパソコン周辺機器メーカー。2009年現在、日本国内でのPC周辺機器メーカーとして売上高が最も高い。旧社名：株式会社メルコ。
バッファローコクヨサプライ,株式会社バッファローコクヨサプライ（英: BUFFALO KOKUYO SUPPLY INC.）は、かつて存在した愛知県名古屋市中区に本社を置くコンピュータ周辺機器メーカー。株式会社メルコホールディングスの連結子会社であった。
パトライト,パトライトは、主にパトカー・救急車・消防車などの緊急車両に装備され、また救急対応可能な病院の専用入り口に設置されている回転灯などに利用されるパトライト社の登録商標。機材自体はパトランプと呼ばれる（同社では「警光灯」と呼称）。赤・青・黄・緑・紫がある。またそれ以外にもパチスロ機のボーナス告知、コンビニエンスストアの緊急事態などの告知、あるいは工場内の設備などにタワー状にパトランプ複数個を一体にしたもの（シグナルタワー）で設備の稼働状況（例えば、緑黄赤3灯式で、緑灯なら正常稼働、黄灯なら材料待ち、赤灯なら故障など）など、ある事態を告知するためのランプとして広く使われている。英語ではRotary Beacon Light。日本では緊急車両の緊急走行時サイレンの吹鳴とともに目にする機会が多いことからサイレンと混同されることがある。1.を製造する日本の企業。以下で述べる。株式会社パトライト（英文名称：PATLITE Corporation）は、回転灯などを主に製造している、大阪府大阪市中央区に本社を置く会社である。因幡電機産業株式会社の完全子会社。
パナソニック,"パナソニック株式会社（英語: Panasonic Corporation）は、大阪府に本社を置く巨大総合電機メーカーである。パナソニックグループの事業持株会社として、三洋電機・パナホームなどを傘下に持つ。創業者は松下幸之助。TOPIX Core30の構成銘柄の一つ。旧社名は「松下電器産業株式会社（まつしたでんきさんぎょう、英語: Matsushita Electric Industrial Co., Ltd.）」。2008年10月1日に現社名へ変更された（詳細は社名変更を参照）。"
パナソニック_エコシステムズ,"パナソニック エコシステムズ株式会社（英: Panasonic Ecology Systems Co., Ltd.）は、換気設備など環境関連事業を手掛ける日本の電機メーカー。長らく松下精工株式会社（英: Matsushita Seiko Co., Ltd.）と称していた。パナソニック株式会社の社内カンパニーであるエコソリューションズ社を構成する。毎年度の営業利益率が高く、パナソニック37事業部の中でも指折りの優良事業部のひとつ。1909年（明治42年）創業の老舗メーカー。"
パナソニック_エコソリューションズ電材三重,パナソニック エコソリューションズ電材三重株式会社（パナソニック エコソリューションズでんざいみえ）は、インターホン、住宅用火災警報器、自動火災報知設備などの製造を手がけるパナソニックグループの企業。
パナソニック_エナジー社,パナソニック株式会社 エナジー社（旧・松下電池工業株式会社）は、かつて存在したパナソニックの社内カンパニーの一つで、パナソニックグループにおいて「パナソニック」ブランドの電池、充電器、電池応用製品を開発、製造、販売していた。2013年4月のグループ再編により、かつてのオートモーティブシステムズ社、デバイス社、マニュファクチャリングソリューションズ社と統合され、「パナソニック株式会社 オートモーティブ&インダストリアルシステムズ社」となった。
パナソニック_システムネットワークス,"パナソニック システムネットワークス株式会社（Panasonic System Networks Co., Ltd. 旧社名：パナソニックコミュニケーションズ株式会社、Panasonic Communications Co., Ltd.）は、パナソニックグループのドキュメント関連を含む固定通信関連機器、セキュリティ・放送関連機器、法人用通信端末の開発、製造、販売と、これらの機器を結ぶネットワークやシステム、ソリューション事業などのサービスを提供している会社である。登記上の商号は「パナソニック」と「システムネットワークス」の間に空白が入らない。旧社名の「パナソニック コミュニケーションズ株式会社」では空白が入っていた。"
パナソニック_ストレージバッテリー,"パナソニック ストレージバッテリー株式会社（Panasonic Storage Battery Co., Ltd. ）は、自動車用鉛蓄電池のメーカー。松下電池工業（現 パナソニック株式会社）の同事業を元に独立した。パナソニック37事業部のひとつ。"
パナソニック_デバイスSUNX,"パナソニック デバイスSUNX株式会社（パナソニック デバイスサンクス、英: Panasonic Industrial Devices SUNX Co., Ltd.）は、愛知県春日井市に本社を置くセンサーおよびFA機器製造メーカー。スマートファクトリーソリューション事業部とともにファクトリーソリューション事業(売上高3000億円規模である)を構成する。パナソニックの子会社で、パナソニックグループに属する。東証・名証第一部上場企業（証券コード6860）。"
パナソニック_フォト・ライティング,"パナソニック フォト・ライティング株式会社 (Panasonic Photo & Lighting Co., Ltd.) は、大阪府高槻市に本社を置く、パナソニックグループの電気機器・精密機械メーカー。"
パナソニック_プラズマディスプレイ,"パナソニック プラズマディスプレイ株式会社（Panasonic Plasma Display Co., Ltd.、PPD）は、プラズマディスプレイやそのモジュール、プラズマテレビなどの製造を行う電気機器メーカーである。大阪府茨木市に本社を構える。"
パナソニック_ヘルスケア,"パナソニック ヘルスケア株式会社（Panasonic Healthcare Co., Ltd.）は、パナソニックグループの健康・医療機器等を扱うメーカーである。略称はPHC。2005年（平成17年）3月31日までは、松下寿電子工業株式会社（まつしたことぶきでんしこうぎょう、Matsushita-Kotobuki Electronics Co., Ltd.）、2005年4月1日から2010年9月までは、パナソニック四国エレクトロニクス株式会社（パナソニックしこくエレクトロニクス、Panasonic Shikoku Electronics Co., Ltd.）という社名であった。"
パナソニックエナジー社洲本工場,"三洋電機株式会社 エナジー社 洲本工場（さんようでんきかぶしきがいしゃエナジーすもとこうじょう、SANYO Electric Co., Ltd. Energy Company Sumoto Factory）は、兵庫県洲本市（淡路島）にあるパナソニック株式会社 エナジー社（三洋電機エナジー社）の工場。電池の研究開発、生産している。"
パナソニック液晶ディスプレイ,パナソニック液晶ディスプレイ株式会社は、薄形テレビ向け液晶パネルの製造及び販売会社。本社は兵庫県姫路市。パナソニック37事業部のひとつ。沿革欄にあるとおり、元は日立ディスプレイズと松下電器産業（現・パナソニック）、東芝の共同出資によって設立された会社だったが、2008年3月に松下電器が東芝の保有株式を買い取り、出資比率を高めた。そして2010年6月30日、日立ディスプレイズが会社分割によって「株式会社IPSアルファ支援会社」を新設し全株式を支援会社に譲渡、パナソニックと日立製作所が支援会社の全株式を取得した（パナソニック94%・日立製作所6%）。その結果、実質的な出資比率はパナソニック92%・日立製作所3%・DBJ新産業創造投資事業組合など少数株主が5%となり、経営権が日立ディスプレイズからパナソニックに移った。
パナソニック電工,"パナソニック電工株式会社（パナソニックでんこう、英: Panasonic Electric Works Co., Ltd.）は、かつて存在した日本の電気機器メーカーである。大阪府門真市に本社を構え、パナソニックグループの照明機器、電気設備、健康家電、住宅機器、建材、制御機器、電子材料、福祉機器などを取り扱う総合メーカーであった。解散後は事業ごとに分割・再編されたものの、中核組織は『パナソニック株式会社　エコソリューションズ社』（社内カンパニー）となっており、旧電工本社組織を引き継いでいる。"
パナソニック溶接システム,"パナソニック溶接システム株式会社（英語: Panasonic Welding Systems Co., Ltd.）は、溶接機、溶接ロボットなどを手掛ける日本の機械メーカーである。"
ハリソン東芝ライティング,ハリソン東芝ライティング株式会社（はりそんとうしばらいてぃんぐ、英語: HARISON TOSHIBA LIGHTING Corporation）は、かつて存在した産業用光源機器メーカーである。
パルステック工業,"パルステック工業株式会社（パルステックこうぎょう、英: PULSTEC INDUSTRIAL CO., LTD.）は、光関連の検査機器を主とした電子機器の製造および販売を手がける株式会社。光に関する高い技術力を持ち、特に光ディスク分野を得意とする。「研究開発主導型モノづくり企業」を提唱しており、近年は同社の持つ光技術を応用し、3次元スキャナや医療分野などへの応用を行っている。2000年3月に東京証券取引所二部上場。"
バルミューダ,バルミューダ株式会社 (英: BALMUDA Inc.) は、日本のプロダクトメーカー。
バンプロジェクト,有限会社バン・プロジェクトは、神奈川県横浜市港北区にある1/24プラモデルを使用したスロットカーのシャーシメーカー。プラモデルボディをスロットカーに取り入れた草分け的存在。シャーシ製品名は、「プラフィット」。スロットカーを実車さながらのレース競技へと引き上げる為、常にスピード、操作性、メンテナンス性の向上をシャーシ設計に取り入れている。同社の走行性能を維持しつつ、ホイルベース、トレッドを好みのボディに合わせて自由自在に変えられる柔軟性のあるシャーシは海外でも高く評価されている。他のシャーシメーカーには、さかつうがある。スピードのバンプロ、作り込みのさかつうと客層が分かれていた。しかし、3代目シャーシ「プラフィット・エクセル」の登場により作り込みも容易となった為、さかつうシャーシを駆逐するかたちとなった。2003年4代目シャーシ「プラフィット3」の登場により、さらにシャーシ性能が向上、プラモデルのボディを使用したスロットカーとしては世界No.1のシャーシメーカーとなった。近年では1/32スケールのボディに合わせたシャーシの開発、販売も行っている。また、シャーシの開発、販売だけでなくサーキットの運営も行っており、従来は1/24が主であったが、近年では1/32スケールの営業サーキットも運営している。
ピーコック魔法瓶工業,"ピーコック魔法瓶工業株式会社（ピーコックまほうびんこうぎょう、The Peacock Vacuum Bottle Co., Ltd.）は、大阪府大阪市福島区に本社を置く、魔法瓶などの製造メーカーである。一般的には旧社名の孔雀印魔法瓶として名が知られている。なおピーコック株式会社は、輸出部門を担当する関連会社であり、ピーコック魔法瓶工業株式会社が親会社である。"
ビーツ・エレクトロニクス,ビーツ・エレクトロニクス（英: Beats Electronics）は、アメリカのオーディオ機器のブランド。
ピーディーシー,"ピーディーシー株式会社（PDC Co., Ltd.）はパナソニックグループのデジタル映像トータルソリューション企業である。「PDC」はPanasonic Digital Communicationsの略。"
ビートソニック,株式会社ビートソニックは、愛知県日進市にあるカーエレクトロニクス機器の製造、販売メーカー。
ピーバンドットコム,株式会社ピーバンドットコム（英: p-ban.com Corp.Japan. ）は、プリント基板事業を行う企業で、東京都千代田区に本拠を置く。プリント基板のインターネット通信販売サイト「P板.com」の運営会社であり、基板の設計・製造・実装をインターネット上で請け負う。同社の前身は株式会社インフロー（2002年創業）で、2012年7月に現在の社名に変更した。取引実績は2012年3月末で11000社を超える。
ピクセラ,株式会社ピクセラ（英: Pixela Corporation）は、日本のコンピュータ周辺機器製造メーカー。
ヒロセ電機,ヒロセ電機株式会社（ひろせでんき）は、東京都品川区に本社を置くコネクタを製造、販売している企業であり、この業界では世界トップメーカーである。コネクタ業界国内最大手。東京証券取引所一部上場。
ファナック,ファナック株式会社（英：FANUC Corporation）は、山梨県南都留郡忍野村に本社を置く、日本の電気機器メーカー。社名のFANUCは「Factory automation numerical control(工場の自動化及び数値制御)」の頭字語である。富士山麓の広大な敷地に本社、研究所、工場等がある。2011年にTOPIX Core30銘柄の一社に選ばれた。日本では珍しく、村の山奥に本社を置いている大企業である。工作機械用CNC装置で世界首位(国内シェア7割)、多関節ロボットで国内首位。古河グループに属しているが、最近では独立性が高まっている。
ファミリーイナダ,ファミリーイナダ株式会社は、マッサージチェアの製造販売を行う企業。本社所在地は大阪府大阪市淀川区。
フィリップス,"コーニンクレッカ フィリップス（Koninklijke Philips N.V. 、英文正式表記：Royal Philips 、Euronext: PHIA  , NYSE: PHG）は、電機・家電製品のメーカーで、オランダのアムステルダムに本拠を置く多国籍企業である。（2013年6月に社名を変更し、社名から「エレクトロニクス」を削除した。なお、日本法人については、社名の変更はなく、「エレクトロニクス」が付されたままとなっている。）日本法人である株式会社フィリップス エレクトロニクス ジャパンは、東京都港区港南に所在。"
フェアチャイルドセミコンダクター,"フェアチャイルドセミコンダクター (Fairchild Semiconductor International, Inc.) はアメリカ合衆国の半導体メーカー。世界で初めて半導体集積回路の商業生産を開始した企業である。後に同社からは様々な人材が独立、幾つかはインテルを始めとする世界的な半導体メーカーへと成長していった。"
フェニックス電機,"フェニックス電機株式会社（フェニックスでんき、英文社名：Phoenix Electric Co., Ltd.）は、兵庫県姫路市に本社を置くプロジェクター用ランプなどを製造、販売するメーカーである。プロジェクター用ランプの大手。露光装置用光源も製造している。現在の会社は、2009年に（旧）フェニックス電機（現・ヘリオス テクノ ホールディング）が持株会社となる際に、会社分割により新設された事業子会社である。"
フォーム化成,"株式会社フォーム化成(ふぉーむかせい、英:FOAM KASEI Co.,Ltd)はプラスチックの加工を主な事業内容とする日本の企業である。"
フォスター電機,"フォスター電機株式会社（フォスターでんき、Foster Electric Company, Limited）は、各種音響機器メーカーで、もっぱらOEM受託を主力とするが、自社ブランドのFostex（フォステクス）による市販商品もある。"
フクダ電子,フクダ電子株式会社（ふくだでんし）は、医療機器を製造販売する企業である。本社所在地は東京都文京区である。
フジ医療器,株式会社フジ医療器（フジいりょうき）は、大阪府大阪市中央区に本社を置く、マッサージチェアなど健康・美容機器の製造、販売、輸出入を行う企業である。
プライムアースEVエナジー,"プライムアースEVエナジー株式会社（プライムアースイーブイエナジー、英: Primearth EV Energy Co., Ltd.）は、ハイブリッド電池、ニッケル・水素蓄電池を製造している企業でトヨタ自動車とパナソニックの合弁会社。"
フライングモール,フライングモール(Flying Mole)は、静岡県浜松市西区に本社を置く音響機器メーカーである。
ブラウン_(企業),ブラウン（Braun GmbH）は、ドイツ・クロンベルク（de:Kronberg im Taunus）に本拠を置く小型電気器具メーカーである。1921年にマックス・ブラウンによって設立された。日本においては電気シェーバーや電動歯ブラシが有名。2005年まではジレットの子会社であったが、2005年からはP&Gによるジレットの買収に伴い同社の子会社になった。
ブラザー工業,"ブラザー工業株式会社（ブラザーこうぎょう、英: Brother Industries, Ltd.）は、愛知県名古屋市瑞穂区苗代町15-1にある電機メーカー。主にプリンター（複合機）、ファクシミリ、ミシンなどを製造している。東京、名古屋各証券取引所第一部上場。"
ぷらっとホーム,ぷらっとホームは、東京都千代田区に本社を置くコンピュータ周辺機器やネットワーク機器の販売を（一部企画製造も）行う企業。PC-UNIXをはじめとするUnix関係に強く、独自企画のネットワーク・アプライアンスでも知られている。名前は「プラットフォーム」に「ぷらっと立ち寄れるアットホームなお店」の意を掛けている。
プラネックスホールディング,プラネックスホールディング株式会社（英: PLANEX HOLDING INC.）は、ネットワーク機器の開発・販売、新車・中古車販売と金融事業を行う企業の持株会社。PC周辺機器、PCパーツの販売や、携帯電話のデータ処理ソフトの開発も行っている。本社は東京都渋谷区に所在する。
フリーコム・テクノロジーズ,フリーコム・テクノロジーズ株式会社（英語名：Freecom Technologies K.K.）は、東京都千代田区に本社を置く、パソコン周辺機器の製造輸入・販売会社である。フリーコムグループとしては、オランダに本部があり、ドイツで製品開発、研究開発、プロジェクト管理、物流部門を行い、ヨーロッパ主要都市、オランダ、ドイツ、オーストリア、スウェーデン、イギリス、フランス、スペイン、イタリアに営業所を持つ。IPOオフィスは香港、アジア営業所は東京、台湾、香港、上海にある。フリーコムグループは、三菱化学メディアの子会社である。
ブロードワイヤレス,ブロードワイヤレス株式会社は、古河電工、住友電工、両社のアンテナ関連事業の共同出資会社。主に放送用アンテナ等の給電部品の開発・設計を行なっていた企業である。
ブロケード_コミュニケーションズ_システムズ,"ブロケード コミュニケーションズ システムズ（Brocade Communications Systems, Inc.） は、米国カリフォルニア州シリコンバレーに本拠を置くコンピュータネットワーク・プラットフォーム機器ベンダーである。"
ベスタクス,ベスタクス（Vestax）は、かつて存在した日本の音楽機材メーカー・ブランド名である。主にDJ関連機材の製造・販売を行っていた。ホームユースからプロユースまでの幅広いラインナップが揃っており、DJミキサーなどはプロDJの愛用者も多い。経営不振による資金繰りの悪化から、2014年（平成26年）12月5日に東京地方裁判所から破産手続き開始の決定を受けた。なお、ブランド名Vestaxを「ベスタックス」と発音する人が多いが、社名上の表記は「ベスタクス」である。
ヘリオス_テクノ_ホールディング,"ヘリオス　テクノ　ホールディング株式会社（英文社名：Helios Techno Holding Co., Ltd.）は、兵庫県姫路市に本社を置く持株会社である。"
ヘルツ_(企業),"株式会社ヘルツ(へるつ：Hertz Co.,Ltd.)は、新潟県長岡市に本社を持つ電子機器および機械設備を製造するメーカー。主な商品はテレビ等に付属される赤外線リモコン装置やFA機器などである。"
ベルニクス,株式会社ベルニクスは、埼玉県さいたま市南区に本社を置く、先端電源技術を扱う企業である。海外製品の代理店・OEMなども行なっている。社名ロゴはBellnixとなっている。
ホーチキ,ホーチキ株式会社は、日本で初めて誕生した火災報知機メーカーである。会社名は報知器をカタカナ化したものである。東京海上火災保険（現東京海上日動火災保険）などの損害保険会社や生命保険会社などの出資により設立される。火災報知設備、消火設備・ニューメディア・セキュリティシステムなどの開発・製造・販売・施工・保守を行う能美防災に続く業界大手のメーカーである。東京証券取引所第1部に上場している。綜合警備保障（ALSOK）と提携関係。
ホシデン,ホシデン株式会社は、大阪府八尾市に拠点を構える企業。コネクタ、ジャック、スイッチ、電磁弁等の製造を手掛ける。過去には液晶表示素子（パッシブ、アクティブ共）の開発・製造・販売も手がけていたが、アクティブタイプについては平成9年に、フィリップスとの合弁会社であるホシデン・フィリップス・ディスプレイ株式会社（後に合弁は解消）に事業譲渡した。
マイクロチップ・テクノロジー,マイクロチップ・テクノロジー（英: Microchip Technology、NASDAQ: MCHP）は、アメリカの半導体製造業者であり、マイクロコントローラ、メモリ、アナログICなどを主に製造販売している。
マイクロニクス,マイクロニクス株式会社は、日本の高周波電子計測器・情報通信機器・環境関連機器のメーカーとして知られている。本社は神奈川県相模原市。事業所は東京都八王子市で実質的な開発・製造・営業は八王子事業所で行われている。
マイクロンジャパン,マイクロンジャパン(MJP)は東京都港区に本社を置き、半導体メモリのDRAMの研究開発・設計を事業とする電機メーカーである。なお、同社は、マイクロンメモリジャパン(MMJ)と共にマイクロン・テクノロジ(MTI)の傘下であり、同一人物(木下嘉隆)が両社の代表取締役を務めているが、それぞれ別の法人である。
マイクロンメモリジャパン,マイクロンメモリジャパン(MMJ)は東京都中央区に本社を置き、半導体メモリのDRAMの研究開発・設計・製造・販売を事業とする電機メーカーで、日本における唯一のDRAM専業メーカーでもある。なお、同社は、マイクロンジャパン(MJP)と共にマイクロン・テクノロジ(MTI)の傘下であり、同一人物(木下嘉隆)が両社の代表取締役を務めているが、それぞれ別の法人である。
マイクロン秋田,マイクロン秋田株式会社（マイクロンあきた）はDRAMを中心とした半導体の先端・特殊パッケージ開発・設計・組立・テスト等の事業を行う株式会社である。マイクロンメモリジャパンの生産部門子会社で、秋田県秋田市に本社を置く。2014年2月27日までの社名は秋田エルピーダメモリ。
マウスコンピューター,"株式会社マウスコンピューター（英語：MouseComputer Co.,Ltd.）は、東京都千代田区に本社を置く、パソコンの製造・販売を行っている企業（パソコンメーカー）である。通信販売によるBTOを主たる販売方法とする、いわゆる直販メーカーである。2006年10月に株式会社MCJから会社分割されて設立した。2008年10月にパソコン機器メーカーの株式会社イーヤマを吸収合併しており、iiyamaブランドのモニターの発売元でもある。"
マスプロ電工,マスプロ電工株式会社（マスプロでんこう、英: Maspro Denkoh Corp.）は、テレビ用受信アンテナ等を製造・販売する日本の電気機器メーカーである。
マハーポーシャ,マハーポーシャとは、かつてオウム真理教の関連会社が経営していた、PC/AT互換機の自社組立てパソコン、いわゆる「ホワイトボックスパソコン」を販売していた店舗およびそのショップブランドの名称である。
マブチモーター,マブチモーター株式会社は、小型モーターに特化した会社で、世界シェアの有鉄心モーターで業界一番のシェアを占める電気機器の大手。小型モーターは現在では全製品をアジアを中心とする海外の工場で生産しており、日本にあるのは本社と研究所の機能のみである。現在の同社の売上の内訳は、ミラーやドアロックなどに用いる自動車電装機器が約40%を占め、音響・映像機器のCD/DVDドライブ用モーターが約20%、インクジェットプリンターやデジタルカメラなど情報機器関連が約17%などとなっている（2007年12月期のデータより）。
ミツバ_(企業),株式会社ミツバ（英: Mitsuba Corporation）は、日本の大手自動車部品メーカー。モーター、ランプ、ミラー、ホーンなどの製造、販売を手がけている。歴史的に本田技研工業との関係性が強いが、今日では他社との取引も盛ん。自動車社会の発展と共に、拡大成長してきた。
ミツミ電機,"ミツミ電機株式会社（ミツミでんき、MITSUMI ELECTRIC CO., LTD.）は東京都多摩市に本社を置く電機部品メーカー。"
ミネベア,ミネベア株式会社は、長野県北佐久郡御代田町に本社を置くベアリング、モーターを中心とする電器部品メーカー。直径22mm以下の小径・ミニチュアサイズのボールベアリングでは、シェア世界一である。略称はNMB（Nippon Miniature Bearing）。生産の6割をタイ王国で行うほか、中華人民共和国などにも工場を持つ。高橋高見が会長・社長時代、多角化を目指し、M&Aを積極的に行い規模が拡大し、一時はミネベア航空という自社専用の貨物航空会社まで持つ程であった。しかし、収益力の低下と下諏訪町にある三協精機製作所（現日本電産サンキョー）の買収に失敗し本業回帰に転換している。（三協精機は2003年に日本電産が買収）新中央工業を合併、ミネベア大森工場とし、以来警察や自衛隊向けの拳銃や機関拳銃も開発・製造している。また、日経平均株価の決定に影響力がある大企業で構成される日経225銘柄のうちの一社である。
ミマキエンジニアリング,"株式会社ミマキエンジニアリング（英: MIMAKI ENGINEERING CO., LTD.）は、日本のコンピュータ周辺機器の製造販売会社。主に業務用の大型インクジェットプリンター、カッティングプロッターなどを製造販売している。"
ミミー電子,ミミー電子株式会社は、東京都立川市に本社のある補聴器・聴力測定器・磁気誘導ループのメーカーである。大手補聴器メーカーに勤めていた創業者が1979年に設立、当初は医療機関向けに聴力検査器を製作していたが、納入先の耳鼻科医が行っていた研究をもとに補聴器の開発に着手した。1997年に利用者自らが音を調整できる補聴器を発売、以降、調整機能付きの補聴器では各種の発売実績がある。
ムラタ・エレクトロニクス_(フィンランド),ムラタ・エレクトロニクス (Murata Electronics Oy) は、フィンランドに本社を置く電気機器メーカー。3D-MEMS技術に基づくセンサなどの開発・製造を行う。村田製作所のヨーロッパ現地法人 Murata Electronics Europe の100%子会社である。フィンランドの国営研究機関が開発した技術を出発点とした企業であり、数度のオーナー変更で投資ファンドの所有となっていたが、ファンド側の打診により2011年に村田製作所に買収された。
メガチップス,株式会社メガチップス（MegaChips Corporation）は、半導体メーカーを総括する日本の純粋持株会社。
メドトロニック,"日本メドトロニック株式会社は、心臓ペースメーカ等の医療機器を製造販売する企業である。本店所在地は東京都港区の汐留イタリア街。本社は米国ミネソタ州ミネアポリスに存在する。1949年、Earl BakkenとPalmer Hermundslieにより医療機器修理会社として設立され、1950年代に世界初の電池式心臓ペースメーカ、1960年代後半に世界初の植込型心臓ペースメーカを開発したことから巨大企業に成長を遂げている。心臓ペースメーカでは世界最大のシェアを誇り、世界120カ国以上の国々で250を超える拠点を構え45,000人が働くグローバルな医療機器企業である。コンシューマ向け製品が無い為一般的に知名度は低いが、専門の医師の中での知名度は非常に高い。グローバルでの売上高は166億US＄、営業利益率30％を超えており医療機器メーカーの中でもトップの売上高と利益率を誇る企業である。メイン商材のペースメーカは市場シェア3～4割を占めており、IDCという埋め込み型ペースメーカでは6～7割の非常に高いシェアを持っている。また給与水準は業界内でもトップクラスで待遇が良い事でも知られている。"
メルコホールディングス,株式会社メルコホールディングス（英: MELCO HOLDINGS INC.）は、愛知県名古屋市に本社を置く持株会社。
ヤーマン,ヤーマン株式会社は、東京都江東区に本社を置く美容・健康機器メーカー。最近ではテレビCMを中心とした通信販売事業にも進出している。美容ローラー（プラチナゲルマローラー）を主力商品としている。
ヤンマーエネルギーシステム,ヤンマーエネルギーシステム株式会社は大阪市北区に本社を置く日本のヤンマーホールディングス（旧・ヤンマー）グループの企業である。
ユーイング_(企業),"株式会社ユーイング（U-ING Co., Ltd.）は、大阪府大阪市浪速区湊町に本社を置く電気機器などの製造・販売を主な事業とする電気機器メーカー。旧社名は森田電工株式会社（もりたでんこう）であり、ブランド名のMORITA（モリタ）はそれに由来する。CIは「It's for you. ユーイングはあなたのために」。"
ユーレックス,ユーレックス（eureks）は、長野県茅野市に本社を置く、日本で唯一の国産オイルヒーター製造メーカーである。資本金4000万円。従業員数13人。
ユニデンホールディングス,ユニデンホールディングス株式会社（Uniden Holdings Corporation）は、東京都中央区に本社を置く無線通信機器メーカー。（開発、製造、販売しているのはあくまでコードレスフォンとコーデッドフォン、無線機であり、その他の先端的な通信機器（携帯電話、PHS、スマートフォン等）は現在一切、開発、製造、販売していない。
ユニパルス,ユニパルス株式会社（英: Unipulse Corporation）は、東京都中央区に本社を置く計測制御機器・FAメーカー。
ユピテル_(企業),株式会社ユピテルは、日本の無線通信機器メーカーである。レーダー探知機、リモコンエンジンスターター、ポータブルカーナビゲーション、カーセキュリティ（盗難防止装置）、ドライブレコーダーなどの自動車用電装機器ワイドバンドレシーバー（広域帯無線受信機）、トランシーバーなどの無線機器ゴルフ用スピード測定器などのセンサ機器を開発・製造・販売しており、日本国内ではレーダー探知機の主要なサプライヤーの一つとなっている。
ヨコオ,株式会社ヨコオは、自動車用アンテナ製造大手メーカー。
ラックスマン,ラックスマン株式会社 (Luxman Corporation) は、日本の音響機器メーカー。1925年NHKラジオ放送開始と同時期に大阪市心斎橋で創業、現在は神奈川県横浜市港北区新横浜に本社を持つ。アンプ等のピュアオーディオ製品において強いブランド力を持ち、その音は、俗にラックストーンと呼ばれる。
ランク・ゼロックス,ゼロックス・リミテッド (Xerox Limited) は、米ゼロックス社のイギリス現地法人の100%子会社である。かつては英ランク・オーガニゼーション社との合弁だった。ゼロックス社の製品を欧州・アフリカ・アジアで製造・販売している。
リアルビジョン,株式会社リアルビジョン（RealVision Inc.）は、東京都港区に本社を置く高精度グラフィックボードやグラフィック用LSIなどを製造、販売する企業である。2000年代前半は積極的な海外進出を行っていたが、2009年以降は従来の事業を大幅に縮小。現在は組込機器・ソフトウエア関連の株式会社ソアーシステム、人材派遣等の株式会社上武の子会社2社の事業がグループの主力事業となっている。
リオン,"リオン株式会社（英: RION Co., Ltd.）は、東京都国分寺市に本社を置く、日本の電気機器メーカー。国内補聴器業界最大手。"
リコー,株式会社リコーは、日本の事務機器、光学機器などの製造を行っているメーカーである。主に複写機、ファクシミリ、レーザープリンターやそれらの複合機、デジタルカメラなどの製造・販売を手掛ける。創業者は市村清。
リチウムエナジージャパン,"株式会社リチウムエナジージャパン（英: Lithium Energy Japan）は、滋賀県栗東市に本社を置く、リチウムイオン二次電池の開発・製造・販売を行う株式会社。ジーエス・ユアサコーポレーション（以下「GSユアサ」）、三菱商事、三菱自動車工業が出資して、2007年12月12日に設立した。出資比率はそれぞれGSユアサが51%、三菱商事が34%、三菱自動車が15%。資本金の額は20億円。設立当初の本社は京都府のGSユアサ本社内にあったが、2011年7月19日に滋賀県栗東市に建設した栗東工場内へ移転した。設立当初はGSユアサの本社内工場で生産をする予定であったが、より生産能力を高めるため滋賀県草津市に工場用地を買収し、第2の工場を建設した（敷地面積は20,048m、建屋面積は7,873m）。その後さらに、滋賀県栗東市の建設が凍結された南びわ湖駅（東海道新幹線栗東新駅）の予定地を買収し、第3の工場を建設するとともに上述のように本社も移転した。同社の製造する電池は三菱の電気自動車・i-MiEVにも搭載されている。滋賀工場が完成した後は、リチウムイオン電池のセル「LEV50」を年間20万セル（i-MiEV 2000台分）を生産する。"
リバーエレテック,リバーエレテック株式会社（RIVER ELETEC CORPORATION ）は、山梨県韮崎市に本社を置く水晶振動子などの開発、製造、販売を行う企業である。
ルクス_(企業),株式会社ルクス（ルクス、英文社名：Lux Co.）は、ランプの販売、メンテナンスを行う企業である。
ルネサス_セミコンダクタ_パッケージ&テスト_ソリューションズ,ルネサス セミコンダクタ パッケージ&テスト ソリューションズ株式会社は半導体、特に集積回路 (LSI) の後工程製造を行う会社。ルネサス エレクトロニクスの完全子会社。
ルネサス_セミコンダクタ_マニュファクチュアリング,ルネサス セミコンダクタ マニュファクチュアリング株式会社とは、茨城県ひたちなか市に本社があるルネサス エレクトロニクスの生産子会社である。主力事業は、ルネサス エレクトロニクスの半導体生産における前工程である。
ルネサスエレクトロニクス,ルネサス エレクトロニクス株式会社(英語: Renesas Electronics Corporation)は、東京都江東区に本社、川崎市中原区に本店を置く大手半導体メーカー。三菱電機および日立製作所から分社化していたルネサステクノロジと、NECから分社化していたNECエレクトロニクスの経営統合によって、2010年(平成22年)4月に設立された。社名に冠する『Renesas』は、あらゆるシステムに組み込まれることで世の中の先進化を実現していく真の半導体のメーカーとして「Renaissance Semiconductor for Advanced Solutions」を標榜して名付けられたものであり、ここには日本から世界に向けた半導体産業復興の意が込められている。
ルビコン_(企業),ルビコン株式会社（Rubycon Corporation ）は、長野県伊那市に本社を構えるアルミ電解コンデンサを中心に扱っている電子部品メーカーである。
レイキ_(企業),レイキ株式会社は、かつて存在した日本の業務用冷蔵機器メーカー。
レイテックス,株式会社レイテックスは、東京都渋谷区に本社を置く、半導体ウェーハ検査装置や、測定装置の製造販売を行う企業である。
レノボ,レノボ（英：Lenovo Corporation、日本漢字：聯想集団または連想集団（れんそうしゅうだん）、簡体字：想集、ピン音：Linxing Jtun）は、中国北京とアメリカ合衆国ノースカロライナ州モリスビルに本社を置く中国のパーソナルコンピュータ (PC) メーカー。中国ではスマートフォンメーカーとしても認知されている。2014年現在、出荷台数で世界最大のPCベンダーである。日本法人はレノボ・ジャパン株式会社である。
ロイヤル工業,"ロイヤル工業株式会社（ロイヤルこうぎょう、英: ROYAL INDUSTRIES CO., LTD.）は、かつて愛知県名古屋市南区に本社を置いていた電気機器メーカー。"
ローム,"ローム株式会社（英: ROHM Co., Ltd.）は、京都府京都市右京区に本社を置く電子部品メーカー。おもな製品はLSI、トランジスタ、ダイオード、LED、抵抗器である。"
ローム・ワコー,"ローム・ワコー株式会社（ROHM Wako Co.,Ltd.）は、岡山県笠岡市に本社を置くローム株式会社のグループ会社の電子部品メーカーである。"
ローヤル電機,ローヤル電機株式会社（ローヤルでんき）は、東京都港区に本社を置く浴室用照明器具・送風機(軸流ファン・クロスファン)を製造する業界大手。近年では24時間換気システムにも力を入れている。小田原エンジニアリングの連結子会社であり子会社5社・関連会社1社でローヤル電機グループを構成している。
ローランド_ディー._ジー.,ローランド ディー. ジー.株式会社（英: Roland DG Corporation）は、日本のコンピュータ周辺機器の製造販売会社であり、広告・看板用インクジェットプリンタでは世界屈指である。社名のDGはDigital Groupの略。
ロジカルプロダクト,株式会社ロジカルプロダクトは、福岡県福岡市南区に本社を置く無線を活用した組み込みシステム/電子機器の受託開発および製造、委託研究、システム開発、技術コンサルティングを業務とする企業。リハビリ用途などに向けた運動・生体信号計測パッケージを開発した。オリンピック金メダリストである室伏広治が慶応義塾大学の太田憲らの研究グループと共同で実験を進めているトレーニング手法「聴覚フィードバック法」で用いられる小型センサとコントローラ装置を開発した。
ロジクール,株式会社ロジクール（Logicool）は、コンピュータの周辺機器の製造販売を行う株式会社である。
ロジテック,ロジテック株式会社（英: Logitec Corp.）は、日本のコンピュータ周辺機器メーカー。エレコムの100%子会社で各種インターフェース機器、液晶モニター、シンクライアント端末の開発、近年はAV機器等の開発等など幅広い製品を持つ。尚、エイベックス・グループのメモリーテックとの関連会社であるメディアロジテック株式会社とは資本関係を一切持たない別会社である。
ワイ・イー・データ,株式会社ワイ・イー・データは、埼玉県入間市に本社を置き、パソコン周辺機器などの製造、販売を手がけている。また、データ復旧事業も行っている。安川電機の子会社。
ワコム,"株式会社ワコム（英: Wacom Co., Ltd.）は、埼玉県に本社を置く、電子機器開発事業を行う企業。東京証券取引所第一部上場。"
ワング・ラボラトリーズ,ワング・ラボラトリーズ（英: Wang Laboratories）は、アン・ワング（王安）と G. Y. Chu が1951年に創立したコンピュータ企業。1980年代には、3万人の従業員を抱え、年間30億ドルの売り上げを達成していた。アン・ワングは、事業戦略と製品戦略を常に1人で指揮していた。アン・ワングは、同社が株式公開されるにあたって、ワング（王）一族が実権を握り続けられるような仕組みを採用した。株式をクラスBとクラスCの2種類にわけ、議決権がクラスCの10分の1であるクラスBの比率を大きくした。市場で売買されたのは主にクラスBで、ワング一族はクラスCの株式を保有し続けた。ワング・ラボラトリーズの株式はニューヨーク証券取引所(NYSE)に上場されたが、このようなやり方はNYSEの規定では許されず、同社の株式はNYSEからは撤退し、アメリカン証券取引所に移管された。アン・ワングの指揮の下で、同社は次々と異なる市場の製品を発売していった。
愛知電機,"愛知電機株式会社（あいちでんき、英: AICHI ELECTRIC CO., LTD.） は、愛知県春日井市に本社を置く中部電力グループの変圧器メーカーである。名古屋証券取引所第一部単独上場銘柄のひとつでもある（証券コードは6623）。スポーツ活動において、女子陸上部は全日本実業団対抗女子駅伝への出場実績を持つ。"
安川電機,株式会社安川電機（やすかわでんき）は、福岡県北九州市八幡西区に本社を置く、産業用ロボット等メカトロニクス製品の製造を行うメーカーである。第一勧銀グループ。産業用ロボットの生産台数で世界1位を誇る。サーボモーターやインバーターも共に世界首位。東京証券取引所一部・福岡証券取引所上場。
営電,"営電株式会社（えいでん、英: EIDEN Co., Ltd.）は神奈川県川崎市に本社を置く電気機器メーカー。放送・通信機器や電子応用計測器の開発・製造・販売を行う。テレビ受像機の品質チェックを行うテスト用テレビ信号発生器の、日本国内におけるシェアは90%を越える。"
永楽電気,永楽電気株式会社（えいらくでんき）は，東京都品川区大崎にある，電力機器・情報通信機器・その他機器の設計・製作および製品に付帯する工事の設計・施工を行う会社である。また，東日本旅客鉄道（JR東日本）の発車メロディを提供している会社でも知られている。また，多くの駅の電子電鈴装置の納入も行っており，日本国有鉄道（国鉄）時代は同社製の放送装置と併せて，日本各地で使われていた。
遠藤照明,株式会社遠藤照明（えんどうしょうめい、英: ENDO Lighting Corporation）は、日本の大手照明器具専門メーカー。本社は大阪市中央区。
横河メータ&インスツルメンツ,横河メータ＆インスツルメンツ（よこがわメータアンドインスツルメンツ）は、横河電機グループの計測器メーカー。
横河電機,横河電機株式会社（よこがわでんき - Yokogawa Electric Corporation）は、東京都武蔵野市に本社を置く、工業計器・プロセス制御専業メーカーである。計測・制御機器メーカーとしては国内最大手。世界第三位にして老舗企業である。この分野の国内成長が鈍化しているために、同社の事業の約60％が海外で展開され、従業員も約60%が外国籍というグローバル企業になった。東京証券取引所一部に上場。横河電機グループの事業持株会社としての機能も有する。芙蓉グループに所属。
横浜アドバンストデジタル,"株式会社横浜アドバンストデジタル（よこはまアドバンストデジタル、Yokohama Advanced Digital, Inc.）は、かつて存在したデジタル機器のソフトウェア、ハードウェアの開発を行っていた企業。株式会社日立アドバンストデジタルの100%子会社（日立製作所の100%孫会社）であった。1975年2月、前身の株式会社イースタン技研設立。2004年7月、株式会社日立アドバンストデジタルによる完全子会社化に伴い商号変更。主要取引先は株式会社日立アドバンストデジタルで、技術者派遣や製品開発の請負を行う。2009年4月、株式会社横浜アドバンストデジタルは、日立アドバンストデジタルに吸収合併された。"
岡谷電機産業,"岡谷電機産業株式会社（おかやでんきさんぎょう、Okaya Electric Industries Co., Ltd.）は、東京都世田谷区に本社を置くノイズ対策部品や表示部品などを製造販売するメーカーである。以前は「ロダン」のブランドで真空管等を製造していた。"
岡部マイカ工業所,株式会社岡部マイカ工業所（おかべまいかこうぎょうしょ）は、福岡県中間市に本社を置く、電気絶縁用マイカ製品および関連製品の製造販売を行う日本の企業。
沖データ,株式会社沖データ（おきデータ、英: Oki Data Corporation）は、東京都港区に本社を置く日本のプリンターメーカー。
沖電気工業,沖電気工業株式会社（おきでんきこうぎょう）は、東京都港区虎ノ門に本社を置く、通信機器、現金自動預け払い機 (ATM) 等の情報機器を主体に製造するメーカーである。通称「OKI」。東京証券取引所一部上場。芙蓉グループに属する。
音羽電機工業,"音羽電機工業株式会社（おとわでんきこうぎょう、英: OTOWA Electric Co., Ltd.）は、兵庫県尼崎市に本社を置く電気機器メーカー。避雷器など、雷害関連製品を中心に取り扱う。"
加藤電気工業所,株式会社加藤電気工業所（かとうでんきこうぎょうしょ）は、航空、船舶、放送用通信施設、アンテナの設計、製作、施工を行う企業。
河村電器産業,河村電器産業株式会社（かわむらでんきさんぎょう、英: kawamura Electric Inc. ）は、分電盤、キュービクル、キャビネット、ボックス、ラック、ブレーカー等の製造をおこなう企業。なお相談役は伊藤保徳瀬戸市長である。
華為技術,華為技術有限公司（ファーウェイ・テクノロジーズ Huawei Technologies Co. Ltd.）は、中華人民共和国広東省深に本社を置く通信機器メーカーである。
華為技術,華為技術有限公司（ファーウェイ・テクノロジーズ Huawei Technologies Co. Ltd.）は、中華人民共和国広東省深に本社を置く通信機器メーカーである。
海信,海信グループ（ハイセンス・グループ、中国語：海信集（簡体字）、英語社名：Hisense Group）は、中華人民共和国山東省青島を本拠とする電機メーカー及び企業グループの総称。主要製品は、家電製品、通信機器、情報機器。海信電器と海信科龍電器の2つのグループ企業から構成されており、2社とも上海証券取引所、香港証券取引所に上場している。ハイセンス（Hisense）、科龍（Kelon）、容声（Ronshen）の3個のブランドで商品展開を行なっている。日本語では日本法人「海信日本株式会社」が「海信グループ」「ハイセンス・グループ」の両表記を使用しているが、「海信グループ」の方が優勢のため本稿では現時点で「海信グループ」と言う表記を優先している。
関東三洋セミコンダクターズ,"関東三洋セミコンダクターズ株式会社 （Kanto SANYO Semiconductors Co., Ltd.） は、米国企業傘下の日本の半導体専業メーカーである三洋半導体株式会社の後工程製造子会社である。"
丸菱産業,丸菱産業株式会社（まるひしさんぎょう）は大阪府大阪市東淀川区南江口に本社を置く、低周波治療器を中心とした健康器具やその他製品の通信販売等をおこなう企業である。1961年創業。
岩崎通信機,岩崎通信機株式会社（いわさきつうしんき）は企業向けの電話機器、情報通信機器、印刷関連機器の開発・製造・販売事業を主に手がけている大手電機メーカー。略称は「岩通」（いわつう、IWATSU）。みどり会（三菱東京UFJグループ）の会員企業でありいわゆる電電ファミリー。東京証券取引所第1部上場。
岩崎電気,"岩崎電気株式会社（いわさきでんき、Iwasaki Electric Co., Ltd.）は、東京都中央区に本社を置く照明機器を中心とする大手電機メーカー。"
菊水電子工業,菊水電子工業株式会社（きくすいでんしこうぎょう）は、神奈川県横浜市都筑区に本社を置く、各種電子計測器、産業用電源装置を製造・販売する企業である。社名の「菊水」という名称は創業者が敬愛していた南北朝時代の武将の家紋である「菊水」に由来される。また、創業当時新しい「電気（電波、電子）」という言葉と、古い「菊水」という言葉の組み合わせが面白いと思った事も理由としてある。
吉井電気,"吉井電気株式会社（よしいでんき、YOSHII ELECTRIC Co.,Ltd.）は群馬県高崎市飯塚町1649に本社を置く日本の総合卸商社である。営業品目は家庭電化製品、ＯＡ機器、住宅設備機器、輸入民生機器、ギフト関連商品総合卸販売。ブランド名の「Abitelax（アビテラックス）」は、吉井電気の登録商標である。「Elabitax（エラヴィタックス）」「Convesta（コンヴェスタ）」のブランドでも商品展開している。"
宮崎エプソン,宮崎エプソン株式会社 (Epson Toyocom) は、宮崎県宮崎市に本社を置く水晶部品の製造者である。セイコーエプソンの完全子会社。旧社名は東洋通信機株式会社（旧通称トヨコム）、後にエプソントヨコム株式会社。
京セラ,京セラ株式会社（きょうセラ）は、京都府京都市伏見区に本社を置く電子機器、情報機器、通信機器、太陽電池、セラミック、宝飾（クレサンベール）、関連メーカーであり、国内大手企業である。UFJグループ・みどり会に加盟。コーポレート・ステートメントは「The New Value Frontier」（ザ・ニュー・バリュー・フロンティア）。
京セラクリスタルデバイス,京セラクリスタルデバイス株式会社（きょうセラクリスタルデバイス、KYOCERA Crystal Device CORPORATION）は、水晶デバイス事業を行う企業。
京セラディスプレイ研究所,"株式会社京セラディスプレイ研究所（きょうセラディスプレイけんきゅうじょ、KYOCERA Display Institute Co., Ltd.）は、ELディスプレイ事業を行う企業である。"
京急電機,京急電機株式会社（けいきゅうでんき）は神奈川県に本社を置く電気工事会社。京急グループに属する。
京三製作所,株式会社京三製作所（きょうさんせいさくしょ）は、1917年に創立された信号機メーカー。
京写,株式会社京写（きょうしゃ）は、京都府久世郡久御山町に本社を置くプリント基板の製造・販売を行う企業。片面プリント基板の生産量は世界一。
京西テクノス,京西テクノス株式会社（きょうさい-）は、計測器、医療機器、通信機器の製造、修理、システム・ネットワークの構築・運用管理を行う企業。東京都多摩市に本社をおいている。
京立電機,京立電機株式会社（きょうりつでんき）は、カメラ、デジタルカメラ、ビデオカメラ用測定器、医療機器の設計、製造をおこなう企業。
共立電気計器,共立電気計器株式会社（きょうりつでんきけいき）は、東京都目黒区中根に本社を置く日本の電気計測器の開発、生産、販売を行うメーカーである。創業は1940年5月。
共和電業,株式会社共和電業（きょうわでんぎょう）は、東京都調布市に本社を置く計測機器製造メーカー。ひずみゲージとその応用計測器は国内シェア40%。主に「自動車試験分野」「運輸・交通インフラ分野」「環境・防災インフラ分野」「工業計測分野」で使われる。
協栄線材,協栄線材株式会社（きょうえいせんざい）は、フジクラ（旧：藤倉電線）系の光コネクタの製造・販売を主とする企業である。
近藤科学,近藤科学株式会社（こんどうかがく）は、ラジオコントロール機器およびロボット関連機器を製造する電気機器メーカーである。本社は東京都荒川区。ラジオコントロール装置はKO Propoのブランドで世界的にも知られる。ラジコンの中でも自動車用製品に強い。また、現在ラジコンカー用として標準仕様となっているホイール型送信機は、近藤科学が1980年代に発売したEX-Iという製品が、そのスタイルを確立した先駆けとなった。なお、近年はロボット向けサーボモーターや、ホビー用二足歩行ロボットも販売している。
金沢村田製作所,金沢村田製作所（かなざわむらたせいさくしょ）は、石川県白山市に本社を置く企業。村田製作所グループの子会社のひとつである。
九州住電装,"九州住電装株式会社（きゅうしゅうすみでんそう、Kyushu Sumidenso, Ltd. ）は、住友グループに所属するワイヤーハーネス製造メーカー。"
啓碁科技,啓碁科技股有限公司（WNC）は、PHS端末、GPRS/GSM端末、CDMA WLL電話などの開発・生産を専門とする台湾の企業である。
古河AS,古河AS株式会社（ふるかわエーエス、Furukawa Automotive Systems Inc. ）は滋賀県犬上郡甲良町にある古河グループ(古河電気工業系)のワイヤーハーネス製造メーカー。
古河電工パワーシステムズ,"古河電工パワーシステムズ株式会社（ふるかわでんこうパワーシステムズ、：FURUKAWA ELECTRIC POWER SYSTEMS CO.,LTD.）は、神奈川県横浜市に本社を置き、古河グループに属する送変電機材・配電機材・高機能品などを生産するメーカーである。"
古河電子,"古河電子株式会社（ふるかわでんし、英文社名：FURUKAWA DENSHI CO.,LTD.）は、福島県いわき市に本社を置く電子材料メーカーである。古河機械金属グループの電子材料事業を担う中核事業会社（連結子会社）で、古河グループに属している。携帯電話の電子デバイスやDVDのレーザーダイオード、LEDなどに使用されるガリウムヒ素半導体の原料である高純度金属ヒ素については、現在では国内唯一の製造メーカーであり、その世界シェアは60%（国内シェアは75%）を誇っている。さらに、サーバーやプリンタなどの電源に使用されるアモルファスダストコアは、その世界シェアは90%（国内シェアは70%）を占めている。"
古河電池,"古河電池株式会社（ふるかわでんち、英文社名:Furukawa Battery Co., Ltd.）は、古河グループの自動車、航空機、鉄道、宇宙用蓄電池、電源装置などの製造メーカーである。古河電気工業の連結子会社で、東証一部に上場している。"
古野電気,古野電気株式会社（ふるのでんき）は、兵庫県西宮市に本社を置く船舶用をはじめとした電気機器メーカー。東京証券取引所1部上場企業。
戸上電機製作所,"株式会社戸上電機製作所（とがみでんきせいさくしょ、英: TOGAMI ELECTRIC MFG.CO.,LTD.）は、佐賀県佐賀市大財北町に本社を置く電機メーカー。東京証券取引所市場第二部上場（証券コードは6643）。"
幸大ハイテック,株式会社幸大ハイテック（こうだいはいてっく）は東京都港区に本社を置く電子機器メーカーである。大陽工業株式会社から1977年に分社化した。大陽工業を中心とした分社グループの1社である。埼玉県羽生市の大沼工業団地に工場を構える。日本電気の関連が深く、かつてPC-9800シリーズを製造していたこともある。
広島エルピーダメモリ,広島エルピーダメモリ株式会社（ひろしまエルピーダメモリ）はDRAMを中心とした半導体の前工程事業を行っていた会社である。エルピーダメモリの生産部門子会社であった。当時、広島県東広島市に本社を置き、本社(当時)敷地の内には親会社のエルピーダメモリの「広島開発センター」が設置されて、現在に至るまで先端DRAM製品の開発を中心に業務を行っている。広島エルピーダメモリは2008年4月1日にエルピーダメモリに吸収合併されて消滅した。それ以降、現在までエルピーダメモリ広島工場として稼動している。
高岳製作所,"株式会社高岳製作所（たかおかせいさくしょ、英: Takaoka Electric Mfg. Co., Ltd.）は、かつて存在した変圧器や開閉装置などを製造する電力会社向けの電気機器メーカーである。東京都中央区に本社を置いていた。東光電気と共同持株会社「東光高岳ホールディングス」を設立した後、東光電気とともに「東光高岳ホールディングス」（現・東光高岳）に吸収合併され、解散した。"
高性能駆動装置開発,高性能駆動装置開発株式会社（英: HPMSD Corporation.）は、低速高トルクのACサーボモーターシステムの設計、製造、販売を行っている会社である。本社は、群馬県甘楽郡甘楽町。
佐賀三洋工業,"佐賀三洋工業株式会社（さがさんようこうぎょう、英文表記：Saga Sanyo Industries Co., Ltd.）は、佐賀県杵島郡大町町に本社を置く、日本の電機メーカーである。パナソニックグループの一つで、コンデンサを手がける。"
坂口電熱,坂口電熱株式会社（さかぐちでんねつ、英文名称SAKAGUCHI E.H VOC CORP.）は、電熱技術を核とした真空・バイオ・光学・化学分野の製品開発と電熱機器の製造・販売を行う老舗企業である。
桜川ポンプ製作所,株式会社桜川ポンプ製作所（さくらがわぽんぷせいさくじょ）は、大阪府茨木市に本社を置く、水中ポンプを中核とした電子製品、冷蔵庫の製造を行う企業。
三井ハイテック,株式会社三井ハイテック（みついハイテック）は、福岡県北九州市八幡西区に本社を置く、精密金型やICリードフレームなどの製造・販売を行うメーカーである。東京証券取引所一部・福岡証券取引所上場。尚、社名の「三井」は創業者の三井孝昭の名字から付けたもので、三井グループとは無関係である。
三研マイクロホン,三研マイクロホン株式会社（さんけんマイクロホン）は、日本の主にプロ用マイクロホンを製造するマイクロホン専門の音響機器メーカーである。ブランド名は『sanken』で、放送局ではインタビュー用マイクMS-5Cが堅牢で音質も安定していたことからよく使われている。NHKのニュース、トーク番組ではピンマイク”COS-11D”が使用されている。文化放送は、三島由紀夫事件で”MS-5”を使い全マスコミで唯一の「演説全録音」に成功した。上からの三島の声と、下からの自衛隊員による野次怒号をともにクリアに収録できたという。
三工社,株式会社三工社（さんこうしゃ）は、東京都渋谷区に本社を置く踏切機器を中心とする電気機器メーカーである。
三重電子,"三重電子株式会社（みえでんし、英: Mie Electronics Co.,Ltd.）は、三重県多気郡明和町大字蓑村1168に本社を置く電気機器メーカーである。電子製品のアセンブリ、チップ部品の基板への実装、液晶ディスプレイの設計・製造、メカトロニクスの設計・製造などを手がけている。"
三菱電機,三菱電機株式会社（みつびしでんき、英: Mitsubishi Electric Corporation）は、日本の総合電機メーカーである。大手電機8社（日立製作所、パナソニック、東芝、三菱電機、ソニー、シャープ、日本電気 (NEC) 、富士通）の一角で重電8社（日立製作所、東芝、三菱電機、富士電機、明電舎、日新電機、ダイヘン、東光高岳）の一角。また、大手重電3社（日立製作所、東芝、三菱電機）の一角でもある。三菱電機株式会社は、1921年1月15日、三菱造船（後の三菱重工業）より分離独立するかたちで設立され、三菱財閥の流れを汲む三菱グループに属する。2015年現在の企業統治機構は委員会設置会社になっている。
三菱電機エンジニアリング,三菱電機エンジニアリング株式会社（みつびしでんきエンジニアリング.）は、東京都千代田区に本社を置く三菱電機グループの、エンジニアリング会社。
三菱電機照明,三菱電機照明株式会社は、三菱電機グループに属する照明事業専門の会社。
三菱電機特機システム,三菱電機特機システム株式会社（みつびしでんきとっきシステム）とは、三菱電機グループの企業で防衛装備品の維持整備事業を主としている。
三洋テクノソリューションズ鳥取,"三洋テクノソリューションズ鳥取株式会社（さんようテクノソリューションズとっとり、SANYO Techno Solutions Tottori Co., Ltd.）は、日本の電気機器メーカー。 本社は鳥取県鳥取市に所在し、各分野での有名製品、ヒット商品を作り続けている。2015年3月まではパナソニックグループであったが、現在は株式会社ジェイ・ウィル・パートナーズの運営するファンドの傘下。"
三洋電機,"三洋電機株式会社（さんようでんき、英: SANYO Electric Co., Ltd.）は、パナソニックグループの日本の電機メーカー。本社は大阪府大阪市中央区、登記上の本店は大阪府大東市に所在。"
三和電気計器,三和電気計器株式会社（さんわでんきけいき）は東京都千代田区外神田に本社を置く、日本の電気・電子分野むけ計測機器メーカーである。
三和電子,三和電子株式会社（さんわでんし）は東京都板橋区にあるジョイスティックレバーや押しボタンなどのアミューズメントマシン用パーツを製造、販売する日本の企業である。
三和電子機器,三和電子機器株式会社（さんわでんしきき：Sanwa electronic instrument）は、大阪府東大阪市に本社を持つ電子機器メーカー。主な商品はホビーラジコン用制御装置（プロポ）、リモコン装置。プロポのメーカーとしては世界的に大手。特にラジコンカー用では大きなシェアを持つ。
山下マテリアル,山下マテリアル株式会社（やましたマテリアル）は、東京都品川区に本社を置くプリント配線板用資機材・プラスチック成形材料の販売、及びプリント配線板の設計・製造・実装・組立を行うメーカーである。
山水電気,山水電気株式会社（さんすいでんき）は、かつて存在した日本の企業。東京都に本社を置き、音響機器の製造を手掛けていたが、2014年（平成26年）7月9日に破産した（詳細は後述）。
山田照明,"山田照明株式会社（やまだしょうめい、英: YAMADA SHOMEI LIGHTING CO.,LTD.）は、東京都千代田区に本社を置く照明器具メーカー。YAMADAの商標で知られる。"
山本工業,株式会社山本工業は、かつて存在した自動車部品製造会社。山口県下関市に本社を置いていた。
山洋電気,"山洋電気株式会社（さんようでんき）は、東京都豊島区北大塚に本社を持つ冷却ファンやサーボモータ、ステッピングモーター、無停電電源装置（UPS）などを製造している会社である。1927年（昭和2年）創業。国内工場は長野県上田市周辺に集中している。かつてはインテル純正CPUクーラーと言えば、ほとんどが同社の製品であった。なお、ローマ字で""SANYO DENKI""とかかれることがあるが大阪府守口市に本社のあるパナソニック傘下の家電メーカー三洋電機（英名:SANYO Electric Co.,Ltd.）とは関連がない。区別のため「やまようでんき」、「山洋（やまよう）」または「山電（やまでん）」等と呼ばれることもある。"
市光工業,"市光工業株式会社（いちこうこうぎょう、英: ICHIKOH INDUSTRIES, LTD.）は、日本の自動車部品メーカー。主に灯火類（ライト）とミラーがメイン。世界で初めて電動格納ドアミラーを開発したことでも知られる。2007年にはフランスの自動車部品メーカー、ヴァレオと合弁で中国・佛山市に工場を設立した。"
指月電機製作所,"株式会社指月電機製作所（しづきでんきせいさくしょ、英: SHIZUKI ELECTRIC CO.,INC.）は、兵庫県西宮市に本社を置くコンデンサを中心とした電子機器の製造を行う会社である。交通分野における採用例が非常に多く、情報関連事業の一つとして製造を開始したバス用車載機器のメーカーとしても有名である。会社略称は「指月」および「シヅキ」。「SHIZUKI」ブランドで製品を展開している。三菱電機の持分法適用会社であり、同社が筆頭株主であるが、三菱グループには属さず三菱電機グループに属している。1975年（昭和50年）以前に製造された古い低圧進相コンデンサには保安装置が内蔵されていないため、交換を呼びかけている。"
寺崎電気産業,"寺崎電気産業株式会社（てらさきでんきさんぎょう、英: Terasaki Electric Co., Ltd.）は、大阪市にある電気機器メーカーである。"
磁気研究所,"株式会社磁気研究所（じきけんきゅうじょ、英: Magnetic Laboratories Co. ,Ltd）は、東京都千代田区に本社を置くパソコン部品および周辺機器の製造販売を行う企業である。"
鹿児島日本電気,鹿児島日本電気株式会社（かごしまにっぽんでんき）は、TFTカラー液晶ディスプレイの生産を行うNECグループの会社。鹿児島県出水市に本社を置いていた。のちNEC液晶テクノロジー鹿児島工場。
篠田プラズマ,"篠田プラズマ株式会社（しのだプラズマ、英称：Shinoda Plasma Co., Ltd.）は、兵庫県神戸市中央区港島南町に本社を置く、プラズマディスプレイの開発・製造・販売をおこなう企業である。"
芝浦メカトロニクス,芝浦メカトロニクス株式会社（しばうらメカトロニクス、英: SHIBAURA MECHATRONICS CORPORATION）は、神奈川県横浜市に本社を置く精密機械メーカー。
秋田日本電気,秋田日本電気株式会社（あきたにっぽんでんき）は、TFTカラー液晶ディスプレイの生産を行うNECグループの会社。秋田県秋田市に本社を置いていた。現在はNLTテクノロジー秋田工場。
住電エレクトロニクス,"住電エレクトロニクス株式会社（すみでんエレクトロニクス、Sumiden Electronics, Ltd. ）は、住友電気工業（住友電工）並びに住友電装が出資する、ワイヤーハーネス用部品及び関連機器の製造を行う企業である。2012年4月1日を効力発生日として住友電装株式会社が存続会社となり、住電エレクトロニクス株式会社が消滅会社となる吸収合併が行われることになった。"
住電装プラテック,"住電装プラテック株式会社（すみでんそうプラテック、Sumidenso Platec,Ltd. ）は、住友グループに所属するワイヤーハーネスの部品メーカー。"
住友電工デバイス・イノベーション,"住友電工デバイス・イノベーション株式会社（すみともでんこうデバイス・イノベーション、英文社名：SUMITOMO ELECTRIC DEVICE INNOVATIONS, INC.）は、住友グループに所属する電子デバイス及び光デバイスの専門メーカー。"
住友電工プリントサーキット,"住友電工プリントサーキット株式会社（すみともでんこうプリントサーキット、英文社名：Sumitomo Electric Printed Circuits, Co., Ltd）は、住友グループに所属するエレクトロニクス製品に使用されるフレキシブルプリント配線板（FPC）の開発、製造メーカー。"
住友電装,"住友電装株式会社（すみともでんそう、Sumitomo Wiring Systems, Ltd. ）は、住友グループのワイヤーハーネス（車載用組電線、車の電装品やエンジンを結ぶ回路）を製造する企業であり、住友グループ広報委員会にも参加する企業でもある。ワイヤーハーネスでは住友電気工業と併せて矢崎総業に次いで世界2位、シェア26%を占める。住友理工とは兄弟会社である。"
出雲村田製作所,出雲村田製作所（いずもむらたせいさくしょ）は、島根県出雲市斐川町上直江に本社を置くセラミックコンデンサのメーカー。村田製作所グループのひとつ。
春日電機,春日電機株式会社（かすがでんき）は、開閉器・制御機器等を製造する日本の電機メーカー。尚、東京都大田区東蒲田に本社を置く(平成24年4月をもって川崎市に移転)同社名の春日電機株式会社（静電気関連製品メーカー）とは無関係。
小糸製作所,"株式会社小糸製作所（こいとせいさくしょ、Koito Manufacturing Co., Ltd.）は、東京都港区に本拠を置く自動車用照明部品、航空機部品メーカーである。"
小諸村田製作所,"株式会社小諸村田製作所（こもろむらたせいさくしょ、英: Komoro Murata Manufacturing Co., Ltd.）は、長野県小諸市に本社・工場を置く電気機器メーカー。ルネサス東日本セミコンダクタ長野デバイス本部の事業を譲り受け、2012年3月に発足した。"
小松村田製作所,"株式会社小松村田製作所（こまつむらたせいさくしょ、Komatsu Murata Manufacturing Co.,Ltd.）は、石川県小松市に本社を置く村田製作所の子会社である。"
小川電器商会,小川電器商会（おがわでんきしょうかい）は、山形県鶴岡市にある音響機器メーカー。オーディオラボオガワの名称で主にマニア向け高級オーディオ機器の製作、修理などを行っている。
小泉成器,小泉成器株式会社（こいずみせいき）は、大阪市中央区備後町に本社を置く電気機器などの製造・販売を主な事業とする電気機器メーカーである。
小野測器,株式会社小野測器（おのそっき）は、神奈川県横浜市港北区に本社を置く電気計測機器、電気応用機器、電気制御装置の製造、販売を行う企業である。
昭和KDE,"昭和KDE株式会社（しょうわケーディーイー、英: Showa KDE Co., Ltd.）は、東京都港区に本社を置くガラス繊維、煉瓦などの工業材料を製造、販売する企業である。キョウデングループ。"
松下冷機,松下冷機株式会社（まつしたれいき、英文社名 Matsushita Refrigeration Company）は、冷蔵庫や自動販売機、コンプレッサーなど冷熱機器を製造する、松下グループ（現パナソニックグループ）の企業であった。松下ホームアプライアンス社（現アプライアンス社）、松下食品システム（現パナソニックフードアプライアンス）株式会社とともに、松下電器産業（現パナソニック）の家電・冷熱空調部門であるホームアプライアンスグループを構成していたが、松下ホームアプライアンス社の再編にともない2008年4月1日に松下電器産業に吸収され消滅した。
松村テクノロジー,株式会社松村テクノロジー （まつむらテクノロジー）とは、紙幣鑑定機（偽札識別機）などを開発製造する東京都の企業。1983年に松村エンジニアリングとして設立。代表者は松村喜秀。
松定プレシジョン,松定プレシジョン株式会社（まつさだプレシジョン、英: Matsusada Precision Inc.）は、滋賀県草津市に本社を置く、電源装置などの製造・販売を行う企業である。
松木技研,松木技研株式会社（まつきぎけん）は群馬県前橋市六供町に拠点を置く空気清浄機や加湿器、ヒーター等の小型電気製品製造・販売を主な事業とする電気機器メーカーである。主に「Maxcelia」「MATRIC」のブランド名を用い、ディスカウントショップや家電量販店で製品を販売している。単機能で比較的低価格な製品が多い。家電製品卸業の松木技研（株）（所在地：群馬県前橋市六供町１４４７）は平成２７年８月７日、事業を停止して事後処理を弁護士に一任した。負債総額は約4億円。
象印ファクトリー・ジャパン,象印ファクトリー・ジャパン株式会社（ぞうじるしふぁくとりーじゃぱん、英: Zojirushi Factory Japan Corporation）は大阪府大東市に本社を置くエレクトロニクス製品等の製造を行う企業であり象印マホービンの子会社でもある。
象印マホービン,象印マホービン株式会社（ぞうじるしマホービン、英: ZOJIRUSHI CORPORATION）は、大阪府大阪市北区天満に本社を置く、魔法瓶を中心に炊飯器・電気ポット・ホットプレートなどの調理器具の製造販売をおこなう企業。みどり会の会員。コーポレート・スローガンは「日常生活発想」。
上海電気,上海電気グループ株式会社（中国語: 上海電氣集團股有限公司)，中国の上海市に本社を置く電気機器製造グループ。
植松電機,"株式会社 植松電機（うえまつでんき、英Uematsu Electric Co.,Ltd ）は、日本の産業機器メーカーである。"
信越富士通,信越富士通株式会社（しんえつふじつう）は、長野県上水内郡信濃町に本社・製造拠点を置いていた、コンピュータ関連機器の製造メーカー。
信号電材,"信号電材株式会社（しんごうでんざい、英文名：Shingo Denzai Co., Ltd.）は、福岡県大牟田市に本社を置く、信号機の製造、開発を行なうメーカーである。"
新コスモス電機,"新コスモス電機株式会社（しんこすもすでんき、英称 : New Cosmos Electric Co., Ltd. ）は、大阪府大阪市淀川区に本社を置く業界トップクラスのガス警報器製造メーカーであり、センサ技術を用いて、家庭用ガス警報器、工業用ガス検知警報器、CO中毒防止等の製造や開発に注力。アジア圏（中国）へ進出。"
新潟通信機,新潟通信機株式会社（にいがたつうしんき）は、新潟市中央区に本社を置く通信機器製造企業である。無線機メーカーの為、新潟無線（にいがたむせん）、新潟通信（にいがたつうしん）といった俗称で呼ばれることも多い。主にタクシー無線や消防無線、模擬運転装置など自動車学校用機器の製造・開発・販売を行っている。過去にはヨーロッパ、中東等海外への輸出や、アマチュア無線機器の製造も行っていた。また、田上自動車学校及び駐車場の運営なども行っている。
新光電気工業,"新光電気工業株式会社（しんこうでんきこうぎょう、英: Shinko Electric Industries Co., Ltd.）は、長野県長野市に本社を置く富士通株式会社の連結子会社で、半導体用リードフレームやフリップチップパッケージなどの設計・製造・販売を手掛ける会社。東京都千代田区に本社をおく株式会社新光電気や大阪府大阪市に本社をおく新光電気工業株式会社（英: Shinko Electric Industrial Co., Ltd.）とは別会社である。大手マイクロプロセッサメーカー インテルへのサプライヤーとしても知られている。"
新神戸電機,"新神戸電機株式会社（しんこうべでんき、英: Shin-kobe Electric Machinery Co., Ltd.）は、東京都中央区に本社を置く日立グループの一社。同社の事業は創業事業である自動車、産業用などの鉛蓄電池や産業用リチウムイオン電池、リチウムイオンキャパシタ、コンデンサ製品などで構成される蓄電デバイス事業。蓄電デバイス事業の応用製品である電源機器、乗用ゴルフーカート関連事業。合成樹脂製品事業などで構成される。同社の合成樹脂製品事業は創業初期の天然樹脂製品事業を祖としており、現在は自動車向け高強度樹脂ギヤ、ハイブリッド自動車向け複合電装成形品IPMハウジングなどの成形品や電子機器用プリント基板材料などに発展している。同社製品は「コウベ」(KOBE)ブランドと「日立」(HITACHI)ブランドなどで販売される。同社は社名に「日立」を冠していないため、市場に流通しているHITACHIブランドのカーバッテリーなどは日立へのOEM供給品と誤解されるケースが多いが、これはOEM供給品ではなく同社がブランドを使い分けて販売している物である。"
新電元工業,"新電元工業株式会社（しんでんげんこうぎょう、英: Shindengen Electric Manufacturing Co., Ltd.）は、電源3社の一角を占める電気機器メーカーである。同社は、1949年に電元工業の半導体・整流器部門を継承、新電元工業として発足した。"
新日本無線,新日本無線株式会社（しんにほんむせん）は、東京都中央区に本社を置く日清紡ホールディングスのグループ会社で、マイクロ波電子管や半導体などを製造するメーカである。
新陽社,株式会社新陽社（しんようしゃ、shin-yosha）とはおもに鉄道駅に設置されている電気掲示器および発車標の設計、製造、設置工事を行う企業である。日本電設工業の関連企業。
森尾電機,森尾電機株式会社（もりおでんき）は、鉄道車両・工事用自動車・船舶を中心とする交通運輸車両および船舶用の、制御機器・表示機器の中堅メーカーである。鉄道向けの床下配電箱や行先表示器、主幹制御器の製作は、コイト電工と並び非常に高いシェアを誇る。バス車両の扉開閉装置や方向幕の制御装置も扱っている。
神保電器,神保電器株式会社（じんぼでんき）は、千葉県夷隅郡大多喜町に本社を置く、JIMBOブランドの配線器具を生産する企業である。
図研,株式会社図研（ずけん、英称:ZUKEN Inc.）は、神奈川県横浜市に本社を置く日本の電気系CAD、EDAベンダー。特にプリント基板を得意とする。東京証券取引所1部上場。
菅原研究所,菅原研究所(すがわらけんきゅうじょ)は、ストロボスコープ、トルクメーター、ベアリング検査装置などのメーカー。
星和電機,"星和電機株式会社（せいわでんき、英: Seiwa Electric Mfg. Co.,Ltd.）は、1949年（昭和24年）に設立された日本の電機メーカー。本社所在地は京都府城陽市。東証第2部上場（証券コード6748）。国内に4の支社（北海道、東京、愛知、大阪）と、6の営業所（宮城県、新潟県、京都府、香川県、広島県、福岡県）を持つほか、国内外に4の関連企業を持つ。"
正興電機製作所,株式会社正興電機製作所（せいこうでんきせいさくしょ）は、福岡県福岡市博多区に本社を置く、電力向け受変電設備・開閉装置の製造、開発を行う企業である。福岡証券取引所単独上場銘柄のひとつである（証券コードは6653）。
精工技研,株式会社精工技研（せいこうぎけん）は、千葉県松戸市に本社を置く光通信製品などを製造、販売するメーカーである。
石川サンケン,石川サンケン株式会社（いしかわサンケン）は、石川県羽咋郡志賀町に本社を置く電気機器メーカー。また、サンケン電気の関連会社である。
千代田インテグレ,千代田インテグレ株式会社（ちよだインテグレ）は、東京都中央区に本社を置く機器部品製造会社。埼玉県草加市に工場がある。
川崎マイクロエレクトロニクス,"川崎マイクロエレクトロニクス株式会社（かわさきマイクロエレクトロニクス、英文社名 Kawasaki Microelectronics, Inc.）は、かつて存在したJFEホールディングス傘下の集積回路メーカー。2013年（平成25年）4月1日にメガチップスと経営統合した。"
泉州工業,"泉州工業株式会社（せんしゅうこうぎょう、英文社名 SENSHU KOGYO CO.,LTD.）とは、大阪府和泉市に本社を置く電子部品メーカーである。"
船井電機,"船井電機株式会社（ふないでんき、FUNAI ELECTRIC CO., LTD.）は、主にAV（テレビ、ビデオなど）機器を中心に製造・販売を行っている企業である。通称はFUNAI、フナイ。近年は液晶テレビやBD/DVDレコーダー、3D対応BDプレイヤー、デジタルハイビジョンチューナーなどの製品をコンスタントに市場へ投入している。かつてはアーケードゲーム用テレビゲームの製造・販売も手がけていた。社是は「より良い製品を より厚い信用を より実りある共存共栄を」、コーポレートステートメントは“DIGITAL VISUAL ENTERTAINMENT”。iVDRハードディスクドライブ・コンソーシアム（現在のiVDRコンソーシアム）のGeneral Member（2012年4月17日現在）。"
双信電機,"双信電機株式会社（そうしんでんき、英: Soshin Electric Co., Ltd. ）は、長野県佐久市に本店（登記上の本社）を置く日本ガイシの連結子会社で、フィルター、コンデンサなどの電子部品の開発、生産、販売を行うメーカーである。創業は1938年12月7日。東京本社（本部）は東京都港区三田3-13-16 三田43MTビル13F。"
双葉電子工業,双葉電子工業株式会社（ふたばでんしこうぎょう、英: Futaba Corporation）は、国内大手の蛍光表示管（VFD）製造会社。また、「ラジコンのFutaba」としても有名。ラジコンのプロポは自社で製造・販売されているが、他社にOEM供給も行っている。本社は千葉県茂原市にある。社名の由来は「二（双）人で千葉の地で起業しよう」という、創業者の思いからきている。創業者が日立製作所の出身であるため、日立グループとの係わりも深いが、双葉電子工業は日立グループではない。国内の主要生産拠点は千葉県長生郡長生村の長生工場群で、電子管工場、モジュール工場、無線機器工場、精機工場（金型部品）がある。その他に金型部品工場として、睦沢工場（長生郡睦沢町）、長南工場・長南第2工場（長生郡長南町）、明石工場（兵庫県明石市）がある。
村田製作所,"株式会社 村田製作所（むらたせいさくしょ、英: Murata Manufacturing Co., Ltd.）は、京都府長岡京市に本社を置く電子部品の製造ならびに販売をおこなう企業である。電子部品専業メーカーとして世界トップクラスに位置している。"
多治見無線電機,多治見無線電機株式会社（たじみむせんでんき）は、東京都渋谷区に本社を置くコネクタを製造、販売している企業である。
多摩川ホールディングス,"株式会社多摩川ホールディングス（たまがわホールディングス、英文社名:TAMAGAWA HOLDINGS CO., LTD.）は、東京都港区に本社を置く持株会社である。"
多摩電子工業,多摩電子工業株式会社（たまでんしこうぎょう、英語名：TAMA ELECTRIC INDUSTRY CORP.）は神奈川県川崎市に本社を置く昭和51年（1976年）創業のモバイル周辺機器メーカー。
太洋工業,"太洋工業株式会社（たいようこうぎょう、英: Taiyo Industrial Co., Ltd.）は、和歌山県和歌山市に本社を置く電気機器メーカー。フレキシブルプリント基板などを手がけている。"
太洋電機産業,太洋電機産業株式会社（たいようでんきさんぎょう）は、広島県福山市に本社を置く、はんだごて及びはんだ付け関連製品を製造・販売する企業である。
太陽誘電,"太陽誘電株式会社（たいようゆうでん、TAIYO YUDEN CO.,LTD.）は、受動電子部品を主とした電気機器製造会社である。一般消費者の間ではCD-R（That'sブランド）などの記録メディアのメーカーとして知られる。研究者の佐藤彦八が1950年（昭和25年）設立。本社は東京都台東区、工場は群馬県高崎市など。"
泰平電機,"泰平電機株式会社（たいへいでんき、英文社名TAIHEI ELECTRIC CO.,LTD.、旧社名泰平電鉄機械）は、バス・鉄道車両の戸閉装置などの製品を製造・販売している、東洋電機製造の連結子会社である。集電装置のひとつであるビューゲルの大手メーカーで、1955年（昭和30年）にはこの改良品といえるZパンタを開発するなど、当時の路面電車の技術発展に貢献したが、戸閉装置やバリアフリー関連以外の鉄道用機器の製造・販売から撤退している。"
大光電機,大光電機株式会社（だいこうでんき）は、照明器具、照明設備を製造、販売する日本の企業。ブランド名はDAIKO。みどり会の会員企業である。
大阪サイレン製作所,株式会社大阪サイレン製作所（おおさかサイレンせいさくしょ）は、緊急車両（主に消防関係）に搭載されるサイレンアンプや回転灯などを製造している日本の会社。通称、大阪サイレン。
大崎電気工業,大崎電気工業株式会社（おおさきでんきこうぎょう）は、東京都品川区に本社を置く計測制御機器の大手メーカーである。東証一部上場。
大東電機工業,大東電機工業株式会社（だいとうでんきこうぎょう）は、大阪府東大阪市に本社を置く電気バリカン、マッサージ機器、フイットネス機器の製造を行う企業である。スライヴ（THRIVE）のブランドで知られる。
大同信号,大同信号株式会社（だいどうしんごう）は、東京都港区に本社を置く鉄道信号機や産業機器システムのメーカーである。日本信号・京三製作所と並ぶ日本の3大信号メーカーの1つである。
大分キヤノン,大分キヤノン株式会社（おおいたキャノン）は、大分県国東市に本社を置き、国東市及び大分市に事業所を有するキヤノン・グループのデジタルカメラ、ビデオカメラ、レンズの生産子会社。
大分キヤノンマテリアル,大分キヤノンマテリアル株式会社（おおいたキャノンマテリアル）は、大分県杵築市に本社を置き、杵築市及び大分市に事業所を有するキヤノン・グループの化成品の生産子会社。複写機やプリンター用のトナー・カートリッジやインク・タンク等の消耗品を生産している。
大分ティーエスセミコンダクタ,株式会社大分ティーエスセミコンダクタ（おおいたティーエスセミコンダクタ）は、かつて大分県大分市に本社を置き、半導体ウエハー製造、アセンブリ加工を行っていた半導体製造会社。大分TSセミコンダクタとも表記される。株式会社東芝が51%、ソニー株式会社が49%を出資する合弁会社であったが、2008年3月の契約満了を以て合弁を終了し、設備資産は東芝が買い取った。
大牟田電子工業,大牟田電子工業株式会社（おおむたでんしこうぎょう）は、福岡県大牟田市に本社を置く、プリント基板の設計・開発を行なう会社である。
大陽工業,大陽工業株式会社（たいようこうぎょう）は、東京都品川区に本社を置くプリント基板などの電子関連製品、大電流基板製品などを扱う企業。当初は旋盤、ボール盤、平削盤等の機械を行う会社として創業、時代とともに理化学実験用機械器具へと事業分野を移してきた。一時期、精密工作機械の製作を停止し、中島飛行機製作所の直接の協力工場として経営していたこともあった。
第一精工,"第一精工株式会社（だいいちせいこう、英: Dai-Ichi Seiko Co.,Ltd.）は、京都府京都市伏見区に本社を置く、電子部品、自動車部品、精密部品等の製品を製造・販売する企業である。東京証券取引所一部上場。本社は京都にあるが、実質的な生産拠点は福岡に置き、国内の従業員のうち約7割は福岡事業所で働いている。大阪市に同名の釣用品・日用品メーカーが存在するが無関係である。"
第一電子工業,第一電子工業株式会社（だいいちでんしこうぎょう）は、コネクタの総合メーカー。
池上通信機,"池上通信機株式会社（いけがみつうしんき、Ikegami Tsushinki Co., Ltd. ）は、日本の業務用放送機器・通信機器メーカー。東証1部上場。本社は東京都大田区池上で、1946年（昭和21年）に斎藤公正が創立。ビデオカメラやモニター・伝送機器などの放送業務用機器が主力。他にセキュリティカメラ、医療用カメラ、錠剤検査装置を製造する。放送用機器はエミー賞を４回受賞するなど、世界的に評価されている。"
中央製作所,"株式会社中央製作所（ちゅうおうせいさくしょ、英: CHUO SEISAKUSHO, LTD.）は、愛知県名古屋市瑞穂区に本社を置く電気機器メーカーである。電源機器、表面処理装置、電気溶接機、 電解加工機、環境機器の製造・販売などを行っている。"
中央電子,中央電子株式会社（ちゅうおうでんし）は、東京都八王子市に本社を置く電子機器メーカーである。
中日電子,"株式会社中日電子（ちゅうにちでんし、英: Chunichi Denshi Co.,Ltd）は、愛知県名古屋市瑞穂区に本社を置く医療機器、情報機器、産業機器などの電子機器開発・製造メーカーでテクノホライゾングループの1社。"
朝日乾電池,朝日乾電池株式会社（あさひかんでんち）は、大阪の電池メーカー。現在はパナソニックの子会社。
朝日電器,朝日電器株式会社（あさひでんき、英称:Asahi Electric Corporation ）とは、大阪府大東市に本社を置く、一般消費者向け小型電器の製品・部品などを製造するメーカー。ELPA（エルパ）の商標で知られる。電気配線器具、映像・音声ケーブル、AVセレクター、ヘッドホン、DVD・CDレンズクリーナー、テレビ・ビデオ・エアコンの互換リモコン、互換インクカートリッジ、LED電球などの照明用光源、懐中電灯、センサーライト、電話機パーツ、パーソナルコンピュータ用アクセサリーなどを製造・販売する。
長野テクトロン,"長野テクトロン株式会社（ながのテクトロン／英名: Nagano Tectron Co.,Ltd）は、カスタムキーボードやメンブレンスイッチの専門メーカー。パソコンをはじめとした各種キーボードの商品やOEMを手掛けている。本社は長野県長野市、営業所は東京都町田市にある。"
長野日本無線,長野日本無線株式会社（ながのにほんむせん）は、長野県長野市に本社を置く日清紡ホールディングスおよび日本無線のグループ会社で、情報・通信機器（無線通信システム、携帯情報端末）、メカトロニクス機器（事務用機器、生産設備機器）、電源・エネルギー機器（スイッチング電源）の生産、販売を行うメーカである。
鉄道機器,"鉄道機器株式会社（てつどうきき、英文社名 Tetsudo Kiki Co., Ltd.）は、東京都に本社を置く鉄道用分岐器メーカー。製品は各種分岐器の他、ロングレール用の伸縮継目、接着絶縁レール、車止めなど。"
田淵電機,"田淵電機株式会社（たぶちでんき、英: TABUCHI ELECTRIC CO., LTD.）は、大阪市にある電気機器メーカーである。"
電気興業,電気興業株式会社（でんきこうぎょう）は、高周波機器・電気通信機器の製造・販売、大型通信アンテナの製造・工事を行う企業。
電元社製作所,株式会社電元社製作所(でんげんしゃせいさくしょ)は神奈川県川崎市多摩区に本社を置く抵抗溶接機の総合メーカー。
電星,株式会社 電星(英文社名：Densei Inc.)は、Brite Starブランド（ブライトスターバッテリ）の製造と販売を行う会社である。
島根三洋電機,島根三洋電機株式会社（しまねさんようでんき）は、島根県雲南市木次町に本社を置く電気機器メーカー。三洋電機の子会社。
島根富士通,株式会社島根富士通（しまねふじつう、英称：Shimane Fujitsu Limited）は、島根県出雲市斐川町三絡にある富士通グループの工場である。
島田理化工業,島田理化工業株式会社（しまだりかこうぎょう、英: SPC ELECTRONICS CORPORATION）は、東京都調布市に本社をおく企業。創業は1946年。マイクロ波、ミリ波などを主体とした通信事業部門と、高周波誘導加熱を中心とした産業IH機器部門をもつ。
東亜ディーケーケー,東亜ディーケーケー株式会社（とうあディーケーケー、英文社名DKK-TOA CORPORATION）は、東京都新宿区に本社を置く分析機器などの製造販売を行う企業である。
東海テック,株式会社東海テック（とうかいてっく）とは、かつて存在した日立グループ企業としてユビキタス製品や携帯電話製品の生産を主体に行なっている企業である。その他、金型製作、基板の高密度実装、機構部品のプラスチック部品成形、UV塗装なども行なっていた。
東京エレクトロン,東京エレクトロン株式会社（とうきょうエレクトロン）は、東京都港区赤坂に本社を置く、半導体製造装置およびフラットパネルディスプレイ製造装置をビジネスとする会社である。この分野でのシェアは、日本で第1位、世界で第3位である。東京証券取引所一部上場。なお、ハンドドライヤー（エアータオル）を製造する同名の会社（本社・東京都多摩市）も存在するが、関連は一切ない。
東京エレクトロン九州,東京エレクトロン九州株式会社（とうきょうエレクトロンきゅうしゅう）は、熊本県合志市に本社を置く、半導体製造装置等の開発・設計・製造を行なうメーカーである。東京エレクトロングループの企業。
東京エレクトロン山梨,東京エレクトロン山梨株式会社（とうきょうエレクトロンやまなし、TOKYO ELECTRON YAMANASHI LIMITED）は、山梨県を拠点とする東京エレクトロングループの企業である。
東京エレクトロン東北,東京エレクトロン東北株式会社（とうきょうエレクトロンとうほく、TOKYO ELECTRON TOHOKU LIMITED ）は、岩手県と山梨県を拠点とする東京エレクトロングループの企業である。
東京カソード研究所,"株式会社東京カソード研究所（Tokyo Cathode Laboratory Co., Ltd.）は、東京都板橋区に本社を置く電子部品および半導体・ディスプレイ用の検査装置、プローブカードなどを製造、販売する企業である。2009年3月期より、連結・単独決算とも4期連続で最終損益が赤字となり、経営難に陥っていたが、2013年3月14日、民事再生法の適用を申請した。"
東京コスモス電機,東京コスモス電機株式会社(TOCOS)は、神奈川県座間市に本社を置く東証二部上場の電子部品メーカーである。　一般的には可変抵抗器（ポテンショメータ）、半固定抵抗器のメーカーとして知られるが、可変抵抗器の技術を応用した各種自動車用センサーやフィルム状のヒータ(面状発熱体)などの自動車部品も主要事業になっており自動車部品サプライヤーとしての側面も強い、最近ではZigBee無線モジュールの事業にも参入している。
東京サイレン,東京サイレン株式会社（とうきょうサイレン）は、消防用車両積載品の開発・販売を専門に行っている日本の消防機器メーカーのひとつ。通称、東京サイレン。東京消防庁や総務省消防庁の協力企業として、現行消防機器の検証や問題点を改善した新型機器の開発研究を行っている。
東京電波,"東京電波株式会社（とうきょうでんぱ、英称：Tokyo Denpa Co., Ltd.）は、日本の水晶部品メーカーの大手。"
東研,"株式会社東研（とうけん、英: TOHKEN CO., LTD.）は、かつて東京都新宿区に本社を置いていた、主にバーコード、二次元コード、X線顕微鏡検査装置を中心とした電気機器メーカー。2012年2月に株式会社マーステクノサイエンスに吸収合併（同時に株式会社マーストーケンソリューションに商号変更）され、消滅した。"
東光高岳,株式会社東光高岳（とうこうたかおか）は、電気機械器具関連の製造・販売を行う企業である。
東芝,株式会社東芝（とうしば、英称：TOSHIBA CORPORATION）は、大手総合電機メーカー。大手電機8社（日立製作所、パナソニック、東芝、三菱電機、ソニー、シャープ、日本電気、富士通）の一角。重電8社（日立製作所、東芝、三菱電機、富士電機、明電舎、日新電機、ダイヘン、東光高岳）の一角。また、大手重電3社（日立製作所、東芝、三菱電機）の一角。半導体メーカー国内最大手。売上高で、日立製作所に次ぐ総合電機メーカー2位。
東芝テック,東芝テック株式会社（とうしばテック、TOSHIBA TEC CORPORATION）は、東京都品川区に本社を置く電気通信機器メーカーで、東芝デジタルプロダクト事業の中核組織。IBMよりRSS事業を買収。POSシステムシェア世界首位。
東芝ビデオプロダクツジャパン,"東芝ビデオプロダクツジャパン株式会社（とうしば -、Toshiba Video Products Japan Co., Ltd.）は、かつて存在した東芝グループの企業。"
東芝メディカルシステムズ,東芝メディカルシステムズ株式会社（とうしばメディカルシステムズ）は、東芝グループの老舗医療機器メーカーである。
東芝ライテック,東芝ライテック株式会社（とうしばライテック、Toshiba Lighting & Technology Corporation）は、東芝グループの照明器具・管球メーカーである。本社は神奈川県横須賀市船越町1-201-1（横須賀事業所内）。
東芝ライフスタイル,東芝ライフスタイル株式会社（とうしばライフスタイル）は、テレビや白物家電の開発・製造・販売を行う東芝のグループ企業である。
東芝機器,東芝機器株式会社（とうしばきき）は、かつて存在した群馬県前橋市に本社を置いていた東芝グループの企業である。
東芝電池,東芝電池株式会社（とうしばでんち）は、東芝グループの電池メーカー。
東芝燃料電池システム,東芝燃料電池システム（とうしばねんりょうでんちシステム）は、東芝グループの燃料電池メーカー。財団法人新エネルギー財団を経由して一般家庭用燃料電池を出荷しているほか、産業用燃料電池も手がけている。
東北パイオニア,東北パイオニア株式会社（とうほくパイオニア、Tohoku Pioneer Corporation ）は、山形県天童市に本社を置く、パイオニアの子会社。カーエレクトロニクス関連製品（主にカーオーディオ用スピーカーユニット）を開発・製造するメーカー。かつては家庭用音響機器（ホームオーディオ）用アクセサリー（主にヘッドフォン、マイクロフォンなど）の開発・製造を手掛けていた。1997年、パッシブ駆動方式有機ELディスプレイ量産に成功し、グループ内でも特徴的な会社である。
東北フジクラ,株式会社東北フジクラ（とうほくフジクラ）は、フジクラのセンサ主力工場として、秋田県秋田市に1989年4月設立された。
東洋ハーネス,"東洋ハーネス株式会社（とうようハーネス、Toyo Harness Co., Ltd. ）は、かつて存在した住友グループに所属するワイヤーハーネス製造メーカー。2010年10月に北陸ハーネス、九州住電装、新宮電装のと合併し、SWS西日本株式会社となった。"
東洋工機,"東洋工機株式会社（とうようこうき、英文社名TOYOKOUKI Co,.Ltd.）は、鉄道車両用電気機器の保守、修繕、各種部品などの生産を行う企業である。かつては鉄道車両メーカーであった。"
東洋電機,東洋電機 三和系（みどり会加盟）の鉄道用・産技用を中心とした電気機器のメーカー。東京都中央区に本社を置く。→ 東洋電機製造 三菱電機系の鉄道用機器メーカー。兵庫県丹波市に本社を置く。 独立系で、システム工事も兼業する電気・電子機器メーカー。三重県四日市市に本社を置く。 独立系の電気制御機器メーカー。本項では同社について詳述する。東洋電機株式会社（とうようでんき、Toyo Electric Corporation ）とは、愛知県春日井市に本社を持つ配電盤やセンサなど電気制御機器を中心とした会社である。名古屋証券取引所第2部上場。鉄道車両の電機品メーカーとして知られる東洋電機製造とは何の関係もない。こちらも「東洋電機」と呼ばれることが多いので注意が必要である。
東洋電機製造,東洋電機製造株式会社（とうようでんきせいぞう、英: TOYO DENKI SEIZO K.K.）は、鉄道車両用電気機器、産業生産設備をはじめとする電気機械などの生産を行う企業である。通称、「東洋電機」と呼ばれる。東京証券取引所第1部上場（証券コード:6505）。同社は半導体製造部門を持たない重電機器メーカーのためGTOサイリスタ、IGBTやダイオードなどの主要電力半導体は三菱電機より供給を受けている。ただし、1980年代まではサイリスタを自社製作、その後もSIサイリスタの商品化研究を行っていたが、1998年限りで半導体事業からは撤退した。鉄道車両下部の機器収納箱やパンタグラフ基部などに「Toyo Denki」と書かれた同社の現ロゴや「T」「D」「K」の三文字をあしらった旧ロゴ（現ロゴ「Toyo Denki」と併用している）をしばしば見ることができる。みどり会の会員企業である。
東洋電子工業_(富山市),東洋電子工業株式会社（とうようでんしこうぎょう）は、電子部品の製造メーカー。100円でインターネットを楽しめるインターネット・キオスク『@Station』を日本で初めて開発したことでも有名である。2000年に1号機を名古屋空港（現名古屋飛行場）に設置。
藤井電工,藤井電工株式会社（ふじいでんこう）は兵庫県加東市に本社を置く、安全帯など墜落防止機器を製造する企業である。日本の安全帯市場では同社が６割と圧倒的なシェアを占めており、保護具メーカー数社に対してOEM供給も行っている。
内外電機,内外電機株式会社（ないがいでんき、英称：Naigai Energering Inc.）は、大阪府東大阪市に本社を置く分電盤などの電気機器メーカー。
日新電機,"日新電機株式会社（にっしんでんき、英: Nissin Electric Co,Ltd）は、京都府京都市右京区に本社を置く住友グループの電気機器メーカー。重電8社（日立製作所、東芝、三菱電機、富士電機、明電舎、ダイヘン、東光高岳、日新電機）の一角。また、中堅重電2社（東光高岳、日新電機）の一角。電力機器（重電：受電設備、変電設備）などを製造・販売。特に、電力用コンデンサや世界最小クラスのガス絶縁開閉装置 (GIS) などに注力している。また近年はビーム応用装置や制御システム、電子デバイスなどを製造・販売。さらに中国、東南アジアに現地法人を設立し積極的に営業展開している。また似た社名である日新製鋼とは資本・人的相互において無関係である。"
日置電機,日置電機株式会社（ひおきでんき）は、長野県上田市に本社を置く電気計測器の開発、生産、販売を行うメーカである。創業は1935年6月。
日東工業,日東工業株式会社（にっとうこうぎょう、英称：NITTO KOGYO CORPORATION）は、愛知県長久手市に本社を置く分電盤などの電気機器メーカー。
日本ATM,日本ATM株式会社（にほんエーティーエム、ATM Japan Ltd.）は、日本NCRを中心に設立された、OEMによる現金自動預け払い機（ATM）機の販売、およびそれらの保守などを行う会社。
日本アイ・ビー・エム,"日本アイ・ビー・エム株式会社（にほんアイ・ビー・エム、日本IBM、英文表記：IBM Japan, Ltd.）は、米IBM（IBM Corporation）の日本法人。米IBMの100%子会社である有限会社アイ・ビー・エム・エーピー・ホールディングス（APH。後述のIBM APとは別の日本法人）の100%子会社であり、米IBMの孫会社にあたる。"
日本アビオニクス,日本アビオニクス株式会社（にっぽんアビオニクス）は、情報処理システム関連機器、防衛用電子機器の製造・販売などを行う企業である。
日本アンテナ,日本アンテナ株式会社（にっぽん-）は、アンテナなどを製造する電気機器メーカー。マスプロ電工やDXアンテナなどと並んで日本を代表するテレビアンテナメーカーである。日本国内におけるテレビアンテナのシェアは業界3位。海外進出も盛んで、日本アンテナフィリピン、日本アンテナアメリカ、上海日安電子有限公司など海外に販売拠点を持つ。生産拠点は、所沢、蕨、川里に加え、2005年に中国上海工場を開設した。
日本ケミコン,日本ケミコン株式会社（にっぽんケミコン）は、東京都品川区に本社を構えるアルミ電解コンデンサ、電気二重層キャパシタなどのコンデンサからアモルファスチョークコイルなどの電子部品を主に開発、製造、販売している企業である。
日本シイエムケイ,日本シイエムケイ株式会社（にっぽんシイエムケイ、英: CMK CORPORATION）は、東京都新宿区に本社を持つ電子部品・プリント基板メーカーである。
日本セラミック,日本セラミック株式会社（にっぽんセラミック）は、鳥取県鳥取市に本社を置くセラミックスを使用したセンサなどを製造、販売するメーカーである。
日本タングステン,"日本タングステン株式会社（にっぽんタングステン、英字：Nippon Tungsten Co., Ltd.）は、福岡県福岡市博多区に本社を置く、タングステン・モリブデン、およびファインセラミックスの精製加工会社である。東京証券取引所二部・福岡証券取引所上場。"
日本デジタル研究所,"株式会社日本デジタル研究所（にほんデジタルけんきゅうじょ、Japan Digital Laboratory Co., Ltd.、略称：JDL）は、財務会計ソフトウェアや専用コンピュータシステムの開発・製造・販売を行っている会社。近年、会計ERPであるJDL IBEX Enterprise会計の発売を開始。会計事務所と顧問先のインターネット連携強化に注力。"
日本トリム,"株式会社 日本トリム（にほんトリム、英称：Nihon Trim Co.,Ltd.）は、大阪府大阪市北区に本社を置くアルカリイオン整水器（家庭用整水器）及び浄水カートリッジ・血液透析用整水器等の製品開発及び販売を行う企業グループである。"
日本ビクター,"日本ビクター株式会社（にほんビクター、Victor Company of Japan, Limited）は、かつて存在した映像機器・音響機器・記録メディアを主製品とするメーカー。株式会社JVCケンウッドの子会社だった。日本では、蓄音機から聞こえる亡き飼い主の声に耳を傾ける犬（ニッパー）を描いて“His Master's Voice”と名づけられた絵を登録商標としていた。グローバルブランドを「JVC」、ブランドステートメントを「The Perfect Experience」としている。現在はJVCケンウッドが「JVC」ブランドを展開している。なお社名の読みについて、定款に定めをおいておらず登記もされていないが、近年のテレビ・ラジオ放送の提供クレジットやニュース番組などの報道では「にほんビクター」とアナウンスされていた。"
日本技術センター,株式会社 日本技術センター（にほんぎじゅつセンター）は、兵庫県姫路市東延末に本社を置く、総合エンジニア及び技術系人材派遣業をおこなう企業である。
日本光電工業,日本光電工業株式会社（にほんこうでんこうぎょう）は、医療機器を開発・製造・販売する東証一部上場企業である。1951年創立。本社所在地は東京都新宿区で、日本国内外で26社によるグループ経営を行っている。
日本航空電子工業,"日本航空電子工業株式会社（にほんこうくうでんしこうぎょう、Japan Aviation Electronics Industry, Limited）は、東京都渋谷区と東京都昭島市にそれぞれ本社と工場を置き、コネクタ等の電子機器製品の製造販売を行う他、子会社22社(うち海外子会社13社)、関連会社2社及びその他の関係会社1社で「航空電子グループ」と称する企業集団を構成して事業活動を行っている国内部品メーカーである（NECグループに属している）。"
日本高圧電気,"日本高圧電気株式会社（にっぽんこうあつでんき、英: Nippon Kouatsu Electric Co., Ltd. ）は、愛知県大府市に本社を置く配電用機器メーカーである。"
日本高周波,日本高周波 株式会社日本高周波。愛知県の自動車部品メーカー。トヨタ自動車の二次下請けだったが、2009年3月3日 自己破産を申請。 日本高周波株式会社。神奈川県のメーカー。本項で詳述する。日本高周波株式会社（にほんこうしゅうは）は、神奈川県横浜市に本社をおく企業。
日本信号,"日本信号株式会社（にっぽんしんごう、Nippon Signal Co., Ltd.）は、東京都千代田区丸の内に本社を置く、信号機・自動改札機等の製造を行なうメーカーである。信号機メーカーとしては日本国内トップ。東京証券取引所一部上場。"
日本抵抗器製作所,株式会社日本抵抗器製作所（にほんていこうきせいさくしょ）は、富山県南砺市に本社を置く抵抗器などの電子部品を製造販売している企業である。
日本電音,日本電音株式会社（にほんでんおん）とは大阪府枚方市に本社を置く音響機器・音響放送機器を製造販売する企業である。
日本電気,"日本電気株式会社（にっぽんでんき、英：NEC Corporation、略称：NEC（エヌ・イー・シー）、旧英社名 Nippon Electric Company, Limitedの略）は、東京都港区芝五丁目（元・東京都港区芝三田四国町）に本社を置く住友グループの電機メーカー。大手電機8社の一角（日立製作所、パナソニック、東芝、三菱電機、ソニー、シャープ、日本電気、富士通）。日電（にちでん）と略されることも稀にあるが、一般的には略称のNECが使われ、ロゴマークや関連会社の名前などにもNECが用いられている。住友電気工業と兄弟会社で、同社及び住友商事とともに住友新御三家の一角であるが、住友の象徴である井桁マークは使用していない。"
日本電産,日本電産株式会社（にほんでんさん、英: Nidec Corporation）は、京都府に本社を置く日本の電気機器製造会社。
日本電産サーボ,日本電産サーボ株式会社（にほんでんさんサーボ）は、群馬県桐生市に本社を置くブラシレスDCモーター、ステッピングモーター等の精密小形モーターの製造を行う日本電産グループの企業である。元日立グループであった。
日本電産サンキョー,日本電産サンキョー株式会社（にほんでんさんサンキョー、英: NIDEC SANKYO CORPORATION）は、日本電産株式会社の子会社で電子部品、システム機器を製造。
日本電子,日本電子株式会社（にほんでんし、JEOL Ltd.）は、東京都昭島市に本社を置く、電子顕微鏡をはじめとした精密機器や理化学機器の設計、製造、販売、保守を行う企業である。東京証券取引所一部上場。
日本電子材料,日本電子材料株式会社（にほんでんしざいりょう）は、兵庫県尼崎市に本社を置く半導体メーカー。プローブカードの国内トップシェアで、世界でも第2位のシェアを有する。
日本電波工業,"日本電波工業株式会社（にほんでんぱこうぎょう、英称：Nihon Dempa Kogyo Co., Ltd.）は、東京都渋谷区に本社を置く大手水晶デバイス製造メーカー。内製する人工水晶を材料として水晶振動子、水晶発振器、水晶フィルタ、光学用フィルタ、弾性表面波フィルタ（SAWフィルタ）などの水晶デバイスを製造している。また、医療用の超音波診断装置に使用される超音波探触子も製造している。最近では、周波数シンセサイザやQCMセンサーも開発している。"
日本熱学工業,日本熱学工業（にっぽんねつがくこうぎょう） 英(Nippon Netsugakukogyo Co.Ltd) は、かつて存在した日本の空調機器製造メーカー。静岡県静岡市にある日本熱学とは資本・人的ともに無関係。
日本分光,日本分光株式会社（にほんぶんこう、英称：JASCO Corporation）は、可視紫外分光光度計、赤外分光光度計、レーザラマン分光光度計、高速液体クロマトグラフなど分析機器の製造販売を行なうメーカー。1958年創業、東京都八王子市の北八王子工業団地に本社を置く。1991年10月1日、日本分光工業株式会社から現在の日本分光株式会社に社名変更。
日本無線,"日本無線株式会社（にほんむせん、英: Japan Radio Co., Ltd.、略称：JRC）は、東京都中野区に本社を置く老舗の大手通信機器メーカーである。親会社日清紡ホールディングスの中核であるエレクトロニクス部門に属する。産業用および公共用無線通信システムを製造・販売しており、主要営業品目は、通信機器・海上機器・システム機器に大別される。"
日立アドバンストデジタル,"日立アドバンストデジタル（ひたちアドバンストデジタル、Hitachi Advanced Digital, Inc.）は、かつて存在した日立製作所、日立コンシューマエレクトロニクス株式会社の100%子会社。組込みシステムやデジタル機器の開発を行っていた。"
日立アプライアンス,日立アプライアンス株式会社（ひたちアプライアンス）は、東京都港区にある日立グループの企業。
日立アロカメディカル,日立アロカメディカル株式会社は、東京都三鷹市に本社を置く老舗医療機器メーカーである。2011年、日立メディコの子会社となり、日立グループの一社となった。
日立エーアイシー,日立エーアイシー株式会社（ひたちエーアイシー）は、日立グループの電気機器製品メーカである。
日立オムロンターミナルソリューションズ,"日立オムロンターミナルソリューションズ株式会社（ひたちオムロンターミナルソリューションズ、英文名称:Hitachi-Omron Terminal Solutions, Corp. ）は、東京都品川区と愛知県尾張旭市に本社を置くATMなどの企画・製造を行なう企業。"
日立マクセル,"日立マクセル株式会社（ひたちマクセル、Hitachi Maxell, Ltd.）は電池、磁気テープ、光学部品などの製造・販売、CD、DVDなどの光ディスクを販売する日立製作所の関連会社である。"
日立マクセルエナジー,日立マクセルエナジー株式会社（ひたちマクセルエナジー、英: Hitachi Maxell Energy Ltd.）は、かつて存在した、リチウムイオン電池やボタン電池、乾電池などの製造・販売を販売する日立グループの会社である。
日立メディコ,"株式会社日立メディコ（ひたちメディコ）は、東京都千代田区に本社を置く日立グループの大手医療機器メーカーである。2012年度の連結売上高は、CTスキャン装置など医療機器事業が1,295億円、電子カルテシステムなど医療情報システム事業が101億円となっている。"
日立ライティング,日立ライティング株式会社（ひたちライティング）は、日立グループに属し、照明事業を専門に行っていた会社。2003年4月、日立グループの事業再編により照明事業を集約して設立された。一時期、米GE（照明事業部門）と資本・業務提携関係にあった関係上、正式社名を「日立GEライティング」としていたことがある。その後、日立グループのさらなる事業再編により、家電と空調機器の事業会社である日立アプライアンスへ2010年10月1日に吸収合併された。2015年現在は、日立アプライアンス株式会社 家電・環境機器事業部 が事業を引き継いでいる。
日立リビングサプライ,株式会社日立リビングサプライ（ひたちリビングサプライ、英語表記は後述）は、日立グループの企業。
日立化成エレクトロニクス,日立化成エレクトロニクス株式会社（ひたちかせいエレクトロニクス）は、日立化成のグループ会社であり、電気機器製品メーカーである。
日立国際電気,株式会社日立国際電気（ひたちこくさいでんき、英: Hitachi Kokusai Electric Inc.）は、日立グループの電気機器メーカー。同社は、日立グループ内にて無線通信機器や放送・映像機器の製造販売を手がけていた、国際電気・日立電子・八木アンテナの3社が、2000年10月1日付で、旧国際電気を存続会社として合併して誕生した。（八木アンテナはその後、同社の100%子会社として分社化。）旧国際電気は、国際無線電信・国際無線電話・国際海底線電話の設備建設保守を業務とする特殊会社として国策により設立された、国際電気通信（株）の狛江工場を源流とする。
日立情映テック,株式会社日立情映テック（ひたちじょうえいテック）は、映像情報製品の部品生産、工場のCIM/CADのシステム構築、大画面映像ディスプレイのシステム設計、OA機器の販売からメンテナンスにいたる総合エンジニアリング企業。日立グループに属する。1975年(昭和50年)の設立。
日立製作所,株式会社日立製作所（ひたちせいさくしょ）は、日本最大の総合電機メーカー。大手電機8社（日立製作所、パナソニック、東芝、三菱電機、ソニー、シャープ、NEC、富士通）の一角。重電9社（日立製作所、東芝、三菱電機、富士電機、明電舎、ダイヘン、東光高岳、日新電機）の一角。また、大手重電3社（日立製作所、東芝、三菱電機）の一角。通称は日立・HITACHIなどである。特に創業の地であり、主力工場を抱える茨城県日立市などでは、行政機関の日立市や他の日立グループ各社などと区別するため、日製（にっせい：「日」立「製」作所の略称）とも呼ばれている（後述参照）。前身は、現在の茨城県日立市にあった銅と硫化鉄鉱を産出する久原鉱業所日立鉱山である。日立鉱山を母体として久原財閥が誕生し、久原財閥の流れを受けて日産コンツェルンが形成された。また、日立鉱山で使用する機械の修理製造部門が、1910年（明治43年）に国産初の5馬力誘導電動機（モーター）を完成させて、日立製作所が設立された。
日鐵溶接工業,"日鐵溶接工業株式会社（にってつようせつこうぎょう、英文社名 Nippon Steel Welding & Engineering Co.,Ltd.）は、かつて存在した溶接材料・溶接機器メーカーである。"
能美防災,能美防災株式会社（のうみぼうさい）とは、国内最大手の総合防災設備メーカーである。火災報知設備、消火設備の製造開発、施工のほか、トンネル、船舶、プラント向け防災設備をてがけている。また、愛知万博で有名になったドライミストの製造開発も行っている。セコムグループの一員である。
八海クリエイツ,八海クリエイツ hakkai株式会社（はっかい、英文社名:hakkai inc. ）は、新潟県南魚沼市に本社を置く電気機器メーカー。精密プラスチックの金型設計・製作と精密部品の製造・販売を事業とし、特に20t以下の成形機を利用した精密パーツの大量生産に実績があり、CDやDVDのレンズピックアップ部品、時計部品、コネクター関係部品等、600品種の成形部品を月産1億個生産している。
八重洲無線,"八重洲無線株式会社（英語: Yaesu Musen Co., Ltd.）は、東京都品川区に本社を置く日本の無線通信機器メーカーである。"
八木アンテナ_(企業),八木アンテナ株式会社（やぎアンテナ、英文社名：YAGI ANTENNA INC.）は、かつて存在したアンテナおよびアンテナ周辺機器のメーカー。日立国際電気の連結子会社であった。後継会社は日立国際八木ソリューションズ。
八木電子,八木電子株式会社（やぎでんし）は、八木アンテナの製造部門子会社。本社を秋田県にかほ市に置き、アンテナなどの通信機器製造と各種通信システムを一貫生産している。
比亜迪,比亜迪股有限公司（略称：比亜迪またはBYD＜ビーワイディー＞、英語: BYD Company Limited）は広東省深市に本社を置く中華人民共和国の企業。グループ企業各社を通じて、IT部品（二次電池、携帯電話部品・組立）と、自動車の2大事業を展開している。リチウムイオン電池の製造で世界第3位、携帯電話用では世界第1位のメーカー。さらに電池事業のノウハウを生かして自動車事業に参入し、2008年12月には世界初の量産型プラグインハイブリッドカーを発売。2009年2月の中華人民共和国内の自動車販売台数トップは同社産のF3であった。2010年4月1日には日本の金型メーカーオギハラの館林工場を買収している。
浜松ホトニクス,浜松ホトニクス（はままつホトニクス、英語表記 Hamamatsu Photonics K.K.）は、光関連の電子部品や電子機器を製造・販売する株式会社。1953年9月29日に「浜松テレビ株式会社」として創業。半導体レーザー、フォトダイオード、光電子増倍管、分析用光源など光関連で高い技術力を持つ。光電子増倍管で世界シェア約90%。「光」に関することなら医学、情報、スポーツ生理学までも手がける研究開発型企業。1996年に東証二部、続いて1998年に東証一部上場。
富士ゼロックス,"富士ゼロックス株式会社（ふじゼロックス、英語：Fuji Xerox Co., Ltd.）は、富士写真フイルム株式会社（現・富士フイルムホールディングス）と英ランク・ゼロックス（現ゼロックス・リミテッド）社との合弁会社として1962年に誕生した日本の機械メーカーである。本社に相当するアメリカのゼロックス・コーポレーションとの合弁会社とならなかったのは、当時はアジア地域がランク・ゼロックス社の商圏だったことによるもので、実質的には富士写真フイルムとゼロックス・コーポレーションとの合弁会社だった。"
富士通,富士通株式会社（ふじつう、英: Fujitsu Limited）は、日本の総合エレクトロニクスメーカーであり、総合ITベンダーでもある。ITサービス国内首位、世界上位。大手電機8社の一角（日立製作所、東芝、三菱電機、パナソニック、ソニー、シャープ、富士通、日本電気）。通信システム、情報処理システムおよび電子デバイスの製造・販売ならびにそれらに関するサービスの提供を行っている。
富士通ITプロダクツ,富士通ITプロダクツ（ふじつうあいてぃープロダクツ、FUJITSU IT PRODUCTS LIMITED）は、石川県かほく市に本社を置く富士通の子会社である。
富士通エレクトロニクス,富士通エレクトロニクス株式会社（ふじつうエレクトロニクス、英文社名：FUJITSU ELECTRONICS INC.）は、富士通グループの一つで電子機器用・通信機器用部品を開発する企業である。
富士通コンポーネント,富士通コンポーネント株式会社（ふじつうコンポーネント、英: FUJITSU COMPONENT LIMITED）は、電子部品の製造および販売を行うメーカーである。
富士通ゼネラル,株式会社富士通ゼネラル（ふじつうゼネラル、英: FUJITSU GENERAL LIMITED）は、富士通グループの電子、電気機器メーカーで、古河三水会会員会社である。
富士通テン,富士通テン株式会社（ふじつうテン、英文社名：FUJITSU TEN LIMITED）は富士通グループに属し、カーナビゲーション、カーオーディオの大手メーカーの一つ。純正オーディオを手がけるトヨタ自動車（デンソー）とも資本関係が深い。
富士通フロンテック,富士通フロンテック株式会社（ふじつうフロンテック）は、富士通グループに属する電子機器の開発・製造メーカーである。本社は東京都稲城市矢野口に所在。
富士通モバイルコミュニケーションズ,"富士通モバイルコミュニケーションズ株式会社（ふじつうモバイルコミュニケーションズ、Fujitsu Mobile Communications Limited, 略称 FMC 通称「富士通モバイル」）は、富士通傘下の、富士通及び東芝ブランドで携帯電話（スマートフォン及びフィーチャー・フォン）の開発・供給を行う企業。かつては東芝との合弁会社として、富士通東芝モバイルコミュニケーションズ株式会社（ふじつうとうしばモバイルコミュニケーションズ、Fujitsu Toshiba Mobile Communications Limited 略称 FTML 通称「富士通東芝」）であった。au（KDDI・沖縄セルラー電話連合）、ソフトバンクモバイル、イー・モバイル（イー・アクセス、現・ソフトバンクモバイル）向けに端末供給を行なっており、かつてはNTTドコモ向けの端末供給も行っていたが、今日のドコモ向け端末は富士通本体の「モバイルフォン事業本部」が担当している。"
富士電機,"富士電機株式会社（ふじでんき、Fuji Electric Co., Ltd.）は、神奈川県川崎市川崎区に本店を、東京都品川区大崎に本社事務所を置く、日本の大手電気機器メーカーである。古河機械金属（旧・古河鉱業）・古河電気工業・富士通とともに古河グループ（古河三水会）の中核企業である。重電8社（日立製作所、東芝、三菱電機、富士電機、明電舎、日新電機、ダイヘン、東光高岳）の一角。また、準大手重電3社（富士電機、明電舎、日新電機）の一角。"
富士電機アドバンストテクノロジー,"富士電機アドバンストテクノロジー株式会社（ふじでんきアドバンストテクノロジー、英文社名：Fuji Electric Advanced Technology Co.,Ltd.）は富士電機グループの基礎研究等を行っていた企業である。"
富士電機システムズ,"富士電機システムズ株式会社（ふじでんきシステムズ、英文社名：Fuji Electric Systems Co.,Ltd）は、過去に存在した富士電機グループの中核事業会社の一つで電力・産業システムや半導体などの電子デバイスを製造・設置する企業である。2011年4月1日付で親会社の富士電機ホールディングス株式会社（同日付で「富士電機株式会社」に商号変更）に吸収合併され、消滅した。"
富士電機テクニカ,"富士電機テクニカ株式会社（ふじでんきテクニカ、英文社名：Fuji Electric Technica Co., Ltd. ）は富士電機グループにおける中核事業会社の一つ富士電機機器制御株式会社（以下、FCS）傘下にあり、同社における器具を中心としたコンポーネントビジネスを国内全域において担う販売子会社である。"
富士電機デバイステクノロジー,"富士電機デバイステクノロジー株式会社（ふじでんきデバイステクノロジー、英文社名：Fuji Electric Device Technology Co.,Ltd、FDT）は、過去に存在した富士電機グループの中核事業会社の一つで磁気記録媒体を製造・設置する企業である。富士電機株式会社の主要子会社（富士電機機器制御(FCS)、富士電機リテイルシステムズ(FRS)）の一つであった。"
富士電機リテイルシステムズ,富士電機リテイルシステムズ株式会社（ふじでんき－）は、過去に存在した富士電機グループの一社で、自動販売機等を製造販売する企業。富士電機機器制御と共に富士電機株式会社の主要子会社である（持株会社体制時代の中核子会社の一つ）。2012年10月1日付で、富士電機株式会社に吸収合併され、解散した。
富士電機機器制御,"富士電機機器制御株式会社（ふじでんきききせいぎょ、英文社名：Fuji Electric FA Components & Systems Co., Ltd.）は、富士電機グループの（旧）富士電機機器制御株式会社とシュナイダーエレクトリックグループの（旧）シュナイダーエレクトリック株式会社（現在の同名企業とは直接の繋がりは無い）が事業統合されて設立された両グループの合弁会社で、受配電機器や、開閉制御機器など、工場のFAラインやインテリジェントビルなどの運転や安全を支えるコンポーネント機器の設計、製造、販売を行っており、富士電機グループの器具分野を担う企業である。富士電機株式会社の主要子会社（持株会社体制時代の中核子会社の一つ）で、FA機器のメーカー。"
武蔵システム_(東京都),有限会社武蔵システム（むさしシステム）は、東京都三鷹市にある、プリント基板設計・製作、ソフトウェア開発、ハードウェア開発、健康食品販売を行う企業である。
北芝電機,"北芝電機株式会社（きたしばでんき、Kitashiba Electric Co., Ltd.）は、福島県福島市に本社を置く重電メーカーである。東芝グループ企業。希であるが、当社から松川駅を経由し、大物車を介した大型変圧器の鉄道輸送が行われることがある（松川駅も参照）。"
北川工業,"北川工業株式会社（きたがわこうぎょう、英: Kitagawa Industries Co.,Ltd.）は、愛知県稲沢市に本社を置く工業用プラスチック部品及びEMC対策部品メーカー。"
北陸ハーネス,"北陸ハーネス株式会社（ほくりくハーネス、Hokuriku Harness Co., Ltd. ）は、かつて存在した住友グループに所属するワイヤーハーネス製造メーカー。2010年10月に東洋ハーネス、九州住電装、新宮電装のと合併し、SWS西日本株式会社となった。"
北陸電気工業,北陸電気工業株式会社（ほくりくでんきこうぎょう）は、富山県富山市に本社を置くセンサやモジュール、抵抗器などの電子部品を製造販売している企業である。同社の3軸加速度センサは有名ゲーム機のコントローラに使用されたことで一躍脚光を浴びた。
堀場製作所,"株式会社堀場製作所（ほりばせいさくしょ　英名：HORIBA, Ltd.）は、京都府京都市南区に本社を置く独立系の分析・計測機器大手。設立以来、分析・計測機器の総合メーカーとして、多彩な製品を世界各国に送りだしてきた。その分野は、自動車や半導体産業をはじめ新素材、エネルギー、鉄鋼、食品、バイオ、化学等々多岐にわたる。最近では、地球温暖化ガス分析装置や酸性雨測定装置など、環境保全に貢献する製品も、多数活躍している。M&Aを積極的に行い企業価値向上に努めている。社是は「おもしろおかしく」。エンジン排ガス測定・分析装置分野で80%の世界トップシェアを握る。2002年（平成14年）まで日立製作所が第一位の大株主であった為、日立製作所の関係が強く販路や社内習慣に影響がある。"
本多通信工業,本多通信工業株式会社（ほんだつうしんこうぎょう）は、東京都品川区に本社を置くコネクタを製造、販売している日本の企業。長野県安曇野市と中国深センに製造拠点を構える。
本多電子,"本多電子株式会社（ほんだでんし、英: Honda Electronics Co., Ltd. ）は、愛知県豊橋市に本社を置く超音波応用機器メーカーである。"
名古屋電機工業,"名古屋電機工業株式会社（なごやでんきこうぎょう、英: Nagoya Electric Works Co., Ltd.）は、愛知県あま市に本社を置く道路情報表示装置メーカー。"
明星電気,明星電気株式会社（めいせいでんき）は、日本の気象観測機器、計測機器等のメーカー。
明電舎,株式会社明電舎（めいでんしゃ、英文社名：Meidensha Corporation）は、東京都品川区に本社を置く電気機器メーカーであり、住友グループ広報委員会にも参加する企業である。重電機器およびシステム、水処理システム、産業システム機器などを手がける。重電8社（日立製作所、東芝、三菱電機、富士電機、明電舎、ダイヘン、東光高岳、日新電機）の一角。また、準大手重電3社（富士電機、明電舎、ダイヘン）の一角。自動車開発用試験装置で国内首位。
目黒電波測器,株式会社目黒電波測器（めぐろでんぱそっき）は、神奈川県川崎市幸区に本社を置く、各種電子計測器の設計・開発、製造、販売及び輸出入する企業である。
野田スクリーン,"株式会社野田スクリーン（のだスクリーン、英: Noda Screen Co., LTD. ）は、加工機器・材料の開発販売を事業とする企業。"
矢崎総業,矢崎総業株式会社（やざきそうぎょう、英文社名：Yazaki Corporation ）は登記上の本店(本社)は東京都港区に置き、実際のグループ本社機能は静岡県裾野市に置く、自動車部品（組電線、計器など）、ガス機器、電線、光ファイバー、空調機器、ソーラー機器、住設機器、などを研究・開発・製造・販売するメーカー。ワイヤーハーネスでは世界首位であり、自動車用スピードメーターは日本国内でデンソーに次ぐ第2位。タコグラフ、タクシーメーターは日本国内首位である。中、小型空調機器は日本国内首位。
立山科学グループ,立山科学グループ（たてやまかがくグループ）とは富山市に本社を置く企業である。主に電子部品や精密機械の製造販売を行っている。
力晶半導体,力晶半導体 （りきしょうはんどうたい、略称:Powerchip) は、台湾の集積回路メーカー。半導体メモリ、主にMemory ICs、ほかフラッシュなどを製造する。シェアは世界6位。2006年12月、日本のエルピーダメモリと合弁で瑞晶電子股有限公司（レックスチップ・エレクトロニクス）を設立した。
鈴木_(コネクタ),"株式会社鈴木（すずき、Suzuki Co., Ltd.）は、長野県須坂市に本社を置く各種コネクタ用部品、金型、半導体装置の開発・製造・販売を行う企業である。"
壺坂電機,壺坂電機株式会社（つぼさかでんき）は、カメラ、デジタルカメラ用各種検査機、光センサー応用による各種光学精密機器等の開発、製造、販売をおこなう企業。
廣華物産,廣華物産株式会社（こうかぶっさん）は、東京都板橋区中丸町に本社を置くラジカセを中心とした電気機器などの輸入・製造・販売を主な事業とする電気機器メーカー、輸入商社である。WINTECH（ウインテック）、MateStarなどのAVブランドを持つ。過去にはKOHKAブランドでAV機器を展開していたこともある。ジェネリック家電メーカーの１社でもある。
澤藤電機,"澤藤電機株式会社（さわふじでんき、英: Sawafuji Electric Co., Ltd.）は、群馬県太田市に本社を置き、電装品・電子製品、発電機、冷蔵庫の製造を行う企業。このうち発電機はホンダ向けOEM生産も行なう。"
