ABBグループ,ABB は、電力関連、重電、重工業を主たる業とする、スイスに本社を置く典型的多国籍企業で、100カ国以上に進出している。かつてはアセア・ブラウン・ボベリ（Asea Brown Boveri）と称していた。
BOSTEC,株式会社BOSTEC（ボステック）は、券売機、両替機及び売上集計システムの設計・製造・販売メーカー。デジタルプリントシステムの設計・製造・販売も行っている。本社所在地は長野県長野市大豆島。
DMG森精機,"DMG森精機株式会社（ディーエムジーもりせいき、英: DMG MORI SEIKI Co.,Ltd.）は、日本の工作機械製造会社。NC旋盤・MCで最大手格。2013年9月までの旧社名は株式会社森精機製作所。"
FNハースタル,FNハースタル (FNエルスタル、FN Herstal) は、ベルギーの銃器メーカー。かつては国営で、正式社名はファブリック・ナショナル・デルスタル (Fabrique Nationale d’Herstal) だった。略称FN社またはFNH。
IHI,"株式会社IHI（アイ・エイチ・アイ、英：IHI Corporation）は、東京都江東区豊洲に本社を置く、重工業を主体とする日本の製造会社。旧社名は石川島播磨重工業株式会社（いしかわじまはりまじゅうこうぎょう、Ishikawajima-Harima Heavy Industries Co., Ltd,）。2007年7月1日付をもって、従来略称として用いてきたIHIを正式社名に変更した（「H」はHarimaではなくHeavy IndustriesのH）。"
IHIエアロスペース,株式会社IHIエアロスペースとは、日本のロケット飛翔体の総合メーカー。現在は株式会社IHIの子会社であるが、日産自動車株式会社宇宙航空事業部が母体である。主として固体燃料ロケット（ロケットモーター）技術を応用し、各種宇宙用ロケットの開発及び防衛用ロケットの開発と製造を行っている。
IHIシバウラ,株式会社IHIシバウラ（アイ・エイチ・アイ シバウラ）は、長野県松本市に本社を置くエンジン（ディーゼルエンジンなどの産業用エンジン）、農業用機械、医療機器、消防ポンプ等の防災関連機器（シバウラブランド、およびラビットブランド）のメーカーである。『シバウラ』ブランドで知られる。
IHI運搬機械,"IHI運搬機械株式会社（アイエイチアイうんぱんきかい、IHI Transport Machinery Co., Ltd.）は、パーキングシステム・クレーン・コンベヤの開発、設計、販売、製造、据付ならびにメンテナンス、改修を行う企業である。IHIグループのひとつ。"
IHI回転機械,株式会社IHI回転機械（アイ・エイチ・アイ かいてんきかい）は、IHIグループのひとつ。汎用コンプレッサー、船舶及び自動車用過給機、船舶用デッキクレーンの油圧モーター、ジェットエンジン用コンプレッサー翼の製造、並びに汎用機械、大型回転機械を主体としたプラントエンジニアリング及び機器・設備の設計から据付メンテナンス、アフターサービス
IHI建機,IHI建機株式会社（アイ・エイチ・アイ けんき、英文名称: IHI Construction Machinery Limited.）は、日本の建設機械メーカー。旧石川島建機株式会社。IHIグループに属する。
JPS_(パチスロ),株式会社JPS（じぇい・ぴー・えす）は大阪府の企業。主にパチスロ機の製造を行う。同社が初めて導入した機能の主なものにリプレイタイムを利用した天井機能の導入（ホークIII）メダルが一定の純増枚数になるまで継続するART（リプレイタイムとアシストタイムが複合した形）の導入（アストロ球団）ボーナスフラグ成立後に突入するARTにより実質的な出玉増を実現（2027）などがある。
JUKI,JUKI株式会社（じゅーき、英称：JUKI CORPORATION）は、東京都多摩市に本社を置く日本の製造業である。主力事業の工業用ミシンのシェアは日本、世界ともに1位。世界中の有名アパレルブランドで使われている。日本以外にもアメリカ、ヨーロッパ、アジア、中国にグループ企業を展開する。呼称はアルファベッドのJUKIを用いている。
KITANO,株式会社KITANO（きたの）は、徳島県小松島市田野町に本社を置くDVD-ROM、各種自動化機械の製造を行う会社。
KVK,株式会社 KVK（ケーブイケー）は、岐阜県岐阜市に本社を置く水栓金具などを製造している企業である。1939年創業。
NTN,NTN株式会社 (NTN Corporation) は、大阪市西区に本社を置く日本の軸受（ベアリング）製造会社である。日本精工、ジェイテクトとともに、日本の軸受製造業界大手3社の一角を占める。三和グループに属する。
NTN羽咋製作所,株式会社NTN羽咋製作所（エヌティーエヌはくいせいさくしょ、NTN HAKUI CORPORATION）は、「NTN」の産業機械用軸受の旋削加工を行う企業である。
NTN能登製作所,株式会社NTN能登製作所（エヌティーエヌのとせいさくしょ、NTN NOTO CORPORATION）は、「NTN」の産業機械用軸受を生産する企業である。
NTN宝達志水製作所,株式会社NTN宝達志水製作所（エヌティーエヌほうだつしみずせいさくしょ、NTN HOUDATSU SHIMIZU CORPORATION）は、「NTN」の超大形軸受の完成品を生産する企業である。
SMC,SMC株式会社（エスエムシー - ）は、東京都千代田区に本社を置く、空圧機器などを製造・販売する企業。
TAIYO_(企業),"株式会社TAIYO（タイヨー、英: TAIYO, LTD.）は、油圧・空気圧機器の製造を行う企業。本社は大阪府大阪市東淀川区に所在。"
TCM_(企業),TCM株式会社（ティーシーエム）は、産業革新機構を中心として設立されたユニキャリアグループの輸送機器などのメーカーである。2013年（平成25年）4月1日、日産フォークリフト株式会社を吸収合併し、ユニキャリア株式会社となった。
THK_(機械メーカー),"THK株式会社（ティエチケー、英: THK Co., Ltd.）は日本の機械要素部品メーカーである。"
TOWA,TOWA株式会社（トーワ）は、京都府京都市南区に本社を置く精密金型、半導体製造装置メーカー。
TPR,TPR株式会社（ティーピーアール）は、東京都千代田区丸の内に本社を置く自動車用ピストンリングなどを製造、販売するメーカーである。ピストンリングとシリンダーライナー製造が柱。ライナーは世界首位。トヨタ向けが約3割を占める。芙蓉グループ（みずほグループ）に属する。
Wilesco,Wilesco（ヴィレスコ）は、1912年創業でドイツのルーデンシャイト (Ldenscheid) にある世界最大級の模型蒸気機関メーカー Wilhelm Schrder GmbH & Co.（ヴィルヘルム・シュレーダー）の略称であり、ブランドである。
アイエイアイ,株式会社アイエイアイは、静岡市清水区に本社を置く産業用ロボットのメーカーである。「IAI」は、小型単軸ロボットの製品名「IA（インテリジェント・アクチュエーター）」と「インコーポレイテッド」との組み合わせ。
アイジーティージャパン,アイジーティージャパン株式会社 (IGT Japan)は、パチスロ機を製造・販売している企業。アメリカのスロットマシン製造会社・IGT (International Game Technology) の日本法人であるが、日本国内でスロットマシンの製造・販売は行っておらず、商品ラインナップは海外とは大きく異なる。
アイスマン_(製氷機メーカー),アイスマン株式会社（Iceman Corporation）は、福岡県久留米市に本社を置く産業用製氷機メーカーである。
アイダエンジニアリング,"アイダエンジニアリング株式会社（アイダエンジニアリング、英称:AIDA ENGINEERING, LTD.）は、神奈川県相模原市に本社を置く企業である。主な事業は、金属加工機械のうちプレス機械を主力とする鍛圧機械ならびにそれらに付帯するプレス加工自動化のための各種自動装置、産業用ロボット及び金型等の製造・販売並びにサービスである。"
アイチコーポレーション,株式会社アイチコーポレーション（英: AICHI CORPORATION）は、埼玉県上尾市にある大手機械メーカーである。東証一部上場。
アタカ工業,アタカ工業株式会社（アタカこうぎょう）は、日立造船系列で水処理事業を主とした環境事業の会社。2006年10月1日に同じく日立造船系列の大機エンジニアリングと合併してアタカ大機株式会社となった。1967年9月に大手総合商社の安宅産業から分離・独立した建設と水処理事業の安宅建設工業の設立にはじまり、安宅産業破綻にともなって1977年12月から日立造船が経営参加することとなって日立造船の水処理部門を継承する。1978年1月に社名をアタカ工業株式会社に変更した。現在の事業は官需依存が強く、民需のみを手掛ける大機エンジニアリングとの合併での相乗効果が期待されている。
アタカ大機,"アタカ大機株式会社（あたかだいき、Daiki Ataka Engineering Co., Ltd.）は、かつて存在した日立造船系列の水処理事業を主とした環境装置、ゴム製品等の企業。2006年（平成18年）10月1日に日立造船系列同士のアタカ工業と大機エンジニアリングの合併にともなって存続会社のアタカ工業株式会社が社名変更した。2014年（平成26年）4月1日、親会社の日立造船株式会社に吸収合併された。"
アネスト岩田,アネスト岩田株式会社（アネストいわた、ANEST IWATA Corporation）は、神奈川県横浜市港北区に本社を置き、各種空気圧縮機（コンプレッサ)、真空機器、塗装機器・設備並びに液圧機器・設備を製造・販売している。創業から90年以上の歴史があり、海外20カ国以上に30以上の拠点を配置しグローバルに展開している。
アピックヤマダ,アピックヤマダ株式会社（あぴっくやまだ、英: APIC YAMADA CORPORATION ）は、長野県千曲市に本社を置く、半導体後工程用製造装置、超精密金型、リードフレームなどの開発・設計・製造・販売を手掛けるメーカーである。日本で最初に半導体チップをパッケージングする樹脂封止金型を開発・製造し、リード加工機においては世界首位級のシェアを誇る。
アマダマシンツール,"株式会社アマダマシンツール（AMADA MACHINE TOOLS CO., LTD. ）は、神奈川県伊勢原市に本社がある機械製造メーカー。バンドソーや旋盤・研削盤などの工作機械などの製造・販売を行っている。株式会社アマダのグループ企業でもある。"
アマノ,アマノ株式会社は、横浜市港北区に本社を置くタイムレコーダーなど時間管理用機器・システムを中心としたメーカー。東京証券取引所第1部上場企業。タイムレコーダー、就業システム、駐車場ゲートシステム等、時間管理機器において、圧倒的なブランド力とシェアを持つ。2013年、株式会社クレオを関連会社化し、人事・総務・会計関連を一気通貫に対応可能となり、日本版ERPを確立した。
イーグル工業,イーグル工業株式会社（イーグルこうぎょう）は東京都港区に本社を置く自動車・建設機械、船舶、航空機や石油精製・石油化学プラント、原子力発電所向けのメカニカルシール、特殊バルブ等を製造・販売する部品メーカー。
イジェフスク機械製作工場,イジェフスク機械製作工場 (Ижевский машиностроительный завод)。は、ロシアの兵器メーカーである。イジェフスク (Ижевский) と機械製作 (машиностроительный) の語頭から Ижмаш (Izhmash) と略す。ロシア語ではイジマシと読むが、英語風にイズマッシュと読むことが多い。短く Иж (Izh) とも略す。（いずれも大文字でも書く）イジェフスクに拠点があり、1807年にアレクサンドル1世が設立した。世界でも大手の兵器メーカーである。代表製品はアサルトライフルのAK-47（カラシニコフ突撃銃）。他に航空機関砲、ミサイル、ミサイル誘導装置も生産している。また、兵器以外にも、狩猟・スポーツ銃、ナイフ、オートバイ、自動車、工作機械などを作っている。
いすゞテクノ,株式会社いすゞテクノ（いすずテクノ）は、神奈川県藤沢市に本社を置く、設備保全事業全般（海外移転含む）を行ういすゞ自動車100%の子会社である。
イプセン・インターナショナル・ホールディング,イプセン・インターナショナル・ホールディング（Ipsen International Holding GmbH）は工業炉の開発・組立と製造を手がける企業である。会社の代表者はThorsten Krger（CEO）、Peter Fleischmann、Geoffrey Somary、Houman Khorram。
ウインブルヤマグチ,株式会社ウインブルヤマグチは、兵庫県加東市に本社を置く各種建設機械を扱うメーカーである。ショベルローダー、不整地運搬車をメインに製造している。
エイチアンドエフ,株式会社エイチアンドエフ（Hitachi Zosen Fukui Corporation ）は、福井県あわら市に本社を置く日立造船グループのプレス機械メーカー。
エーアイテック,"株式会社エーアイテック（英: AITEC CO., LTD.）は、長野県松本市の松本臨空工業団地内に本社を置くFA装置メーカーである。"
エース電研,株式会社エース電研（エースでんけん）は、パチンコ・パチスロ関連の機器を製造・販売している企業。1965年、パチンコ玉の集配装置を製造する会社として創業。（翌年法人化） 2000年からはaaa（トリプル・エー。ace active amusement=エース・アクティブ・アミューズメントの略）ブランドでパチンコ機の企画・販売も行っている。なお、パチンコ機の製造はソフィアに委託している。
エーワン精密,株式会社エーワン精密（エーワンせいみつ）は、東京都府中市に本社を置く工作機械メーカー。創業から39年間の経常利益率は約40%。
エスティック,株式会社エスティック（英: Estic Corporation）は、ナットランナー、ハンドナットランナ、サーボプレス、ネジ締付機の設計、開発、製造、販売を事業とする企業。
エストロラボ,株式会社エストロラボは大阪府東大阪市に本社を置く金属加工会社。屋合は「細穴屋」
エヌティーツール,エヌティーツール株式会社（英: NT TOOL CORPORATION ）は、愛知県高浜市に本社を置く工作機械用ツールホルダ製造会社。
エフオーアイ,株式会社エフオーアイは、神奈川県相模原市に本社を置く半導体製造装置メーカー。新規上場時の公募価格850円に対し、初値は770円であった。上場廃止前の発行済み株式の総数は26743300株であった。
エマ_(企業),株式会社エマは兵庫県の企業。主にパチスロ機の製造を行う。『めんそーれ』シリーズに代表される沖スロ系機種のヒット作が多い。
エンシュウ,エンシュウ株式会社は、静岡県浜松市南区に本社を置く工作機械メーカー。工作機械および工作機械部品の製造・販売のほかヤマハ発動機向けの輸送用関連機器部品の受託加工を行っている。
オイレス工業,オイレス工業株式会社（おいれすこうぎょう：OILES CORPORATION）は東京都港区の機械メーカー。
オーイズミ,株式会社オーイズミ（Oizumi Corporation）は、パチスロ関連機器等を製造する企業である。
オーエスジー,オーエスジー株式会社は、研削工具、転造工具・測定工具・工作機械・機械部品など工具類の製造メーカー。
オークマ,オークマ株式会社（英: Okuma Corporation）は、愛知県丹羽郡大口町下小口に本社を持つ工作機械製造会社。同じく愛知県にはヤマザキマザック、DMG森精機、ジェイテクト（旧豊田工機）など、国際的な工作機械メーカーが本社を置いている。
オークラ輸送機,オークラ輸送機株式会社（オークラゆそうき）は兵庫県加古川市に本社を構える物流機器メーカーである。1927年創業。
オカダアイヨン,オカダアイヨン株式会社（英: Okada Aiyon Corporation）は、大阪市に本社を置く建設機械の製造販売会社である。油圧ショベルのアームにつけるブレーカーやクラッシャー、カッターなどのアタッチメント製造が主力であり、これの製造販売を主たる業務としているほか、廃木材処理機やコンクリートガラ処理機などの環境関連機器の製造販売も手がけている。尚、1992年時点でのアタッチメント製造における業界シェアは3位であった。
オッケー.,"株式会社オッケー.（英: OK Co., Ltd. ）は、名古屋市天白区に本社を置くパチンコメーカー。京楽産業.のグループ企業。旧 株式会社まさむら遊機。"
オリエンタルチエン工業,オリエンタルチエン工業株式会社（オリエンタルチエンこうぎょう）は、石川県白山市に本社を置くローラーチェーンなどを製造、販売するメーカーである。
オリヒロ,オリヒロ株式会社は、群馬県高崎市緑町に本社を置く、健康食品など製造販売する総合企業。もともとは群馬県が名産地となっているコンニャクを製造する機械や食品を包装する機械を製造する企業として、鶴田商事の名で富岡市に設立。1995年頃にテレビCMを放映していたが一時休止、2007年10月から日本テレビ『ズームイン!!SUPER』の全国提供枠で放映を再開、現在はABC制作・テレビ朝日系列の『大改造!!劇的ビフォーアフター』ほかで、企業CM（曲名『いつも側に』・歌は須藤まゆみ（元東京Qチャンネル：同曲では「須藤麻友美」名義にて））を中心に放映している。
オリンピア_(企業),"株式会社オリンピア（OLYMPIA CO., LTD.）は、東京都に本社を置く、大手パチンコ・パチスロメーカー。現在は大手パチンコメーカーの平和の完全子会社。2007年よりパチンコ機の開発・販売にも進出。"
オルガノ,オルガノ株式会社（Organo Corporation）は、東京都江東区新砂に本社を置く、水処理装置・薬品等の製造販売を行う会社である。東京証券取引所一部上場。
カヤバシステムマシナリー,"カヤバシステムマシナリー株式会社(英文社名 : KAYABA SYSTEM MACHINERY Co.,Ltd.)は土木建設機械、産業機械、免震装置及び舞台装置などを製造する日本の株式会社。KYBグループの一つ。"
カワタ,"株式会社 カワタ（KAWATA　MFG.CO.,LTD.）は大阪府大阪市西区阿波座に本社を置く各種加工機器とそれに類するシステムの企画・製造・販売をおこなう企業である。1935年創業。"
キクカワエンタープライズ,"キクカワエンタープライズ株式会社（英: KIKUKAWA ENTERPRISE, INC. ）は、製材・木工機械、プリント基板加工機、各種NC制御加工機等の工作機械の製造・販売するメーカーである。"
キタムラ機械,キタムラ機械株式会社（きたむらきかい）は、富山県高岡市に本社を構える日本で稀なマシニングセンタ専業メーカーである。高岡市は銅器の町であり、中でも日本の8割以上の仏像が高岡で製造されていた。そこで工作機械製造業を営んでいた同社が千手観音像をヒントにして、世界に類がない工作機械・立形マシニングセンタ（T-12型）を1971年に開発した。同時に世界各国へ特許出願申請を行い、1974年に世界24カ国特許取得した。当時、日本の工作機械メーカ数社が、欧米の特許技術供与を受けライセンス生産していたマシニングセンターを、同社が初めて純国産技術により量産化した。また、ドイツ・ドナウ社をはじめ欧米工作機械メーカに技術供与を行い、マシニングセンタの普及に努めた。以来、世界のマシニングセンタブランドとして、海外では丈夫で高精度が永年維持できる機械として評価が高い。
キッツ,株式会社キッツ（英: KITZ CORPORATION）は、バルブ・システム機器等の流体制御機器の製造メーカー。東京証券取引所第一部上場。本社所在地は千葉県千葉市美浜区中瀬1丁目10番地1。
キトー,株式会社キトーは、機械メーカー。山梨県（製造部門）と東京都（営業部門）に本社を置いている。
キャタピラージャパン,キャタピラージャパン株式会社 (Caterpillar Japan Ltd.) は、アメリカ合衆国の世界最大手の建設機械製造会社である、キャタピラーの日本における現地法人である。
キヤノンファインテック,キヤノンファインテック株式会社は、埼玉県三郷市に本社を置く、キヤノン関連の複写機やプリンターなどを製造する企業である。2003年にキヤノンアプテックス株式会社とコピア株式会社が合併して誕生した。
キヤノンマシナリー,キヤノンマシナリー株式会社は、滋賀県草津市に本社を置く半導体製造装置などを開発、製造、販売する企業である。かつてはNECグループであった。キヤノングループ入り以降、事務機器の組立製造装置にも注力している。
キュートーシステム,"キュートーシステム株式会社（きゅーとーシステム、英称:Q-TO System Co., Ltd.）は、福岡市博多区に本社をもつ、太陽光発電システム、スマート電化システムによる給湯設備、IHクッキングヒーター、の販売、施工、メンテナンスを行う会社。2011年7月に社名表記を「給湯」からカタカナの「キュートー」に変更した。設立時の社名は給湯システムネットワーク株式会社（きゅうとうシステムネットワーク、英称:Hotwater System Network Co., Ltd.）。"
キンキクレスコ,株式会社キンキクレスコは、スポーツ器具・用品の製造・販売、スポーツ施設の企画・設計・施工を行う企業である。
クボタ,株式会社クボタ（英: Kubota Corporation）は、大阪府大阪市浪速区に本社を置く産業機械（農業機械、建設機械等）、建築材料、鉄管、産業用ディーゼルエンジンのメーカーである。かつてはコンピュータ（スーパーコンピュータ、ワークステーション）やエレクトロニクス機器、プレハブ住宅事業も手掛けていたことがあったが、撤退した。このうちプレハブ住宅は三洋電機に譲渡し、「三洋ホームズ」に改称した。
クマリフト,"クマリフト株式会社 (Kumalift.Co.,Ltd.) は、大阪府大阪市西区に本社を置く、エレベーターを主とする輸送機器の製造開発を行う企業である。"
グローリー_(企業),グローリー株式会社（英称:GLORY LTD.）は、兵庫県姫路市下手野に本社を置く、銀行を中心とした金融機関向けの通貨処理機や情報処理機、自動販売機、電子マネーなどの通貨関連機器の開発・製造及び販売・メンテナンスを行う企業である。
ゴール_(企業),株式会社ゴールとは。1914年11月に創業された鍵と錠の製造販売を行う企業である。V18シリンダーは2002年6月に日本のメーカーでは初めて米国UL防犯規格、UL Standard for Safety for Key Locks UL437 に登録された。
ココロ_(企業),"株式会社ココロ（英文名称Kokoro Company, Ltd.）は、サンリオグループのロボットメーカー。"
ゴスグラフィックシステムズジャパン,"株式会社ゴスグラフィックシステムズジャパンは、新聞及び商業オフセット輪転機及び関連機器の設計・製造・販売・サービスを行うメーカー。米国ゴスインターナショナルのグループ会社として設立され、""GOSS""のブランド名として知られる。海外のグループ各社と連携を取った印刷技術を提供している。"
コトブキ技研工業,"コトブキ技研工業株式会社（ことぶきぎけんこうぎょう、Kotobuki Engineering & Manufacturing Co.,Ltd.）は、日本の建設機械・産業機械のメーカー。"
コベルコクレーン,"コベルコクレーン株式会社（英文名称: Kobelco Cranes Co., Ltd.）は、日本の建設機械メーカー。神戸製鋼グループに属する。"
コマツNTC,コマツNTC株式会社は、富山県南砺市に本社を置く工作機械メーカーである。主力製品には専用工作機（トランスファーマシン）、研削盤、マシニングセンタ、レーザ加工機などある。
コマツユーティリティ,コマツユーティリティ株式会社は、小松製作所（コマツ）系列のフォークリフト・輸送機器、建設機械の製造・販売の会社であった。1945年の創業後、変遷を経て小松製作所向けにフォークリフトを生産するようになり、1974年に同社の国内営業部門、1977年に海外営業部門が分離・統合し、製販一体の会社となった。旧社名は小松フォークリフト株式会社。通称として、小松リフト及びコマツリフトがある。本社は栃木県小山市にあった。代表取締役社長は礒田 進(いそだ すすむ)。2007年4月1日、コマツ関連会社である小松ゼノア株式会社と合併し現社名となった(存続会社は小松フォークリフト)。なお、取り扱い製品は小松フォークリフト(フォークリフトカンパニー)の製品と、旧小松ゼノアのミニ建機シリーズで、小松ゼノアが扱っていた主要製品の農林機器事業（例・刈払機、チェーンソー、薪割機等）・ポンプ事業及び「ゼノア」のブランド名はスウェーデンのハスクバーナ社が買収し「ハスクバーナ・ゼノア」となり、油圧機器事業は親会社のコマツへ移管した。2011年4月1日、親会社のコマツと合併し法人格消滅。小山本社はコマツ栃木工場になり、販売・サービス事業会社としてコマツリフト株式会社が発足した(代表取締役社長・礒田信也。本社は下記大森オフィス)。
コマツ工機,コマツ工機株式会社（コマツこうき）は、石川県小松市に本社を置いていたコマツグループの工作機械などのメーカーである。
コマツ産機,コマツ産機株式会社（コマツさんき）は、石川県金沢市に本社を置くコマツグループのプレス機などのメーカーである。
コルモ,株式会社コルモは、日本のパチスロ機メーカーである。パチスロの基準が5号機に移行してから参入した企業のひとつである。パチスロ機の筐体はSNKプレイモアから供給を受けている。
ササクラ,"株式会社ササクラ（Sasakura Engineering Co.,Ltd.）は、大阪市に本社を置く、水処理装置や船舶用機器などの製造・販売を行う企業（東京証券取引所2部上場）。"
サッパボイラ,"株式会社サッパボイラ（Sappa Iron Works, Ltd.）は、大阪市北区に本社を置く、ボイラーやごみ焼却装置などの設計・製作・据付を行っている会社である。近年の日本では数少ない、蒸気機関車のボイラーのメンテナンスを引き受けている会社である。会社名のサッパは創業者の苗字・颯波（さっぱ）から来ている。関連事業として、モータープール事業、マンション事業を行っている。"
サトーホールディングス,サトーホールディングス株式会社（英: SATO HOLDINGS CORPORATION.）は東京都目黒区に本社を置く持株会社。バーコードや二次元コードのスキャナ・プリンターやハンドラベラーなどのハードウェア製品の開発・製造を行うサトーテクノロジー株式会社、ラベルなどのサプライ製品の製造を行うサトープリンティング株式会社、製品の販売を行う株式会社サトーなどを傘下に有する。
サフラングループ,サフラン (Safran S.A) は防衛、航空、通信分野のフランスの複合企業体である。スネクマやSAGEMを傘下にもつ。パリに本社がある。サフランの名前は舵のブレードを意味する。4250の提案から選ばれた。多くの企業を傘下に従える。
サムコ,サムコ株式会社（英: SAMCO Inc.）は、本社を京都市に置く、半導体等の電子部品製造装置のメーカー。CVD装置、ドライエッチング装置、ドライ洗浄装置等を製造・販売している。2001年5月30日にJASDAQ上場。2014年1月9日に東証1部に上場した。
サム技研II,株式会社サム技研Ⅱ（さむぎけんせかんど）は、愛知県東海市にある日本の機械装置メーカーである。
サンセイアールアンドディ,株式会社サンセイアールアンドディ（Sansei R&D）は、愛知県名古屋市中区に本社を置くパチンコ機の製造・販売会社。全国各地に支店や営業所などを持つ。
サンデンホールディングス,サンデンホールディングス株式会社（英: SANDEN HOLDINGS CORPORATION）は、群馬県伊勢崎市に本社を置く電機メーカーグループの持株会社である。
シーケーディ,CKD株式会社（CKD Corporation ）は、愛知県小牧市に本社を置く機械メーカーである。主に工場向けの自動機械装置や省力機器の製造・販売を行なっている。
ジェイテクト,株式会社ジェイテクト（英: JTEKT Corporation）は、トヨタグループ主要13社に属する大手機械・自動車部品製造会社である。
ジェーイーエル,株式会社ジェーイーエルは、広島県福山市に本社を置く「半導体用ウエハ」や「液晶パネル基板」を搬送するクリーンロボットのメーカー。
シギヤ精機製作所,株式会社シギヤ精機製作所（しぎやせいきせいさくしょ）は、広島県福山市に本社を置く研削盤を専門とした工作機械、を製造する工作機械メーカーである。
シチズンマシナリー,シチズンマシナリー株式会社は、長野県北佐久郡御代田町に本社を置く日本の工作機械メーカーである。
シブヤマシナリー,シブヤマシナリー株式会社は、石川県金沢市に本社を置く企業。ボトリングシステムで世界一のシェアを誇る澁谷工業のグループ企業である。
シブヤ精機,シブヤ精機株式会社（シブヤせいき）は、静岡県浜松市東区にある企業。旧株式会社マキ製作所。青果物選果施設最大手でシェアは5割強を誇る。全農指定メーカー。2007年9月27日静岡地方裁判所浜松支部へ民事再生手続開始を申し立て、保全命令を受けた。
シルバー精工,シルバー精工株式会社（シルバーせいこう、英: Silver Seiko Ltd.）は、東京都新宿区に本社を置く家庭用機器、事務機器のメーカーである。「シルバー編機」で知られるが、タイプライターなど事務機器なども製造している。2011年1月29日付で東京証券取引所1部上場廃止、同年12月27日付で破産手続き開始決定を受ける。なお、事業は会社分割により新設して設立した株式会社リードテクノスと柏崎ユーエステック株式会社が継承している。
シンドラーグループ,"シンドラーグループ（The Schindler Group, Schindler Aufzge AG）は、スイスにあるエレベーターとエスカレーターのメーカーである。世界100ヶ国に展開する国際的なメーカーである。"
スチールプランテック,スチールプランテック株式会社は、JFEエンジニアリング（旧・日本鋼管）、日立造船、住友重機械工業、川崎重工業の製鉄プラント部門を統合して設立された合弁会社。本社は横浜市神奈川区。
スパイキー_(パチスロメーカー),株式会社スパイキーは、日本のパチスロ機メーカー。
セガサミーホールディングス,セガサミーホールディングス株式会社は、大手パチスロ・パチンコ・ゲームメーカーのサミーと大手ゲームメーカーのセガグループおよび両社の関連会社の持株会社。
セタ_(企業),株式会社セタ（Seta Corporation）とは、2009年まで存在した日本の企業。旧社名は世田企画。パチンコ機周辺機器・情報機器・ゲームソフトなどの開発・販売を行っていた。
ゼネラルパッカー,"ゼネラルパッカー株式会社（英: General Packer Co.,Ltd. ）は、愛知県北名古屋市に本社を置く自動包装機械の中堅メーカー。"
ソディック,"株式会社ソディック（英称:Sodick Co., Ltd.）は、神奈川県横浜市都筑区に本社を置く日本の工作機械メーカー。"
ソディックプラステック,"株式会社ソディックプラステック（英: Sodick Plustech Co.,Ltd.）は、神奈川県横浜市都筑区に本社を置いていた企業である。2012年7月に親会社の株式会社ソディックへ吸収合併された。"
ソフィア_(パチンコ),株式会社ソフィアは群馬県桐生市に本社を置くパチンコメーカーである。「西陣」ブランドのパチンコ機で知られる。鉄工所としてパチンコ製造を始め、後に専業となる。現在ではパチンコ・パチスロ機の他に補給システムなど周辺機器の製造も行っている。なお、所属社員が本名ではなく、仕事用の変名を持っており、社内や営業活動などは変名で行うことでも有名（名刺にも変名が表記されている）。
ダイキン工業,"ダイキン工業株式会社（ダイキンこうぎょう、英名：DAIKIN INDUSTRIES, Ltd.）は、大阪府大阪市北区中崎西に本社を置く、空調機、化学品の大手メーカーである。略称は「ダイキン」。2010年の空調事業の売上高が約9400億円の、米国のキヤリア（コネティカット州）を抜いて世界一の企業である。また、フッ素化学でも世界屈指のシェアを持つ。"
ダイコク電機,"ダイコク電機株式会社（ダイコクでんき、英: Daikoku Denki Co., Ltd.）は、日本の電子機器メーカー。現在は愛知県名古屋市中村区に本社、愛知県春日井市に本部を置く。東京証券取引所・名古屋証券取引所第1部上場。"
ダイジェット工業,ダイジヱット工業（だいじぇっとこうぎょう）は大阪市平野区に本社を置く金型加工用工具・超硬エンドミル・ドリル・チップを製造販売する会社。
ダイハツディーゼルNHN,ダイハツディーゼルNHN株式会社は、大阪府茨木市に本社を置き、ドアクローザや自動ドアなどの製造販売を行っていた企業である。ダイハツディーゼルの子会社で、2009年2月に解散した。解散後は、橋田技研工業がドアクローザ、自動ドア事業の移譲を受け生産・販売をしている。[1]
ダイフク,ダイフクは、大阪市西淀川区に本社を置く物流システム、立体式の自動倉庫のメーカーである。自動車生産ラインのコンベヤシステム、洗車機、電子機器用部品、ボウリングのピンセッターやオートスコアラーなどの製造も手がけている。東京証券取引所1部、大阪証券取引所1部上場企業。
ダイベア,"ダイベア株式会社（英: DAIBEA CO., LTD.）は、大阪府和泉市に本社を置く軸受（ベアリング）メーカー。"
タイヨー_(パチスロ),株式会社タイヨーは、パチスロ機を製造する企業。本社は東京都港区にある。2010年4月22日、東京地方裁判所に民事再生手続開始を申し立てた。
タイヨーエレック,"タイヨーエレック株式会社（英: TAIYO ELEC Co., Ltd.）は、愛知県名古屋市西区にあるパチンコ・パチスロ製造販売会社である。2007年にサミーと資本・業務提携し、2011年にサミーの完全子会社（セガサミーホールディングスから見た場合は孫会社）になった。なお東京都に本社を置くパチスロメーカーのタイヨーとは無関係である。"
タカキタ,"株式会社タカキタ（英: TAKAKITA CO.,LTD. ）は、飼料作りなどの農業機械の製造・販売メーカーである。"
タカトリ,株式会社タカトリ（英: Takatori Corporation）は、半導体及び液晶関連機器、ワイヤーソーの製造販売、繊維機械などの開発、製造、販売を行っている会社である。
タクマ_(企業),株式会社タクマは、兵庫県尼崎市に本社を置く各種プラント（ボイラー・清掃施設等）関連企業である。
タケダ機械,タケダ機械株式会社（タケダきかい）は、石川県能美市に本社を置く金属加工機械や金型などを製造、販売するメーカーである。
タダノ,株式会社タダノ（英: TADANO LTD.）は、香川県高松市新田町に本社を置く、建設用クレーン、車両搭載型クレーン、高所作業車などを製造・販売するメーカーである。建設用クレーン最大手。
タツノ,株式会社タツノ(TATSUNO Corporation)は、石油関連機器の製造を中心とする機械メーカーである。ガソリンスタンドに設置されるガソリン計量機では、国内の最大のシェアを占める。
タナカ工業_(千葉県),タナカ工業株式会社（タナカこうぎょう）は、千葉県習志野市にあった2サイクルガソリンエンジンの製造メーカーである。習志野市にあるのは営業、経理などの事務部門で、エンジンの製造は千葉県長生郡にある、白子工場で行っている。
タンガロイ,株式会社タンガロイ（英: Tungaloy Corporation）は、主に超硬合金を用いた切削工具の製造・販売を行う日本のメーカーである。大手切削工具メーカーの中では先端技術志向。本社は福島県いわき市。切削工具以外にも、ボールペンのボール等の製造も行っている。
タンフィールド・パワード・アクセス・リミテッド,タンフィールド・パワード・アクセス・リミテッド（英: Powered Access Ltd Tanfield）は、イギリスAM市場に上場するホールディングカンパニーTanfield Groupの日本法人である。スノーケルジャパン（英: SNORKEL JP）ブランドの高所作業車やローリングタワーの販売を行う。
ツガミ,株式会社ツガミ（英: Tsugami Corporation）は、日本の工作機械製造者の一社であり、主に比較的小型のCNC旋盤や、円筒研削盤、転造盤を手掛ける他、マシニングセンタなどを生産している。第二次世界大戦前からの工作機械製造者で、主力工場を新潟県長岡市に置く他、長野県佐久市にも工場を構える。
テイエルブイ,"株式会社テイエルブイ（英：TLV CO.,LTD.）は、兵庫県加古川市に本社をおく、日本の計測・制御機器メーカー。機器の製造・販売、コンサルティング、蒸気・動力システム、配管の設計及び施工、機械器具設置工事などを行う。"
ディスコ_(切断装置製造),株式会社ディスコ（英: DISCO Corporation）は、シリコンウェハー加工機器のトップメーカーである。広島県の呉市で創業した。
テセック,株式会社テセック（英文社名:TESEC Corporation）は、東京都東大和市に本社を置く半導体デバイスの測定器（テスタ）及び自動搬送機（ハンドラ）を製造、販売するメーカー。JASDAQ上場。
テムザック,"株式会社テムザック(Tmsuk Co., Ltd.)は、福岡県宗像市に本社を構えるロボットの開発・製造・販売をおこなう企業である。“人とロボットの安全で快適な共存社会を創出する”趣旨のもとに設立された。"
テラル,テラル株式会社は、広島県福山市に本社を置くポンプ、送風機、水処理関連、環境関連機器等の製造及び販売をする企業。
トーハツ,トーハツ株式会社（Tohatsu Corporation）は、船外機、消防ポンプを主に生産販売している日本の製造業者。トーハツの名で知られる。一頃はホンダを凌ぐ日本一のオートバイメーカーとなったこともある。
トーヨーエイテック,トーヨーエイテック（Toyo Advanced Technologies）は、工作機械メーカー。自動車メーカーとして知られるマツダの工作機械事業を分社、独立させたもの。内面研削盤で国内トップシェア。本社はマツダの宇品工場にある。
トーヨーカネツ,トーヨーカネツ は東京都江東区にある会社
トーヨーコーケン,トーヨーコーケン株式会社（TOYOKOKEN K.K. ）は、機械メーカー。東京都に本社を置き、山梨県に本店・工場を置いている。トーヨーカネツの完全子会社。
トヨタタービンアンドシステム,"トヨタタービンアンドシステム株式会社（英: TOYOTA TURBINE AND SYSTEMS INC,）は、愛知県豊田市に本社を置く日本のマイクロガスタービンメーカー。"
トリニティ工業,トリニティ工業株式会社（トリニティこうぎょう、英: Trinity Industrial Corporation）は、愛知県豊田市に本社を置くトヨタグループの塗装設備大手企業。
トリビー,株式会社トリビーは、かつて存在したパチスロ機メーカー。「海人シリーズ」を主軸に沖スロに強みを持ち、2006年～2008年の間はサミーの技術協力を受け、タイアップ機を中心に25パイ機を多数リリースした。2013年7月31日をもって業務を終了した。
ナカオ金属工業,"ナカオ金属工業株式会社（なかおきんぞくこうぎょう、英文社名 Nakao Metal Engineering Industry Co.,Ltd.）とは、大阪府和泉市に本社を置く、日本の金属部品・産業用機械メーカーである。"
ナカシマプロペラ,"ナカシマプロペラ株式会社（英称：Nakashima Propeller Co.,Ltd）は、日本の船舶用推進機器メーカー。岡山県岡山市東区に本社を置き、船舶用プロペラでは世界トップのシェアをもつ。海上自衛隊向け潜水艦プロペラも全てここで製造されている。近年では人工関節など医療機器分野へ事業を広げ、売上の約一割を占めている。1992年より競艇用プロペラにも参入し、当時はヤマト発動機とシェアを二分していた。しかしプロペラ素材の確保が困難になりつつあったことなどから、2013年8月に撤退の意向を日本モーターボート競走会他に伝達、同年10月をもって正式に撤退することになった。"
ナガセインテグレックス,"株式会社ナガセインテグレックス（NAGASE INTEGREX CO., LTD. ）は岐阜県関市にある工作機械製造会社であり、0.001μm（1nm）の加工分解能をもつ機械を開発し販売している。国立天文台ハワイ観測所すばる望遠鏡や岡山天体物理観測所で使用されている補正板や主鏡などを受注している。"
ナカン,ナカン株式会社（ナカン、英文社名：NAKAN CORPORATION）は、千葉県千葉市に本社を置く液晶製造装置を製造、販売するメーカーである。液晶パネル用の配向膜印刷装置は世界で9割のトップシェア。
ナカンテクノ,"ナカンテクノ株式会社（ナカンテクノ、英文社名：Nakan Techno Co.,Ltd.）は、千葉県佐倉市に本社を置く液晶製造装置を製造、販売するメーカーである。液晶パネル用の配向膜印刷装置は主力商品。"
ナビタス,ナビタス株式会社は、大阪府堺市堺区に本社を置く特殊印刷機械や工具などを製造、販売するメーカーである。
ナブコシステム,ナブコシステム株式会社は、東京都港区虎ノ門に本社を置く日本の企業。自動ドアのトップシェアを誇るほか、ドアに関するステンレスサッシ・ガラス工事等を手がける。主要取引銀行はみずほ銀行、三井住友銀行、三菱東京UFJ銀行など。代表取締役社長は山村 望。
ナブテスコ,ナブテスコ株式会社（Nabtesco Corporation）は、日本の機械メーカー。
ニイガタマシンテクノ,"株式会社ニイガタマシンテクノ（英：NIIGATA MACHINE TECHNO CO.,LTD.）は、新潟鐵工所の工作機事業部、及び射出成形機事業部が分社化し、2003年4月に設立された会社である。池貝、オークマと並び、「工作機械老舗3メーカー」と呼ばれる。現在は、横形マシニングセンターと電動射出成形機の製造を主としており、比較的大型に注力している。"
ニスカ,ニスカ株式会社は、山梨県南巨摩郡富士川町に本社を置くキヤノン関連企業で、複写機およびカメラ関連製品の開発、製造、販売を行う企業である。
ニチロ工業,"ニチロ工業株式会社（ニチロこうぎょう、英文名称Nichiro-Kogyo Co.,Ltd.）は、かつてあった日本の工業機器メーカー。梱包機器などの製造を主力としており、かつてはマルハニチロホールディングスの子会社だった。新聞・印刷関係の梱包機器では高いシェアを持ち、同社の新聞発送ラインシステムは、日本国内外の新聞社に採用されていた。近年は下記の製品需要減少も重なり、2010年10月にマルハニチロホールディングスは近年の合併による事業再構築の一環で、保有株式を同業者のストラパックに譲渡した。ストラパック側は、両社の経営統合を視野に入れ、経営資源の「選択と集中」を図り大幅な事業体制の見直しを行うと表明した。2012年10月にストラパックに吸収合併された。"
ニッセイ,株式会社ニッセイ（英: Nissei Corporation ）は、日本の機械メーカーである。本社は愛知県安城市に所在する。ブラザー工業の連結子会社で、東証第2部と名証第2部に上場している（証券コード:6271）。
ニューギン,株式会社ニューギン (NewGin) は、日本のパチンコ・パチスロメーカーである。1968年創立。本社は愛知県名古屋市中村区烏森町に所在する。研究開発部は名古屋市中村区烏森町と東京都中央区日本橋茅場町。キャッチフレーズは「あそびにマジメ」。
ニューフレアテクノロジー,"株式会社ニューフレアテクノロジー（英: NuFlare Technology, Inc.）は、神奈川県横浜市に本社を置く東芝グループの半導体製造装置専業メーカーである。"
ニューロング,"ニューロング株式会社（NEWLONG MACHINE WORKS, LTD）は、東京都台東区東上野に本社を置く包装機械、製袋機械、印刷機、印刷機器、加工機械のプラントエンジニアリングメーカーである。創業は袋包装・製袋用の工業ミシンの修理製造販売。包装機械工業界では国内最大手のメーカー。1948年に長勇三郎と近藤恭弘が共同代表で創業。1955年、新生「長ミシン商会」がニューロング工業より営業譲渡を受けて1964年に現在のニューロングと名称変更。袋口縫ミシン、製袋ミシンにおいて自社営業所より直接販売しメンテナンスを行う販売体制を日本で初めて開始した。またクラフト紙袋用自動包装機、製袋機、フレキソ印刷機を日本で最初に開発したプラントメーカーでもあり、特にフレキソ印刷技術において日本の技術開発を最初に行い、セラミックアニロックスロールから印刷機までを製造する唯一のメーカーでもある。最近では各種環境保全機器やプリント回路用銅箔製造プラント、太陽電池・二次電池製造機器も手がける加工開発プラントメーカーとして飛躍している。またCSR活動の一環として1985年にNPO法人東京太極拳協会や1990年に清和国際留学生奨学会の設立に協力して、国際貢献活動も行い、国際的選手や研究者・学者を多く輩出している。また、海外に現地法人を十数箇所を擁するグローバル企業。NEWLONG、及び、その略号であるNLマークは、登録当初からニューロング株式会社が所有しており、海外及び国内では、このブランド名が一般的に通用している。"
ネスター,株式会社ネスター（Nestor ）は、愛知県大府市に本社を置く業務用厨房機器メーカーである。ホシザキ電機の子会社。
ネット_(パチスロメーカー),ネット（ねっと）とは大阪府大阪市中央区に本社を置くパチスロをはじめとする遊技機の製造販売会社である。
ノヴァエネルギー,株式会社ノヴァエネルギー（英: NOVA ENERGY Co.LTD.）は、兵庫県神戸市に本社を置くベンチャー企業。海流・潮力発電や、河川を利用した水力発電に使用するタービンの開発を行う。
ノリタケエンジニアリング,ノリタケエンジニアリング (Noritake Engineering) は愛知県名古屋市に本社を置く企業。ノリタケカンパニーリミテドの子会社であり、2009年（平成21年）10月1日、親会社であるノリタケカンパニーリミテドに吸収合併された。化工、濾過装置や研削機械、乾燥炉、焼成炉などの製造・販売を行なっていた。
ノリタケスーパーアブレーシブ,株式会社ノリタケスーパーアブレーシブは、かつて存在した福岡県久留米市に本社を置くダイヤモンド・立方晶窒化ホウ素（CBN）製工具のメーカー。社名のアブレーシブ（Abrasive）は「研磨材」という意味である。ノリタケカンパニーリミテドの子会社であり、1973年（昭和48年）にノリタケダイヤ株式会社として設立された。ノリタケボンデッドアブレーシブやノリタケコーテッドアブレーシブなどと共にノリタケグループの工業機材部門を担当していたが、2011年（平成23年）4月1日をもってノリタケカンパニーリミテドに合併された。
ノルトゼーヴェルケ,ノルトゼーヴェルケ（ドイツ語：Nordseewerke、日本語訳：北海製作所）は、ドイツの機械製作会社。元々は造船事業を行っていたが、現在は風力原動機の製造を行う。ニーダーザクセン州・エムデンに所在し、同地における工場施設としてはフォルクスワーゲンについで2番目の規模を有する。かつては海軍向け水上艦艇や潜水艦、コンテナ船、浚渫船や研究船などの特殊船舶を建造および修理を主たる業務としていた。ティッセンクルップ・マリン・システムズの子会社であったが、2009年10月にシャーフ工業に売却される。
パーカーエンジニアリング,"パーカーエンジニアリング株式会社（Parker Engineering Co., Ltd.）は、東京都中央区日本橋に本社を置く、日本パーカライジング株式会社が100%出資する塗装設備会社。"
ハーモニック・ドライブ・システムズ,株式会社ハーモニック・ドライブ・システムズ（英: Harmonic Drive Systems Inc.）は、東京都品川区に本社を構える 精密減速機の開発、製造、販売している企業である。営業拠点、工場及び主要子会社は長野県安曇野市にある。
パイオニア_(パチスロ),株式会社パイオニアは、大阪府東大阪市に本社を置くパチスロメーカーである。なお、音響・映像機器メーカーのパイオニアとは完全に無関係な別会社である。
バブコック日立,バブコック日立株式会社（ばぶこっくひたち、Babcock-Hitachi K.K.）は、かつて存在した主にボイラー部品の製造・販売を行っていた企業。神奈川県横浜市西区に本社を置いていた。歴史的経緯により、下記のとおり株主の変遷はあるが、2014年2月1日に三菱重工業と日立製作所両社の火力発電システム事業を統合し誕生した合弁会社・三菱日立パワーシステムズの傘下に入り、2014年10月1日に同社に吸収合併された。
バルダン,株式会社バルダンは、愛知県一宮市定水寺に本社を置く、コンピュータ多頭式刺繍機（自動刺繍ミシン）を製造する企業である。
バルテック,株式会社バルテックは、日本のパチスロ機メーカー。2010年、JPSと販売部門を統合したビージェイ販売を設立するとともに、筐体をJPS製のものに切り替えた。しかしJPSとの提携は2012年に解消、販売体制・筐体共に提携前の状態に戻っている。同年には、徳島県に本社のあるパチンコ店チェーン・ノヴィル社長の久岡征司が代表取締役社長に就任。
ヒーハイスト精工,ヒーハイスト精工株式会社（ヒーハイストせいこう）は、埼玉県川越市に本社を置く円筒直動軸受専門メーカーである。THKが主力納入先である。
ビユーテー,"ビユーテー株式会社（英: Beauty Co., Ltd.）は、愛知県名古屋市港区木場町2番地に所在する洗車機やその付属機器を販売するメーカーである。「ビューテー」と間違われる事が多いが、「ビユーテー」が正式社名である。"
ヒライ_(機械),株式会社ヒライ（ひらい）は、大阪市東住吉区に本社を置く中小企業である。
ヒロボー,ヒロボー株式会社とは、プラスチック成形・ラジコン模型・産業用無人ヘリコプター製造などを手掛けるメーカーである。RCヘリコプターの分野で世界トップシェア。
フォイト,"フォイト（ドイツ語: Voith）は、ドイツに本社を置いて世界規模で活動している同族経営の機械製作会社である。フォイト・グループは、ドイツ・バーデン＝ヴュルテンベルク州ハイデンハイム・アン・デア・ブレンツに本社を置くフォイトGmbHが率いている。フォイト本社は経営戦略に関する決定を行い、グループの運営全体の責任を負って、関係会社に必要な支援を提供する業務を行っている。フォイトは全世界で4万2000人の従業員を抱えており、そのうち4,200人はハイデンハイムで働いている。2011/2012会計年度では連結決算で57億ユーロの売上高を計上し、利益は1億1400万ユーロであった。"
フジキカイ,"株式会社フジキカイ（英: FUJI MACHINERY CO., LTD.）は、愛知県名古屋市中村区に本社を置く自動包装機メーカー。"
フジテック,"フジテック株式会社（FUJITEC CO., LTD.）は、日本のエレベータ・エスカレータの専業メーカー。"
フリージア・マクロス,フリージア・マクロス株式会社は、東京都千代田区に本社を置く産業機械製造及び土木試験機製造の機械製造メーカーである。
プリンス自動車工業,プリンス自動車工業株式会社（プリンスじどうしゃこうぎょう）は、1947年に創業、以後変遷を経ながら1966年に日産自動車と合併するまで存在していた日本の自動車メーカーである。第二次世界大戦後、航空機製造を禁じられた立川飛行機出身の、外山保、田中次郎ら技術者により、1947年に「東京電気自動車」の社名で発足。電気自動車製造からスタートしたメーカーであるが、1951年以降はガソリン自動車開発に転身した。経営および資本面ではタイヤメーカーのブリヂストンとその創業者である石橋正二郎が大きな役割を担っており、旧・中島飛行機系の企業である「富士精密工業」との協業・合併をも経るなど、企業としての成立過程および社名の変遷は複雑である。元航空技術者を多く擁する技術開発重視の社風により、早くから先進技術を導入し、1960年代にはモータースポーツ界でも大いに活躍したが、1966年8月1日をもって日産自動車と合併した（日産自動車による実質的な吸収合併）。
フルタ電機,"フルタ電機株式会社（フルタでんき、英: FULTA ELECTRIC MACHINERY Co., Ltd.）は、愛知県名古屋市瑞穂区に本社を置き、電動機械等の設計製造販売を手がける会社。送風機の分野では、大きなシェアを誇る。"
フルテック,フルテック株式会社は自動ドア装置などの販売代理店である。北海道・東北・関東地方全域を営業範囲とする。自動ドアの他、ステンレス建具・分煙機トルネックス・遮煙スクリーン－ファイヤーブロック等を取り扱い品目としている。
プロデュース_(新潟県),株式会社プロデュースは、新潟県長岡市に本社を置く塗布装置などの各種機械装置を開発、製造、販売する企業である。
ペガサスミシン製造,"ペガサスミシン製造株式会社（ペガサスミシンせいぞう、英: PEGASUS SEWING MACHINE MFG. CO.,LTD.）は、大阪府大阪市福島区に本社を置く工業用ミシンメーカーである。"
ベルコ_(パチスロ),ベルコ株式会社（Bellco Inc.）は、日本のパチスロ・パチンコメーカー。
ボウガン,株式会社ボウガンは、東京都の射撃競技用品メーカー・輸入会社である。主力商品は銃とその関連商品だが、「ボウガン」の商品名でクロスボウを販売していることで有名である。また、日本ボウガン射撃協会を運営し、ボウガン（クロスボウ）競技の普及に努めている。
ホープ_(企業),"株式会社ホープ（Hope Co., Ltd. ）は、遊戯施設向けアミューズメントマシン（エレメカ）の製造販売を中心に営業している日本の企業である。太平洋戦争後、自動車開発・生産を目的に「ホープ商会」として設立された。1954年（昭和29年）1月にはホープ商会から「ホープ自動車」に改称したが、自動車業界撤退後の1974年（昭和49年）4月に現名称のホープへ再改称された。1950年代中期に「ホープスター」ブランドの軽オート三輪を開発して、それまで着目されていなかった軽三輪トラックの市場を拓き、また日本初の軽四輪駆動車を開発したことでも知られる。日本の軽自動車市場にユニークなニッチジャンルを開拓したパイオニア的企業であった。自動車事業が不振となった1960年代中期以降、遊園地向けの遊具開発に業態転換して成功、現在では日本国内のみならず国外への遊具輸出も行っている。"
ホシザキ電機,"ホシザキ電機株式会社（ホシザキでんき、英: HOSHIZAKI ELECTRIC CO., LTD. ）は、全自動製氷機を中心に厨房機器を製造・販売している日本の業務用厨房機器メーカーである。"
ホソカワミクロン,ホソカワミクロン株式会社（英称：Hosokawa Micron Corporation）は、大阪府枚方市に本社を置く、粉体処理システムを製造する企業である。
ボブキャット・カンパニー,ボブキャット・カンパニー (Bobcat Company) は、アメリカの建設機械メーカーである。1927年、Melroe Company：米メルロー社としてE.G.Melroe及びその一族によりノースダコタ州のグイナー (Gwinner)で創業。現在の本社はウェストファーゴ。2007年以降、アメリカ・インガソール・ランド社(en:Ingersoll Rand)からの事業部買収により、韓国の斗山グループ傘下である。日本国内では、子会社である株式会社ボブキャットが販売とサポートを行なっている。ノースダコタ州のほか、チェコと中華人民共和国　フランスに工場を持つ。
マースエンジニアリング,株式会社マースエンジニアリングは、アミューズメント関連機器の最大手メーカー。主にパチンコ・パチスロ関連の周辺機器を取り扱っている。パチンコ店向けプリペイドカード事業のシェアでは日本ゲームカード、グローリーグループに次ぐ業界第3位。関連会社にホテルサンルート博多及びマースガーデンウッド御殿場を運営する株式会社マースプランニング、貯玉管理業務やバーコードリーダー等の機器類を扱う 株式会社マーストーケンソリューション [1]（2012年2月に株式会社マーステクノサイエンスと株式会社東研が合併）などがある。
マキタ,株式会社マキタ（英: Makita Corporation）は、愛知県安城市に本拠を置き、電動工具をはじめとする総合電動工具の製造販売を行う日本の株式会社である。
マキタ沼津,株式会社マキタ沼津（マキタぬまづ）は、かつて静岡県沼津市に存在した汎用エンジン、農業機械、防災機器を製造する企業。電動工具メーカーマキタの子会社であったが、2013年4月1日に吸収合併された。かつては富士重工業の子会社だった。
マサダ製作所,マサダ製作所（マサダせいさくじょ）は、油圧ジャッキの製造を主力とする企業である。自動車用油圧式携行式ジャッキの専門メーカーであると自らしているが、近年では事業の40%は自動車整備機器[1]によるものとなっている。傘下に部品製造会社と自動車整備会社、中国子会社を有している。
マックス_(機械メーカー),"マックス株式会社（英語名：MAX Co., Ltd.）は、東京都中央区日本橋箱崎町に本社を置く機械メーカー。ホッチキスで知られ、ホッチキスと釘打機の国内最大手である。なお、これら以外にも国内トップシェア商品がある。事業は幅広く、上記に挙げたホッチキスの他、パンチ、タイムレコーダー、ラベルプリンタ、エアドライバなどの電動工具、床暖房装置や乾燥機などの住環境機器などを製作している。最近では鉄筋をワイヤーで拘束する鉄筋拘束機を製作し、世界へ新しいコンクリートツールを開拓した。"
マミヤ・オーピー,"マミヤ・オーピー株式会社（英文名称:Mamiya-OP Co., Ltd. ）は、オリムピック（旧 オリムピック釣具）とマミヤ光機（1940年に創立されたカメラメーカー）が1992年（平成4年）に合併して誕生した企業である。合併後の存続会社は「（株）オリムピック」で、合併時の社名も「（株）オリムピック」であったが、1993年4月現社名に改称し現在に至る。なお、現在釣り具を扱っているオリムピックは、当社より事業継承を受けた別会社であり、組織的な繋がりはない。"
マルホン工業,マルホン工業株式会社（マルホンこうぎょう）は、日本のパチンコメーカーである。本社は愛知県春日井市桃山町に所在する。
マルマエ,株式会社マルマエは、鹿児島県出水市に本社を置く、半導体、液晶、太陽電池に使用する製造装置部品の設計、製造、販売を行う企業である。東京証券取引所マザーズの上場銘柄のひとつである(証券コードは6264）。
ミクロン精密,ミクロン精密株式会社（ミクロンせいみつ）は、山形県山形市に本社を置く、グラインダー（研削盤）およびその周辺装置の設計、製造、販売を行う企業である。
みのる産業,"みのる産業株式会社（みのるさんぎょう、英文名称：MINORU INDUSTRY CO.,LTD）は、岡山県赤磐市下市に本社を置く農業機械製造企業である。主力の田植機は、大手4社（クボタ、ヤンマー、井関農機、三菱農機）のマット苗（稚苗）式と違った独自開発のポット苗（成苗）・土付成苗システムである。昨今の有機稲作・自然栽培の流行によりこのポット苗（成苗）方式の田植機が注目されている。みのる産業株式会社が開発、設計、製造する農業機械には独特なものが多く、その独自性から他メーカーから良い意味で異端と表現されることもある。また近年の有機稲作の盛り上がり前から有機栽培に力を入れておりそれに特化した機械も多数製造している。独自に有機栽培の団体も支援している。"
ミヤマ,ミヤマ株式会社は、長野県長野市丹波島一丁目に本社を置く環境総合会社。近年では東海大学工学部動力機械工学科の林義正教授監修によりエコドライブナビゲーションシステム・MHS-01を開発し、省エネ大賞・資源エネルギー庁長官賞を受賞した。
ミヤワキ,ミヤワキ（MIYAWAKI）は日本の企業。蒸気設備関連の事業をおこなっている。設備販売とともに蒸気設備のコンサルも行っている。
モーゼル,マウザー (ドイツ語: Mauser、ドイツ語発音: [maz] は、1872年にマウザー兄弟が設立した銃器メーカーで、ワルサー社と並ぶドイツの老舗である。ボルトアクションライフルの設計で現代に多大な影響を残した。現在は、主流の軍需部門はドイツのラインメタルグループのラインメタル武器弾薬社 (Rheinmetall Waffe Munition GmbH) の一部となり、民生部門はアメリカのSIGARMS傘下のマウザー狩猟武器社 (Mauser Jagdwaffen GmbH) となっている。
モジュラーマイニングシステムズ,モジュラーマイニングシステムズ（英: Modular Mining Systems Inc.）は、米国アリゾナ州ツーソンに本拠地を置く鉱山機器メーカである。1996年に日本の建設機械メーカである（株）小松製作所に買収され、コマツグループの一社になった。事業内容として、鉱山機械管理システムの開発、製造、販売を行なっている。鉱山におけるフリート管理技術のパイオニア企業であり，Dispatchと呼ばれるフリート管理システムは世界中140以上の鉱山で運用されている．また、小松製作所が開発している無人ダンプシステム (Autonomous Haulage System: AHS) にも、同社の通信機器、通信システムが利用されている。
モトヤ,"株式会社 モトヤ (Motoya Co.,Ltd.) は、大阪府大阪市中央区に本社を置く印刷関連機材の専門商社である。1922年創業。"
ヤーマ,株式会社ヤーマは、パチスロ機を開発・販売する企業。ベルコとの関係が深く、2008年に業務提携を結んでいる。機種共通の特徴として、1機種に複数の演出を搭載し、1BETボタンで切り替えが可能な機種が多い。
ヤマザキマザック,ヤマザキマザック株式会社（英: YAMAZAKI MAZAK CORPORATION）は、愛知県丹羽郡大口町に本社を持つ世界大手の工作機械メーカーである。
やまびこ_(企業),株式会社やまびこは、東京都青梅市に本社を置く大手農林業機械メーカー。2008年（平成20年）12月、株式会社共立と新ダイワ工業株式会社と経営統合した。
ヤンマー農機製造,ヤンマー農機製造（ヤンマーのうきせいぞう）は、岡山県岡山市中区にある農業機械を製造する会社。ヤンマーホールディングスグループ。
ユーシン精機,株式会社ユーシン精機（ユーシンせいき）は、京都府京都市伏見区に本社を置くプラスチック射出成形品の取り出しロボットのトップメーカー。
ユニキャリア,ユニキャリア株式会社は、産業革新機構・日立建機・日産自動車の三社が出資するユニキャリアホールディングス傘下の輸送機器メーカーである。
ユニバーサルエンターテインメント,株式会社ユニバーサルエンターテインメントは、日本のパチンコ機やパチスロ機、ゲームソフトなどの大手製造メーカーである。
ヨシタケ,株式会社ヨシタケ（英: Yoshitake Inc.）は、愛知県名古屋市瑞穂区に本社を置く自動調整弁（バルブ）メーカー。
リケン,株式会社リケン（Riken Corporation ）は、東京都千代田区に本社を置く自動車や産業用機械の部品を製造するメーカーである。ピストンリング製造最大手。東京証券取引所1部上場企業。
リコーインダストリー,"リコーインダストリー株式会社（英文社名Ricoh Industry Company, Ltd.）は、神奈川県厚木市に本社を置くリコーの子会社でデジタル印刷機などの製造を行う企業。理研グループ。2013年4月1日に、株式会社リコーの生産機能の一部を会社分割により継承するとともに、東北リコー株式会社、リコープリンティングシステムズ株式会社、リコーユニテクノ株式会社を吸収合併し、リコーの生産子会社となった。"
リコーテクノシステムズ,"リコーテクノシステムズ株式会社（英文社名：Technosystems Co., Ltd.）は、かつて存在したリコー製OA機器のメンテナンスからサーバ、ネットワーク機器の販売、設計、構築、運用、保守を行うリコーグループの企業。2014年7月1日にリコージャパン株式会社に吸収合併され、解散した。"
レイケン,株式会社レイケンは、東京都中央区に本社を置くチラーや水処理装置の製造販売メーカー。
レオン自動機,レオン自動機株式会社（レオンじどうき）は、栃木県宇都宮市に本社を置く食品機械の製造を行う企業である。主力製品は包あん機（自動でまんじゅうを製造する機械）やクロワッサン製造器で、両方とも国内では高いシェアを有している。社名はレオロジーに由来しており、主力製品の包あん機はレオロジーを応用したものである。
ローツェ_(企業),ローツェ株式会社は、広島県福山市に本社を置く搬送機器を製造する企業。
ローレルバンクマシン,ローレルバンクマシン株式会社（略称：ローレル、LBM）は、東京都港区に本社を置く企業。
ロデオ_(企業),"株式会社ロデオ（RODEO Co., Ltd.）は、サミー傘下のパチスロ機器の製造大手。旧：バークレスト株式会社。"
愛知ドビー,愛知ドビー株式会社（あいちドビー、英: AICHI DOBBY.LTD.）は、愛知県名古屋市中川区に本社を置く鋳造メーカー。
愛知小型エレベーター製造,愛知小型エレベーター製造株式会社（あいちこがたエレベーターせいぞう）は、小型エレベーターメーカー。本社は愛知県一宮市。
旭ダイヤモンド工業,旭ダイヤモンド工業株式会社（あさひダイヤモンドこうぎょう）は、電子・半導体、輸送機器、機械、石材・建設など、実に幅広い分野で使われているダイヤモンド工具の総合メーカー。宝飾品の製造も行う。
旭精機工業,"旭精機工業株式会社（あさひせいきこうぎょう、英: Asahi-Seiki Manufacturing Co., Ltd. ）は、愛知県尾張旭市に本社を置く機械メーカー。また航空機部品や銃弾などの金属加工も行っている。"
安全索道,安全索道株式会社（あんぜんさくどう）は、滋賀県守山市に本社を置く、「ゴンドラ」や「リフト」など索道（ロープウェイ）を主体とした輸送機関及び装置の開発と保守点検を行う企業である。
伊東電機,"伊東電機株式会社（いとうでんき、英: ITOH DENKI CO.,LTD.）は兵庫県加西市に本社を置くコンベヤ駆動用モーターローラ（商標「パワーモーラ」）のメーカーである。1946年創業。"
井関農機,"井関農機株式会社（いせきのうき、英: ISEKI & CO., LTD.）は、トラクター、田植機、コンバインなどの農業機械を製造する日本の株式会社である。製品のブランドは「ヰセキ（ゐせき）」。東京証券取引所第一部上場。"
宇部興産機械,宇部興産機械株式会社（うべこうさんきかい）は、山口県宇部市に本社を置くエンジニアリング会社。宇部興産機械・金属成形カンパニー所管の完全子会社。
宇野澤組鐵工所,株式会社宇野澤組鐵工所（うのざわぐみてっこうしょ）は、東京都大田区下丸子に本社のある真空ポンプメーカー。東証二部上場企業。
荏原実業,荏原実業株式会社（えばらじつぎょう）は、環境関連・医療関連製品の製造販売、環境関連施設の設計施工のエンジニアリング事業等を行う会社。
荏原製作所,株式会社 荏原製作所（えばらせいさくしょ）は、東京都大田区羽田旭町に本社を置く、ポンプ・タービン等の風水力機械、浄水設備・排水処理装置等の環境装置・設備等を製造する企業である。エバラとも呼称する。東京証券取引所一部上場。
奥村遊機,奥村遊機株式会社（おくむらゆうき）は、愛知県名古屋市昭和区に本社を置いていたパチンコ遊技機メーカーである。1957年6月設立。パチンコ機は「OKUMURA」、「モナコ」のロゴやブランド名を冠することもある。CR機全盛になっても、稀な存在である現金機を積極的に販売するなど、業界内で独自の地位を築いていた。
横浜エレベータ,横浜エレベータ株式会社（よこはまエレベータ、英: YOKOHAMA ELEVATOR.）は、神奈川県横浜市に本社を置く企業。乗用や荷物用など各種エレベーターを中心とする輸送機器の製造を行う。本牧埠頭倉庫のエレベーター45基中27期を受注、1976年にはドイツのパウルシュミット社と共同で、東京の寶組勝島倉庫に世界最大級の50トン積載油圧エレベーターを納入するなど、荷物用・油圧式エレベーターに強みを持つ。また2007年にはかごの中をガラス張りにし、油圧ジャッキのみの昇降路とガイドレールをなくした『テレスコ式』エレベーターを制作納入。特許を得ているほか、業界誌『Elevator World』（エレベーターワールド）Project of the yearを受賞している。
王子エンジニアリング,"王子エンジニアリング株式会社（おうじ - 、英：OJI ENGINEERING CO.,Ltd.）は、東京都に本社を置く日本の企業。製紙工場で使用される機械の設計、製作、施工、メンテナンスを一貫して行う。王子製紙グループ。"
岡崎産業,"岡崎産業株式会社（おかざきさんぎょう、OKAZAKI SANGYO CO.,LTD. ）は、パチスロ機を製造する企業。本社は三重県松阪市にある。"
岡本工作機械製作所,株式会社岡本工作機械製作所（おかもとこうさくきかいせいさくしょ）は、群馬県安中市に本社を置く研削盤を主とした工作機械、半導体関連装置を製造する工作機械メーカーである。ブランド「GRIND-X」にて各種研削盤、半導体製造装置の製造・販売を行う。
岡野バルブ製造,岡野バルブ製造株式会社（おかのバルブせいぞう）は、福岡県北九州市門司区に本社を置く原子力発電所、火力発電所などの大型プラント向けバルブの製造・販売・メンテナンスを行う会社である。
加藤製作所,"株式会社加藤製作所（かとうせいさくしょ、英称: KATO WORKS CO.,LTD）は、日本の建設機械・特装車メーカー。"
角田鉄工,角田鉄工株式会社（すみだてっこう）は滋賀県彦根市にある、独立系の各種バルブを製造する企業。
梶原工業,梶原工業株式会社（かじわらこうぎょう）は、東京都台東区に本社を置く、食品機械メーカー。
鎌長製衡,鎌長製衡株式会社（英: KAMACHO SCALE CO. LTD.）は、香川県高松市牟礼町に本社を置く、トラックスケール・ホッパースケール・分銅・リサイクル機器などを製造・販売するメーカーである。トラックスケール最大手であり、デジタルロードセル式トラックスケールを普及させた。粉体計量に強く日本の飼料工場の計量器はほとんどが同社製によるものである。元々、分銅メーカーとして戦時中は独占的シェアを占めた日本秤錘株式会社の系列であったため、現在でも分銅を製造している。
丸山製作所,"株式会社丸山製作所（まるやませいさくしょ、英: Maruyama Mfg. Co., Inc.）は、東京都千代田区に本社を置く、消火器、噴霧器等を製造する企業。"
丸善工業_(静岡県),丸善工業株式会社（まるぜんこうぎょう）は、静岡県三島市に本社を置き、建設機械や梱包機器の製造を行っている企業である。創業者の諏訪部伊作が東京の蒲田で設立した部品加工工場を起源とする。諏訪部は三島の出身で、地元の鍛冶屋で働いた後上京、石川島造船所で旋盤工をしていたが、1935年に独立して工場を建てた。1943年、空襲の激化により諏訪部は工場を出身地の三島に移し、当時三島にエンジン工場のあった中島飛行機の下請けとして航空機部品の製造を行っていた。戦後は生活物資やミシンの製造も行っていたが、中島飛行機の下請け時代に得たエンジンの知識をもとに、1948年頃から二輪車の試作を開始した。技術にこだわる諏訪部は、車体、変速機、エンジンなどを全て自社で開発、完成車は国産メーカー各社が参戦するレースで参加初年は3位、翌年には1位から3位を独占した。一時は年間生産台数が1万台に達したが、過当競争により1954年、会社は倒産した。しかしその数箇月後にイギリスから削岩機の注文が入り、諏訪部は親戚から資金を集め、1954年11月、丸善工業を設立した。このとき開発した削岩機がエンジン削岩機の国産第一号となった。1958年には九州、札幌、仙台、東京、大阪など全国に営業所を開設、1967年には三島工業団地に新工場を完成させた。同じ1967年には削岩機の海外輸出を開始、1971年には輸出貢献企業として通商産業大臣から表彰された。削岩機以外にも業務を拡大し、1965年には安全自動車向けに自動車用ブレーキテスターを、1970年にはニチロ工業向けの自動梱包機の製造を開始した。このような業務の多角化は、二輪車事業での苦い経験を生かしたものであった。1980年代以降は油圧を動力とした建設機械のシリーズ化を開始、1987年には国産初となる油圧式削岩機を発表した。こうした商品展開により、油圧ハンドブレーカーの分野では日本で90%の市場占有率を確保するにいたっている。
岩田工機,"岩田工機株式会社（いわたこうき、Iwata Koki Co., Ltd.）とは、愛知県名古屋市中区に本社を置く工作機械の製造販売、工業用品の販売を行う会社である。"
鬼頭工業,鬼頭工業株式会社（きとうこうぎょう）は、愛知県豊田市に本社を置く、自動車関連設備(専用機、洗浄機、溶接機等)の設計から製造、組立までを行っている企業である。
宮川工機,"宮川工機株式会社（みやがわこうき、英: MIYAGAWA KOKI co,ltd. ）は木造軸組住宅用部材について、現場施工前に工場などで原材料を切断したり加工を施すプレカット加工機の最大手企業である。以前は通常の木工機械も製造していたが、現在はプレカット加工機の専業メーカーとなっている。"
宮入バルブ製作所,株式会社宮入バルブ製作所（みやいりバルブせいさくしょ）は、LPガス容器用等のバルブメーカー。
京楽産業.,京楽産業.株式会社（きょうらくさんぎょう、KYORAKU）は、愛知県名古屋市天白区に本社を置くパチンコ・パチスロメーカーである。社名の後ろに小さい点「.」が付くが、誤植ではない。
共栄社,株式会社共栄社（きょうえいしゃ）は、愛知県豊川市に本社を置く日本の緑地管理機械（芝刈機や草刈機など）の製造・販売会社。「バロネス（BARONESS）」のブランドで知られている。
共和化工,共和化工（きょうわかこう）は、東京都品川区に本社を置く、環境リサイクル企業である。
協和機械製作所,"株式会社協和機械製作所（きょうわせいさくしょ、英: Kyowa Machinery Manufacturing Co.,Ltd.）は、北海道札幌市西区に本社を置く、除雪機械、特装車メーカーである。スノープラウ、ショベル付ダンプトラック、モーターグレーダーなどの製造・販売を行っている。"
協和工業,"協和工業株式会社（きょうわこうぎょう、英: KYOWA KOGYO CO., LTD. ）は、愛知県大府市に本社を置くユニバーサルジョイントメーカーである。"
郷鉄工所,株式会社郷鉄工所（ごうてっこうしょ）は、岐阜県不破郡垂井町に本社を置く破砕機などの機械装置を製造販売する企業である。
銀座_(企業),"株式会社銀座（ぎんざ、GINZA Co.,Ltd.）は、日本のパチンコ・パチスロメーカー。本社は東京都豊島区（愛知県瀬戸市より移転）。セガサミーグループに属する（サミーの完全子会社）。"
栗田工業,栗田工業株式会社（くりたこうぎょう）は、東京都中野区中野に本社を置く、水処理装置・水処理薬品の製造・開発を行なう企業である。水処理専業としては国内最大手。東京証券取引所一部上場。社名の「栗田」は創業者・栗田春生の苗字からとられているが、一代限りであり、現在創業者一族との関係はない。また「栗田工業」という名の企業は他にも全国に幾つか存在するが、それらとは全く別の企業である。かつては「水の未来、人間の未来」などのスローガンがあったが、2014年からは「Think Water」をスローガンとしている。
月星製作所,株式会社月星製作所（つきぼしせいさくしょ）は、石川県加賀市に本社を置く企業である。主に自動車、オートバイ、産業機械用の部品を生産している。なかでも、オートバイ用スポークの製造では国内トップシェアを占める。
月島機械,"月島機械株式会社（つきしまきかい、英: TSUKISHIMA KIKAI CO.,LTD.）は、東京都中央区に本社を置く機械メーカー。みどり会の会員企業である。"
兼松エンジニアリング,兼松エンジニアリング株式会社（かねまつエンジニアリング）は、高知県高知市に本社を置く強力吸引作業車など特殊車両を製造、販売するメーカーである。総合商社の兼松とは無関係である。（当社の有価証券報告書によると、兼松は第10位までの大株主に入っていない）
犬塚製作所,"犬塚製作所株式会社（いぬつかせいさくじょ、英: INUTSUKA Manufacturing Co.,Ltd.）は、東京都品川区と千葉県山武郡芝山町に本社を置く、特殊自動車製作メーカーである。給水車、散水車、高所作業車などの製造・販売を行っている。"
古河ユニック,古河ユニック株式会社（ふるかわユニック、英文社名：FURUKAWA UNIC CORPORATION.）は、東京都中央区日本橋室町に本社を置く古河グループの建設機械メーカーである。日本では、トラック搭載型クレーンのことが「ユニック」と通称されるなど、その知名度は非常に高い。車載クレーンの国内最大手メーカー。
古河ロックドリル,"古河ロックドリル株式会社（ふるかわロックドリル、英文社名：FURUKAWA ROCK DRILL CO.,LTD.）は、東京都中央区日本橋室町に本社を置く古河グループの機械メーカーである。鉱山・土木・建設に関わる機械の研究開発・製造・販売を行なっており、削岩機（ブラストホールドリル・油圧ブレーカ・油圧圧砕機など）分野では世界最大手、トンネル掘削機（ドリルジャンボなど）分野でも世界3大メーカーの一角を占めており、土木鉱山用機械の世界トップメーカーとして広く知られている。トンネルドリルジャンボの国内シェアは90％である。"
古河産機システムズ,"古河産機システムズ株式会社（ふるかわさんきシステムズ、英文社名： FURUKAWA INDUSTRIAL MACHINERY SYSTEMS CO.,LTD.）は、東京都千代田区丸の内に本社を置く産業機械メーカーである。古河機械金属グループの産業機械事業を担う中核事業会社（古河機械金属の連結子会社）で、古河グループ（古河三水会）に属している。2004年に古河機械金属の産業機械事業が分社化されたことに伴い誕生した。生産拠点として小山工場（栃木県）、栃木工場（栃木県）を有する。鉱山における排水処理を目的としてポンプを開発して以来、日本におけるポンプ分野の大手メーカーとして広く知られる。また、トルコ・ボスポラス海峡横断トンネルや東京湾アクアラインなど、世界中の地下トンネル工事で採用されている実績を持つ。"
湖東製作所,株式会社湖東製作所（ことうせいさくしょ）は、熊本県熊本市にある金属加工と機械製造を行う企業である。国内では数少ない 横型タッピングボール盤(工作機械の1つ)の開発メーカーである。。
工進精工所,株式会社 工進精工所（こうしんせいこうしょ）は、埼玉県狭山市にある、輸送用機器・産業機械製造企業。主にディーゼル駆動車両の減速機やN700系新幹線など電気車のパンタグラフ・集電装置を製造している。特に高速鉄道車両用低騒音パンタグラフに強みがある。
江沼チヱン製作所,"株式会社江沼チヱン製作所（えぬまちえんせいさくしょ、ENUMA CHAIN MFG.CO.,LTD.）は、石川県加賀市に本社を置く企業である。オートバイチェーンや産業機械用のチェーンを生産している。販売主力製品である農業機械用チェーンの生産では国内トップシェアを占め、モーターサイクル用チェーンでは川崎重工業株式会社、フォークリフト用チェーンに関しても市場シェアが高い。モーターサイクル用チェーンに関しては、1974年に世界で初めてOリングを用いたシールチェーンを開発し、モーターサイクル用チェーンの寿命の革命を起こした企業である。2009年には鍛造加工プレートを採用した“ThreeD”の開発及び販売を始め、従来のモーターサイクル用チェーンから軽量と強度を上回る製品を開発、グッドデザイン賞を受賞した技術力のある企業である。更に2011年には縦揺れにも対応した小型免震装置“ゆれナイト”を販売開始している。2011年にタイ国販売会社、2013年に米国販売会社を設け世界の顧客ニーズに応えられる企業を目指している。"
甲山製作所,"株式会社甲山製作所（かぶとやませいさくしょ、Kabutoyama works Co.,Ltd ）は、バリ取り・面取り工作機器・工作機械の総合メーカーである。"
高見沢サイバネティックス,株式会社高見沢サイバネティックス（たかみさわサイバネティックス）は、日本の駅務機器メーカーの一つ。券売機、自動販売機、印刷機、自動機向け貨幣処理装置などを製造。JASDAQ上場企業である。大株主として富士電機が約25%、富士通グループが約10%の出資をし、役員も派遣している[1]（富士電機からの出資額としては関連会社に含むことが可能な額であるが、全額が退職給付信託口であることと独立性確保を優先しており、同社グループには含まれていないが、当社から見ると同社は「その他関連会社」の位置付けになっている）。
高砂電器産業,"高砂電器産業株式会社（たかさごでんきさんぎょう、英: TAKASAGO ELECTRIC INDUSTRY CO., LTD..）は、愛知県一宮市に本社を置く、コナミグループのパチンコ・パチスロ機器メーカーである。1956年7月設立。"
高松機械工業,高松機械工業株式会社（たかまつきかいこうぎょう）は、石川県白山市に本社を置く、CNC旋盤などを製造販売する企業である。
高尾_(パチンコメーカー),株式会社高尾（たかお）は、愛知県名古屋市中川区に本社を置くパチンコ機の製造会社。全国各地に事業所を持つ。
高輪ヂーゼル,高輪ヂーゼル株式会社は、東京都港区に本社を置く、主に自動車製品の販売・部品のリビルドを行う企業である。
黒田精工,黒田精工株式会社（くろだせいこう）は、神奈川県川崎市幸区に本社を置くボールねじ、マシニングセンタ用ツーリング、精密金型、測定装置、工作機械などを製造、販売するメーカーである。
佐々木機工,佐々木機工株式会社（ささききこう）は、北海道室蘭市に本社を置く、機械器具専門商社。
札幌交通機械,札幌交通機械株式会社（さっぽろこうつうきかい）は、北海道旅客鉄道及び札幌市交通局（地下鉄及び市電）の車輌整備を行う、JR北海道の関連会社。
三井海洋開発,三井海洋開発株式会社（みついかいようかいはつ）は、浮体式の海洋石油・ガス生産設備(FPSO)の設計・建造を主な事業とする三井グループの企業である。
三井三池製作所,株式会社三井三池製作所（みついみいけせいさくしょ）は、三井系中堅産業機械メーカー。
三浦工業,"三浦工業株式会社（みうらこうぎょう 英: MIURA CO.,LTD.）は、愛媛県松山市に本社を置く、ボイラーを中心とした機器の製造開発をおこなう企業である。現在は東京証券取引所一部上場。小型貫流式蒸気ボイラーのシェアで日本国内トップを誇り、また食品加工機器などでも高いシェアを持つ。"
三共_(パチンコ),株式会社三共（さんきょう、SANKYO）は、東京都渋谷区に本社を置く、日本のパチンコ機を製造する企業である。パチンコ機業界では最大手の規模を持つ。コーポレート・スローガンは、「パチンコで、いい笑顔。Good luck. Good life.」。
三共製作所,株式会社 三共製作所（さんきょうせいさくしょ）は、精密減速機／ローラドライブや間欠割出装置／インデキシングドライブなどを主要製品とし、カムテクノロジーを1つのツールとして要求されたモーション（動き）を提供するモーションコントロールメーカである。
三光機械,"三光機械株式会社（さんこうきかい、英文名称SANKO MACHINERY Co.,Ltd）は、粉末・顆粒・液体製品を小袋に詰める充填包装機メーカー。"
三上鉄工,三上鉄工株式会社（みかみてっこう）は埼玉県越谷市に本社を置く送風機・熱交換器および関連製品の設計・製造・販売を業とする日本の企業。送風機においてはシロッコファン、ターボファン、クロスフローファン、軸流ファンを網羅する。製品（送風機・熱交換器）の直接の買い手は各種の装置メーカーが中心。かつて販売先は少数で限定的であったが、1990年代半ばから北海道から沖縄まで顧客を広げた。また、装置に組み込まれた製品は海外各国へ渡っている。製品の主な用途は一般空調機、IT関連機器、乾燥機、温（冷）風発生機、食品関連各種装置、冷凍冷蔵倉庫、半導体関連各種装置、炉、各種プラントなどがある。
三精テクノロジーズ,"三精テクノロジーズ株式会社（さんせいてくのろじーず、英文名称Sansei Technologies, Inc.）は、舞台装置やエレベーターの製造を行う企業である。2014年1月1日に社名を「三精輸送機株式会社」から「三精テクノロジーズ株式会社」に変更した。"
三菱化工機,"三菱化工機株式会社（みつびしかこうき、英文社名 Mitsubishi Kakoki kaisha,ltd ）は、三菱グループの大手機械製造メーカーである。"
三菱重工プラスチックテクノロジー,"三菱重工プラスチックテクノロジー株式会社（みつびしじゅうこうプラスチックテクノロジー、英称:MITSUBISHI　HEAVY　INDUSTRIES　PLASTIC　TECHNOLOGY　CO., LTD．）は、愛知県名古屋市に本社を置く、三菱グループの射出成形機メーカーである。"
三菱日立ツール,"三菱日立ツール株式会社（みつびしひたちツール、Mitsubishi Hitachi Tool Engineering, Ltd.）は東京都港区に本社を置く切削工具の製造、販売を行う株式会社である。三菱マテリアルの連結子会社。"
三菱日立ホームエレベーター,三菱日立ホームエレベーター株式会社（みつびしひたちホームエレベーター、MITSUBISHI HITACHI HOME ELEVATOR CORPORATION.）は、三菱電機と日立製作所のホームエレベーター事業が統合して設立した企業。本社は岐阜県美濃市楓台38（美濃テクノパーク内）。主な業務として、ホームエレベーターや小規模共同住宅用エレベーターの開発・設計・生産・販売・取付、小型エレベーター（共同住宅用・一般ビル用）の生産などがある。
三菱日立製鉄機械,三菱日立製鉄機械株式会社（みつびしひたちせいてつきかい）は、三菱重工業と日立製作所の合弁により2000年に設立された企業。東京都港区に本社、広島県広島市西区に工場を有し、製鉄機械事業では世界4強の一角を占める。
三木プーリ,"三木プーリ株式会社（みきプーリ、英：Miki Pulley Co., Ltd.）は、神奈川県川崎市に本社を置く伝動機器の総合メーカー。速度制御・位置制御・回転伝達機器などの開発・製造・販売を行う企業である。"
三友工業,"三友工業株式会社（さんゆうこうぎょう、英: Sanyu Industries, Ltd. ）は、愛知県小牧市に本社を置く産業機器メーカー。"
三洋物産,株式会社三洋物産（さんようぶっさん、SANYO）は、愛知県名古屋市に本社を置くパチンコ・パチスロメーカー。テレビCMなどで略して「三洋」と呼ぶ場合は三洋電機等とは異なり「さんよう」の「さ」にアクセントを置いて発音している。
三洋輸送機工業,三洋輸送機工業株式会社（さんようゆそうきこうぎょう、SANYO YUSOKI KOGYO CO.LTD）は兵庫県尼崎市に本社工場を持つ、エレベーターメーカー。エレベーターに加え、垂直自動搬送機や小荷物専用昇降機などの搬送機械などを製造している。
三龍社,"株式会社三龍社（さんりゅうしゃ、英: SANRYUSHA CO., LTD.）は、愛知県岡崎市に本社を置く焼却装置メーカーである。"
三條機械製作所,"株式会社三條機械製作所（さんじょうきかいせいさくじょ、英: Sanjo Machine Works, Ltd.）は、新潟県三条市に本社を置く機械・鍛造メーカーで東証2部上場企業。たばこ製造用装置の分野で日本最大手。自動車部品他、工作機械、印刷機械の製造。"
山下工作所,株式会社山下工作所（やましたこうさくじょ、英: KK-YAMASHITA.INC）は、日本の工作機械メーカーである。
山田ドビー,株式会社山田ドビー（やまだドビー）は、愛知県一宮市に本社を置く工作機械メーカーである。積極的に海外展開を進めており、高速精密プレス機の世界シェアは40％を誇っている。
四国化工機,四国化工機株式会社（しこくかこうき）は、徳島県板野郡北島町に本社を置く企業である。液体飲料用充填機の製作販売、包装資材の企画・販売、「さとの雪」ブランドの豆腐製造を行っており、特に、屋根型紙容器（ゲーブルトップカートン）に牛乳などを充填する機械に関しては、日本国内で70％のシェアを持つ。
寺田ポンプ製作所,株式会社寺田ポンプ製作所（てらだポンプせいさくしょ）は、陸上渦巻ポンプ、水中ポンプの専門メーカー。
蛇の目ミシン工業,"蛇の目ミシン工業株式会社（じゃのめミシンこうぎょう、英称：JANOME SEWING MACHINE CO., LTD.）は、東京都八王子市狭間町に本社を構える、世界最大のミシンメーカーである。愛称はジャノメ。"
守谷輸送機工業,守谷輸送機工業株式会社（もりやゆそうきこうぎょう、MORIYA TRANSPORTATION ENGINEERING AND MANUFACTURING CO.LTD）は神奈川県横浜市に本社工場を持つ、エレベーターメーカー。エレベーターに加え、垂直自動搬送機や小荷物専用昇降機などの搬送機械、電波暗室扉（ISO認証対象外）なども製造している。
酒井重工業,"酒井重工業株式会社（さかいじゅうこうぎょう、Sakai Heavy Industries, Ltd.）は、建設機械などを製作する日本のメーカーである。"
住倉工業,"住倉工業株式会社（すみくらこうぎょう、英文社名 SUMIKURA INDUSTRIAL CO., LTD）は、かつて存在した日本の企業。シャーラインなどの金属加工機械、圧延機などの産業機械の製造のほか、電子決済サービスの提供を行っていた。破産申請により2002年6月18日に東証二部を上場廃止。2005年末に、1株につき11円95銭の残余財産を分配した。"
住友建機,住友建機株式会社（すみともけんき）は、住友グループの建設機械メーカーである。
住友重機械工業,"住友重機械工業株式会社（すみともじゅうきかいこうぎょう、英文社名：Sumitomo Heavy Industries, Ltd.）は、住友グループの造船・各種製造装置や精密機械など最先端のメカトロニクス分野で世界中に展開する日本の代表的な総合重機企業で、住友グループ広報委員会にも参加する企業である。"
住友精密工業,"住友精密工業株式会社（すみともせいみつこうぎょう、英: Sumitomo Precision Products Co., Ltd.）は、住友グループの航空宇宙機器などの精密機械メーカーである。1961年に住友金属工業の航空事業部門が分離独立した事業体。"
小原歯車工業,"小原歯車工業株式会社（こはらはぐるまこうぎょう、英文社名:Kohara Gear Industry Co., Ltd.）は、歯車の製造・販売会社である。"
小松製作所,株式会社小松製作所（こまつせいさくしょ）は、日本の建設機械・重機械のメーカー。建設機械の日本でのシェアは1位。世界で2位。日本以外にも南北アメリカ、ヨーロッパ、CIS、中近東、アフリカ、東南アジア、オセアニア、中国にグループ企業を展開する。TOPIX Core30銘柄の一社に選ばれている。アメリカにおいてニューヨーク証券取引所やNASDAQには上場していないが、米国預託証券（ADR）を発行している（証券コード:KMTUY）。日本経済新聞社が毎年行っている2006年度、2007年度の優れた会社ランキング（多角的企業評価システム:PRISM）でトヨタ自動車、キヤノンを抜き1位となった。また、同日本経済新聞社が2012年に行った、総合企業ランキングNICESでは、3位に選ばれた。なお、呼称としてカタカナ表記のコマツを用いている。英表記はKOMATSUである。
小森コーポレーション,株式会社小森コーポレーション（こもりコーポレーション、KOMORI Corporation）とは印刷機械、印刷関係機器の製造から販売までをしている大手メーカーである。「KOMORI」のブランド名を使っている。国内で唯一の紙幣印刷機メーカーとニューイヤー駅伝出場チームしても知られている。
小倉クラッチ,"小倉クラッチ株式会社（おぐらクラッチ、英: Ogura Clutch Co., Ltd.）は、群馬県桐生市に本社を置くカーエアコンなどの一般産業用クラッチや、機械式スーパーチャージャーの開発、製造、販売している企業である。社名の英文頭文字の略称で自動車愛好家からORCと呼ばれることも多い。"
小島鐵工所,株式会社小島鐵工所（こじまてっこうしょ）は、群馬県高崎市に本社を置く油圧プレス機器メーカーである。
小野鉄工所,株式会社小野鉄工所（おのてっこうしょ）岡山県に本社を置く株式会社。
昭和真空,株式会社昭和真空（しょうわしんくう）は、神奈川県相模原市中央区に本社を置き、主に産業・研究機関向け真空装置を製造する、アルバックグループの企業。
松浦機械製作所,株式会社松浦機械製作所（まつうらきかいせいさくしょ）は産業用機械類、工具 、工作機械メーカーである。特にマシニングセンタの開発設計・製造においては世界でもトップクラスである。
新ダイワ工業,新ダイワ工業株式会社（しんダイワこうぎょう）は、かつて存在した、農業用機械（刈払機など）、林業用機械（チェーンソーなど）、建設用機械（溶接機、発電機、投光器など）を製造、販売するメーカーである。本社は広島県広島市安佐南区に置かれていた。現在は経営統合後の事業会社となった株式会社やまびこのブランドの1つとなっている。「shindaiwa」ブランドサイト
新潟トランシス,"新潟トランシス株式会社（にいがたトランシス、Niigata Transys Co., Ltd.）は、鉄道車両・産業用車両・除雪機械などの製造・販売、案内軌条式鉄道システムの設計・製作および建設を行うIHIグループの企業。機器の製造は新潟県北蒲原郡聖籠町東港五丁目の新潟事業所で行われている。"
新川_(企業),株式会社新川（しんかわ、Shinkawa Ltd.）は、日本の半導体製造装置メーカー。東京証券取引所第一部上場。特に半導体チップ（ダイ）をフレームに接着した上でダイとフレームの信号ピン部分を接続する「ボンディング」工程用の機器（ワイヤーボンダー）を得意としている。世界初の自動ボンディングマシンを開発したことなどから、一時世界シェアトップに躍り出たこともあり、現在も世界有数のボンディングマシンメーカーの地位を維持している。
新東工業,"新東工業株式会社（しんとうこうぎょう、英: SINTOKOGIO, LTD.）は、愛知県名古屋市中区に本社を置く大手鋳造設備メーカーである。"
新日本レイキ,"新日本レイキ株式会社（しんにほんれいき、英: Shinnihon Reiki Co., Ltd）は、福岡県筑紫野市に本社を置く、工業用冷却塔等の設計、販売を行なう企業である。丸紅の傘下。"
新日本造機,"新日本造機株式会社（しんにっぽんぞうき、英文社名：Shin Nippon Machinery Co., Ltd）は、住友グループの企業であり、蒸気タービン、ポンプの製造販売を行っている。"
神鋼造機,"神鋼造機株式会社（しんこうぞうき、SHINKO ENGINEERING CO., LTD. ）は、岐阜県大垣市本今町1682番地の2に本社を置く日本の重機械メーカーである。かつては大証・名証各2部に上場していたが、2004年8月1日に上場廃止となった（証券コードは6020）。"
清水合金製作所,清水合金製作所 (しみずごうきんせいさくしょ) は滋賀県彦根市にある会社。キッツグループ。
生産技術_(企業),株式会社生産技術（せいさんぎじゅつ）は、かつて富山県富山市婦中町青島に存在した企業。主にロボット・溶接機・産業機械のレンタル、ロボット機械製造・再生販売を行っていたが、2010年6月1日付けでレンタルのニッケンが資産および従業員を受け入れた。同時に、同社の営業拠点として「生産技術センター」を開設した。営業譲渡後から2013年5月26までは、レンタルのニッケン　生産技術センターとして、営業していた。2013年7月には工場跡地にワシントン靴店の配送センターが移転される予定。これにより生産技術は正式に解散・清算される事になった。
西芝電機,西芝電機株式会社（にししばでんき）は、発電システムや船舶用の電気システムを製造する、東芝グループの企業である。
西部技研,"株式会社西部技研（せいぶぎけん、英称：Seibu Giken Co.,Ltd）は、福岡県古賀市に本社を構える。コルゲーション技術を中心にデシカント空調機・デシカント除湿機・全熱交換器・VOC濃縮装置 / VOC濃縮燃焼装置・機能性ハニカム積層体などの製造を行う企業である。1965年設立。企業理念は「独創と融合」。"
西部電機,西部電機株式会社（せいぶでんき）は、福岡県古賀市に本社を置く搬送機械、産業機械、工作機械、放電機械などを製造、販売するメーカーである。東邦電力の電気機械工場であった東邦電機工作所九州工場を母体に創業。企業統合政策により1943年に安川電機製作所（現・安川電機）が資本参加し、1945年には完全子会社となった。1949年に過度経済力集中排除法により安川電機との関係は切れるが、現在も筆頭株主である。
静岡製機,静岡製機（しずおかせいき）は、日本の農業機械メーカーである。
石井表記,株式会社石井表記（いしいひょうき）は、広島県福山市に本社を置くプリント基板製造装置メーカー。近年では液晶業界に進出。配光膜塗布装置を自社開発し韓国、中国、台湾へ進出。インクジェットコーターメーカーとしてシェアを伸ばしている。
石川製作所,株式会社石川製作所（いしかわせいさくしょ）は、石川県白山市に本社を置く段ボール印刷機や繊維機械（レピア織機など）などを製造、販売するメーカーである。
石野製作所,株式会社石野製作所（いしのせいさくしょ）は、石川県金沢市に本社を置く食品加工機械メーカー。回転寿司コンベアの生産で国内シェアの大半を占める。
赤阪鐵工所,株式会社 赤阪鐵工所(あかさかてっこうしょ)は、静岡県焼津市に工場を置く、日本の船舶用ディーゼル機関のメーカーである。
千代田機工,千代田機工（ちよだきこう）は、堺市西区にある、特注テストスタンド・特型試験装置・計測制御システムなどの設計・製作・開発・施工するメーカー。プラント設備工事（電気設備、管、電気通信設備、消防施設等のプラント設備を複合的に設置する工事)も行う。運搬機器/水処理/給排気機器/内燃力発電設備などの各種設置に伴う工事を得意とする。
川重冷熱工業,川重冷熱工業株式会社（かわじゅうれいねつこうぎょう、KTE）は、滋賀県草津市に本店を置く汎用ボイラ・吸収冷温水機メーカー。川崎重工グループ。
川之江造機,川之江造機（かわのえぞうき）は、愛媛県四国中央市に本社を置く工作機械メーカー。製紙関連の工作機械を主に手がけている。
川本製作所,"株式会社川本製作所（かわもとせいさくしょ、英: Kawamoto Pump Mfg. Co., Ltd.）は、愛知県名古屋市に本社を置くポンプの製造業者。川本ポンプのブランド名を用いる。"
浅野研究所,株式会社浅野研究所（あさのけんきゅうしょ）は、愛知県愛知郡東郷町に本社・工場を置く熱成形機（真空・圧空成形機）を製造する企業。
前田製作所_(長野県),株式会社前田製作所（まえだせいさくしょ）は、長野県長野市に本社を置く前田建設工業の子会社でクレーン（かにクレーン、ミニクローラークレーン）や高所作業車などを扱うメーカーである。また、コマツ製品を扱う総販売店である。コマツの系列代理店を合弁で設立した経緯を持つ。
前澤工業,前澤工業株式会社（まえざわこうぎょう）は、東京都中央区に本店を、埼玉県川口市に本社を置く、浄水・下水処理機の製造などを行う会社である。
倉敷機械,倉敷機械株式会社（くらしききかい）は、日本の工作機械メーカー。新潟県長岡市にある。
村田機械,"村田機械株式会社（むらたきかい、Murata Machinery, Ltd.）は、日本の京都市にある機械メーカー。繊維機械、工作機械、シートメタル加工機などの産業機械やデジタル複合機等の情報機器の他、自動倉庫や無人搬送システムを中核としたFAシステムやロジスティクスシステム、半導体工場向けのクリーンルーム対応FAシステムなどを主力製品としている。"
太平製作所,"株式会社太平製作所（たいへいせいさくしょ、Taihei Machinery Works, Ltd. ）は、愛知県小牧市に本社を置く合板機械などを製造、販売する企業である。"
太陽機械製作所,株式会社太陽機械製作所（たいようきかいせいさくしょ）は、印刷機械、印刷関係機器の製造から販売までをしているメーカー。ビジネスフォーム印刷機とラベル印刷機が主力製品。その他、特殊印刷機や加工機の製造販売も手がける。近年では産業用デジタルプリンターメーカー向けにプリンター用搬送機も供給している。また、中国・上海に現地法人「太陽機械股有限公司」を設立し主力製品を中国国内で生産、販売している。
太陽工機,株式会社太陽工機（たいようこうき）は、新潟県長岡市に本社を置く工作機械の開発・製造を行う企業。DMG森精機の連結子会社である。
大一商会,"株式会社大一商会（だいいちしょうかい、英: DAIICHI SHOKAI Co.,Ltd. ）は、愛知県北名古屋市に本社を置く日本のパチンコメーカー。現在のVI（ビジュアル・アイデンティティ）となるパチンコ玉を模したマークは、2009年発売のCR天才バカボン 41才の春だからより採用している。"
大宇造船海洋,大宇造船海洋（だいうぞうせんかいよう）は、大韓民国の造船会社。大韓民国の造船ビッグ3の一社でもある。
大機エンジニアリング,大機エンジニアリング株式会社（だいきえんじにありんぐ）は、日立造船系列で排ガス処理・電解・濾過などの技術を用いた環境装置・産業機械やゴムライニング製品などを製造・販売する会社。2006年10月1日に同じく日立造船系列のアタカ工業を存続会社とする合併によりアタカ大機株式会社となるため解散した。
大鋳,大鋳（だいちゅう）は、大阪府高槻市に本社を置く工作機械の製造販売会社。サノヤスホールディングスの子会社。
大都技研,株式会社大都技研（だいとぎけん）は、日本のパチンコ・パチスロ機メーカー。旧社名はエーアイ。
大島工業,大島工業株式会社（おおしまこうぎょう）は、愛知県刈谷市新富町に本社を置く事務用断裁機メーカーである。
大島農機,大島農機株式会社（おおしまのうき）は、農業機械の製造分野で日本を代表する大手メーカーのうちの1つ。自社ブランドでの販売だけではなく、実際には他の大手農業機械メーカーへのOEM供給も行っている。
大東精機_(鋼材加工業),"大東精機株式会社（だいとうせいき、英称:DAITO SEIKI CO., LTD.）は、兵庫県尼崎市に本社を置く金属加工機械を製造、販売するメーカーである。"
大同プラント工業,"大同プラント工業株式会社（だいどうプラントこうぎょう、英: Daido Plant Industries Co.,Ltd.）は、愛知県名古屋市南区に本社を置く工業炉メーカー。大同特殊鋼の子会社で工業炉や機械設備の製造販売およびメンテナンスなどを行う。"
大同工業,大同工業株式会社（だいどうこうぎょう）は、石川県加賀市に本社を置く企業である。ブランドはDIDおよびD.I.D。主にバイク・自動車・産業機械用のローラーチェーン、モーターサイクル・バギーカー用のリム・ホイール、製鉄プラントや自動車工場向けのコンベアシステムを生産している。また創業の経緯から現在も自転車用や競輪などのトラックレーサー向けチェーンを製造している、このほかにも、福祉機器開発の方面にも力をいれており、日本国内初の階段昇降機を開発した。
大平洋機工,大平洋機工株式会社（たいへいようきこう）は、千葉県習志野市に本社を置く、スラリーポンプ・汚泥ポンプ・各種ミキサを中心とした一般産業用機械を製造する企業である。荏原製作所の持分法適用の非連結子会社。
大豊工業,"大豊工業株式会社（たいほうこうぎょう、英: Taiho Kogyo Co., Ltd.）は、すべり軸受を主要製品とする自動車部品会社。本社所在地は愛知県豊田市。東証・名証一部上場。"
大和製作所,大和製作所（やまとせいさくしょ）は、日本の製麺機メーカーである。うどん、ラーメン、蕎麦の製麺機の製造・販売を行っており、小型製麺機のトップメーカーで、日本でトップシェアとなっている。関連業務として麺店開業支援事業を展開しており、香川県、東京都では新規開業者、既存店舗経営者向けに麺学校（うどん、ラーメン、蕎麦）も経営している。代表取締役の藤井薫の直営うどん店は、楽天グルメ大賞を10年連続受賞(2012)している。
大和冷機工業,大和冷機工業株式会社（だいわれいきこうぎょう、英: Daiwa Industries Ltd.）は、主に業務用冷蔵庫の製造、販売を行う日本の機械メーカーである。本社は現在2本社体制で、大阪府大阪市天王寺区と東京都台東区にある。東京証券取引所第1部と大阪証券取引所第1部に上場し、証券コードは6459番。
滝澤鉄工所,滝澤鉄工所（たきさわてっこうしょ）は、岡山県の工作機械メーカー。本社は岡山市北区撫川、工場は倉敷市の下庄と玉島にある。また、台湾と上海の現地法人も生産を担当している。
池貝,株式会社池貝（いけがい）は、工作機械・産業機械の製造、子会社を通じてディーゼルエンジンの販売を行う機械メーカー。
竹屋,株式会社竹屋（たけや）は、愛知県春日井市に本社を置く日本のパチンコメーカー。
竹内製作所,株式会社竹内製作所（たけうちせいさくしょ）は、長野県埴科郡坂城町に本社を置く各種建設機械を扱うメーカーである。ミニショベル（小型油圧ショベル）が特に有名で、ヨーロッパでかなりのシェアを占めている。
中央エレベーター工業,中央エレベーター工業株式会社 (英: Chuo Elevator）は、1961年に設立され、東京都台東区に本社を置く。エレベーター、階段昇降機、段差解消機、小荷物専用昇降機、などの製造・販売・施工から保守までを行う企業である。
中村科学工業,"中村科学工業株式会社（なかむらかがくこうぎょう、Nakamura Kagakukogyo Co., Ltd.）は、愛知県岡崎市に本社・工場を置く日本のプラスチック(合成樹脂)産業用装置・設備メーカーである。主にプラスチック(合成樹脂)射出成形用の材料乾燥装置（ホッパードライヤ）や金型温度調節機などを製造。"
中村産業_(松戸市),中村産業 (なかむらさんぎょう) は千葉県松戸市にある会社。
中村留精密工業,"中村留精密工業株式会社（なかむらとめせいみつこうぎょう、Nakamura-tome Precision Industry co.,ltd.）は、CNC旋盤やレンズ加工機など工作機械の製造・販売をする企業である。本社は石川県白山市に所在する。"
中日本鋳工,"中日本鋳工株式会社（なかにっぽんちゅうこう、英: Nakanippon Casting Co., Ltd.）は、愛知県西尾市に本社を置く鋳物部品メーカー。"
朝霞製作所,株式会社朝霞製作所（あさかせいさくしょ）は、かつて埼玉県志木市に本社を構えていた小型特殊自動車「ターレットトラック」を製造する会社である。
朝日ソーラー,朝日ソーラー株式会社（あさひソーラー）は、1983年に創業した、太陽熱温水器や24時間風呂等の製造・販売を行う企業。本社は、大分県大分市にある。
超音波工業,"超音波工業株式会社（ちょうおんぱこうぎょう、英文社名：Ultrasonic Engineering Co.,Ltd.）は、東京都立川市に本社を置く、超音波応用機器を製造・販売する企業である。"
津田駒工業,津田駒工業株式会社（つだこまこうぎょう）は、石川県金沢市に本社を置く繊維機械、工作機械用アタッチメントの専門メーカーである。国内の織機でトップシェアであり、ジェット・ルーム（高速自動織機）の生産では、世界トップシェアを誇る。
椿本チエイン,株式会社椿本チエイン（つばきもとチエイン、英称:Tsubakimoto Chain Co.）は、大阪府大阪市北区中之島に本社を置く日本の企業である。
坪井特殊車体,坪井特殊車体株式会社（つぼいとくしゅしゃたい、英語: Tsuboi Special Body ）は、静岡県焼津市に本社を置く、各種車両の設計製作メーカーである。主にコンプレッサー車、検査測定車、移動販売車、消防車、ウィングボディ、テールゲートリフター「エレベーターゲート」などの製造・販売を行っている。
鶴見製作所,株式会社鶴見製作所（つるみせいさくしょ）は、水中ポンプ専門メーカー。
帝国電機製作所,株式会社 帝国電機製作所（ていこくでんきせいさくじょ）は、兵庫県たつの市新宮町に本社を置く機械メーカーである。
電業社機械製作所,株式会社電業社機械製作所（でんぎょうしゃきかいせいさくじょ）は、ポンプ・送風機・バルブ等の風水力機械や、浄水関連装置・廃棄物処理装置等の環境設備を担う機器を製造する企業。
島精機製作所,"株式会社島精機製作所（しませいきせいさくしょ、英: SHIMA SEIKI MFG., LTD.）は、和歌山県和歌山市のニット機械製造・販売メーカー。公式サイトでは「総合メカトロニクス企業」を謳う。創業者は島正博。"
嶋田鉄工所,株式会社嶋田鉄工所（しまだてっこうしょ）は、愛知県豊川市御津町佐脇浜に本社を置く日本の工作機械メーカーで、多軸旋盤を製造、販売している。普通旋盤の製造・販売から始まったが縦・横フライス盤の製造、販売を経て国内で初めて6軸自動盤を開発する。以降8軸自動盤や、世界で初めて6軸自動盤とNCを組み合わせたCNC6軸自動盤を開発した。
東亜バルブエンジニアリング,東亜バルブエンジニアリング株式会社（とうあバルブエンジニアリング、英: Toa Valve Engineering Inc.）は、発電所用バルブの製造・販売・保守の事業を行う企業。
東海_(ライターメーカー),"株式会社東海（とうかい、英: TOKAI Co.,Ltd）は、東京都新宿区西新宿に本社を置く日本の大手ライターメーカーである。同社ウェブサイト上では、名称の曖昧さを回避するためか、英語表記である読み方の「東海コーポレーション（TOKAI CORPORATION）」というサブネームを用いることがある。"
東京機械製作所,株式会社東京機械製作所（とうきょうきかいせいさくしょ）は、輪転印刷機械専業メーカー。「TKS」のブランド名を使っている。日本国内では新聞輪転印刷機の分野で最大手企業である。近年は、商業印刷機の販売にも注力。
東京索道,東京索道株式会社（とうきょうさくどう）は、ロープウェーを主体とした輸送機関及び装置の開発と保守点検を行う輸送用機器開発会社である。ゴンドラやリフトなどが索道事業に含まれる。
東芝エレベータ,東芝エレベータ株式会社（とうしばエレベータ、TOSHIBA ELEVATOR AND BUILDING SYSTEMS CORPORATION）は、神奈川県川崎市幸区に本社を置く東芝グループのエレベーター・エスカレーターの製造会社。経営理念は『Customer DELIGHT』。
東芝機械,"東芝機械株式会社（とうしばきかい、英: TOSHIBA MACHINE CO., LTD.）は、静岡県沼津市に本社を置く総合機械メーカーである。東芝グループに属する。"
東芝機械マシナリー,"東芝機械マシナリー株式会社（とうしばきかいマシナリー、TOSHIBA MACHINE MACHINERY CO.,LTD.）は、静岡県沼津市に本社を置く大型工作機械メーカーである。"
東日製作所,"株式会社東日製作所（TOHNICHI CO.,LTD.）は、東京都大田区に本社を置くトルク機器専業メーカーである。"
東北リコー,"東北リコー株式会社（とうほくりこー、英文社名TOHOKU RICOH CO., LTD.）は、かつて存在したリコーの子会社でデジタル印刷機などの製造を行っていた企業。宮城県柴田郡に本社を置いていた。理研グループ。2013年4月1日に設計機能をリコーテクノロジーズ株式会社に会社分割した上で、生産機能はリコーインダストリー株式会社に吸収合併され、解散した。"
東洋ガラス機械,"東洋ガラス機械株式会社（とうようガラスきかい、英文名称TOYO GLASS MACHINERY CO., LTD.）は、金型などガラス容器関連機器の製造を行う企業。"
東洋製作所,"株式会社東洋製作所（とうようせいさくしょ、TOYO ENGINEERING WORKS, LTD.）は、「冷熱エンジニアリングの高度利用」を目的に、三菱重工業株式会社と日本冷蔵株式会社（現在の株式会社ニチレイ）の共同出資で、1952年に設立される。冷熱・環境エンジニアリングシステムの設計・施工及び保守サービスや、冷凍空調装置の製造・販売を行う会社である。比較的大形の機器設備を手がけ、個人ユーザー向けの事業展開はあまり見られない。略称は「東洋」「東作（とうさく）」など。本社は神奈川県大和市に置いている。資本金は23億円。"
湯山製作所,"株式会社 湯山製作所（ゆやませいさくしょ、英称:Yuyama MFG Co.,Ltd.）は、大阪府豊中市名神口に本社を置く、病院及び薬局向け医療機器などの開発・製造をおこなう企業である。"
藤商事,株式会社藤商事（ふじしょうじ）は、大阪市中央区に本社を置くパチンコとパチスロ機の製造・販売会社。全国20か所に事業所を持つ。
酉島製作所,　株式会社酉島製作所（とりしませいさくしょ）は、大阪府高槻市に本社を置く企業である。主力の公共用・産業用ポンプ事業の他、資源リサイクルなどの環境事業や、風力・水力・バイオマス発電などの新エネルギー事業、メンテナンスなどのサービス事業も行っている。「酉島」という名称は、この企業の前身となるポンプ工場が、大阪府大阪市此花区酉島町で創設されたことに由来する。
鍋屋バイテック,"鍋屋バイテック株式会社（なべやバイテック、Nabeya Bi-Tech Kaisha ）は、岐阜県関市にある機械要素部品メーカー。2010年度 APEC 中小企業 大臣会合に参加した各国の大臣国務長官の視察先に選定された随一の企業で、日本を代表する中小企業・老舗（1560年創業）の1社。株式会社を入れた正式な社名は鍋屋バイテック株式会社だが、通称及び英語では「鍋屋バイテック会社（Nabeya Bi-Tech Kaisha）」という。ユニークな命名である。本社は「工場」と呼ばず、「工園」という。これは前社長の岡本太一が、「自然と融合したクリエイティブな工場」を標榜したからである。目標管理や成果主義などで社員を縛らず、のびのびと自由に行動してもらうことが好結果を生むという発想に基づいて、売上げなどの目標を持たない特異な企業である。国際取引も多く、地方にありながらグローバル感のある自由闊達な社風で知られる。岡本は1995年 ""科学技術振興功績者""として科学技術庁長官賞を、2005年にはデザイン・エクセレント・カンパニー賞を受賞した。2007年、岡本は代表権のない会長に退き、後任として金田光夫が社長に就任した。金田は創業1560年以来初の岡本家以外からの社長就任となった。2007年には「日経スペシャル カンブリア宮殿」で、""最先端を走る老舗・理想工場""として紹介された。中部地方の中小企業としては初。出演した企業としてもトヨタ自動車・樹研工業に続いて中部地方で3社目であり、日本を代表する中小企業の１社に肩を並べた。1560年創業のナベヤから太一の父である友吉が本家から独立して設立し、ナベヤと同じく伝統技術である鋳物をベースとした伝導機器を製造している。分家・グループ企業の多くも「ナベヤ」もしくは「鍋屋」の称号を社名に有している。"
日工,"日工株式会社（にっこう NIKKO CO., LTD.）は、兵庫県明石市大久保町江井島に本社を置くショベル等土農工具類を始めとし、プラント等の建設機械・コンベヤ等の産業機械の製造・販売を行う会社である。"
日工タナカエンジニアリング,株式会社日工タナカエンジニアリング（にっこうタナカエンジニアリング）は、千葉県習志野市にある2サイクルガソリンエンジン、エンジンを応用したチェンソー、草刈機などの製造メーカーであった。習志野市にあるのは営業、経理などの事務部門で、エンジンの製造は千葉県長生郡にある、日立工機白子工場で行っている。社名の日工は親会社「日立工機」の略称。2015年7月、日工タナカエンジニアリングは日立工機販売株式会社に社名変更し「タナカブランドグループ」となった。
日阪製作所,"株式会社 日阪製作所（ひさかせいさくしょ、英称：HISAKA WORKS, LTD.）は、大阪府大阪市北区曾根崎に本社を置く産業機械メーカーである。1941年創業。"
日清紡メカトロニクス,日清紡メカトロニクス株式会社（にっしんぼうメカトロニクス、英語名: Nisshinbo Mechatronics Inc.）は、東京都中央区日本橋人形町に本社を構える工作機械製造会社である。現在は、愛知県岡崎市と静岡県浜松市の2カ所に製造拠点（事業所）を持つ。
日精エー・エス・ビー機械,日精エー・エス・ビー機械株式会社（にっせいエー・エス・ビーきかい）は、長野県小諸市に本社を置くペットボトル成形加工用の射出成形機およびブロー成形機を扱うメーカーである。二軸延伸ブロー（ストレッチブロー）成形機を中心に容器製造用金型、ホットランナー等の販売を事業とする。
日精樹脂工業,日精樹脂工業株式会社（にっせいじゅしこうぎょう）は、長野県埴科郡坂城町に本社を置くプラスチックの射出成形機を中心に扱うメーカーである。
日鉄住金環境,日鉄住金環境株式会社（にってつすみきんかんきょう）は、東京都中央区 京橋に本社を置く、水処理装置・薬品等の製造販売を行う企業である。水処理の総合メーカーであり、環境関連の分析等も行う。新日鐵住金の子会社であり、鉄鋼環境の運転・維持管理を行う。
日東工器,日東工器（にっとうこうき）は、東京都大田区に本社を置く機械機器メーカーである。
日特エンジニアリング,"日特エンジニアリング株式会社(にっとくえんじにありんぐ、英文社名：NITTOKU ENGINEERING CO., LTD.)は、埼玉県さいたま市南区に本社を置く、自動巻線機などを製造、販売するメーカーである。2012年9月時点で、世界中に208件の特許を保有。。"
日本オーチス・エレベータ,日本オーチス・エレベータ株式会社（Nippon Otis Elevator Company）は、東京都文京区に本社を置くエレベータ・エスカレータメーカー。
日本オートマチックマシン,"日本オートマチックマシン（英表記""JAPAN AUTOMATIC MACHINE CO.,LTD.""）株式会社は、東京都大田区に本社を置く日本の機械メーカー。機械製造メーカーながら、コネクタや端子など電子部品の製造・販売も行っている企業である。略称のJAMはジァムと読む。"
日本ギア工業,"日本ギア工業株式会社（にっぽんギアこうぎょう、英文社名:NIPPON GEAR CO.,LTD.）は歯車・減速機を専業とし、主に原子力発電所向けにバルブ開閉装置を収めているメーカーである。株式会社成和の子会社である。"
日本クレセント,日本クレセント株式会社（にっぽんクレセント）は、石川県白山市に本社を置く食品関係機械等の専門メーカーである。飲食店におけるタッチパネル式オーダリングシステムの開発や建築石材の販売・施工も行なっている。回転寿司用コンベアの生産では、金沢市の石野製作所と共に世界で大きなシェアを占めていた。
日本ゲームカード,日本ゲームカード株式会社（にほんゲームカード）は、日本国内において主にパチンコ店向けのプリペイドカード事業を営んでいる会社。「パニーカード」（元々の同社ブランド）、「パッキーカード」（旧日本レジャーカードシステムのブランド）の発行元として知られる。
日本スピンドル製造,"日本スピンドル製造株式会社（にほんスピンドルせいぞう、英: Nihon Spindle Manufacturing Co., Ltd.）は兵庫県尼崎市に本社を置く、住友グループに所属する機械メーカーである。本社すぐ近くで発生したJR福知山線脱線事故では、従業員らが作業を中断し献身的に救助活動にあたり、法人として紅綬褒章を受けている。"
日本ダイヤモンド,"日本ダイヤモンド株式会社（にっぽんダイヤモンド、英文名称NIPPON DIAMOND Co.,Ltd.）は、アスファルトやコンクリートの切削に用いる土木建設用工具の製造販売を行う企業。社名が示すとおりダイヤモンド超硬工具を主力としているが、宝飾品としてのダイヤモンドは取り扱っていない。"
日本ドライケミカル,日本ドライケミカル株式会社（にっぽんドライケミカル）は、1955年4月23日に設立された消防車両、消防用設備メーカー。
日本ピストンリング,日本ピストンリング株式会社（にっぽんピストンリング）は、埼玉県さいたま市中央区に本社を置く自動車用ピストンリングなどを製造、販売するメーカーである。
日本フリーザー,日本フリーザー株式会社（にほんふりーざー、Nihonfreezer）は、東京都文京区に本社を置き、低温応用機器を製造・販売する企業である。
日本ベアリング,"日本ベアリング株式会社（にほんべありんぐ、英称:NIPPON BEARING CO.,LTD. ）は、新潟県小千谷市に本社を置く、直線運動案内機器製造などを行う企業。"
日本ホイスト,"日本ホイスト株式会社（にっぽんホイスト）は、広島県福山市に本社を置くクレーンの製造会社である。英字表記はNIPPON HOIST CO., LTD."
日本金銭機械,"日本金銭機械株式会社（にほんきんせんきかい、Japan Cash Machine Co., Ltd.）は、アミューズメント施設向けの機器・貨幣処理機器の製造・販売などを行う企業である。"
日本精工,日本精工株式会社（にっぽんせいこう、にほんせいこう、NSK Ltd. ）は、日本のベアリングメーカー。国内ベアリング業界最大手、世界ではドイツのシェフラーについで3位。本社は東京都品川区大崎一丁目。NSKと略称される。芙蓉グループ（みずほグループ）に属する。
日本製衡所,株式会社日本製衡所（にほんせいこうじょ、英: NIHON SEIKOJYO CO. LTD.）は、埼玉県児玉郡美里町に本社を置く、台貫・台はかり・ホッパースケール・産業用はかり などの計量器を製造・販売するメーカーである。トラックスケールの中でも特に薄型、超薄型と呼ばれる薄型台貫を得意とする。計量器メーカーとしては珍しく、設計・製造・販売・設置・メンテナンスを一貫して自社で行なっており、特に所在地である関東ではシェアが高い。
日本製鋼所,"株式会社日本製鋼所（にほんせいこうしょ、The Japan Steel Works, Ltd.）は、鋼板、鍛造品、鋳造品、プラスチックの射出成形機、戦車や艦艇の砲を製造する日本の株式会社である。三井グループに属する。略称は日鋼（にっこう）、あるいは英語表記の頭文字をとってJSWと記される。"
日立ニコトランスミッション,"株式会社日立ニコトランスミッション（ひたちにことらんすみっしょん、英: Hitachi Nico Transmission Co., Ltd.）は、船舶・鉄道車両・建設機械・産業機械用のトランスミッションを製造する日本の機械メーカー。日立製作所の100%子会社であり、会社の前身は新潟鐵工所のグループ会社である新潟コンバーター（「ニコ」は同社の略称）。"
日立バルブ,"日立バルブ株式会社（ひたちばるぶ　Hitachi Valve, Ltd.）とは日立金属が、関連会社であった日立ヒサゴ（瓢バルブ工業）と、自社のバルブ製造工場並びに販売部門を統合し独立させた、バルブの製造会社である。"
日立建機,"日立建機株式会社（ひたちけんき、英: Hitachi Construction Machinery Co., Ltd.）は、日本の建設機械メーカー。日立グループに属する。1970年10月1日設立。本社は東京都文京区にある。"
日立工機,"日立工機株式会社（ひたちこうき、英文社名：Hitachi Koki Co., Ltd.）は日本の大手電動工具メーカー。日立グループに属している。"
日立住友重機械建機クレーン,日立住友重機械建機クレーン（ひたちすみともじゅうきかいけんきクレーン）は、東京都台東区に本社を置く、日立建機と住友重機械工業の合弁会社である。事業は日立建機のクレーン部門＋住友重機械グループのクレーン会社を合併したクローラクレーン専門の会社。日立建機の連結子会社であり、かつ住友重機械の持分法適用関連会社である。
日立造船,日立造船株式会社（ひたちぞうせん、英称：Hitachi Zosen Corporation）は、環境装置・工場設備・精密機械・産業機械・発電設備・内燃機関・圧力容器・鉄骨構造物・建設機械などを製造している日本の企業である。
範多機械,"範多機械株式会社（はんたきかい、英文社名：HANTA MACHINERY Co.,Ltd）は、大阪府大阪市西淀川区に本社を置く道路建設機械を扱うメーカーである。アスファルトフィニッシャ、除雪機をメインに製造している。"
美木多機械,"株式会社美木多機械（みきたきかい、英文社名 MIKITA MACHINERY CO.,LTD.）とは、大阪府和泉市に本社を置く産業用機械メーカーである。"
菱機工業,菱機工業株式会社（りょうきこうぎょう）は、主に空調設備や給水、排水設備の設計と施工を行っている企業である。この他にも防災設備、クリーンルーム、融雪装置の設計や設置にも事業を展開している。独自に開発したRICS（コンピュータによる空調管理システム）は、日本冷凍空調連合会の省エネ顕彰優秀賞を受賞した。
品川工業所,株式会社 品川工業所（しながわこうぎょうしょ）は、奈良県磯城郡田原本町に本社を置く、機械製造会社。全自動たまご焼き機をはじめとする製菓用機械・食品加工用機械を中心に、理化学用混合攪拌機・造粒機などの設計・開発・製造・販売までを手がける。
浜井産業,浜井産業株式会社（はまいさんぎょう）は、日本の工作機械メーカー。
浜名ワークス,"株式会社浜名ワークス（はまなワークス、英語: HAMANA WORKS CO.,LTD）は、静岡県浜松市浜北区に本社を置く、特装車の製作メーカーである。カーゴ車、ウィング車、トレーラーなどの製造・販売を行っている。また、キャリアセミトレーラでは業界トップである。"
不二越,株式会社不二越（ふじこし）は、富山県富山市に本社を置く切削工具・ベアリング・産業用ロボット（おもに自動車製造用ロボット）の製造を中心とする企業である。商標はNACHI（那智）。東京証券取引所1部上場企業で、2004年までは日経平均株価の構成銘柄であった。かつてナチ号のブランドで自転車を製造していた。
不二輸送機工業,不二輸送機工業株式会社（ふじゆそうきこうぎょう）は、パレタイシングロボット（パレット積付機）メーカーの大手である。
富士テクニカ宮津,株式会社富士テクニカ宮津（ふじテクニカみやづ、英: Fuji Technica & Miyazu Inc.）は、静岡県駿東郡清水町に本社を置く企業である。
富士機械製造,"富士機械製造株式会社（ふじきかいせいぞう、英: FUJI MACHINE MFG. CO., LTD.） は、愛知県知立市に本社を置く産業機械メーカー。電子部品組立機や工作機械の開発・製造・販売を行っている。"
富士精工,富士精工株式会社（ふじせいこう、英: Fuji Seiko Limited）は、愛知県豊田市に本社を置く超硬工具メーカーである。超硬工具のほか自動車部品や金型、工作機械の製造販売を行っている。
富士変速機,富士変速機株式会社（ふじへんそくき）は、岐阜県岐阜市に本社を置く減速機や機械式駐車場などの産業機械を製造販売する企業である。0.1～7.5kW汎用ギヤードモータ（モータ付減速機）や特殊な減速機にも対応している。
福島工業,福島工業株式会社（ふくしまこうぎょう）は、業務用冷蔵庫やショーケースを製造する企業。本社は大阪市西淀川区。東京証券取引所1部、大阪証券取引所1部上場企業。
平田バルブ工業,平田バルブ工業（ひらた - こうぎょう）は、神奈川県川崎市の本社を起点に、生産本部である新潟事業所を中心に各種バルブの製造、販売、メンテナンスを行う日本の株式会社である。
平田機工,平田機工株式会社（ひらたきこう）は、東京都品川区に本社を、熊本県熊本市北区植木町に本部を置く生産ラインの製造を行うメーカーである。
平和_(パチンコ),株式会社平和（へいわ、Heiwa Corporation）は、東京都台東区に本社を置くパチンコ・パチスロメーカーである。1960年9月9日創業。東京証券取引所第一部上場。系列会社にパチスロメーカーのオリンピアがある。かつては群馬県桐生市に本社があった。
豊丸産業,"豊丸産業株式会社（とよまるさんぎょう、TOYOMARU Industry Co., Ltd.）は、1960年（昭和35年）に設立された愛知県名古屋市中村区にあるパチンコ機製造・販売の企業。かつてTOYOTECという愛称を用いていた。"
豊和工業,"豊和工業株式会社（ほうわこうぎょう、英: Howa Machinery, Ltd.）は、愛知県清須市に本社を置く機械メーカー。東証一部上場。工作機械、油圧機器、特殊車両や銃器などを製造。自動小銃や迫撃砲をはじめとする自衛隊の装備も製造している。"
北越工業,"北越工業株式会社（ほくえつこうぎょう、HOKUETSU INDUSTRIES CO., LTD. ）は、車両系建設機械メーカーの1つ。工事現場などで使用されるエンジン式・モーター式コンプレッサーや移動式発電機、小型油圧ショベルなどの製造・販売を行なっている。コンプレッサの国内シェアは第一位、世界シェアでも第二位である。商標はAIRMAN（エアマン）。"
北川精機,北川精機株式会社（きたがわせいき）は、広島県府中市に本社を置くプリント基板用プレス機械などを製造、販売するメーカーである。
北川鉄工所,株式会社北川鉄工所（きたがわてっこうしょ）は、広島県府中市に本社を置くメーカーである。旋盤用チャック装置やNC円テーブルなどの工作機械器具、自動車や建設機械向けの鋳造部品、コンクリートプラントやタワークレーンなどの土木建設機械、自走式立体駐車場の4つの事業分野から成り立っている。旋盤用チャックなどの工作機械器具分野では世界的ブランド。
北電子,株式会社北電子（きたでんし）は東京都豊島区に本社を置く電子機器メーカーである。通称・KITAC（キタック）。レジャー産業事業部と印刷製本事業部があり、前者ではおもにパチスロやホールコンピュータ等の各種機器を製造し、後者では印刷、製本の品質検査システムを製造している。埼玉県川口市に工場を持つ。パチスロ『ジャグラー』シリーズのメーカーとして有名。5号機の「アイムジャグラーEX」は、2010年まで5号機最大の設置台数となっていた。2007年から2009年にかけて、プロ野球の東北楽天ゴールデンイーグルス、Jリーグのヴィッセル神戸の公式スポンサーとなっていた。契約期間は当初2年となっていたが、2009年も規模を縮小しスポンサードを継続した。
牧野フライス製作所,"株式会社牧野フライス製作所（まきのフライスせいさくしょ、Makino Milling Machine Co., Ltd.）は、東京都目黒区に本社を置く工作機械メーカーである。なお、現在では厚木事業所が本社機能を担っている。"
妙徳,株式会社妙徳（みょうとく、Myotoku Ltd.）は、東京都大田区に本社を置く企業。
名機製作所,"株式会社名機製作所（めいきせいさくしょ、英: MEIKI CO., LTD.）は、愛知県大府市に本社を置く射出成形機メーカーである。2010年（平成22年）2月15日に株式会社日本製鋼所の子会社となった。"
名古屋ダイヤモンド工業,"名古屋ダイヤモンド工業株式会社（なごやダイヤモンドこうぎょう、英: Nagoya Diamond Industrial Co., Ltd.）は、愛知県小牧市に本社を置くダイヤモンド工具のメーカーである。"
明治機械,明治機械株式会社（めいじきかい）は、日本の機械メーカー。
木村化工機,木村化工機株式会社（きむらかこうき）は、兵庫県尼崎市に本社を置く機械関連企業。
矢崎化工,矢崎化工株式会社（やざきかこう）は、合成樹脂製品の製造を行う日本の会社。本社は静岡市駿河区にある。トヨタ自動車を主取引先とする自動車部品メーカーである矢崎総業とは別会社である。
油研工業,"油研工業株式会社（ゆけんこうぎょう、英文名称YUKEN KOGYO CO.,LTD.）は、 神奈川県綾瀬市に本社のある油圧機器メーカー。"
落合刃物工業,"落合刃物工業株式会社（おちあいはものこうぎょう‐、OCHIAI CUTLERY MFG Co., Ltd.）は、茶摘機メーカーのリーディングカンパニーである。本社所在地は静岡県菊川市西方58。"
理想科学工業,理想科学工業株式会社（りそうかがくこうぎょう、Riso Kagaku Corporation）は、日本の機械工業会社。「証券コード」に基づき「機械」とされる企業の一つ。通称：RISO（リソー）。
鈴茂器工,鈴茂器工株式会社（すずもきこう）は、米飯加工機械などの食品加工機械を製造する企業。1955年、鈴木喜作によって創業され和菓子・洋菓子の製造機器メーカーとしてスタートし最中あん充填機などを開発。1981年、寿司のシャリを機械で握る寿司ロボットを世界で初めて開発。その後、包装寿司ロボット、のり巻きロボット、いなり寿司ロボット、おむすび成型機などの開発をおこない現在に至る。回転寿司、テイクアウト、宅配、スーパー、コンビニ、レストラン、ホテル・旅館などにも広く機械が導入されている。
和井田製作所,"株式会社和井田製作所（わいだせいさくしょ、英: Waida MFG Co., Ltd. ）は、岐阜県高山市に本社を置く金型関連研削盤などを製造する企業。同市初の上場企業である。"
澁谷工業,澁谷工業株式会社（しぶやこうぎょう）は、石川県金沢市に本社を置く企業である。ボトリングシステム（飲料、調味料、医薬品、化粧品などの液体充填システム）の製造で国内トップシェアであり、世界でも大きなシェアを占める。近年では、iPS細胞を用いた再生医療の機械装置メーカーとして世界初の技術をいくつか開発している。
澤村バルブ工業,澤村バルブ工業（さわむらバルブこうぎょう）は滋賀県彦根市にある独立系の各種バルブを製造する企業。商標はマルエス。
靜甲,静甲（せいこう）は、日本の産業用機械メーカー。本社は静岡県静岡市清水区にある。
