ECI,"株式会社ECI(ECI, Inc.)は、ヒトの細胞機能の解析に基づく癌や炎症性疾患などの医薬品や治療法を開発する創薬企業。東京大学医科学研究所に在籍していた金ヶ崎士朗が、自らの研究成果をもとに設立した「バイオベンチャー」である。名古屋証券取引所セントレックスに株式上場していたが、上場廃止基準に抵触(有価証券報告書の提出遅延)したため、2012年11月に上場廃止となっている。"
JCRファーマ,JCRファーマ株式会社は、兵庫県芦屋市に本社を置く医薬品メーカー。
Meiji_Seika_ファルマ,"Meiji Seika ファルマ株式会社（メイジセイカファルマ、英文社名：Meiji Seika Pharma Co., Ltd. ）は、日本の医薬品製造業。明治ホールディングス株式会社の傘下企業。東京都中央区京橋に本社を置く。主に医療用医薬品のほか、農業用製品（除草剤、殺菌剤、植物成長調整剤など）、動物用医薬品も取り扱っている。"
UMNファーマ,株式会社UMNファーマ（ユーエムエヌファーマ、英: UMN Pharma Inc.）は、秋田県秋田市に本社、神奈川県横浜市西区みなとみらいに横浜本社を置くバイオベンチャー。
アサヒフードアンドヘルスケア,"アサヒフードアンドヘルスケア株式会社（英語：ASAHI FOOD & HEALTHCARE, LTD）は、東京都墨田区に本社をおくアサヒグループホールディングス傘下の健康食品・医薬品等を製造する企業である。主に、大衆薬、サプリメント等の製造・販売を手がけているが、酵母エキス等の業務用商品の製造も行っている。"
あすか製薬,"あすか製薬株式会社（あすかせいやく-、英語: ASKA Pharmaceutical Co., Ltd.）は、日本の医薬品企業である。"
アスゲン製薬,"アスゲン製薬株式会社（アスゲンせいやく、英語：ASGEN Pharmaceutical Co., Ltd.）は、岐阜県瑞浪市に本社を置く製薬会社である。2014年（平成26年）までは、愛知県名古屋市東区泉二丁目28番8号に本社を置いていた。"
アステラス製薬,アステラス製薬株式会社（アステラスせいやく、英語：Astellas Pharma Inc.）は、日本の製薬会社である。
アストラゼネカ,アストラゼネカ（AstraZeneca plc、NYSE:AZN）は、イギリスのロンドンに本社を置く製薬企業である。1999年にイギリスの大手化学会社ICIから医薬品部門が分離したゼネカと、スウェーデンに本拠を置き北欧最大の医薬品メーカーであったアストラが合併して誕生した。抗がん剤であり、上皮細胞成長因子阻害薬の「イレッサ」（一般名：ゲフィチニブ）の承認を世界に先駆けて日本で獲得したが、副作用などが問題となった。第4回ゲフィチニブ検討会にて、ガイドラインの周知を図ることでイレッサを使い続けることを決定した。日本には現地法人として、大阪市北区大深町のグランフロント大阪内にアストラゼネカ株式会社（AstraZeneca K.K.）本社を置く。また東京都千代田区丸の内の丸の内トラストタワー本館内に東京支社を置いている。ゼネカは旧ICI時代に住友化学（当時は住友化学工業）と合弁でアイ・シー・アイファーマを設立したことがあり、一方のアストラは旧藤沢薬品工業（現・アステラス製薬）と合弁で藤沢アストラを設立したことがあった（いずれも当社の前身にあたる）。
アスビオファーマ,アスビオファーマ株式会社は医薬品の研究開発を行う第一三共の子会社である。
アダプトゲン製薬,"アダプトゲン製薬株式会社（アダプトゲンせいやく、英語：ADAPTGEN PHARMACEUTICAL CO.,LTD. ）は、岐阜県多治見市に本社を置く医薬品・健康食品の製造・販売会社である。医薬品や医薬品原料を受託生産するほか、ヒアルロン酸などの健康食品を製造・販売する。"
アッヴィ,アッヴィ合同会社（AbbVie GK）は、日本の製薬会社。米国アッヴィ(AbbVie Inc. NYSE: ABBV)の日本法人。抗体医薬などを主力とする研究開発型バイオ医薬品企業である。2013年に米国アボット・ラボラトリーズの研究開発型医薬品事業（いわゆる新薬事業）部門を分離し、アッヴィとして分社独立したことが起源である。国内においても2013年にアボット・ラボラトリーズの日本法人であるアボットジャパンより分社、新薬事業を承継し、事業を本格的に開始した。アッヴィとアボット・ラボラトリーズはそれぞれ完全に独立した企業であり、両社の資本関係及びグループ会社としての関係は存在しない（日本法人においても同様）。
アドメテック,株式会社アドメテック（あどめてっく）は、愛媛県松山市に本社を置く医療機器メーカー。
アボットジャパン,"アボット ジャパン株式会社（ABBOTT JAPAN CO., LTD.）は、日本のヘルスケアカンパニー、製薬会社。米国アボット・ラボラトリーズの日本法人。2003年（平成15年）2月1日、ダイナボット株式会社と北陸製薬株式会社が合併し設立された。ダイナボットは長く診断薬・機器事業が主力であり、医療用医薬品は大日本製薬（現 大日本住友製薬）から販売を行っていたが、北陸製薬との合併後は完全自社販売体制となり医療用医薬品を主力としていた。アボット・ラボラトリーズは2013年に研究開発型医療用医薬品事業（いわゆる新薬事業）を分離し、全世界的にアッヴィ（日本法人はアッヴィ合同会社）として分社した。新薬事業からの撤退により、今後アボット・ラボラトリーズの医薬品事業はエスタブリッシュ製品（長期収載品やブランド後発品）を軸に新興市場に注力することが表明されており、他の事業と共に多角化されたヘルスケアカンパニーとして展開される。"
アラクス,"株式会社アラクス（英称：ARAX Co., Ltd.）は、医薬品製造メーカー。本社は愛知県名古屋市中区。工場は愛知県稲沢市日下部花ノ木町1番地（なお、工場は所在地が稲沢市にあるが「清洲工場」と呼ばれている）。"
アルコン_(企業),"アルコン・インコーポレーテッド（Alcon, Inc.、NYSE: ACL）は、スイス・ヒューネンベルクに本社を置く眼科領域に特化した製薬、医療機器、コンタクトレンズ、レンズケア製品を扱う企業である。アメリカ本社をテキサス州・フォートワースに置く。ノバルティスグループのアイケア部門を担う。本項ではその日本法人、日本アルコン株式会社 (ALCON JAPAN LTD.) についても併せて記述する。"
アルフレッサ_ファーマ,アルフレッサ ファーマ株式会社（英: Alfresa Pharma Corporation）は、大阪市中央区に本社を置く、アルフレッサ ホールディングス傘下の医薬品等製造会社である。
アロエ製薬,アロエ製薬株式会社（アロエせいやく）は、日本の製薬会社。本社は静岡県静岡市にある。社名が示すとおり、アロエを利用した製品を主力としている。2006年に小林製薬の子会社となったが、現在でも創立者の「間宮」の名を冠した商品を販売している。
アンジェス_MG,アンジェス MG株式会社（アンジェスエムジー）は、遺伝子医薬の開発を行う日本のバイオ製薬企業。大阪大学医学部助教授の森下竜一（創業者）による研究成果を基に1999年12月発足。2002年9月に大学発創薬型バイオベンチャー(遺伝子治療薬の創薬企業)として初めて東証マザーズに上場。
アンファー,"アンファー株式会社（ANGFA Co., Ltd.）は、エイジングケア化粧品、健康食品製造販売会社で、育毛シャンプー「スカルプD」が主たる製品である。主にエイジングケア製品の研究開発や製造・販売を手掛け、専門医師が監修する薬用化粧品、サプリメント、商品説明に際して法的制限を受けない第三類医薬品、健康食品等の製造・販売・卸業務を行う。"
イーライリリー・アンド・カンパニー,イーライリリー・アンド・カンパニー（Eli Lilly and Company、NYSE：LLY）は、米国の国際的な製薬会社で、売上高で現在世界9位である。本社は、インディアナ州インディアナポリス市にある。社名は、創業者であるイーライ・リリーに由来している。
イオナ_インターナショナル,イオナ インターナショナル株式会社 (英語: IONA International Corporation) は、基礎化粧品等の製造、販売を行う企業である。社名の由来は、イオン+αから。
イチジク製薬,"イチジク製薬株式会社（イチジクせいやく、英称：Ichijiku Pharmaceutical Co., Ltd.）は、東京都墨田区に本社を置く製薬会社である。創業から今日に至るまで、浣腸薬として有名な「イチジク浣腸」を製造販売している。"
うすき製薬,うすき製薬株式会社（うすきせいやく）は、大分県臼杵市に本社を置く家庭用医薬品メーカー。
うどんや風一夜薬本舗,株式会社うどんや風一夜薬本舗（うどんやかぜいちやくすりほんぽ）は、大阪府大阪市東住吉区に本社を置く日本の製薬会社である。主に風邪薬を中心とした医薬品の製造・販売を行っている。旧商号は「末廣勝風堂」（すえひろしょうふうどう）。
エーザイ,"エーザイ株式会社（Eisai Co., Ltd.）は、東京都文京区小石川に本社を置く日本の医薬品メーカーである。コーポレート・スローガンは「ヒューマン・ヘルスケア（Human・Health Care）」で、ロゴのhhcはナイチンゲールの直筆サインから取り出したものである（会社ロゴの、赤は動脈を、青は静脈を意味する）。社名は旧社名「日本衛材」（衛生材料の略。具体的には絆創膏や包帯の事）から。なお、現存する日本衛材株式会社とは無関係。"
エール薬品,エール薬品株式会社（エールやくひん）は、東京都品川区広町一丁目に本社を置く製薬会社である。
エスエス製薬,"エスエス製薬株式会社（エスエスせいやく、英: SSP Co., Ltd.）は、OTC（市販向け）医薬品の製造販売を専門とする、日本の医薬品メーカーである。2001年より、ドイツの医薬品メーカーであるベーリンガーインゲルハイムの傘下に入り、2010年より同社の完全子会社（日本法人5社のうちの1社）となった。2015年に、前身である漢薬本舗「美濃屋薬房」から数えて、創業250周年を迎えた老舗企業である。"
エフ・ホフマン・ラ・ロシュ,"エフ・ホフマン・ラ・ロシュ（F. Hoffmann-La Roche, Ltd.）は、スイスのバーゼルに本拠を置く世界的な製薬・ヘルスケア企業である。"
エムジーファーマ,エムジーファーマ株式会社は、大阪府茨木市に所在する製薬会社。ロート製薬の子会社で、便秘薬「ミルマグ」でなじみがある。
オール薬品工業,"オール薬品工業株式会社（All Pharmaceutical Co., Ltd.）は、大阪府大阪市中央区平野町に本社を置く製薬会社である。1956年創業。"
オンコセラピー・サイエンス,オンコセラピー・サイエンス株式会社は、川崎市に本社を置く日本の医薬品開発会社。東証マザーズ上場。
カイゲンファーマ,"カイゲンファーマ株式会社（Kaigen Pharma Co., Ltd.）は、大阪府大阪市中央区道修町二丁目に本社を置く製薬会社である。感冒薬「改源」の製造販売元として、その名を知られる。コーポレート・メッセージは「からだに届く、安心を。」"
カイノス,"株式会社カイノス（英語名称KAINOS Laboratories,Inc.）は、東京都文京区に本社を置く医薬品会社の一つ。臨床検査薬の製造を主とする会社である。本社は、東京都文京区本郷二丁目38番18号にある。1975年（昭和50年）5月にドムスヤトロンとして創業。同年7月に現称のカイノスに名称変更。三井製薬工業株式会社（→日本シエーリング株式会社（現 バイエル薬品株式会社））、旭化成ファーマ株式会社や日本化薬株式会社とは、技術提携契約を結んでいる。"
カルナバイオサイエンス,"カルナバイオサイエンス株式会社（英: Carna Biosciences, Inc.）は、兵庫県神戸市中央区に本社を置くバイオベンチャー。"
キッセイ薬品工業,キッセイ薬品工業株式会社（キッセイやくひんこうぎょう）は、長野県松本市芳野に本社を置く医薬品メーカーである。東京証券取引所第1部に上場している（証券コード4547）。
キョーリンリメディオ,キョーリンリメディオ株式会社は石川県金沢市に本社を置くジェネリック医薬品メーカーであり、キョーリン製薬グループの一員である。
キリンファーマ,キリンファーマ株式会社は、かつて存在した日本の医薬品メーカー。旧・麒麟麦酒（キリンビール）を組織変更したキリンホールディングスから医薬品事業を承継した事業子会社で、キリンホールディングスが買収した協和醗酵工業（現・協和発酵キリン）の完全子会社であった。
クラシエ薬品,"クラシエ薬品株式会社（クラシエやくひん、英: Kracie Pharmaceutical, Ltd.）とはクラシエホールディングスの薬品事業を担う関連子会社である。"
サノフィ,サノフィ（Sanofi、Euronext: SAN   NYSE: SNY）は、フランス・パリを本拠とする製薬・バイオテクノロジー企業である。医薬品（処方箋医薬品）販売では、世界第4位（2008年）となっている。
サン・ファーマ,サン・ファーマ（英称：Sun Pharmaceutical Industries Limited）は、インドのムンバイに本社を置く製薬会社。
サンド_(製薬会社),サンド株式会社(英:Sandoz K.K.)とは、、東京都港区西麻布に本社を置く、ノバルティスホールディングジャパン傘下の、後発医薬品を手掛ける製薬会社。
サンノーバ,"サンノーバ株式会社（Sannova Co.,Ltd.）は、エーザイの関連製薬会社である。かつては「三生製薬」と言う社名であり、工場は埼玉県本庄市にあったが、1999年に群馬県新田郡尾島町（現太田市）に移転した。"
ジェネンテック,ジェネンテック inc (Genentech inc.) は、アメリカカリフォルニア州サンフランシスコに本社を置くバイオベンチャー企業のパイオニアである。バイオベンチャーとしてはアムジェンに次ぐ世界二位の売上規模を誇り、日本最大の製薬会社である武田薬品工業を上回る。1990年からロシュ傘下にあったが、2009年に総額468億ドルで完全子会社化された（2002年に中外製薬もロシュ傘下になった）。
シプラ,シプラ（英語：Cipla）は、インドマハーラーシュトラ州ムンバイに本社を置く製薬会社。インド国内ではジェネリック医薬品の筆頭格メーカーとして、国外では発展途上国向けHIV陽性患者のための低コスト治療薬の製造でも知られる。
ジョンソン・エンド・ジョンソン,ジョンソン・エンド・ジョンソン（Johnson & Johnson）は、アメリカ合衆国ニュージャージー州ニューブランズウィックに本社を置く、製薬、医療機器その他のヘルスケア関連製品を取り扱う多国籍企業。米経済誌フォーブスの世界企業ランキングでは製薬ヘルスケア部門で世界第2位（第1位はファイザー）。ちなみに、アメリカ合衆国の主に家庭用洗剤を製造、販売する化学メーカー『SCジョンソン』社の日本法人である『ジョンソン株式会社』とは関係ない。
ゼネル薬品工業,ゼネル薬品工業（ゼネルやくひんこうぎょう ）は、大阪府大阪市北区に本社を置く、製薬会社である。「ゼネル」とも称する。
ゼリア新薬工業,ゼリア新薬工業株式会社（ゼリアしんやくこうぎょう）は、医療用医薬品、一般用医薬品を製造、販売する日本の製薬会社。本社は東京都中央区。医療用では消化器系の治療薬に強みを持ち、一般用（otc）ではコンドロイチン製剤で名高い。社名のゼリアは創業の契機となったコンドロイチン製剤、ゼリア錠に因む。企業スローガンは、「健康づくりはしあわせづくり」
ダイト,ダイト株式会社は、富山県富山市に本社を置くジェネリック医薬品（後発医薬品）製造や製造受託を行う企業である。他社製品の受託・委託製造をも行っており、例えば第一三共ヘルスケアが発売するしみ（肝斑限る）改善薬「トランシーノ」や胃腸薬「新黒丸」の製造を行っている。
タニサケ,株式会社タニサケは、岐阜県揖斐郡池田町に本社を置く企業。主に殺虫剤関連を製造している。
ダンヘルスケア,ダンヘルスケア株式会社は大阪市西区に本社を置く製薬会社。大日本除虫菊（金鳥）の子会社である。
チベン製薬,チベン製薬株式会社は大阪府茨木市に本社を置く製薬会社。大阪家庭薬協会に加盟している。
ツムラ,株式会社 ツムラ (Tsumura & Co.) は、東京都港区赤坂に本社を置く漢方薬品メーカーである。1893年（明治26年）創業。コーポレート・スローガンは「自然と健康を科学する」で、かつての津村順天堂時代には「漢方を科学する」を名乗っていた。現在は、会社ロゴのスペースに「漢方のツムラ」と表記している。
デ・ウエスタン・セラピテクス研究所,株式会社デ・ウエスタン・セラピテクス研究所 （デ・ウエスタン・セラピテクスけんきゅうじょ、英: D. WESTERN THERAPEUTICS INSTITUTE INC.）は、愛知県名古屋市中区に本社を置き創薬事業を行うバイオベンチャーである。
テイカ製薬,テイカ製薬株式会社（ていかせいやく）は、富山県富山市にある医薬品メーカーである。点眼剤のテイカ目薬で知られている。他社製品のOEM製造販売も行っている。
テバ・ファーマシューティカル・インダストリーズ,"テバファーマスーティカル・インダストリーズ（英語: Teva Pharmaceutical Industries Ltd、ヘブライ語:    ""）は、イスラエルの製薬会社。1901年創業。本社はペタク・チクヴァにある。代表取締役はシュロモ・ヤナイ。後発医薬品分野においては世界トップシェアを誇る。近年、興和、大洋薬品など名古屋の製薬会社との提携を足がかりに、日本への営業展開を促進している。"
テバ製薬,テバ製薬株式会社（てばせいやく、英語: Teva Pharma Japan Inc.）は、愛知県名古屋市中村区に本社を置く製薬会社。テバ・ファーマシューティカル・インダストリーズのグループ会社である。
デンカ生研,"デンカ生研株式会社（-せいけん、DENKA SEIKEN Co., Ltd.）は、東京都中央区に本社を置くワクチンや医療用検査試薬の製造・販売や輸出入を行う企業。"
トーアエイヨー,トーアエイヨー株式会社は、循環器系の医薬品製造販売会社。本社は東京都中央区にある。繊維製品メーカー片倉工業の連結子会社であり、会社の草創期には蚕の蛹由来のビタミンB2製剤「ビスラーゼ」「フラビタン」が主力製品であったが、1981年フランドルの開発、製造、販売で循環器用薬メーカーとしてのスタートを切った。その後、辻和之博士（後社長）等により経皮吸収型狭心症治療薬であるフランドルテープの開発、アイトロール、ミオコールスプレーの開発と、狭心症治療薬の開発を柱に発展を続けている。
ドクタープログラム,"ドクタープログラム株式会社（英称：Dr.Program Co., Ltd. ）は、基礎化粧品トリニティーラインの開発及び販売を行う化粧品メーカーであり、キョーリン製薬グループの一員である。"
トクホン,株式会社トクホン（英語：TOKUHON Corporation）は、東京都豊島区高田に本社を置く、外用消炎鎮痛薬の製造を主とする日本の製薬企業である。また、同社が製造し、大正製薬が販売する消炎鎮痛プラスターの商品名も「トクホン」である。
ノーベルファーマ,"ノーベルファーマ株式会社（英文社名：Nobelpharma Co., Ltd.）は、東京都中央区日本橋小舟町に本社を置く医療用医薬品メーカーである。既存の製薬会社から顧みられることの少ない疾病の治療薬（アンメットニーズ医薬品）を開発している。"
ノバルティス,ノバルティス（Novartis International AG）は、スイス・バーゼルに本拠地を置く、国際的な製薬・バイオテクノロジー企業である。以下ではノバルティスの医薬品事業における日本法人である、ノバルティスファーマ株式会社（Novartis Pharma K.K.）についても併せて記述する。
バイエル薬品,"バイエル薬品株式会社（ばいえるやくひん-、英文:Bayer Yakuhin, Ltd.）は、大阪府大阪市北区梅田に本社を置く日本の製薬会社メーカーである。"
バクスター_(製薬会社),"バクスター（正式にはバクスターインターナショナルインク ：Baxter International Inc., NYSE: BAX）は、米国イリノイ州シカゴ郊外ディアフィールドに本社を置く、医薬品、医療機器、バイオテクノロジー関連の世界的企業である。 ニューヨーク証券取引所 (NYSE) に上場している。世界中の総社員数は約50,800人、売上高は142億米ドル（2012年）。1931年に輸液メーカーとして創業。日本では1969年に事業を開始。本項では日本法人、バクスター株式会社（Baxter Limited）についても併せて記述する。"
ハクゾウメディカル,ハクゾウメディカル株式会社は、大阪府大阪市中央区にある医薬品、医薬部外品、医療機器の製造販売、衛生材料の輸出入を行う企業。
ハクゾウメディカルテクノス,ハクゾウメディカルテクノス株式会社は、熊本県菊池市七城町にある医療用衛生材料の製造を行う企業である。
ビオフェルミン製薬,"ビオフェルミン製薬株式会社（ビオフェルミンせいやく-、英文:Biofermin Seiyaku Co., Ltd.）は、兵庫県神戸市長田区三番町に本社を置く、乳酸菌製剤を主力製品とする製薬会社である。"
ヒサヤ大黒堂,株式会社ヒサヤ大黒堂（ヒサヤだいこくどう）は、日本の製薬業。本社は、大阪府大阪市中央区北浜2丁目。痔薬専門会社として有名であり、「ぢ」の広告で知られる。
ピップ,ピップ株式会社は、大阪市中央区に本社を置く製薬会社。家庭用磁気絆創膏「ピップエレキバン」をはじめ、医薬品・衛生用品の製造・販売を行う。また、日用品の卸事業も行っている。
ピップトウキョウ,ピップトウキョウ株式会社は、「ピップエレキバン」などピップフジモト株式会社（現・ピップ株式会社）製造の医療・医薬品の東日本地域での販売を行っていた会社。2010年11月の合併により、ピップトウキョウ本社はピップ株式会社 首都圏支社 量販第一・第二・第三支店となっている。また、持株会社のフジモトHD株式会社の本社も同地にある。
ファイザー,ファイザー（Pfizer Inc.）は、世界売上1位の米国の製薬会社である。株式がダウ平均株価の構成銘柄に選ばれている。ニューヨーク・マンハッタンのグランド・セントラル駅に程近いミッドタウン東部に本社ビルを所有している。本項ではその日本法人、ファイザー株式会社についても併せて記述する。
フジモトHD,フジモトHD株式会社（フジモトエイチディー）は製薬会社のピップやワダカルシウム製薬等のピップグループを統括する純粋持株会社である。和文社名ではフジモトHDとHDは略称で表記されているが、英文社名ではFUJIMOTO HOLDINGSと表記する。
ペプチドリーム,ペプチドリーム株式会社は東京大学発のベンチャー企業であり、産学連携による創薬研究開発を行う。
ベルマン化粧品,"ベルマン化粧品（ベルマンけしょうひん、Velman Co.,Ltd）は大阪府大阪市西区に本社を置く化粧品メーカーである。"
ホスピーラ・ジャパン,"ホスピーラ・ジャパン株式会社（英文社名：Hospira Japan Co., Ltd.）は、大阪府大阪市中央区城見に本社を置く外資系医療用医薬品・医療機器メーカーである。"
マイラン,マイラン（英: Mylan Inc.、NASDAQ: MYL）は、アメリカ合衆国のペンシルベニア州に本拠を置く製薬会社である。主な事業分野は後発医薬品（ジェネリック医薬品）であり、2007年にはドイツの医薬・化学メーカー、メルク（独: Merck KGaA）からジェネリック医薬品部門を買収して事業を拡大している。日本法人として、2008年（平成20年）に設立されたマイラン製薬株式会社（東京都港区）がある。
マルホ,"マルホ株式会社（Maruho Co.,Ltd.）は、大阪府大阪市北区に本社を置く、外用薬を専門とする製薬会社である。1915年創業。"
ミヤリサン製薬,ミヤリサン製薬株式会社（MIYARISAN Pharmaceutical Co）は、酪酸菌（同社では「宮入菌」と呼称することもある）製剤などの整腸剤の製造を中心に行う医薬品メーカー。長らく後楽園球場や東京ドームの一塁側内野中段に「腸にミヤリサン」の広告が出ていたが、2000年頃に撤退。しかし本社屋上の同看板は健在で、上越・北陸・東北・秋田・山形各新幹線乗車中、宇都宮線(東北本線)・高崎線尾久駅で見ることができる（直下に京浜東北線があるが、建物が崖上にあるため見え難い）。創業者は医学博士の宮入近冶。
メビオファーム,"メビオファーム株式会社(英文社名：Mebiopharm Co.,Ltd.)は、東京都に本社を置く創薬ベンチャー。公募価格決定の仮条件は1200～1600円だったが、初日から売り気配が続き、初値である286円が付いたのは上場五日目である2011年7月22日だった。上場直前の2011年7月7日に当初予定していた公募増資を中止した。"
メルク・アンド・カンパニー,"メルク・アンド・カンパニー（英:Merck & Co.）は、アメリカ合衆国ニュージャージー州に本社を置く、世界的な製薬会社である。ドイツの化学・医薬メーカー、メルク（Merck KGaA）のアメリカ事業、及び資産が第一次世界大戦中に接収され、同国において独立したのが始まりである。そのため、ドイツのメルク（Merck KGaA）と区別して、「米国メルク」と呼ばれることもある。また、メルク・アンド・カンパニー（Merck & Co.）は北米においてのみ「メルク (Merck)」を名乗り、日本を含むその他の国や地域においては「MSD (Merck Sharp and Dohme)」の名称でビジネスを行っている。一方、世界的に「メルク」の名称を用いているドイツのメルク（Merck KGaA）は、北米においてのみ「EMD (Emanuel Merck, Darmstadt)」の名称でビジネスを行う。本項ではその日本法人、MSD株式会社 (MSD K.K.) についても併せて記述する。"
メルク・アンド・カンパニー,"メルク・アンド・カンパニー（英:Merck & Co.）は、アメリカ合衆国ニュージャージー州に本社を置く、世界的な製薬会社である。ドイツの化学・医薬メーカー、メルク（Merck KGaA）のアメリカ事業、及び資産が第一次世界大戦中に接収され、同国において独立したのが始まりである。そのため、ドイツのメルク（Merck KGaA）と区別して、「米国メルク」と呼ばれることもある。また、メルク・アンド・カンパニー（Merck & Co.）は北米においてのみ「メルク (Merck)」を名乗り、日本を含むその他の国や地域においては「MSD (Merck Sharp and Dohme)」の名称でビジネスを行っている。一方、世界的に「メルク」の名称を用いているドイツのメルク（Merck KGaA）は、北米においてのみ「EMD (Emanuel Merck, Darmstadt)」の名称でビジネスを行う。本項ではその日本法人、MSD株式会社 (MSD K.K.) についても併せて記述する。"
メルクセローノ,メルクセローノ （Merck Serono、北米における企業名は EMDセローノ、EMD Serono、いー・えむ・でぃ・せろーの）は、スイスのジュネーブを本拠とする製薬会社である。ドイツの化学・製薬企業であるメルク（Merck KGaA）の医薬事業と、スイスの製薬会社・セローノの統合によって、2007年に設立された。癌、不妊症、神経変性疾患などを主な治療分野とする。
ヤクハン製薬,"ヤクハン製薬株式会社（Yakuhan Pharmaceutical. Co., LTD.）は、北海道北広島市（広島町第2工業団地）に本社を置く、製薬会社である。殺菌消毒剤（消毒薬）を主力製品とする。"
ユースキン製薬,ユースキン製薬株式会社（ユースキンせいやく）は、神奈川県川崎市川崎区にて野渡良清によって創業された製薬会社である。創業当時の社名は瑞穂化学工業株式会社。現在の社長は野渡和義（二代目）。創業当初の商品はトキゾールという除虫薬であった。その後、ハンドクリームのユースキンAが主力商品となり、現在は新ユースキンAの名称で売られている。
ラクオリア創薬,ラクオリア創薬株式会社（ラクオリアそうやく、英: RaQualia Pharma Inc.）は、愛知県名古屋市中村区に本社を置く創薬ベンチャー。
ランバクシー・ラボラトリーズ,ランバクシー・ラボラトリーズ（英称：Ranbaxy Laboratories Limited）は、インド・ハリヤーナー州グルガーオンに本社を置く製薬会社。
リバテープ製薬,リバテープ製薬株式会社（リバテープせいやく）は、熊本県熊本市北区植木町（旧・鹿本郡植木町）に本社を置く化粧品・医薬品の製造企業である。救急絆創膏や消毒薬といった外用薬を中心に製造・販売している。
リボミック,株式会社リボミックは、東京大学医科学研究所の教授であった中村義一がファウンダーとなり設立した創薬ベンチャー企業である。
ロート製薬,"ロート製薬株式会社（ロートせいやく、英称：ROHTO Pharmaceutical Co., Ltd.）は、大阪市生野区巽西に本社を置く、日本の製薬会社である。東京証券取引所の第1部に上場している（証券コード：4527）。"
わかもと製薬,わかもと製薬株式会社（わかもとせいやく）は、東京都中央区に本社がある薬品会社である。胃腸薬「強力わかもと」などの大衆医薬品の他にも、医家向け商品も研究・開発している。
ワダカルシウム製薬,"ワダカルシウム製薬株式会社（Wada Calcium Pharmaceutical Co.,Ltd.）は大阪府大阪市鶴見区に本社を置く、医薬品や健康食品を製造販売する日本の製薬会社である。"
杏林製薬,杏林製薬株式会社（きょうりんせいやく）は、日本のキョーリン製薬ホールディングス傘下の中堅医薬品メーカーの一つ。一般的にはキョーリン製薬の名称が用いられる。
医学生物学研究所,"株式会社医学生物学研究所（いがくせいぶつがくけんきゅうしょ、英: Medical & Biological Laboratories Co., Ltd.）は、愛知県名古屋市中区に本社を置く日本の臨床検査薬・基礎研究試薬製造メーカー。"
宇津救命丸_(企業),宇津救命丸株式会社（うづきゅうめいがん）は、東京都千代田区神田駿河台に本社を置く、医薬品の製造・販売を行う企業。創始は、もともと下野国を治めた宇都宮氏お抱えの医師で親戚筋でもあった宇津氏が、戦国時代以降に帰農し、1597年（慶長2年）に救命丸を製造販売したことに拠る。
栄研化学,"栄研化学株式会社（えいけんかがく、Eiken Chemical Co., Ltd.）は、東京都台東区に本社を置く医薬品（主に臨床検査薬）の製造・販売や検査装置（医療機器）の販売を行う臨床検査薬の総合メーカー。大腸がんのスクリーニング検査である便潜血検査は国内シェア約60％であり、欧米・アジアにも広く販売している。また、遺伝子(DNA・RNA)の増幅技術であるLAMP法を開発した。"
榎本薬品,榎本薬品株式会社（えのもとやくひん）は、大阪府吹田市に本社を置く、医薬品、医療機器を取り扱う企業である。ジェネリックを主に卸す企業である。最近は官公立病院にも取引を開始し、地場卸から、特徴あるジェネリック専門卸として、成長が著しい。平成20年には、東大阪営業所が支店へと格上げされ、大阪府下はもちろんの事、東は京都市、西は明石市、更に奈良県へも進出している。平成20年4月の処方箋様式変更に伴い、問い合わせが殺到する事が予想される。また大阪府泉北ニュータウンに南大阪支店を開設する計画がある（用地は取得済み）。取り扱いジェネリック医薬品メーカーは沢井製薬、大洋薬品、日医工（旧マルコ、旧テイコクメディックスのみ）マイラン製薬（旧メルク製薬）、共和薬品、大正薬品、長生堂薬品、太虎精堂、建林松鶴堂と多種多様であり、今後の躍進が注目される。黎明期にはエーザイ、塩野義、武田などを主に取り扱っていた。初代代表取締役榎本明は沢井製薬現相談役澤井次郎に直販から卸・販社ルートへの販路切替を提言した。その際に「大阪澤井薬品」を名乗る様、澤井次郎から榎本明へ要望が出されたが「榎本薬品は何れの製薬会社からも影響を受けない独立した一医薬品卸である」との考えから謝辞したとされ、現在に至る。沢井製薬本社で各地方を代表する沢井製薬販社が出席する会議が開催される際に榎本薬品も出席しているのは上記の様な経緯からであると推察される。
塩野義製薬,"塩野義製薬株式会社（しおのぎせいやく、英語: SHIONOGI & CO., LTD.）は、大阪市中央区道修町に本社を置く、日本の製薬会社であり、医療用医薬品を主とする製造販売メーカーである。公式の社名略称として「シオノギ製薬」あるいは「シオノギ」も用いられている。社名の由来は、創業者の塩野義三郎の名に因むもの。ロゴマークは、天秤で薬量を正確に計量するために用いられた分銅に由来している。コーポレートメッセージは皆様の健康と幸福に貢献するである。"
奥田製薬,奥田製薬株式会社（おくだせいやく）は大阪府大阪市北区天満に本社を置く製薬会社である。1897年創業。
奥田又右衛門膏本舗,株式会社奥田又右衛門膏本舗（おくだまたえもんこうほんぽ）は、岐阜県下呂市に本社を置く医薬品メーカーである。奥田家下呂膏シリーズなどの製造販売を行なっている。『下呂膏』の名称は登録商標である。
横山製薬,横山製薬株式会社（よこやませいやく）は、兵庫県明石市相生町に本社を置く医薬品製造企業である。1900年（明治33年）創業。
岡山大鵬薬品,岡山大鵬薬品株式会社（おかやまたいほうやくひん）は医薬品等の製造・販売を行う大鵬薬品工業の子会社である。設立日は親会社の大鵬薬品工業よりも古い1943年8月26日で、設立当初は心泉医薬株式会社であった。その後、1990年に大鵬薬品工業の完全子会社となり、1992年に現在の商号に変更されている。医療用医薬品の製造が主だが、大鵬薬品工業やニチバンが発売するOTC医薬品の一部もここから製造されている。
科研製薬,"科研製薬株式会社（かけんせいやく、英称：KAKEN PHARMACEUTICAL CO.,LTD.）は、日本の製薬会社である。旧理化学研究所をルーツに持ち、理研グループの一角を占めた。医家向けの関節機能改善剤や動脈硬化症治療薬等が主力だが、飼料添加物や動物用医薬品、農薬も手がける。"
河合製薬,河合製薬株式会社（かわいせいやく）は、医薬品の製造を行っている会社である。1911年に、肝油の成分をドロップ化に成功し、「カワイ肝油ドロップ」を販売したことで広く知られている。
丸石製薬,丸石製薬株式会社（まるいしせいやく）は、大阪市中央区伏見町に本店を置く製薬会社である。なお、伏見町には社員が常駐せず、鶴見区の本社ビルに本社機能を有する。1888年創業。
丸善製薬,丸善製薬（まるぜんせいやく）は、広島県尾道市に本社を置く医薬品などを製造する会社である。医薬品以外にも、化粧品や甘草から抽出した甘味料などを製造している。
久光製薬,"久光製薬株式会社（ひさみつせいやく、英: Hisamitsu Pharmaceutical Co., Inc.）は 佐賀県鳥栖市に本社を置く日本の医薬品メーカーである。消炎鎮痛剤のロングセラーとして有名な「サロンパス」でその名を知られている。"
救心製薬,救心製薬株式会社（きゅうしんせいやく）は、東京都杉並区和田に本社を置く、日本の製薬会社である。生薬だけで作られた強心剤「救心」を中心に、生薬漢方薬を中心にしたOTC医薬品を数多く手がけている。
京セラメディカル,京セラメディカル株式会社（きょうセラメディカル）は、大阪市淀川区に本社を置く、医科用製品及び健康食品の製造、販売を行う企業。
共立製薬,共立製薬株式会社（きょうりつせいやく）は、1955年に設立されたペット及び家畜の医薬品を扱う医薬品企業である。
共和クリティケア,"共和クリティケア株式会社（きょうわクリティケア、英称:KYOWA CritiCare Co.,Ltd.）は、東京都文京区に本社を置く製薬会社である。2015年4月1日に会社名をそれまでの「アイロム製薬」から改称した。"
共和薬品工業,共和薬品工業株式会社（きょうわやくひんこうぎょう）は、大阪市淀川区に本社を置くジェネリック医薬品メーカー。
協和発酵キリン,協和発酵キリン株式会社（きょうわはっこうキリン）は、医療用医薬品事業・バイオケミカル事業等を行う、総合バイオメーカーである。キリンホールディングスの子会社で、キリンビールグループに属する。
興和テバ,"興和テバ株式会社（こうわテバ、英: TEVA-KOWA PHARMA Co., Ltd.）は、かつて存在していたジェネリック医薬品メーカー。"
金冠堂,株式会社金冠堂（きんかんどう）は、日本の製薬会社で、本社は東京都世田谷区三軒茶屋一丁目34番14号にある。主力商品は外用薬の「キンカン」で、創業者は山崎栄二。社名の由来は1926年に朝鮮の慶州で発掘された古代新羅の王冠にちなんで名付けられた。当時山崎は京城（現：ソウル）に移住し研究をしていた。
現代製薬,現代製薬株式会社（げんだいせいやく、GENDAI）は、動物用（犬・猫・鳥）医薬品、食品他を製造・販売をしている日本企業である。
御木本製薬,"御木本製薬株式会社（みきもとせいやく、Mikimoto Pharmaceutical Co.,Ltd ）は、三重県伊勢市に本社を持つ、真珠をベースとした化粧品、医薬品、医薬部外品、栄養食品、工業薬品の製造販売を手がける会社。特に化粧品に関しては、長きに渡りミキモト化粧品とよばれ親しまれる。ミキモトコスメティックスの名称も用いられる。関連会社にミキモト、ミキモト真珠島（三重県鳥羽市）がある。"
広貫堂,株式会社広貫堂（こうかんどう、廣貫堂）は、日本の医薬品製造メーカー。本社は富山県富山市。
皇漢堂製薬,"皇漢堂製薬株式会社（こうかんどうせいやく、英商号：KOKANDO PHARMACEUTICAL CO.,LTD.）は、兵庫県尼崎市に本社がある製薬会社。ビタミン剤、便秘薬、風邪薬、カルシウム剤、サプリメント等の商品がある。"
高田製薬,"高田製薬株式会社（たかたせいやく、英称：Takata Seiyaku Co.,Ltd.）は、埼玉県さいたま市南区に本社機能を置く、中堅ジェネリック医薬品メーカーである。同社名のアルファベット表記TAKATAにAが3文字含まれることより、会社・製品のキャッチフレーズとして“3つのA （安心品質、安定供給、安心情報）”をPRしている。主な事業内容は医薬品の製造販売であるが、清涼飲料水・健康食品の製造も手がける。医薬品事業では昭和40年代後半から先発メーカーとの販売提携を始めており、近年は他社ライセンス品の受託製造も行う。"
佐藤製薬,"佐藤製薬株式会社（さとうせいやく、英: Sato Pharmaceutical Co., Ltd.）は、東京都港区に本社を置く日本の薬品会社である。サトウ製薬あるいはsatoとも表記される。"
佐藤薬品工業,"佐藤薬品工業株式会社（さとうやくひんこうぎょう、SATO YAKUHIN KOGYO CO,.LTD. ）は、奈良県橿原市に本社を置く製薬会社である。軟式野球部の活躍でも知られる。"
再春館製薬所,"株式会社再春館製薬所（さいしゅんかんせいやくしょ、英語：Saishunkan Co., Ltd.）は、熊本県上益城郡益城町に本社を置く化粧品・医薬品・医薬部外品の通信販売業の企業である。"
剤盛堂薬品,剤盛堂薬品株式会社は和歌山市に本社を置く製薬会社である。「ホノミ漢方」というのは独自の言葉であるが、この会社では「因幡の白ウサギ」の話が日本最古の治療行為であると考え、蒲の穂の「穂」と「実る」をあわせて「ホノミ」としている。基本は漢方薬の会社であるが製品名にはカタカナのものが多い。
埼京東和薬品,"埼京東和薬品株式会社（さいきょうとうわやくひん、英文社名:SAIKYO TOWA MEDICINE CO.,LTD）は、医療に特化した埼京グループの中核企業であり、ジェネリック医薬品の専門商社。"
笹岡薬品,笹岡薬品株式会社（ささおかやくひん）は大阪市中央区に本社を置く医薬品・健康食品を製造販売する企業である。創業から今日に至るまで女性保健薬「命の母」を製造している。ABC制作・TBS系放映の「凡児のおやじバンザイ!!」、KTV制作・フジテレビ系で放映の「凡児の娘をよろしく」、「恋のトリプルチャンス」（桂三枝（現・六代桂文枝）司会）のスポンサーである。
三笠製薬,三笠製薬株式会社（みかさせいやく）は、日本の製薬メーカー。主要商品は、外用鎮痛剤の「ゼノール」シリーズである。同品の販売は、1996年から2004年までは中外製薬が、2005年からは大鵬薬品工業が行っている。
三光丸,"株式会社三光丸（さんこうがん、Sankogan Co., Ltd.）は、奈良県御所市今住にある、配置薬三光丸を製造・販売している日本の製薬会社。社名の由来は、同社が製造する和漢の胃腸薬「三光丸（さんこうがん）」に因む。"
三和化学研究所,株式会社三和化学研究所（さんわかがくけんきゅうしょ）は、糖尿病治療薬を中心とした医薬品、診断薬、医療・介護食品、ヘルスケア製品の研究開発と製造販売、また医薬品の受託製造を行う名古屋市の企業で、医薬品卸大手のスズケンの子会社である。
参天製薬,"参天製薬株式会社（さんてんせいやく、Santen Pharmaceutical Co., Ltd.）は日本の製薬会社である。主に眼科向け・大衆向けの目薬、眼科薬、点眼薬などを製造・販売している。東京証券取引所一部上場（証券コード：4536）。キャッチコピーは「ひと・ひとみ・すこやか」。"
山崎帝國堂,株式会社山崎帝國堂（やまざきていこくどう）は、東京都中央区日本橋室町4丁目5番1号（さくら室町ビル12階）に本社を置く製薬会社である。主力商品は明治時代から続く便秘薬の複方毒掃丸。2008年（平成20年）には創業120周年を迎えた家庭薬の老舗。
持田ヘルスケア,"持田ヘルスケア株式会社（もちだへるすけあ、英称：MOCHIDA HEALTHCARE CO.,LTD.）は、持田製薬株式会社の子会社で化粧品の製造・販売を主な事業とする日本の企業である。"
持田製薬,"持田製薬株式会社（もちだせいやく、英語: MOCHIDA PHARMACEUTICAL CO.,LTD.）は、東京都新宿区に本社を置く日本の中堅製薬メーカーである。"
滋賀県製薬,滋賀県製薬株式会社（しがけんせいやく）は滋賀県甲賀市にある製薬メーカー。大手医薬品企業向け製品の受託生産も行なっている。滋賀県の冠が付いているが、同県からの出資はないため第三セクターではない。
七ふく製薬,七ふく製薬株式会社（ひちふくせいやく）は、大阪市中央区高津（こうづ）に本社を置く製薬会社である。創業から2015年まで便秘薬「七ふく」を製造販売して来たが、小林製薬にブランドを譲渡し、製薬から撤退した。関東圏のドラッグストアにいくと、「ひ」の発音が「し」に変わるため「しちふく」と呼ぶ人が多いが、正しくは「ひちふく」である。
寿製薬,寿製薬株式会社（ことぶきせいやく）は、長野県埴科郡坂城町に本社を置く日本の製薬会社。
小太郎漢方製薬,小太郎漢方製薬株式会社（こたろうかんぽうせいやく）は、漢方薬の製造を中心に行う医薬品メーカー。日本漢方生薬製剤協会加盟。社名の「小太郎」は、創業者上田太郎の三重県の、出身地近くにある景勝・香落渓の小太郎岩に由来している。
小野薬品工業,小野薬品工業株式会社（おのやくひんこうぎょう）は、大阪府大阪市中央区に本社を置く日本の製薬会社である。
小林薬品工業,小林薬品工業株式会社（こばやしやくひんこうぎょう）は、日本の製薬会社である。
常盤薬品工業,"常盤薬品工業株式会社（ときわやくひんこうぎょう、英語：TOKIWA Pharmaceutical Co.,Ltd.）は、大阪市中央区安土町に本社を置く製薬・トイレタリーの製造販売をおこなう企業である。コーポレート・スローガンは、「カラダ・ココロ“トキメキ”創造企業」である。"
新日本製薬,新日本製薬（しんにほんせいやく）は、福岡市に本社を置く医薬品・化粧品の製造・販売を行う会社である。
森下仁丹,"森下仁丹株式会社（もりしたじんたん、Morishita Jintan Co.,Ltd.）は、大阪市中央区玉造に本社を置く医薬品製造企業である。略称は仁丹。みどり会の会員企業である。コーポレート・スローガンは「百年人生を応援する」。"
森久保薬品,森久保薬品株式会社（もりくぼやくひん、英文名称Morikubo Yakuhin Inc.）は、神奈川県厚木市にある動物用医薬品の販売会社。
杉沢薬品,杉沢薬品株式会社（すぎさわやくひん）は、岩手県奥州市に本社を置く企業。医薬品の配置販売を行う。
星製薬,星製薬株式会社（ほしせいやく）は、東京都品川区西五反田に本社を置く、医薬品・化粧品・動物用医薬品の製造販売を行う企業である。株式会社テーオーシーの子会社。
生化学工業,生化学工業株式会社（せいかがくこうぎょう、英: Seikagaku Corporation）は、日本の製薬会社である。
雪の元本店,"株式会社雪の元本店（ゆきのもとほんてん、Yukinomoto Honten Co., Ltd. ）は、奈良県橿原市に本社を置く製薬メーカー。"
千寿製薬,"千寿製薬株式会社（せんじゅせいやく-、英称:SENJU PHARMACEUTICAL CO., LTD.）は、大阪府大阪市中央区平野町に本社を置く医薬品メーカーである。眼科薬に強く、一方で耳鼻科向けの医薬品でも、その名を知られている。"
浅田飴,"株式会社浅田飴 (ASADAAME CO., LTD.)は東京都千代田区にある製薬会社。同名ののど薬の製造・販売している。"
全薬工業,"全薬工業株式会社（ぜんやくこうぎょう、Zenyaku Kogyo Company, Limited）は、東京都文京区大塚に本社を置く医薬品、医薬部外品、基礎化粧品、健康補助食品等の製造および販売をおこなう企業である。代表的製品はジキニンやリコリスで、主に風邪薬が得意分野である。企業理念は、「効きめをつくり、効きめで奉仕」。動物用医薬品メーカーの日本全薬工業（ZENOAQ、福島県郡山市所在）が類似社名としてあるが、本項における全薬工業とは一切関連がない。"
太田胃散,"株式会社太田胃散（おおたいさん、Ohta's Isan Co., Ltd.）は、東京都文京区にある医薬品メーカー。「太田胃散」は、同社が製造販売する胃腸薬である。"
大協薬品工業,大協薬品工業株式会社（たいきょうやくひんこうぎょう）は、富山県富山市にある医薬品メーカーである。
大原薬品工業,大原薬品工業株式会社（おーはらやくひんこうぎょう）は、滋賀県甲賀市に本社を置くジェネリック医薬品メーカーである。
大幸薬品,大幸薬品株式会社（たいこうやくひん）は、大阪府吹田市内本町三丁目に本店、大阪市西区西本町に本社事務所を置く、製薬会社である。
大杉製薬,大杉製薬株式会社（おおすぎせいやく）は、大阪府大阪市阿倍野区に本社を置く日本の製薬会社である。
大正製薬,"大正製薬株式会社（たいしょうせいやく、英語：Taisho Pharmaceutical Co.,Ltd.）は、石井絹治郎が設立した東京都豊島区高田に本社を置く製薬会社である。栄養ドリンクのロングセラー「リポビタンD」の製造発売元として、その名を広く知られている。"
大正製薬ホールディングス,"大正製薬ホールディングス株式会社（たいしょうせいやくホールディングス、英語：TAISHO PHARMACEUTICAL HOLDINGS CO., LTD.）は、製薬会社を傘下に持つ持株会社である。"
大正薬品工業,"大正薬品工業株式会社（たいしようやくひんこうぎょう、英: Taisho Pharmaceutical Industries, Ltd.）は、滋賀県甲賀市に本社を置く日本のジェネリック医薬品メーカーの一つ。"
大塚製薬,"大塚製薬株式会社（おおつかせいやく、Otsuka Pharmaceutical Co., Ltd.）は、医薬品、食料品の製造・販売をしている企業である。本社は東京都千代田区神田司町にある。持株会社大塚ホールディングス株式会社が設立されるまでは、大塚製薬工場、大鵬薬品工業、大塚化学、大塚倉庫、大塚食品、アース製薬など、国内21社、海外27社におよぶ「大塚グループ」の中核企業であった。家庭用医薬品「オロナインH軟膏」（発売当初は「オロナイン軟膏」）の発売元でその名を知られ、以後、ビタミン入り炭酸飲料「オロナミンCドリンク」やスポーツドリンク「ポカリスエット」、栄養食品「カロリーメイト」「SOYJOY」などの企画・開発・発売で、“製薬会社”の域を越えた事業を展開している。"
大塚製薬工場,"株式会社大塚製薬工場（おおつかせいやくこうじょう、Otsuka Pharmaceutical Factory, Inc.）は、医薬品、食料品の製造・販売を行っている企業である。本社は徳島県鳴門市撫養町立岩にある。"
大日本住友製薬,"大日本住友製薬株式会社（だいにっぽんすみともせいやく-、英文社名:Sumitomo Dainippon Pharma Co., Ltd.）は、住友化学株式会社の連結子会社で、住友グループ広報委員会にも参加する製薬メーカーである。かつて覚醒剤が合法だった時代に、ヒロポン（Philopon）を一般販売していた。"
大峰堂薬品工業,大峰堂薬品工業株式会社（おおみねどうやくひんこうぎょう）は奈良県大和高田市に本社を置く製薬会社。自社ブランドでの販売も行っているが、大部分が他社へのOEM供給である。
大鵬薬品工業,"大鵬薬品工業株式会社（たいほうやくひんこうぎょう、TAIHO Phamaceutical Co., Ltd.）とは、日本の製薬会社。2009年1月から大塚ホールディングス傘下の事業会社となっている。社名は大相撲の横綱・大鵬幸喜の名前にちなんだものではなく、荘子の「逍遙遊篇」の鵬について書かれた一説に由来する（ただし、大鵬幸喜の四股名も当社と同じく荘子の「逍遙遊篇」の鵬について書かれた一説を由来としている。また、本社の大代表の電話番号は横綱の語呂合わせ4527となっている）。親会社の大塚HD同様、読売新聞グループ本社や日本テレビ放送網を筆頭とする読売グループとの関係が深い。チオビタドリンクの会社として有名である。"
大洋製薬,大洋製薬株式会社（たいようせいやく）は、東京都文京区に本社を置く製薬会社である。
第一三共,第一三共株式会社（だいいちさんきょう）は、東京都中央区日本橋本町に本社を置く、日本の製薬会社である。
第一三共エスファ,第一三共エスファ株式会社（だいいちさんきょうえすふぁ）は、ジェネリック医薬品（後発医薬品）を中心とした医薬品の製造販売を行う第一三共の子会社である。
第一三共ヘルスケア,第一三共ヘルスケア株式会社（だいいちさんきょうヘルスケア）は、第一三共グループの医薬品メーカー。主に一般用医薬品（OTC医薬品）や健康食品などを取り扱う。
沢井製薬,"沢井製薬株式会社（さわいせいやく、Sawai Pharmaceutical Co., Ltd.）は、大阪市淀川区宮原に本社を置く医薬品製造企業である。ジェネリック医薬品の製造販売を行っている。同業種の上場会社の中では最大手。コーポレート・スローガンは、「なによりも患者さんのために」"
丹平製薬,"丹平製薬株式会社（たんぺいせいやく、英称：Tampei Pharmaceutical Co.,Ltd.）は、大阪府茨木市宿久庄に本社を置く製薬会社である。1894年創業。コーポレート・メッセージは「清潔で健やかな暮らしを創造する」"
池田模範堂,株式会社 池田模範堂（いけだもはんどう）は、富山県中新川郡上市町に本社を置く製薬会社である。
中外医薬生産,"中外医薬生産株式会社（ちゅうがいいやくせいさん、Chugai Iyaku Seisan Co.,Ltd. ）は、三重県伊賀市に本社を置く製薬品・医薬品メーカーである。主として大衆薬品、清涼飲料水、健康食品、特定保健用食品、配置薬などの生産販売と、興和・救心製薬・富士薬品・ロート製薬・ホーユー・小林製薬・エスエス製薬・エルピスといった他メーカー製品のOEM製造を行っている。なお、中外製薬との関連はない。"
中外製薬,中外製薬株式会社（ちゅうがいせいやく）は、日本の大手医薬品メーカーである。
中京医薬品,"株式会社中京医薬品（ちゅうきょういやくひん、英: Chukyoiyakuhin Co., Ltd.）は、愛知県半田市に本社を置く配置薬などの販売を行う企業。"
中森製薬,中森製薬株式会社（なかもりせいやく）は、宮崎県宮崎市に本社を置く動物用の医薬品を製造する製薬会社。
長生堂製薬,長生堂製薬 株式会社（ちょうせいどうせいやく）は、徳島県徳島市国府町府中に本社を置く医薬品の製造をしている企業である。
長野県製薬,長野県製薬株式会社（ながのけんせいやく）は、長野県木曽郡王滝村に本社を置く医薬品メーカー。古くから御嶽山のふもとで取れる薬草（キハダ）を主成分とした「御岳百草丸」という胃腸薬の製造で有名。
鳥居薬品,"鳥居薬品株式会社（とりいやくひん、英: Torii Pharmaceutical Co., Ltd.）は、東京都中央区に本社を置く日本の製薬メーカーである。"
鶴原製薬,鶴原製薬株式会社（つるはらせいやく）は、大阪府池田市に本社を置く、ジェネリック医薬品を主体に300品目以上の自社ブランド医薬品及び医薬部外品の製造・販売をおこなう日本の企業である。
帝國製薬,帝國製薬株式会社（ていこくせいやく）は、香川県東かがわ市に本社を置く医薬品メーカー。他社製品のOEMも行っている。
天藤製薬,"天藤製薬株式会社（あまとうせいやく-、英文:AMATO PHARMACEUTICAL PRODUCTS, LTD.）は、京都府福知山市笹尾町に本社を置く医薬品企業であり、武田薬品グループの関連会社である。"
天野エンザイム,天野エンザイム株式会社（あまのエンザイム、英: Amano Enzyme inc.）は、医薬用・食品加工用の酵素材の製造を行う企業。かつては一般用医薬品の製造等も手掛け、主力製品としては、戦中から戦後にかけては浴用剤「帝大ハップ」・胃腸薬「帝大胃散」、戦後からは胃腸薬「ビオヂアス」などがあった。東海地方において「ビオヂアス」のCMソングは有名だった。
田辺三菱製薬,田辺三菱製薬株式会社（たなべみつびしせいやく-、英文:Mitsubishi Tanabe Pharma Corporation）は、三菱ケミカルホールディングス傘下及び日本の医薬品メーカーである。UFJグループ・みどり会にも加盟。
田辺三菱製薬工場,田辺三菱製薬工場株式会社（たなべみつびしせいやくこうじょう）は、医薬品の製造を行う田辺三菱製薬の子会社である。
東北ニプロ製薬,東北ニプロ製薬株式会社（とうほくニプロせいやく）はかつて存在した医薬品の製造会社。ニプロファーマの子会社であった。
東洋カプセル,"東洋カプセル株式会社（とうようカプセル、英: TOYO CAPSULE co.,Ltd.）は、静岡県富士宮市に本社を置く医薬品および食品製造会社である。"
東洋新薬,株式会社東洋新薬（とうようしんやく）は、佐賀県鳥栖市に本部を、福岡県福岡市博多区に本社を置く、健康食品、化粧品の製造・販売を行なうODMメーカーである。
東和薬品_(大阪府),"東和薬品株式会社（とうわやくひん、Towa Pharmaceutical Co., Ltd.）はジェネリック医薬品の大手企業。"
藤本製薬,藤本製薬株式会社（ふじもとせいやく）は、1933年8月設立の大阪府松原市に本社を置く医薬品メーカーである。社是は「誠心誠意」。多発性骨髄腫の治療薬としてサリドマイドを扱っていることで知られる。
内外薬品,"内外薬品株式会社（ないがいやくひん、NAIGAI yakuhin Co., Ltd.）は、富山県富山市に本社を置く製薬メーカーで、代表的商品に鎮痛剤のケロリンがある。"
日医工,日医工株式会社（にちいこう）は、富山県富山市に本社を置くジェネリック医薬品メーカーの最大手である。
日興製薬_(静岡県),日興製薬株式会社（にっこうせいやく）は、日本の洗顔料・美容液・健康補助食品などを製造販売する企業。本社は静岡県静岡市にある。ブランド名は「クロロフイル」。「クロロフイル美顔教室」を全国で展開している。
日新薬品工業,"日新薬品工業株式会社（にっしんやくひんこうぎょう、英: Nissin Pharmaceutical Industries Co., Ltd.）は滋賀県甲賀市甲賀町に本社を置く日本の医薬品メーカーである。"
日水製薬,"日水製薬株式会社（にっすいせいやく、英：Nissui Pharmaceutical Co., Ltd.）は、日本の製薬会社である。日本水産の子会社。診断薬がメインであるが、大衆薬や健康食品も販売している。"
日本ケミファ,日本ケミファ株式会社（にっぽんケミファ）は、東京都千代田区にある医薬品・検査試薬の製造販売を行う企業。東京証券取引所1部上場。
日本ジェネリック,"日本ジェネリック株式会社（にほんジェネリック、英: NIHON GENERIC CO., LTD.）は、東京都千代田区丸の内に本社を置く、ジェネリック医薬品の製造を行う企業である。"
日本メジフィジックス,"日本メジフィジックス株式会社（にほんメジフィジックス、英: Nihon Medi-Physics Co.,Ltd.）は、住友化学とGEヘルスケア折半出資による製薬会社。東京都江東区に本社を置き、診断薬や治療薬などの放射性医薬品の研究・開発や製造、販売を行う。"
日本歯科薬品,日本歯科薬品株式会社（にっぽんしかやくひん）は、山口県下関市に本社を置く歯科医用医薬品の製造販売を行う企業である。
日本新薬,"日本新薬株式会社（にっぽんしんやく, 英: Nippon Shinyaku Co., Ltd.）は、中堅医薬品メーカーの一つであり、主に医家向け医薬品および食品添加物の製造・販売をおこなっている。京都市南区吉祥院西ノ庄門口町14に本社を置く。東京証券取引所1部上場。資本金は52億円。泌尿器系や血液腫瘍領域を強みとしており、近年は核酸医薬品の研究開発に力を入れている。"
日本全薬工業,日本全薬工業株式会社（にっぽんぜんやくこうぎょう）は、動物用医薬品等の製造、開発、輸入、販売をしている会社である。動物用医薬品の分野におけるリーディングカンパニーとして全国展開しており、中国にも関連工場を有する。ZENOAQ（ゼノアック）の愛称で親しまれている。
日本臓器製薬,"日本臓器製薬株式会社（にっぽんぞうきせいやく、英称：Nippon Zoki Pharmaceutical Co.,ltd.）は、大阪府大阪市中央区平野町に本社を置く日本の製薬会社である。"
日本点眼薬研究所,株式会社日本点眼薬研究所（にほんてんかんやくけんきゆうしよ、英: NIHON TENGANYAKU KENKYUSYO CO. LTD.）は、愛知県名古屋市南区に本社を置くジェネリック医薬品メーカー。
日野製薬,日野製薬（ひのせいやく）は、長野県木曽郡木祖村に本社を置く製薬会社。
日野薬品工業,日野薬品工業株式会社（ひのやくひんこうぎょう）は、滋賀県蒲生郡日野町大字上野田に本社を置く製薬会社。日野町内の製薬業者30数業者が、太平洋戦争中の企業整備令により合併して設立した。他社製品のOEMも行っている。同社は2010年8月25日に大津地裁へ民事再生法の適用を申請し、同日保全命令を受けた。負債総額約18億円。
樋屋製薬,樋屋製薬株式会社（ひやせいやく）は大阪市北区天満に本社を置く医薬品を製造・販売する会社である。創業から今日に至るまで幼児用の薬「樋屋奇応丸」等を製造している。
富山化学工業,"富山化学工業株式会社（とやまかがくこうぎょう、英語：TOYAMA CHEMICAL CO., LTD.）は、東京都新宿区にある医療用医薬品を製造・販売する製薬会社である。富士フイルムホールディングスのグループ企業であり、同社と大正製薬ホールディングスが出資する企業でもある。"
富山小林製薬,"富山小林製薬株式会社（とやまこばやしせいやく、英: Toyama Kobayashi Pharmaceutical Co.,Ltd.）は、富山県富山市に本社・工場を置く企業。小林製薬出資によるの製造子会社であり、医薬品や芳香剤などの製造を行う。"
富士カプセル,"富士カプセル株式会社（ふじカプセル、FUJI　CAPSULE CO.,LTD. ）は、医薬品、医薬部外品、化粧品、健康食品、特定保健用食品、栄養機能食品、食品のソフトカプセル、ハードカプセルの受託製造を事業内容とした株式会社である。"
富士フイルムRIファーマ,"富士フイルムRIファーマ株式会社（ふじフイルムアールアイファーマ、英文社名：FUJIFILM RI Pharma Co., Ltd. ）は1968年に設立された医薬品メーカー。"
富士製薬工業,"富士製薬工業株式会社（ふじせいやくこうぎょう、英: Fuji Pharma Co., Ltd.）は、日本の医薬品製造販売業者である。"
富士薬品,株式会社富士薬品（ふじやくひん）は配置薬の販売や調剤薬局・ドラッグストアを経営する日本の企業。
富田製薬,"富田製薬株式会社（とみたせいやく、Tomita Pharmaceutical Co.,Ltd.）は、徳島県鳴門市に本社を置く医薬品メーカー。"
扶桑薬品工業,扶桑薬品工業株式会社（ふそうやくひんこうぎょう）は、本店を大阪市中央区道修町に、本社事務所を、大阪市城東区に置く医薬品メーカーである。
武田ヘルスケア,"武田ヘルスケア株式会社（たけだへるすけあ-、英語：TAKEDA HEALTHCARE PRODUCTS CO., LTD.）は、京都府福知山市長田野町に本社を置く武田薬品グループの100%子会社であり、日本の製薬会社である。"
武田薬品工業,武田薬品工業株式会社（たけだやくひんこうぎょう、英文:Takeda Pharmaceutical Company Limited.）は、日本の製薬会社である。タケダ、Takeda、武田薬品とも略称される。国内の製薬会社で最大の売上高を誇る。
平坂製薬,"平坂製薬株式会社（ひらさかせいやく、Hirasaka Medicine Manufacturing Co.,Ltd.）は、日本の製薬会社。本社は長崎県西彼杵郡時津町第八工区に所在し、鎮痛解熱薬「ヘデクパウダー」「へデクカプセル」鎮咳去痰薬「コーフパウダー」鼻炎薬「平坂の鼻炎薬D」などで知られる。"
北日本製薬,"北日本製薬株式会社（きたにほんせいやく、英: KITANIHON PHARMACEUTICAL CO.,LTD.）は、富山県に本社のある製薬会社。1942年に東亜製薬株式会社（とうあせいやく）として配置薬メーカーの共同出資により設立。市場縮小や後継者難から2003年に中国企業の傘下に入り、2007年に株式会社三九製薬と合併し、株式会社三九製薬（さんきゅうせいやく）に社名変更。2013年に現在の社名に変更した。"
本草製薬,"本草製薬株式会社（ほんぞうせいやく、英: Honzo Co.,Ltd.）は、愛知県名古屋市天白区に本社を置く漢方薬・医薬品及びヘルスケア商品の製造・販売メーカーで、株式会社AFC-HDアムスライフサイエンスの子会社である。以前は名古屋市東区が本社所在地だった。"
摩耶堂製薬,摩耶堂製薬株式会社（まやどうせいやく）は、兵庫県神戸市西区に本社を置く製薬会社である。1935年創業。
万協製薬,"万協製薬株式会社（ばんきょうせいやく、英: BANKYO PHARMACEUTICAL Co.,Ltd.）は、三重県多気郡多気町に本社を置く製薬会社。水虫薬や消炎剤など外用薬の受託生産を行う。"
万有製薬,万有製薬株式会社（ばんゆうせいやく）は、かつて存在した日本の製薬会社である。長く米国メルク（Merck & Co.）との提携関係にあったが1984年（昭和59年）には同社の子会社となり、2004年（平成16年）には米国メルクの日本法人となった。さらに2010年（平成22年）、シェリング・プラウ株式会社との事業統合を機に「MSD (Merck Sharp and Dohme)株式会社」として改組、「萬有（万有）」の名前も消滅した。
免疫生物研究所,株式会社免疫生物研究所（めんえきせいぶつけんきゅうしょ）は、群馬県藤岡市に本社を置く抗体試薬などの医薬品を研究開発、製造、販売する企業である。
目黒研究所,株式会社目黒研究所（めぐろけんきゅうじょ）は、大阪府大阪市中央区に本社を置く製薬会社である。1925年(大正14年)創業。
有川製薬,有川製薬株式会社（ありかわせいやく）は滋賀県彦根市鳥居本町にある製薬メーカー。害虫駆除事業も併営。
湧永製薬,湧永製薬株式会社（わくながせいやく）は、大阪府大阪市福島区にて湧永満之によって創業された日本の製薬会社である。創業当時の社名は湧永薬品。1982年6月、湧永製薬株式会社に商号変更。現在の本社は大阪府大阪市淀川区にある。現在の社長は湧永寛仁（四代目）。
祐徳薬品工業,"祐徳薬品工業株式会社（ゆうとくやくひんこうぎょう、Yutoku Pharmaceutical lnd.Co.,Ltd.）は、佐賀県鹿島市に本社を置く日本の医薬品メーカーである。テレビ番組の提供クレジット、並びに自社のテレビCMでは「ユートク薬品」と表記される。"
陽進堂,株式会社陽進堂（ようしんどう、英: Yoshindo Inc.）は、富山県富山市に本社・工場を置く企業。医療用医薬品の製造販売を行う。
龍角散,"龍角散（りゅうかくさん）は、東京都千代田区にある製薬会社、株式会社龍角散 (Ryukakusan Co., Ltd.)。1.が製造・販売するのど薬（鎮咳去痰薬）の商品名（日本国登録商標第795587号ほか）。本項は両者について記述する。"
廣東製薬,廣東製薬株式会社は、1963年に創立された韓国の製薬会社で、漢方製品と健康飲料の専門製薬企業。2014年の売上高は約5223億ウォン、純利益は約351億ウォン。本社はソウル市瑞草区瑞草洞のソウル教育大学校付近に位置する。工場は京畿道平沢市にあり、松炭工場の近くにGMP工場、少し離れて中央研究所がある。創業者は崔秀夫で、現在のCEOはチェ・ソンウォン（）。
